nodeId,timestamp,cpu_wio,Missed Buffers_P1,mem_free,cpu_user,bytes_out,cpu_nice,proc_run,cpu_num
node-012,2024-01-01 00:00:00,0.1564,0.2424,3582565.3958,0.8959,2083.8966,46.1104,7.9107,0.0
node-012,2024-01-01 00:04:30,0.1226,0.0,3863772.9173,1.3721,138441.8866,47.2626,7.1165,15.9642
node-012,2024-01-01 00:09:00,0.0865,0.1711,3800737.6135,1.1041,108392.5968,47.6751,10.0283,16.3461
node-012,2024-01-01 00:13:30,0.0786,1.2251,3886948.9596,0.8814,148451.5838,44.3246,8.0415,15.7302
node-012,2024-01-01 00:18:00,0.1162,0.0517,3640613.3689,0.9737,122083.4735,47.2922,7.0008,15.9031
node-012,2024-01-01 00:22:30,0.2297,0.7377,3566809.1506,0.8883,121816.2066,45.6949,8.0353,16.009
node-012,2024-01-01 00:27:00,0.097,0.0,3879801.9701,0.8835,122749.2379,44.5252,7.0819,16.0877
node-012,2024-01-01 00:31:30,0.0779,0.0,3627105.3263,0.9012,120228.413,41.7372,6.0284,15.9829
node-012,2024-01-01 00:36:00,0.0783,0.3127,3752871.965,0.9867,89977.34,45.5126,9.1143,15.8098
node-012,2024-01-01 00:40:30,0.1171,0.2005,3410238.2518,0.8697,155626.0138,44.0213,5.9974,16.095
node-001,2024-01-01 00:45:00,0.0143,0.0,1919978.8569,0.2843,104827.5477,6.809,3.0491,48.0
node-012,2024-01-01 00:45:00,0.1196,0.0,3630695.9071,0.9936,116405.0333,43.6079,9.0417,15.9786
node-001,2024-01-01 00:49:30,0.0031,0.7631,1349157.703,0.106,78556.0554,6.7264,2.8717,48.0
node-009,2024-01-01 00:49:30,0.1061,0.6013,3724496.3904,1.1165,995.1701,50.3423,11.003,15.6843
node-012,2024-01-01 00:49:30,0.0825,0.4988,3586043.0153,0.9002,128624.8066,45.9794,7.935,16.1962
node-001,2024-01-01 00:54:00,0.1179,0.6818,1542922.859,0.2073,95223.9433,6.6747,2.9716,48.0
node-009,2024-01-01 00:54:00,0.1059,0.0,3858484.6,0.9009,111181.4572,54.142,7.9764,16.1049
node-012,2024-01-01 00:54:00,0.2058,0.9104,3626727.0298,0.9023,128224.4378,45.3028,6.9909,15.9459
node-028,2024-01-01 00:54:00,0.0229,0.0679,2176162.8166,0.1931,109753.3429,6.2508,2.9805,48.0
node-001,2024-01-01 00:58:30,0.0,0.2483,1677183.3405,0.0828,144075.7594,6.7971,4.0395,47.7797
node-009,2024-01-01 00:58:30,0.1166,0.0,3485523.4186,0.9028,107178.6023,46.7016,6.1296,15.891
node-012,2024-01-01 00:58:30,0.1018,0.3599,3811520.5276,0.906,135791.4476,45.6438,10.0357,16.0013
node-028,2024-01-01 00:58:30,0.0076,0.0,2395631.5782,0.1987,128928.9205,6.6704,2.9383,47.9143
node-001,2024-01-01 01:03:00,0.0,0.3831,1956186.8071,0.1012,118164.314,6.2455,5.0257,47.9525
node-009,2024-01-01 01:03:00,0.0832,0.5413,3534192.9926,1.011,98445.3138,53.1769,8.0693,16.1698
node-012,2024-01-01 01:03:00,0.0,0.0,3764899.9771,0.8904,122318.7892,44.3955,6.944,16.1716
node-028,2024-01-01 01:03:00,0.0,0.0,1984495.2548,0.2092,118624.3524,6.1567,3.9118,47.7661
node-001,2024-01-01 01:07:30,0.0,0.3506,1833878.1613,0.1841,109648.6113,6.3691,3.9131,47.9826
node-009,2024-01-01 01:07:30,0.1255,0.1279,3619615.7047,0.997,137127.8821,60.1622,9.0446,15.283
node-012,2024-01-01 01:07:30,0.1394,0.6711,3823533.2764,0.9193,121301.5824,45.3532,7.8632,15.6255
node-028,2024-01-01 01:07:30,0.0,0.0,2182688.7596,0.2066,113741.6521,6.5991,3.1559,48.0
node-001,2024-01-01 01:12:00,0.0187,0.011,1930734.6946,0.2282,128125.7665,6.8809,2.9168,47.8577
node-009,2024-01-01 01:12:00,0.0154,0.0,3860316.6507,0.8234,132554.1243,51.0748,7.0004,16.0937
node-012,2024-01-01 01:12:00,0.0912,0.0,3818080.7377,0.7187,107928.2178,42.3385,6.0146,16.0497
node-028,2024-01-01 01:12:00,0.0043,0.0,2096269.1877,0.21,120343.0083,5.8437,3.9846,47.5102
node-001,2024-01-01 01:16:30,0.0016,0.282,1743149.6742,0.2086,108826.7574,6.4192,2.9668,47.9638
node-009,2024-01-01 01:16:30,0.2159,0.2657,3486485.8634,0.712,126771.5764,52.1488,10.027,15.9255
node-012,2024-01-01 01:16:30,0.0908,1.0207,3537710.2658,0.9833,122021.9083,42.8634,7.9421,16.2853
node-026,2024-01-01 01:16:30,0.2209,0.8215,115129.4241,0.7832,334.2217,45.4242,12.6705,0.0
node-028,2024-01-01 01:16:30,0.0,0.0,2002423.1901,0.1627,134317.6252,7.0635,2.9756,48.0
node-001,2024-01-01 01:21:00,0.0182,0.0,1593896.5519,0.2036,130208.3998,6.3718,1.9427,47.9041
node-009,2024-01-01 01:21:00,0.1038,0.5564,3434475.3888,1.1235,119001.7553,49.6402,8.3792,15.7472
node-010,2024-01-01 01:21:00,0.0758,0.1533,3670260.2718,0.8788,124044.2747,49.0614,5.9381,15.8123
node-012,2024-01-01 01:21:00,0.0702,0.2014,3753618.6385,0.984,118649.115,43.564,8.0572,16.0859
node-026,2024-01-01 01:21:00,0.0664,0.1956,2674217.1353,0.8013,129985.7165,41.156,7.9798,16.3773
node-028,2024-01-01 01:21:00,0.1131,0.8517,2285920.8815,0.3024,103949.5269,6.3123,3.9548,47.8963
node-001,2024-01-01 01:25:30,0.0,0.1012,1520310.3272,0.2181,103500.1942,7.3306,2.9036,48.0
node-009,2024-01-01 01:25:30,0.1587,0.0949,3767382.3396,0.8645,118978.5642,49.267,9.0073,15.9166
node-010,2024-01-01 01:25:30,0.1165,0.159,3486022.1389,0.8154,118929.3047,41.5581,6.9438,15.716
node-012,2024-01-01 01:25:30,0.1242,0.4504,3674467.3583,0.8584,137057.622,43.7974,7.0446,15.9647
node-026,2024-01-01 01:25:30,0.1887,0.4016,2935040.9624,0.7087,115146.0132,37.6266,5.009,16.3415
node-028,2024-01-01 01:25:30,0.0,0.571,2278392.748,0.2082,115208.3133,6.7227,4.0425,48.0
node-001,2024-01-01 01:30:00,0.0003,0.7237,1960770.3909,0.2162,106003.9458,6.7179,2.8851,47.5744
node-009,2024-01-01 01:30:00,0.0876,0.0,3737809.115,1.0787,127781.901,54.3647,9.9575,16.1992
node-010,2024-01-01 01:30:00,0.0685,0.0,3320412.6794,1.4437,116329.7918,47.6458,6.8681,15.8066
node-012,2024-01-01 01:30:00,0.0899,0.0,3622274.2629,1.1061,118890.9563,48.8219,8.7499,16.307
node-026,2024-01-01 01:30:00,0.0904,0.0612,2927993.7901,1.116,124623.7249,40.7094,5.0122,15.9485
node-028,2024-01-01 01:30:00,0.0128,0.0,2330959.9235,0.2216,112124.783,7.2561,3.1397,47.7525
node-001,2024-01-01 01:34:30,0.0,0.0,1657458.5481,0.2133,130189.9016,6.2115,2.0143,47.6081
node-009,2024-01-01 01:34:30,0.0889,0.5003,3822378.307,1.4935,138689.7769,52.8244,8.1477,15.6822
node-010,2024-01-01 01:34:30,0.2175,0.0,3328864.293,4.8016,129800.6701,42.4411,6.9805,15.5339
node-012,2024-01-01 01:34:30,0.1451,0.0,3623957.8559,1.6143,135202.6987,42.2124,8.0579,16.1701
node-021,2024-01-01 01:34:30,0.0,0.0,85999.2336,0.7973,0.0,43.1083,0.2078,0.0
node-026,2024-01-01 01:34:30,0.1127,0.2545,2958091.0612,0.7605,134048.0135,46.312,5.0096,15.9635
node-028,2024-01-01 01:34:30,0.0,0.1495,1843646.8508,0.1838,123050.271,6.3111,8.0217,48.0
node-001,2024-01-01 01:39:00,0.0,0.0,1620556.1859,0.2365,127125.6252,6.224,5.0391,47.7218
node-009,2024-01-01 01:39:00,0.0762,0.0,3593760.429,1.1721,132032.607,47.6695,12.0174,15.8961
node-010,2024-01-01 01:39:00,0.0004,0.0,3029998.942,0.8084,135331.9277,50.136,7.0203,16.2351
node-012,2024-01-01 01:39:00,0.0652,0.0,3449084.4044,0.9718,115248.3157,48.3552,14.0036,15.8501
node-021,2024-01-01 01:39:00,0.0342,0.0695,3440985.8239,0.7827,82140.4371,38.6625,8.9718,16.0476
node-026,2024-01-01 01:39:00,0.0,0.4381,3000991.6918,0.7919,108284.1013,37.2414,6.8215,15.961
node-028,2024-01-01 01:39:00,0.0105,0.0,2431630.0618,0.2228,126546.155,6.1512,1.9777,48.0
node-001,2024-01-01 01:43:30,0.0,0.9158,1691860.1921,0.8895,131003.3544,6.8272,3.0716,48.0
node-009,2024-01-01 01:43:30,0.075,0.0,3725810.9269,0.9863,114502.1132,51.4909,8.8119,16.2515
node-010,2024-01-01 01:43:30,0.0754,0.1472,3121587.5669,0.8,134697.8236,43.8236,8.0678,15.8756
node-012,2024-01-01 01:43:30,0.1194,0.0,3840301.0287,0.9943,74433.8187,44.7846,9.8921,15.8507
node-021,2024-01-01 01:43:30,0.1221,0.0027,3241580.4796,1.0154,135381.9004,46.5638,8.0644,15.9052
node-026,2024-01-01 01:43:30,0.0906,0.9708,3106205.26,1.0076,132086.3593,41.8165,5.9038,16.4373
node-028,2024-01-01 01:43:30,0.0,1.0067,2472017.7009,0.2025,129897.2353,6.9834,1.9012,47.7747
node-001,2024-01-01 01:48:00,0.0019,0.0382,1719225.1922,0.1876,125281.7202,6.8737,1.7033,48.0
node-009,2024-01-01 01:48:00,0.0619,0.0,4120273.2147,1.0257,129610.8554,48.9388,7.9359,16.0088
node-010,2024-01-01 01:48:00,0.1063,0.155,3132927.6887,0.9018,117718.2076,46.5526,9.4677,15.9385
node-012,2024-01-01 01:48:00,0.1114,0.3786,3741533.0654,0.8057,129833.3268,46.5265,10.0684,15.7995
node-021,2024-01-01 01:48:00,0.0861,0.4529,3266093.7898,0.7386,120816.0466,43.1275,6.9458,15.847
node-026,2024-01-01 01:48:00,0.0545,0.8993,3102870.6631,0.8798,122813.0887,42.9738,6.9516,15.8728
node-028,2024-01-01 01:48:00,0.0,0.0,2148856.2257,0.1875,98157.7542,7.0204,2.0271,48.0
node-001,2024-01-01 01:52:30,0.0047,0.0,1926494.1062,0.1984,109337.0227,6.3152,3.9701,47.7106
node-009,2024-01-01 01:52:30,0.073,0.6183,3637193.8958,1.0031,133680.2702,50.6524,9.977,15.8327
node-010,2024-01-01 01:52:30,0.1888,0.0,3523085.6393,1.0001,143563.8257,45.6428,9.0453,16.0456
node-012,2024-01-01 01:52:30,0.1006,0.0,3969449.3848,1.01,114996.0609,49.0591,10.9857,16.5534
node-021,2024-01-01 01:52:30,0.1058,0.0,3267263.0114,0.9108,125553.0707,43.4947,6.8476,16.0329
node-026,2024-01-01 01:52:30,0.1061,0.0,2722034.6189,0.7576,123494.6303,42.8396,9.0374,15.5088
node-028,2024-01-01 01:52:30,0.0,0.5009,2389075.5616,0.302,105961.9546,5.8564,3.0771,48.0
node-001,2024-01-01 01:57:00,0.0,0.0,1722936.1389,0.2142,128217.4863,6.3327,2.9548,48.0
node-009,2024-01-01 01:57:00,0.0687,0.0,3293730.2428,6.1984,122476.3255,57.6051,12.6294,16.0541
node-010,2024-01-01 01:57:00,0.2094,0.5783,3587379.052,0.8935,127797.5428,50.0221,9.0388,16.2171
node-012,2024-01-01 01:57:00,0.122,0.7709,3738261.2441,0.9985,94475.9092,47.0803,9.9066,15.9433
node-021,2024-01-01 01:57:00,0.0756,0.0,3146827.2468,0.7293,140534.9289,41.2367,7.079,16.0797
node-026,2024-01-01 01:57:00,0.1358,0.1915,2947358.8836,1.1417,121277.027,42.3773,7.8921,15.577
node-028,2024-01-01 01:57:00,0.0385,0.0,2243262.0581,1.5193,124754.1081,6.4946,2.9777,48.0
node-001,2024-01-01 02:01:30,0.0,0.3133,1933002.745,0.0718,137268.7171,6.2525,3.9663,48.0
node-009,2024-01-01 02:01:30,0.0613,0.145,3723107.5701,0.9968,112325.8702,46.7331,10.0371,16.3959
node-010,2024-01-01 02:01:30,0.1167,0.0,3273159.959,0.8,125082.4793,42.9504,7.3358,16.409
node-012,2024-01-01 02:01:30,0.0,0.0,3770054.3983,1.009,114633.7766,47.3404,10.0065,15.9683
node-021,2024-01-01 02:01:30,0.1083,0.2208,3540679.5012,0.8094,79362.4164,42.7697,5.9804,15.9132
node-026,2024-01-01 02:01:30,0.1831,0.8097,2507742.3018,0.9168,124621.3317,46.6596,7.0644,15.5955
node-028,2024-01-01 02:01:30,0.0,0.0,2111204.7471,0.2992,137959.8314,7.2839,3.8471,47.9343
node-001,2024-01-01 02:06:00,0.0,0.0,1871353.5901,0.1848,133453.0856,6.1769,2.8891,47.5664
node-009,2024-01-01 02:06:00,0.0739,0.3692,3315966.0548,1.182,110790.6332,49.0348,9.0025,16.0256
node-010,2024-01-01 02:06:00,0.1767,0.5997,3399166.8708,0.7985,82010.861,49.2736,7.0343,16.2699
node-012,2024-01-01 02:06:00,0.1526,0.0,3786981.9069,0.8108,144673.567,41.5824,6.9728,16.0722
node-021,2024-01-01 02:06:00,0.107,0.0025,2955482.3002,0.7677,137535.6497,42.4246,7.0627,15.9279
node-026,2024-01-01 02:06:00,0.1221,0.5933,3215495.9316,0.8032,125005.3687,38.9334,5.0943,15.7705
node-028,2024-01-01 02:06:00,0.0109,0.0,2205740.5476,0.3087,123344.1356,5.9733,3.9291,47.6647
node-001,2024-01-01 02:10:30,0.0,0.3922,1587741.7226,0.2332,99648.3459,6.5779,3.9328,47.6569
node-009,2024-01-01 02:10:30,0.1041,0.2551,3771627.0653,1.2813,126170.1716,47.4707,6.9823,15.8658
node-010,2024-01-01 02:10:30,0.0839,0.0,3235237.5045,1.2882,116344.4151,48.486,6.943,15.8537
node-012,2024-01-01 02:10:30,0.0891,0.5833,3671554.0115,1.0899,124877.4872,45.8733,6.0771,16.1194
node-021,2024-01-01 02:10:30,0.0,0.6496,3314360.7251,0.5995,112724.0882,41.6966,5.8497,16.0831
node-026,2024-01-01 02:10:30,0.0786,0.1192,2793172.7997,0.9982,134744.9699,40.6605,7.0269,15.6485
node-027,2024-01-01 02:10:30,0.0963,0.0155,0.0,1.1044,998.9264,54.5043,10.9631,0.246
node-028,2024-01-01 02:10:30,0.0281,0.0,2461101.9695,0.1945,126703.7593,6.8228,2.9551,47.8852
node-001,2024-01-01 02:15:00,0.0,0.0,1868455.7465,0.2242,89684.021,6.8961,4.8895,48.0
node-009,2024-01-01 02:15:00,0.1259,0.4837,3647339.5757,1.299,113515.7226,52.1232,8.9687,16.148
node-010,2024-01-01 02:15:00,0.0986,0.6868,3320952.3293,0.7777,120336.4803,53.4297,8.9897,16.1392
node-012,2024-01-01 02:15:00,0.1872,0.4679,3799380.3915,1.0713,137682.9384,45.471,7.9966,16.1996
node-021,2024-01-01 02:15:00,0.0688,0.0,3364262.1586,0.8344,119310.9642,36.3645,8.0281,15.6755
node-026,2024-01-01 02:15:00,0.0559,0.0,2694965.5743,0.6859,104930.2284,46.3543,5.3273,16.1045
node-027,2024-01-01 02:15:00,0.1466,0.0,2655905.3974,1.6977,130845.7688,51.3363,9.5051,16.0852
node-028,2024-01-01 02:15:00,0.0034,0.309,2175982.9599,0.217,155991.6489,5.8617,3.3254,48.0
node-001,2024-01-01 02:19:30,0.0101,0.0499,1623303.5008,0.1974,133429.1507,6.6347,2.9519,48.0
node-009,2024-01-01 02:19:30,0.1245,0.0,3315252.4702,0.8677,110313.3498,50.8708,8.0592,16.1074
node-010,2024-01-01 02:19:30,0.0784,0.0,3457276.5985,0.8504,86803.6083,46.7693,7.0314,16.3462
node-012,2024-01-01 02:19:30,0.0809,0.0,3995222.8371,0.9133,116821.88,48.0941,5.6487,15.6553
node-013,2024-01-01 02:19:30,0.156,0.0,3278170.004,1.1489,74.946,48.7639,9.0851,0.0705
node-021,2024-01-01 02:19:30,0.1625,0.5079,3195202.5144,0.9142,140429.6813,44.4153,4.9387,16.0495
node-026,2024-01-01 02:19:30,0.0746,0.4759,2802732.3087,0.7722,108641.2799,42.1094,6.9993,15.9019
node-027,2024-01-01 02:19:30,0.1221,0.3611,2946469.7444,0.8965,111688.6166,45.4903,6.0086,16.1904
node-028,2024-01-01 02:19:30,0.0,0.0,2249280.1861,0.1999,130877.1942,7.1331,3.0114,47.8711
node-001,2024-01-01 02:24:00,0.0042,0.0,1718709.5264,0.1038,91625.2224,7.7733,2.9932,48.0
node-006,2024-01-01 02:24:00,0.0561,0.0,212571.8326,0.7989,784.8756,43.5333,6.3846,0.2793
node-009,2024-01-01 02:24:00,0.1416,0.0,3656813.1837,1.0081,91838.9049,49.1186,9.0656,16.0254
node-010,2024-01-01 02:24:00,0.0,0.5142,3608353.284,0.9907,99171.2826,44.9917,8.4619,16.2037
node-012,2024-01-01 02:24:00,0.1117,0.1591,3564443.2193,0.9221,139795.4672,45.7656,6.9968,15.7498
node-013,2024-01-01 02:24:00,0.088,0.0,3381578.9036,0.895,177643.4347,43.4124,5.0068,15.9221
node-021,2024-01-01 02:24:00,0.2969,0.1631,3572828.8054,0.7079,113700.1511,35.8317,5.0065,16.0244
node-026,2024-01-01 02:24:00,0.0989,1.1544,2828279.2416,0.7784,95909.3069,42.7125,12.9837,15.7232
node-027,2024-01-01 02:24:00,0.0663,0.0,3014912.0348,0.9939,127406.0732,51.4302,8.9748,15.9207
node-028,2024-01-01 02:24:00,0.0045,0.0,2306869.9911,0.1854,113515.1536,6.3982,3.1152,48.0
node-001,2024-01-01 02:28:30,0.0,0.0,1566148.5111,0.223,106278.1451,6.6795,2.9018,47.8056
node-006,2024-01-01 02:28:30,0.2344,0.0,3209231.5997,1.0992,117399.765,45.5462,5.9593,16.0159
node-009,2024-01-01 02:28:30,0.0048,0.0,3214971.4888,0.9966,118699.5993,52.0369,13.9489,16.0699
node-010,2024-01-01 02:28:30,0.1025,0.0,3512702.3339,0.9013,127357.1921,45.7079,7.0288,16.212
node-012,2024-01-01 02:28:30,0.1058,0.0,3470434.0405,0.8716,117678.5045,46.8826,8.9327,15.8098
node-013,2024-01-01 02:28:30,0.0892,0.3673,3029089.0999,0.9049,160918.8345,44.2495,7.0158,15.6708
node-021,2024-01-01 02:28:30,0.064,0.654,3512515.6728,0.8862,122743.506,42.67,6.9593,15.482
node-026,2024-01-01 02:28:30,0.1075,0.2441,3201403.9949,0.7946,134303.1533,40.8978,12.0959,16.0454
node-027,2024-01-01 02:28:30,0.0846,0.5863,3272811.6036,0.8857,127436.8891,52.3621,8.034,16.2217
node-028,2024-01-01 02:28:30,0.0404,0.0,2090527.189,0.1986,112063.7797,6.1571,2.0577,48.0
node-001,2024-01-01 02:33:00,0.0,0.6432,1773670.226,0.2115,115286.992,6.1842,4.1168,47.9929
node-006,2024-01-01 02:33:00,0.1454,0.0,3353857.9524,0.8858,147417.3715,42.4174,13.9358,15.597
node-009,2024-01-01 02:33:00,0.1169,0.0,3645607.202,1.0869,112018.5551,52.682,7.9064,16.0094
node-010,2024-01-01 02:33:00,0.1385,0.0,3384640.3903,0.7972,110137.9578,38.6592,9.9605,15.8691
node-012,2024-01-01 02:33:00,0.0953,0.0,3571670.8281,1.0927,120521.2074,48.6182,5.8652,16.0392
node-013,2024-01-01 02:33:00,0.0,0.8871,3432696.6033,0.9569,154237.4843,44.3171,9.0101,16.277
node-021,2024-01-01 02:33:00,0.0999,0.315,3238313.3058,0.796,131757.7049,39.5425,10.0062,15.7835
node-026,2024-01-01 02:33:00,0.1435,0.0812,2867993.4972,0.8043,90242.9011,41.8428,6.0405,15.9472
node-027,2024-01-01 02:33:00,0.0708,0.0,3171630.2035,0.8999,114532.5676,52.3782,14.8796,15.8813
node-028,2024-01-01 02:33:00,0.0,0.2877,2198878.539,0.2043,129378.205,6.7784,2.0052,47.7864
node-001,2024-01-01 02:37:30,0.0,0.7453,1671860.6521,0.1814,110680.0397,6.9429,2.9169,48.0
node-006,2024-01-01 02:37:30,0.1089,0.2817,3379015.2785,1.1047,142552.243,41.3278,6.9988,16.574
node-009,2024-01-01 02:37:30,0.0778,0.4072,3606615.641,1.0194,115474.3102,51.6795,9.913,16.2035
node-010,2024-01-01 02:37:30,0.117,0.0,3172286.7111,0.8041,127410.1475,45.5132,8.0753,15.974
node-012,2024-01-01 02:37:30,0.1371,0.0,3806039.3905,1.003,124244.4105,57.0971,7.9584,16.2527
node-013,2024-01-01 02:37:30,0.1024,0.0,3246096.8618,0.9617,175791.4514,44.0594,6.966,15.9765
node-021,2024-01-01 02:37:30,0.0769,0.1876,3183641.3381,0.6782,127556.7511,40.3211,11.0739,15.7516
node-026,2024-01-01 02:37:30,0.0957,0.4538,2966478.3174,1.2987,111385.9196,41.7655,8.0408,16.1938
node-027,2024-01-01 02:37:30,0.0927,0.0,2933045.2926,6.2061,109440.7247,50.3233,8.0521,15.8909
node-028,2024-01-01 02:37:30,0.0,0.2453,1984399.6359,0.1958,136713.7509,5.7289,2.8963,47.8865
node-001,2024-01-01 02:42:00,0.0352,0.3207,1440670.94,0.2093,121485.8511,6.1045,3.9156,48.0
node-006,2024-01-01 02:42:00,0.0508,0.0,2961445.3817,0.8712,132535.5528,43.0609,8.0548,16.236
node-009,2024-01-01 02:42:00,0.2142,0.0,3561866.5926,0.9189,128227.7411,53.7348,8.8994,16.054
node-010,2024-01-01 02:42:00,0.0873,0.0,3758216.1821,0.8155,114806.7891,47.5165,7.967,16.1478
node-012,2024-01-01 02:42:00,0.0,0.0,3062470.2053,0.9889,125784.4104,45.1524,7.1611,15.9256
node-013,2024-01-01 02:42:00,0.1008,0.239,3181966.4743,0.9893,140813.4738,46.2873,6.0102,15.9551
node-021,2024-01-01 02:42:00,0.0959,0.4475,3196388.7853,0.7956,89171.0487,41.7239,8.4854,15.941
node-026,2024-01-01 02:42:00,0.0912,0.4666,2662538.8887,1.023,76347.9627,41.0766,4.8793,16.0778
node-027,2024-01-01 02:42:00,0.0914,0.1359,3388452.9173,0.9713,134171.4537,54.8918,7.0828,16.1539
node-028,2024-01-01 02:42:00,0.0264,0.0,1984922.9763,0.1969,102034.5348,6.4924,3.0079,48.0
node-001,2024-01-01 02:46:30,0.0494,0.0,1461508.1872,0.1945,93851.4018,7.199,4.0967,48.0
node-006,2024-01-01 02:46:30,0.1941,0.3384,3328150.6797,0.9428,76455.8714,41.2137,8.9659,15.6694
node-009,2024-01-01 02:46:30,0.1663,0.9633,3389274.4032,1.1053,128243.4339,50.8057,8.9968,16.0167
node-010,2024-01-01 02:46:30,0.0714,0.7151,3431126.5039,0.7991,85005.9902,44.3452,5.9006,16.0968
node-012,2024-01-01 02:46:30,0.1064,0.0,3616027.0444,1.1181,123961.9043,43.5289,8.0757,16.1265
node-013,2024-01-01 02:46:30,0.1046,0.0083,3290213.7033,1.3955,165822.516,46.4249,7.2567,16.023
node-021,2024-01-01 02:46:30,0.0775,0.0,3172400.38,0.9638,115047.9241,42.6342,5.0964,16.1809
node-026,2024-01-01 02:46:30,0.1683,0.0,2688345.1238,0.9947,76738.422,43.9424,10.0837,15.7626
node-027,2024-01-01 02:46:30,0.1024,0.4075,3013024.4183,1.0037,142631.1878,53.6007,10.9265,15.8239
node-028,2024-01-01 02:46:30,0.006,0.4017,2154838.1013,0.183,91929.1015,7.5155,2.9311,48.0
node-001,2024-01-01 02:51:00,0.0,0.2977,1870796.6833,0.2007,107621.1643,6.9745,3.9161,47.8285
node-006,2024-01-01 02:51:00,0.0615,0.0,3292917.8477,0.9262,106494.0038,41.7795,7.8441,16.1072
node-009,2024-01-01 02:51:00,0.0435,0.0,3630652.6838,0.9907,97337.7106,51.866,8.9477,15.8595
node-010,2024-01-01 02:51:00,0.2184,0.0,3123074.5705,0.8985,105140.5424,47.8005,8.0161,16.3666
node-012,2024-01-01 02:51:00,0.0844,0.0,3283453.6371,0.9811,121836.6899,46.9547,7.9187,15.8414
node-013,2024-01-01 02:51:00,0.1083,0.0,3237285.4187,0.8084,159665.3941,37.041,14.0828,15.445
node-021,2024-01-01 02:51:00,0.072,0.365,3212641.129,0.6937,125968.7933,38.3763,7.1444,15.8839
node-026,2024-01-01 02:51:00,0.0924,0.0,2963639.934,0.7925,129232.1351,40.9665,6.6993,15.8428
node-027,2024-01-01 02:51:00,0.1808,0.3955,3355209.6782,1.0004,100921.7178,54.0615,8.9752,15.9204
node-028,2024-01-01 02:51:00,0.0,0.1779,2071367.5114,0.3117,122896.4842,6.1655,3.1037,48.0
node-001,2024-01-01 02:55:30,0.0484,0.0,1839604.1634,0.2104,102837.1326,6.8763,3.0892,47.8254
node-006,2024-01-01 02:55:30,0.1769,0.0,3367697.9695,0.9038,129205.111,41.1537,11.9427,16.0374
node-009,2024-01-01 02:55:30,0.1245,0.0,3600084.4516,1.1373,103729.5934,55.3482,13.7185,15.7209
node-010,2024-01-01 02:55:30,0.108,0.0,3106878.5218,1.2144,91062.3222,48.13,9.9897,16.0086
node-012,2024-01-01 02:55:30,0.0975,0.0,3617991.7032,1.1927,133075.4729,39.4063,9.5444,16.1057
node-013,2024-01-01 02:55:30,0.0537,0.0,3241208.5308,0.9273,161256.173,49.0948,9.0118,15.8946
node-021,2024-01-01 02:55:30,0.1832,0.0864,3531436.8611,1.321,117115.4558,40.6565,5.9754,15.9101
node-026,2024-01-01 02:55:30,0.0861,0.0,2865635.519,1.2125,109883.5219,39.8887,12.1198,16.0537
node-027,2024-01-01 02:55:30,0.1561,0.0374,3139246.58,1.2903,120191.2443,56.3592,7.0438,15.8209
node-028,2024-01-01 02:55:30,0.0,0.0,2036383.2261,0.2009,147875.9054,7.0367,3.0596,48.0
node-001,2024-01-01 03:00:00,0.0,0.7194,1454169.1514,0.2116,135055.9061,5.8985,3.944,48.0
node-006,2024-01-01 03:00:00,0.1236,0.2031,3421029.6642,0.974,142204.3872,45.766,7.9818,16.1629
node-009,2024-01-01 03:00:00,0.1448,0.0378,3425725.2728,1.2882,99037.4859,53.5465,9.0867,16.0123
node-010,2024-01-01 03:00:00,0.074,0.0,3306555.601,1.1263,95123.8643,51.4969,7.0515,16.1096
node-012,2024-01-01 03:00:00,0.109,0.0062,3690542.7674,0.8003,129938.5422,48.1309,6.0643,15.8187
node-013,2024-01-01 03:00:00,0.1455,0.0,3468724.2077,0.8848,159709.0048,42.9894,4.8354,16.1746
node-021,2024-01-01 03:00:00,0.0965,0.4098,3453657.9449,0.6927,120521.5681,45.0501,3.9331,15.6701
node-026,2024-01-01 03:00:00,0.0692,0.2148,2921372.1017,0.693,127507.5454,36.4265,5.0424,16.5074
node-027,2024-01-01 03:00:00,0.4269,0.0,3087955.6302,0.8297,120790.3312,57.8462,9.942,16.0581
node-028,2024-01-01 03:00:00,0.0205,0.0,2304965.3392,0.2003,136862.2494,6.8598,2.0051,48.0
node-001,2024-01-01 03:04:30,0.0093,0.1095,1986689.1543,0.0889,110748.9405,6.198,2.9917,47.5839
node-006,2024-01-01 03:04:30,0.0937,0.3424,3068157.4703,1.2585,122187.5634,41.0804,3.9697,15.9049
node-009,2024-01-01 03:04:30,0.1041,0.2297,3479645.8575,1.8883,85635.4308,52.7143,9.9342,16.2069
node-010,2024-01-01 03:04:30,0.0854,0.4284,3068474.2903,0.8095,113194.1173,48.0343,7.011,15.9014
node-012,2024-01-01 03:04:30,0.093,0.3231,3670992.896,0.9071,126214.8145,44.7374,7.9268,15.7372
node-013,2024-01-01 03:04:30,0.1061,0.0,3391755.3718,1.0849,161544.8349,49.0823,7.0074,15.8929
node-021,2024-01-01 03:04:30,0.1014,0.0,3286187.0317,1.1109,112499.1207,41.4638,4.9829,15.8907
node-026,2024-01-01 03:04:30,0.1638,0.0,2835921.3039,0.7667,125971.9925,43.3056,5.9741,16.3065
node-027,2024-01-01 03:04:30,0.1124,0.0,3159645.4481,1.2932,134966.111,50.9344,10.0323,15.8298
node-028,2024-01-01 03:04:30,0.0267,0.0,1664034.9041,0.193,131852.5772,5.8692,3.9429,48.0
node-001,2024-01-01 03:09:00,0.0,0.0,1491681.5099,0.1844,121040.3582,6.6944,2.9084,47.9091
node-006,2024-01-01 03:09:00,0.181,0.0,3413182.3283,0.9965,149613.4328,37.7464,7.9507,15.9634
node-009,2024-01-01 03:09:00,0.0799,0.0,3465588.7798,0.873,116793.4455,53.6172,11.6826,15.934
node-010,2024-01-01 03:09:00,0.1551,0.084,3347087.0076,0.9465,118751.9471,47.8083,8.9915,16.3319
node-012,2024-01-01 03:09:00,0.1083,0.3079,3292662.5858,1.1045,129120.2553,49.0828,7.023,16.3624
node-013,2024-01-01 03:09:00,0.0974,0.0,3200779.6506,0.921,166711.8132,45.9842,8.3343,15.8272
node-021,2024-01-01 03:09:00,0.2914,0.285,3033837.4725,2.9884,112111.28,39.1919,11.8333,15.9952
node-026,2024-01-01 03:09:00,0.4,0.0,2793752.9466,0.8463,124307.2,43.2657,5.9843,15.9059
node-027,2024-01-01 03:09:00,0.1414,0.1802,3313218.5405,0.9768,155133.5599,52.1134,10.9786,15.9689
node-028,2024-01-01 03:09:00,0.0102,0.0,1869434.7045,0.2036,144868.0037,6.7813,3.9977,48.0
node-001,2024-01-01 03:13:30,0.0014,0.4983,1614029.1818,0.0965,128081.6858,6.5976,2.9705,48.0
node-006,2024-01-01 03:13:30,0.1126,0.0669,3273562.5833,1.4791,142904.0336,41.5709,6.9198,16.0336
node-009,2024-01-01 03:13:30,0.1069,0.8652,3487389.6484,0.8067,111593.5928,56.3172,11.0293,16.3125
node-010,2024-01-01 03:13:30,0.112,0.0,3240078.767,1.1018,133166.0172,42.881,6.039,15.8131
node-012,2024-01-01 03:13:30,0.0541,0.1872,3539165.1639,0.9112,127408.379,40.5655,10.7901,16.0444
node-013,2024-01-01 03:13:30,0.0578,0.304,3088934.3405,1.2834,150904.8145,48.5016,8.1217,16.1352
node-021,2024-01-01 03:13:30,0.0923,0.1703,3195366.1196,0.7658,142842.3807,39.5673,8.0568,16.1471
node-026,2024-01-01 03:13:30,0.1403,0.0,2950631.184,0.824,118198.4381,42.0825,7.2919,16.2745
node-027,2024-01-01 03:13:30,0.0708,0.0,2943716.5192,0.9576,130737.5279,52.8214,8.0465,16.0715
node-028,2024-01-01 03:13:30,0.0,0.8429,1858183.1226,0.201,128106.9775,6.2055,3.9801,47.8666
node-001,2024-01-01 03:18:00,0.0,0.2492,1488456.2834,0.1764,109570.0168,6.5706,4.9899,47.6197
node-006,2024-01-01 03:18:00,0.1334,0.3627,3204362.3293,1.1013,112202.4075,42.01,6.9975,16.1501
node-009,2024-01-01 03:18:00,0.1078,0.1243,3397653.8182,0.8942,137126.4576,50.8113,10.0341,16.3046
node-010,2024-01-01 03:18:00,0.0324,0.0,3667652.0954,1.0173,116306.618,47.4081,9.0117,16.0202
node-012,2024-01-01 03:18:00,0.104,0.0,3470539.1678,0.8149,134451.4929,51.1921,7.8027,15.9623
node-013,2024-01-01 03:18:00,0.1387,0.2829,3110446.125,0.9494,158834.3582,44.9775,6.1021,15.6947
node-021,2024-01-01 03:18:00,0.0537,0.0,3578420.3444,0.7825,125183.6536,39.712,6.9964,15.9936
node-026,2024-01-01 03:18:00,0.1773,0.0,2854304.8624,0.7896,88786.5472,43.6608,6.0132,15.5668
node-027,2024-01-01 03:18:00,0.0938,0.0,3380175.9624,1.0037,122835.2174,52.4379,8.9282,15.6775
node-028,2024-01-01 03:18:00,0.0046,0.0828,1896647.4739,0.2004,110890.6035,6.0672,2.0234,48.0
node-001,2024-01-01 03:22:30,0.0342,0.0,1523283.0156,0.2105,127550.0563,7.1472,1.9997,48.0
node-006,2024-01-01 03:22:30,0.1455,0.82,3297783.0738,0.9986,152519.4813,40.2304,5.3401,15.5774
node-009,2024-01-01 03:22:30,0.0912,0.6768,3667590.6554,0.9089,130532.7325,51.4901,6.9203,16.1092
node-010,2024-01-01 03:22:30,0.158,0.0,3452697.7225,0.8711,132497.4173,45.4101,7.9534,16.4304
node-012,2024-01-01 03:22:30,0.0596,1.2563,3898187.5523,0.7184,134244.2147,45.446,6.9154,16.1947
node-013,2024-01-01 03:22:30,0.1227,0.2258,3192621.0525,0.8171,142395.4591,44.7976,6.9825,16.1329
node-021,2024-01-01 03:22:30,0.0153,0.0,3572450.9121,1.0162,116736.4009,42.3574,6.9784,15.9013
node-026,2024-01-01 03:22:30,0.2086,0.0,2676641.659,0.9178,111282.0047,39.6119,5.9257,15.965
node-027,2024-01-01 03:22:30,0.0984,0.0,3094658.8337,1.1107,95606.1095,53.2058,8.0685,16.1054
node-028,2024-01-01 03:22:30,0.0,0.2569,1984954.8483,0.2938,104280.0154,6.4777,4.108,47.8133
node-001,2024-01-01 03:27:00,0.0616,0.0,1691835.9857,0.2177,124379.2039,5.9694,3.0355,48.0
node-006,2024-01-01 03:27:00,0.291,0.4363,3165272.5737,0.9132,140723.7969,42.0346,10.0067,15.4998
node-009,2024-01-01 03:27:00,0.1018,0.2045,3444815.6596,1.0949,92309.2292,59.3399,10.0179,15.8702
node-010,2024-01-01 03:27:00,0.1116,0.3135,3208264.8208,1.0997,129687.8718,39.015,9.985,15.4596
node-012,2024-01-01 03:27:00,0.1116,0.0,3430228.0983,0.7756,133938.8121,45.7374,5.973,16.3133
node-013,2024-01-01 03:27:00,0.1459,0.0,2968793.8681,0.8169,166656.03,47.1401,6.0065,16.17
node-021,2024-01-01 03:27:00,0.1261,0.0,3369199.9943,0.7811,135093.0336,36.4333,7.0306,15.9711
node-026,2024-01-01 03:27:00,0.1456,0.0989,2675663.2624,1.2936,138737.7871,46.0366,7.0324,16.1811
node-027,2024-01-01 03:27:00,0.1218,0.5677,2590537.6443,1.0,123118.3952,53.1401,9.9107,16.0813
node-028,2024-01-01 03:27:00,0.0,0.0,2041212.342,0.1734,135189.3044,7.2221,3.9447,47.5781
node-001,2024-01-01 03:31:30,0.0,0.3952,1655480.6337,0.1985,114831.5782,7.2924,2.5452,48.0
node-006,2024-01-01 03:31:30,0.2206,0.1956,3170265.3317,0.8271,137881.0373,48.2202,12.0954,16.0135
node-009,2024-01-01 03:31:30,0.0586,0.0,3287331.658,0.7065,117239.9346,50.9814,7.7674,15.9857
node-010,2024-01-01 03:31:30,0.1198,0.0,3140028.7139,0.8879,132260.8033,45.9424,9.0462,15.9283
node-012,2024-01-01 03:31:30,0.095,0.2475,3532536.4484,1.0738,116887.8178,42.6814,7.8544,15.992
node-013,2024-01-01 03:31:30,0.1308,0.7581,3371935.0195,0.9025,144659.0828,39.5376,6.7238,16.2333
node-021,2024-01-01 03:31:30,0.0691,0.0,3346817.0561,0.6827,121672.8049,41.9518,7.0444,15.8584
node-026,2024-01-01 03:31:30,0.1423,0.518,2654906.2059,0.7693,108973.9963,43.7697,4.9792,16.2669
node-027,2024-01-01 03:31:30,0.1479,0.0,2884769.3344,1.0007,126247.7557,45.5321,9.9387,15.9947
node-028,2024-01-01 03:31:30,0.0192,0.0797,1860035.1815,0.2209,84779.2352,6.5487,1.9346,48.0
node-001,2024-01-01 03:36:00,0.016,0.0,1661302.4418,0.1797,118629.2104,6.6566,2.9703,48.0
node-006,2024-01-01 03:36:00,0.2265,0.0332,3424140.807,0.8106,125829.4879,45.2353,8.0062,15.7745
node-009,2024-01-01 03:36:00,0.1949,0.0,3617659.0666,1.1935,131076.8452,58.7713,6.9589,16.1093
node-010,2024-01-01 03:36:00,0.1733,0.1984,3232983.6564,0.7499,116728.7093,40.1925,7.0053,15.8087
node-012,2024-01-01 03:36:00,0.1168,0.086,3991215.6967,0.9041,143192.2692,46.815,8.0735,15.5451
node-013,2024-01-01 03:36:00,0.0816,0.4717,3149972.7732,1.0095,151166.4509,51.5033,7.9034,16.3152
node-021,2024-01-01 03:36:00,0.0397,0.8528,3344975.1434,0.5898,138047.4721,39.0302,7.0415,15.9742
node-023,2024-01-01 03:36:00,0.068,0.1616,3387441.7907,1.0051,126598.508,51.1608,11.0681,16.3309
node-026,2024-01-01 03:36:00,0.0864,0.0,3002665.2322,0.9618,181199.3541,42.7234,8.063,15.8236
node-027,2024-01-01 03:36:00,0.0275,0.2327,2808889.9168,0.9716,127379.5845,53.5348,10.0939,15.9493
node-028,2024-01-01 03:36:00,0.069,0.0,2098034.0557,0.1979,71899.485,7.0287,5.1001,47.9699
node-029,2024-01-01 03:36:00,0.1304,0.1458,2139880.238,0.7975,173182.6301,48.2923,15.0639,15.6983
node-001,2024-01-01 03:40:30,0.0223,0.0,1376590.2857,0.0942,103520.3411,6.7701,6.0037,48.0
node-006,2024-01-01 03:40:30,0.1019,0.3194,3105873.2074,0.966,113025.5179,46.2698,6.9447,15.7836
node-009,2024-01-01 03:40:30,0.1389,0.237,3184425.7907,1.1623,119961.4832,52.7075,8.0145,16.0944
node-010,2024-01-01 03:40:30,0.0457,0.0,3049048.685,1.5115,128225.963,49.8545,8.034,15.7883
node-012,2024-01-01 03:40:30,0.1109,0.191,3780789.5108,0.8686,148478.7951,41.2093,4.8707,16.359
node-013,2024-01-01 03:40:30,0.1426,0.0,3442651.0497,0.9925,162718.131,39.0888,8.1288,15.8755
node-021,2024-01-01 03:40:30,0.085,0.0,3258247.4381,0.7819,109345.6471,44.2945,5.0021,15.9421
node-023,2024-01-01 03:40:30,0.1156,0.0512,2768692.0565,1.0762,121953.69,49.4559,6.9887,16.0096
node-026,2024-01-01 03:40:30,0.108,0.6774,2783814.259,1.0162,112522.3093,43.0992,10.0914,15.7837
node-027,2024-01-01 03:40:30,0.0844,0.0,3118082.8246,0.9964,130361.9969,50.0533,7.9925,15.908
node-028,2024-01-01 03:40:30,0.0,0.1158,2204567.3742,0.2137,114558.9359,7.2722,1.8539,48.0
node-029,2024-01-01 03:40:30,0.1097,0.465,2257450.9406,0.6381,135043.8158,44.4897,8.963,16.0499
node-001,2024-01-01 03:45:00,0.0,0.0,1399147.8404,0.1942,122025.9959,6.5662,4.2622,48.0
node-006,2024-01-01 03:45:00,0.0415,0.3891,2853720.7378,0.8028,135478.0706,41.5206,9.1675,15.8963
node-009,2024-01-01 03:45:00,0.1234,0.0958,3817192.7395,4.0079,136266.6046,55.8808,10.0331,15.7555
node-010,2024-01-01 03:45:00,0.2071,0.0,3544136.0675,0.9203,122548.5402,49.2814,8.9872,15.6967
node-012,2024-01-01 03:45:00,0.1061,0.0,3548614.7739,1.4916,126467.3283,43.8198,10.0132,16.2873
node-013,2024-01-01 03:45:00,0.1062,0.0,3036766.6241,0.9104,162134.734,48.8599,6.8892,15.8728
node-021,2024-01-01 03:45:00,0.0967,0.0,3277619.7329,0.9247,134876.221,43.285,5.9494,15.9995
node-023,2024-01-01 03:45:00,0.0961,0.2385,3029386.8253,0.9098,125684.8258,50.3933,10.012,16.0646
node-026,2024-01-01 03:45:00,0.1214,0.7322,2893109.5127,0.781,162927.6614,44.8537,6.7646,16.4401
node-027,2024-01-01 03:45:00,0.1773,0.0159,3096239.7835,1.1067,106457.0907,55.6071,9.0034,15.6459
node-028,2024-01-01 03:45:00,0.0,1.2793,2004753.3987,0.1965,122550.6972,6.4822,2.0191,48.0
node-029,2024-01-01 03:45:00,0.2263,0.3344,2475685.2246,0.6981,158490.6863,46.2217,8.0197,15.8136
node-001,2024-01-01 03:49:30,0.0613,0.0,1781195.6465,0.0793,124510.5732,5.9898,2.9307,47.9358
node-006,2024-01-01 03:49:30,0.0804,0.203,3134998.5461,0.8756,114822.4312,42.7172,7.118,15.7283
node-009,2024-01-01 03:49:30,0.1222,0.4734,3885500.9146,1.1158,147014.31,55.2458,9.8931,16.0509
node-010,2024-01-01 03:49:30,0.1222,0.968,3503465.8453,0.9013,126269.2291,45.6238,9.0094,16.1045
node-012,2024-01-01 03:49:30,0.0783,0.0,3255650.9762,1.005,139016.9509,41.933,9.9892,16.0656
node-013,2024-01-01 03:49:30,0.1653,0.3402,3069008.6838,0.9965,164249.9196,53.1787,8.0649,16.1387
node-021,2024-01-01 03:49:30,0.0946,0.2252,3248498.0332,0.9822,116926.2942,41.8774,6.0886,16.0778
node-023,2024-01-01 03:49:30,0.135,0.7668,3184423.5495,0.988,138620.2638,49.0162,8.0687,15.7758
node-026,2024-01-01 03:49:30,0.139,0.6201,2688276.9629,0.5696,137233.5324,41.0591,7.1739,15.8756
node-027,2024-01-01 03:49:30,0.1003,0.0,2902023.8982,1.1263,113030.3964,58.9707,8.9841,16.0056
node-028,2024-01-01 03:49:30,0.0226,0.0,2070188.4526,0.2116,125171.6711,6.6459,3.2361,48.0
node-029,2024-01-01 03:49:30,0.1146,0.0,2353110.2538,0.8814,163414.7053,41.4494,9.0121,15.7211
node-001,2024-01-01 03:54:00,0.0138,0.0,1569149.7209,0.1075,123215.2966,6.5937,1.9657,48.0
node-006,2024-01-01 03:54:00,0.1422,0.1836,3224489.8819,0.9168,136482.9304,41.3977,6.1306,15.5836
node-009,2024-01-01 03:54:00,0.0791,0.0,3392478.0953,1.2976,124169.6756,45.6949,10.0212,15.9659
node-010,2024-01-01 03:54:00,0.1345,0.0,3419350.925,0.903,122914.8866,45.7804,11.0224,16.1188
node-012,2024-01-01 03:54:00,0.0879,0.2951,3406706.6651,0.9054,120000.9746,43.4695,10.2916,15.864
node-013,2024-01-01 03:54:00,0.1295,0.0,3144632.4927,3.101,145898.619,49.4104,8.9678,15.8499
node-021,2024-01-01 03:54:00,0.1073,0.0,3304482.2304,0.6945,110257.6024,42.4272,7.3895,16.2638
node-023,2024-01-01 03:54:00,0.067,0.883,3214619.1347,0.8854,111545.0004,51.442,11.1635,16.0285
node-026,2024-01-01 03:54:00,0.0472,0.5808,2761095.8006,0.7613,129961.2616,38.5793,6.1222,15.9834
node-027,2024-01-01 03:54:00,0.0311,0.3492,2836231.1925,0.9726,128929.2389,54.9396,7.9345,16.5519
node-028,2024-01-01 03:54:00,0.0,0.5701,2187756.1275,0.2067,132928.9684,6.6726,3.0832,47.7455
node-029,2024-01-01 03:54:00,0.1116,0.0,2539537.2717,0.7577,164344.4367,44.264,7.0695,16.0023
node-001,2024-01-01 03:58:30,0.0,0.0852,1753182.9478,0.2087,122367.7021,6.8996,4.0361,47.4966
node-006,2024-01-01 03:58:30,0.0392,0.1985,3151051.4973,0.9784,130382.6143,43.7942,6.8058,16.1141
node-009,2024-01-01 03:58:30,0.106,0.0,3713143.0129,1.6068,115300.1728,52.0996,8.0606,16.2701
node-010,2024-01-01 03:58:30,0.1121,0.3034,3323169.4894,0.7885,127028.9514,50.465,13.0009,15.9262
node-012,2024-01-01 03:58:30,0.1014,0.0,3547832.3114,0.9116,112748.4845,46.0653,8.9855,15.9998
node-013,2024-01-01 03:58:30,0.0,0.3922,3441685.3836,0.9029,123477.4381,49.1088,9.0362,16.3151
node-021,2024-01-01 03:58:30,0.0953,0.1912,3390059.302,0.7775,137839.3133,41.5764,8.0712,16.2128
node-023,2024-01-01 03:58:30,0.1036,0.0,3010640.0296,1.018,80978.1998,54.2679,12.0565,15.9483
node-026,2024-01-01 03:58:30,0.0628,0.0223,2413458.5062,1.003,123880.0384,38.2407,7.8458,16.2955
node-027,2024-01-01 03:58:30,0.1185,0.0,3125497.4875,1.0042,106466.8819,57.7995,10.033,16.0116
node-028,2024-01-01 03:58:30,0.02,0.0,1876556.9946,0.2067,103265.0976,6.3732,3.8982,47.5473
node-029,2024-01-01 03:58:30,0.274,0.0037,2172939.0285,0.852,146453.0457,44.5156,7.9717,16.1435
node-001,2024-01-01 04:03:00,0.0,0.1949,1686501.9074,0.101,112420.2716,7.2126,3.0061,47.9162
node-006,2024-01-01 04:03:00,0.1216,0.0,3154990.6761,0.8964,103404.6221,42.766,6.009,16.21
node-009,2024-01-01 04:03:00,0.0659,0.2639,3575290.4723,1.1323,82199.82,57.5009,8.9811,16.0832
node-010,2024-01-01 04:03:00,0.193,0.0,3376044.5481,0.9479,118633.9689,49.3711,7.8954,16.0056
node-012,2024-01-01 04:03:00,0.0896,0.1444,3362672.1922,1.0189,135047.3451,49.4333,8.0124,16.0161
node-013,2024-01-01 04:03:00,0.1137,0.5057,3438315.0164,0.898,165775.7686,50.1014,8.0622,15.7117
node-021,2024-01-01 04:03:00,0.0821,0.0143,3153848.893,0.7616,118177.3271,45.4628,7.996,15.7955
node-023,2024-01-01 04:03:00,0.1218,0.0,3149489.4086,0.9954,119483.9259,52.2554,8.9805,15.7403
node-026,2024-01-01 04:03:00,0.0652,0.1233,2818003.6464,0.7984,112541.6148,42.0124,6.4717,15.9355
node-027,2024-01-01 04:03:00,0.0969,0.1603,3038755.3418,1.0237,122293.3382,49.3124,10.8004,15.8092
node-028,2024-01-01 04:03:00,0.0,0.0,2059578.7325,0.189,139765.2516,7.1576,2.9071,48.0
node-029,2024-01-01 04:03:00,0.161,0.0,2423531.4844,0.7913,131336.5603,50.0284,5.9773,16.3181
node-001,2024-01-01 04:07:30,0.0,0.0,1633265.2302,0.2167,97122.8147,6.6721,3.0188,48.0
node-006,2024-01-01 04:07:30,0.0925,0.0,3213695.2005,0.8931,109895.9029,38.9587,6.0399,15.8229
node-009,2024-01-01 04:07:30,0.0779,0.9565,3923136.7708,0.9159,114692.1483,57.0799,9.5354,15.9217
node-010,2024-01-01 04:07:30,0.135,0.1932,3166155.4167,0.77,84398.7497,46.0828,6.9967,15.9732
node-012,2024-01-01 04:07:30,0.1052,0.0,3220741.1344,0.8586,121913.1401,45.8677,9.9284,15.9341
node-013,2024-01-01 04:07:30,0.1287,0.0,3074554.3874,0.8478,166246.0166,44.4788,5.9768,16.1115
node-021,2024-01-01 04:07:30,0.0766,0.0,3090235.9354,0.7994,132416.1955,43.7256,8.0827,16.2318
node-023,2024-01-01 04:07:30,0.1356,0.4288,3572548.6945,1.1133,133176.4032,47.445,11.1755,15.7021
node-026,2024-01-01 04:07:30,0.2197,0.0,2558775.9856,0.6793,110331.015,42.571,7.0745,16.1357
node-027,2024-01-01 04:07:30,0.0982,0.1169,3021938.0175,1.0926,129788.406,53.3949,8.9979,15.8962
node-028,2024-01-01 04:07:30,0.0024,0.0,1709416.1501,0.2077,129632.0458,6.7727,2.8984,48.0
node-029,2024-01-01 04:07:30,0.0843,0.0,2272630.7279,0.9872,144199.8299,46.2238,5.9252,16.1313
node-001,2024-01-01 04:12:00,0.0,1.1108,1834827.0564,0.1944,117719.6142,6.0502,3.9979,47.9122
node-006,2024-01-01 04:12:00,0.1212,0.7735,3282184.9967,0.9067,114922.6993,39.012,6.0625,15.9261
node-009,2024-01-01 04:12:00,0.0518,0.7253,3726496.8642,1.0532,128323.841,51.8971,11.0174,15.9054
node-010,2024-01-01 04:12:00,0.1103,0.0,3277904.9819,0.8809,123184.339,49.0357,8.2839,16.0725
node-012,2024-01-01 04:12:00,0.2453,0.6919,3565370.6703,0.8733,118997.8146,43.1722,7.0258,15.7646
node-013,2024-01-01 04:12:00,0.0636,0.3032,2821643.9734,0.9111,152230.3257,44.5851,7.0654,15.8847
node-014,2024-01-01 04:12:00,0.0859,0.1255,2984231.8515,0.7879,120759.5199,41.0882,6.916,15.6978
node-021,2024-01-01 04:12:00,0.0718,0.0,3304988.3714,0.8172,108053.7702,41.2389,8.0718,16.2834
node-023,2024-01-01 04:12:00,0.1125,0.0,3156210.1576,0.9811,117079.6375,54.9742,16.0478,16.0671
node-026,2024-01-01 04:12:00,0.1372,0.0,2984425.7302,0.7207,121925.9689,40.2309,8.9601,15.95
node-027,2024-01-01 04:12:00,0.0726,0.9141,3059517.3536,1.0951,124513.9981,44.3185,9.8515,15.8265
node-028,2024-01-01 04:12:00,0.0,0.0,2239022.307,0.2211,126175.9248,6.453,2.9101,48.0
node-029,2024-01-01 04:12:00,0.1244,0.3325,2242949.9245,0.8205,157465.5261,52.0781,5.9949,15.7208
node-001,2024-01-01 04:16:30,0.0693,0.0841,1452235.4758,0.1961,131886.2861,6.0957,2.9952,47.6105
node-006,2024-01-01 04:16:30,0.1113,0.0,3279107.2301,0.8992,115450.1894,44.5621,8.0523,15.8453
node-009,2024-01-01 04:16:30,0.2281,0.5111,3429366.0754,2.1409,107003.3865,51.2716,8.9636,15.9478
node-010,2024-01-01 04:16:30,0.0495,0.3022,3008361.9068,0.9389,132763.9052,46.0643,12.1257,16.2148
node-012,2024-01-01 04:16:30,0.095,0.0,3092554.312,0.8833,122436.5164,50.3137,9.9002,15.8811
node-013,2024-01-01 04:16:30,0.1087,0.5776,3120789.1101,0.914,143042.2918,47.082,8.9988,15.7489
node-014,2024-01-01 04:16:30,0.2101,0.0,3384461.3805,0.691,114522.8806,42.6521,8.0749,16.0479
node-021,2024-01-01 04:16:30,0.1365,0.4376,3257814.9138,0.8358,112460.4857,42.8436,7.0209,15.9134
node-023,2024-01-01 04:16:30,0.091,0.0,3464474.2673,0.993,139148.3157,49.0773,11.0872,15.6826
node-026,2024-01-01 04:16:30,0.0828,0.0,2812301.3687,0.739,109004.2271,41.2778,7.9101,16.018
node-027,2024-01-01 04:16:30,0.1348,0.0102,3256282.5682,0.9831,118065.5007,50.6968,9.9646,16.3902
node-028,2024-01-01 04:16:30,0.0,0.1145,2179324.0156,0.1945,119048.4581,7.5318,2.9509,48.0
node-029,2024-01-01 04:16:30,0.0913,0.2174,2185590.3695,1.0193,160472.5312,39.1254,8.1572,16.2692
node-001,2024-01-01 04:21:00,0.0,0.4024,1544792.9638,0.2049,103961.2758,6.9788,4.9955,48.0
node-006,2024-01-01 04:21:00,0.2847,0.1932,3419637.4847,0.8975,126117.8968,42.2025,4.8704,16.013
node-009,2024-01-01 04:21:00,0.0993,0.2384,3504530.2637,1.2136,132060.5408,50.7892,9.0543,16.1888
node-010,2024-01-01 04:21:00,0.1042,0.0,3411272.4561,0.8677,119459.1848,45.2668,6.018,16.3318
node-012,2024-01-01 04:21:00,0.1547,1.2972,3833955.8406,0.922,119687.6061,44.2471,4.9573,16.0047
node-013,2024-01-01 04:21:00,0.1018,0.0,3383055.9533,0.9964,171340.8017,48.7715,7.8281,15.9775
node-014,2024-01-01 04:21:00,0.0581,0.0085,3036640.3608,1.0144,114979.1838,42.5071,7.6054,16.0716
node-021,2024-01-01 04:21:00,0.0787,1.6048,3133447.492,0.8455,110037.2697,40.4394,6.7243,15.7474
node-023,2024-01-01 04:21:00,0.1777,0.0,3213246.4508,1.5053,86905.0133,46.6476,9.9012,16.1836
node-026,2024-01-01 04:21:00,0.1092,0.0,2412051.9998,0.8877,145692.5481,39.8142,3.9164,16.14
node-027,2024-01-01 04:21:00,0.1283,0.0,3196090.587,0.912,97674.4365,48.0029,9.0735,15.9628
node-028,2024-01-01 04:21:00,0.0088,0.523,1697576.4839,0.214,124156.9937,5.1581,2.9773,48.0
node-029,2024-01-01 04:21:00,0.1083,0.0769,2482116.6912,0.8027,148332.4681,46.06,6.924,15.7845
node-001,2024-01-01 04:25:30,0.0163,0.0,1657418.3008,0.213,94184.9655,7.3294,3.0426,48.0
node-006,2024-01-01 04:25:30,0.1879,0.0986,3565765.3786,0.8533,100677.983,42.5255,7.0476,16.4873
node-009,2024-01-01 04:25:30,0.1525,0.6918,3243712.6416,1.0245,104691.0127,49.359,8.948,16.0855
node-010,2024-01-01 04:25:30,0.0691,0.579,3306235.8617,0.8446,133385.0655,47.1844,6.4699,16.0957
node-012,2024-01-01 04:25:30,0.0923,0.0,3814578.7803,0.9954,152820.8884,43.2257,9.0607,15.9168
node-013,2024-01-01 04:25:30,0.151,0.0,3112867.3381,0.8842,162331.8041,47.2228,6.9841,15.9219
node-014,2024-01-01 04:25:30,0.0911,0.0,3124029.7008,0.8289,134173.0286,44.9572,10.0426,16.0098
node-021,2024-01-01 04:25:30,0.128,0.2282,3621561.1959,0.9198,128845.0125,42.1644,7.9426,15.9527
node-023,2024-01-01 04:25:30,0.1692,0.0,3315341.5754,1.6496,136541.3216,54.1168,7.0436,16.0298
node-026,2024-01-01 04:25:30,0.0706,0.0764,2591350.8818,1.2326,102949.585,46.212,5.0278,15.9549
node-027,2024-01-01 04:25:30,0.1747,0.0,2774908.4637,1.7127,128832.4562,44.252,8.9589,15.8851
node-028,2024-01-01 04:25:30,0.0,0.0163,2367848.9972,0.1926,137745.2624,7.413,2.9293,47.9046
node-029,2024-01-01 04:25:30,0.1049,0.0214,2466373.1657,0.9029,155917.8704,47.165,6.1614,15.9869
node-001,2024-01-01 04:30:00,0.0113,0.0,1485149.0823,0.2156,107725.9609,7.8552,2.0518,47.788
node-006,2024-01-01 04:30:00,0.1002,0.0,3183091.6824,0.9069,124760.8684,44.854,6.9816,15.7045
node-009,2024-01-01 04:30:00,0.0955,0.4383,3372052.8841,0.9973,104045.214,57.0294,13.9081,15.9768
node-010,2024-01-01 04:30:00,0.1377,0.5714,3150128.4817,0.6857,102354.5484,41.5783,8.071,16.2533
node-012,2024-01-01 04:30:00,0.1684,0.5726,3644321.8443,1.0082,127877.9685,50.0727,10.9953,16.3593
node-013,2024-01-01 04:30:00,0.1059,0.3864,3127083.1861,0.9997,156037.0365,44.3077,7.1334,15.79
node-014,2024-01-01 04:30:00,0.0776,0.0,2895569.9673,0.8111,129557.8437,40.3139,7.005,15.9768
node-017,2024-01-01 04:30:00,0.1509,0.0,2858695.7044,0.9542,143350.6119,35.9784,8.3086,15.9334
node-021,2024-01-01 04:30:00,0.1286,0.1959,3318276.3566,0.9463,121251.118,41.0647,8.854,15.7555
node-023,2024-01-01 04:30:00,0.1153,0.3299,3317906.584,0.915,122005.2644,51.9154,10.0046,15.8883
node-026,2024-01-01 04:30:00,0.0699,0.3337,3095861.9496,0.5969,99577.6156,42.3539,7.9237,16.2187
node-027,2024-01-01 04:30:00,0.2024,0.2945,2972528.658,0.7896,116371.5378,49.1445,9.0076,16.3094
node-028,2024-01-01 04:30:00,0.0,0.2628,2064832.4758,0.2163,109740.6094,6.8907,4.0528,47.9087
node-029,2024-01-01 04:30:00,0.0795,0.0,2306557.6844,0.7701,123671.6484,47.98,4.8661,16.132
node-001,2024-01-01 04:34:30,0.0236,0.2858,1564188.3224,0.1997,128552.7158,7.1192,5.0423,48.0
node-006,2024-01-01 04:34:30,0.0925,0.5638,3048923.3385,0.9853,129683.7357,43.1392,8.4303,16.0272
node-009,2024-01-01 04:34:30,0.0606,0.0,3657115.9094,1.8611,121968.6172,51.5037,6.9808,16.2331
node-010,2024-01-01 04:34:30,0.1246,0.1204,3206420.7653,0.8201,106689.9266,46.4987,6.9976,16.0168
node-012,2024-01-01 04:34:30,0.112,0.5796,3478084.3521,0.7015,102779.6398,47.7266,9.0279,16.0235
node-013,2024-01-01 04:34:30,0.0,0.0,3388738.769,0.9133,186468.5009,53.3001,7.9816,15.8377
node-014,2024-01-01 04:34:30,0.0811,0.0,2884291.5171,0.5955,107096.8219,45.2733,9.047,16.1266
node-017,2024-01-01 04:34:30,0.0604,0.9727,3143701.7922,0.8667,119525.6586,39.2198,6.9207,15.9707
node-021,2024-01-01 04:34:30,0.0,0.0,3407402.9969,1.081,128707.0574,41.1524,5.998,15.8855
node-023,2024-01-01 04:34:30,0.1312,0.0,3184462.298,1.0285,137447.3547,55.2967,8.9947,16.2776
node-026,2024-01-01 04:34:30,0.1097,0.1639,2944674.3341,0.7306,122068.2944,43.8514,7.0623,15.778
node-027,2024-01-01 04:34:30,0.0118,0.0,2943921.2804,1.3023,115921.364,52.9323,9.9587,15.8626
node-028,2024-01-01 04:34:30,0.0,0.1624,2256031.9232,0.1786,130784.002,6.2726,3.0402,47.9781
node-029,2024-01-01 04:34:30,0.1692,1.2169,2573586.1892,0.7982,162346.5469,39.4778,7.9768,15.6405
node-001,2024-01-01 04:39:00,0.0091,0.1602,1798167.1072,0.1912,128362.0093,6.0054,2.9309,47.7998
node-006,2024-01-01 04:39:00,0.2637,0.0,3413544.0104,0.9512,121491.2812,44.1448,8.001,16.1577
node-009,2024-01-01 04:39:00,0.0977,0.5604,3969761.9462,0.9938,100226.1209,54.328,7.0099,16.3523
node-010,2024-01-01 04:39:00,0.1122,0.0754,3507518.3016,1.0865,123346.8403,41.4712,11.1508,16.0676
node-012,2024-01-01 04:39:00,0.1115,0.8337,3465889.9428,0.8897,129089.5984,46.2617,7.0999,15.7429
node-013,2024-01-01 04:39:00,0.0853,0.0,3341085.1363,0.9124,152029.4956,46.8593,7.025,16.1488
node-014,2024-01-01 04:39:00,0.1176,0.0589,3084060.7111,0.9937,121331.6459,44.9798,7.9838,15.9075
node-017,2024-01-01 04:39:00,0.0819,0.0861,2597608.1042,0.7882,124237.7226,41.8341,9.5495,15.7569
node-021,2024-01-01 04:39:00,0.1236,0.6613,3288534.9559,0.7079,109600.339,34.4396,7.0718,15.5986
node-023,2024-01-01 04:39:00,0.0922,0.2953,3329943.1551,1.1096,119719.1638,55.918,13.3884,15.9537
node-026,2024-01-01 04:39:00,0.0857,0.0669,2734250.9218,0.7043,136053.3341,43.0872,5.9635,15.9673
node-027,2024-01-01 04:39:00,0.0322,0.6075,2800853.8788,0.9951,139486.1429,47.2677,12.4153,15.9446
node-028,2024-01-01 04:39:00,0.0026,0.0,2167783.3691,0.2066,120994.2251,6.1874,2.9986,48.0
node-029,2024-01-01 04:39:00,0.1208,1.2811,2224973.603,0.7526,170572.1309,50.5656,6.2225,16.0739
node-001,2024-01-01 04:43:30,0.0412,0.6938,1561864.0022,0.2132,111632.1955,6.9905,3.9626,47.9464
node-006,2024-01-01 04:43:30,0.0745,0.0,3041851.5044,1.5995,105285.8725,37.8917,6.0109,16.0255
node-009,2024-01-01 04:43:30,0.1035,0.0,3504249.4068,1.0167,121376.6252,60.8342,9.9311,15.9644
node-010,2024-01-01 04:43:30,0.095,0.0,3294679.2398,0.896,123744.246,45.833,7.9722,15.7546
node-012,2024-01-01 04:43:30,0.0766,0.0,3586996.8328,0.8129,124810.2145,41.7526,8.7609,16.2706
node-013,2024-01-01 04:43:30,0.1352,0.0,3225301.3889,1.3803,165149.1323,49.8442,5.0301,16.2115
node-014,2024-01-01 04:43:30,0.0905,0.5686,2765408.2303,1.5944,124274.6081,45.0564,7.0211,15.7307
node-017,2024-01-01 04:43:30,0.0752,0.0142,2761233.582,0.6867,135829.6447,38.9024,6.964,15.8205
node-021,2024-01-01 04:43:30,0.1415,0.0,3339290.24,0.8863,116051.2566,37.1154,7.6089,15.9302
node-023,2024-01-01 04:43:30,0.0883,0.8928,3147884.707,0.8944,124299.2243,48.6227,8.0657,15.8006
node-026,2024-01-01 04:43:30,0.1429,0.0,2757046.9935,0.8106,129842.7408,40.5609,6.8658,15.7532
node-027,2024-01-01 04:43:30,0.137,0.0,2857134.0035,1.0347,113629.8265,51.9937,7.8734,15.8306
node-028,2024-01-01 04:43:30,0.0383,0.2705,2030454.3253,0.1864,105741.532,6.1305,1.8246,47.4516
node-029,2024-01-01 04:43:30,0.1068,0.0,2579109.9301,0.6053,157322.9626,48.4815,7.0482,16.1706
node-001,2024-01-01 04:48:00,0.0,0.0,1403278.397,0.2064,141421.1229,6.1931,4.0306,48.0
node-006,2024-01-01 04:48:00,0.0588,0.0,3479641.2482,0.8236,136173.0509,38.1469,9.0226,15.9612
node-009,2024-01-01 04:48:00,0.0065,0.3538,4022088.9625,1.0014,123915.1814,54.7857,7.9637,15.9382
node-010,2024-01-01 04:48:00,0.1302,0.1036,3348329.6312,0.9975,133882.6448,46.8196,12.026,16.0503
node-012,2024-01-01 04:48:00,0.2168,0.1978,3853265.049,0.9054,140108.9394,45.8493,12.1785,16.1349
node-013,2024-01-01 04:48:00,0.0858,1.1469,3137419.6042,0.8951,166763.2588,47.8554,8.9645,15.9827
node-014,2024-01-01 04:48:00,0.0958,0.0,3131841.4979,0.5946,150983.0221,42.0684,5.9457,16.2069
node-015,2024-01-01 04:48:00,0.0,0.2071,1607753.0917,0.1264,123700.003,7.0568,0.8624,47.8543
node-017,2024-01-01 04:48:00,0.1054,0.0,2725684.557,0.6957,146724.2807,40.504,6.8756,15.8276
node-021,2024-01-01 04:48:00,0.0,0.0,3195199.7043,0.6335,121566.0601,44.6136,7.0603,16.102
node-023,2024-01-01 04:48:00,0.0556,0.0,2942520.0457,1.1161,115308.4134,46.3527,10.9937,15.7333
node-026,2024-01-01 04:48:00,0.1186,0.5677,2979497.904,0.7035,125236.3463,39.6922,8.0802,16.1636
node-027,2024-01-01 04:48:00,0.137,0.0,2696654.9306,0.9996,121341.7289,52.2257,6.9759,15.8003
node-028,2024-01-01 04:48:00,0.0,0.0,2021680.7405,0.2034,123567.5107,6.7085,1.861,48.0
node-029,2024-01-01 04:48:00,0.0953,0.5641,2442902.2601,0.8039,170137.2325,49.6098,9.8977,15.2358
node-001,2024-01-01 04:52:30,0.0,0.0,1628727.4756,0.1144,104758.2022,7.3607,3.0279,47.9699
node-006,2024-01-01 04:52:30,0.1174,0.0,3356607.1561,0.8657,117472.0231,43.0658,5.9699,15.5502
node-009,2024-01-01 04:52:30,0.0672,0.2213,3575790.5139,0.8898,100148.7909,52.5206,7.951,16.178
node-010,2024-01-01 04:52:30,0.1469,0.4458,3509835.9576,0.8417,113718.5599,42.6827,12.9573,15.8673
node-012,2024-01-01 04:52:30,0.1147,0.2354,3425069.6373,0.7201,128906.0447,51.4128,6.0801,15.9567
node-013,2024-01-01 04:52:30,0.1078,0.2889,3038831.7947,1.0047,163304.8259,47.0384,9.0189,16.0428
node-014,2024-01-01 04:52:30,0.1088,0.0,3199685.6422,0.6965,128378.5652,39.0128,6.9377,15.8383
node-015,2024-01-01 04:52:30,0.0,0.0,1049267.0313,0.0858,117510.3619,6.3977,3.175,48.0
node-017,2024-01-01 04:52:30,0.1013,0.0738,2756149.7465,0.7119,134834.8921,37.4234,4.931,16.2188
node-020,2024-01-01 04:52:30,0.1101,0.9549,58738.9951,0.8215,0.0,42.6608,5.9319,0.4148
node-021,2024-01-01 04:52:30,0.0,0.0,3079010.7357,0.914,124561.8171,43.1774,7.1016,16.1297
node-023,2024-01-01 04:52:30,0.0335,0.1375,3597894.5824,1.0897,142186.4319,44.9804,9.0713,15.7786
node-026,2024-01-01 04:52:30,0.1186,0.0,3132700.1408,0.7003,84883.583,39.5342,6.9579,15.9555
node-027,2024-01-01 04:52:30,0.0977,0.3891,2945332.2018,1.0027,109658.6854,51.6211,10.8666,15.9372
node-028,2024-01-01 04:52:30,0.0,0.0,2072337.8187,0.3202,138119.51,6.7826,3.1006,48.0
node-029,2024-01-01 04:52:30,0.0766,0.1724,2569183.1015,0.7902,171602.9403,46.7393,7.9651,16.1098
node-001,2024-01-01 04:57:00,0.0352,0.4675,1582229.0077,0.0952,127746.5883,6.6331,3.0868,48.0
node-006,2024-01-01 04:57:00,0.4195,0.2562,3443733.247,1.3809,119032.3104,40.8677,4.922,15.7696
node-009,2024-01-01 04:57:00,0.105,0.0,3421599.6634,0.9847,110708.969,51.784,9.2501,16.2254
node-010,2024-01-01 04:57:00,0.2049,0.0,3130307.2675,1.091,117563.3122,43.6018,6.9209,16.2518
node-012,2024-01-01 04:57:00,0.0828,1.276,3313708.6217,0.9942,124577.9146,53.0448,8.96,16.0061
node-013,2024-01-01 04:57:00,0.1144,0.0,3359973.3902,0.9034,161697.926,45.8646,6.8621,15.9471
node-014,2024-01-01 04:57:00,0.2329,0.0,3273991.3418,0.7044,112224.6033,40.4318,5.0682,16.25
node-015,2024-01-01 04:57:00,0.0,0.1053,1480239.883,0.1431,127860.8238,6.0074,3.0153,48.0
node-017,2024-01-01 04:57:00,0.0934,0.0,3115262.1342,0.7742,118558.8057,37.8068,7.9851,15.8799
node-020,2024-01-01 04:57:00,0.0958,0.4872,3163977.7479,0.9819,116006.5343,50.6052,7.0664,15.6653
node-021,2024-01-01 04:57:00,0.1096,0.0,3592359.3532,0.7562,97967.5452,42.3807,10.087,15.8241
node-023,2024-01-01 04:57:00,0.0136,0.1021,3170457.6528,1.0012,124662.3277,57.0455,6.012,15.9828
node-026,2024-01-01 04:57:00,0.1237,0.0,2872453.7634,1.2707,136876.2601,37.7501,7.9962,15.9152
node-027,2024-01-01 04:57:00,0.1619,0.0,2781235.4656,0.9916,128509.522,50.068,8.964,16.2108
node-028,2024-01-01 04:57:00,0.0,0.0,1750415.6846,0.1891,130512.2638,6.8238,4.0856,47.7553
node-029,2024-01-01 04:57:00,0.0617,0.0,2405257.0758,0.5912,158986.7614,40.6997,7.9675,15.988
node-001,2024-01-01 05:01:30,0.048,0.3273,1404171.1064,0.2021,110998.2544,7.0499,2.9869,48.0
node-006,2024-01-01 05:01:30,0.0696,0.0,3232552.0799,1.2112,152155.4587,41.3322,4.919,16.1263
node-009,2024-01-01 05:01:30,0.1611,0.5093,3648769.5821,0.9923,116650.4601,51.9712,9.0394,16.0516
node-010,2024-01-01 05:01:30,0.1526,0.3698,3368828.1185,1.6997,129041.7936,46.7499,7.8277,16.0691
node-012,2024-01-01 05:01:30,0.0718,0.2421,3526269.8848,0.8925,125720.5471,45.3867,6.9622,16.2634
node-013,2024-01-01 05:01:30,0.1188,0.7263,3199451.8098,0.9567,162476.7046,46.6271,12.0206,15.9345
node-014,2024-01-01 05:01:30,0.3565,0.0,2901231.0743,0.6195,137382.9609,42.7767,8.9967,15.9353
node-015,2024-01-01 05:01:30,0.0,0.7298,1545586.819,0.2072,134196.6012,6.6232,2.0493,47.9964
node-017,2024-01-01 05:01:30,0.0729,0.0,2658501.4026,1.3972,134407.2737,39.8946,8.0285,15.6346
node-020,2024-01-01 05:01:30,0.0,0.0,3156246.2812,0.7357,125100.6437,46.5259,10.0198,15.9408
node-021,2024-01-01 05:01:30,0.2888,0.0,3387513.1238,0.8088,83138.5775,42.0988,6.0063,16.1319
node-023,2024-01-01 05:01:30,0.1062,0.2875,3296533.5,1.0045,122759.9973,51.0554,11.1169,15.9418
node-026,2024-01-01 05:01:30,0.0432,0.0,2966444.9994,0.6993,133850.1851,44.2835,5.9669,16.5244
node-027,2024-01-01 05:01:30,0.069,0.4856,3075372.5515,1.0964,130259.1993,56.6986,9.0513,15.8793
node-028,2024-01-01 05:01:30,0.0424,0.0,2200664.1845,0.3199,123730.5822,6.4041,3.1253,47.8403
node-029,2024-01-01 05:01:30,0.2066,0.5415,2384445.9873,1.2102,169106.1399,47.0202,9.008,15.8644
node-001,2024-01-01 05:06:00,0.0,0.2325,1619002.3044,0.1693,108265.9724,6.5862,3.0207,47.6811
node-006,2024-01-01 05:06:00,0.0414,0.0,2926094.6395,1.7047,108997.5824,40.0955,8.936,16.4787
node-009,2024-01-01 05:06:00,0.1201,0.0,3390355.5635,1.0049,99705.424,54.2557,7.9529,15.9842
node-010,2024-01-01 05:06:00,0.0848,0.6084,3318088.9043,0.999,89427.3811,48.8204,10.0253,16.2166
node-012,2024-01-01 05:06:00,0.0533,0.6638,3572858.5582,0.9175,122982.9423,46.0039,7.8372,16.0389
node-013,2024-01-01 05:06:00,0.1136,0.6052,2976628.2245,0.9095,165763.0018,39.574,10.948,16.1017
node-014,2024-01-01 05:06:00,0.1142,1.0183,2940809.5896,0.6226,127360.2565,42.4807,7.9451,15.9377
node-015,2024-01-01 05:06:00,0.0,0.2436,1412814.1582,0.2047,129563.0423,6.8028,2.879,48.0
node-017,2024-01-01 05:06:00,0.0728,0.0894,2509301.9079,0.8091,133984.0848,39.5908,8.9616,16.0255
node-020,2024-01-01 05:06:00,0.1064,0.5737,3117795.8192,0.7893,126508.5889,44.5894,5.1065,16.0038
node-021,2024-01-01 05:06:00,0.2062,1.2353,3094125.4345,0.8076,113436.7854,42.3529,5.2242,16.5251
node-023,2024-01-01 05:06:00,0.0832,0.0,3151080.58,1.0086,114347.888,58.1235,8.9665,15.993
node-026,2024-01-01 05:06:00,0.0,0.3935,2824863.2817,4.1095,129614.3684,40.6081,7.0684,16.1354
node-027,2024-01-01 05:06:00,0.1336,0.0,2938647.1756,1.0939,125799.2998,51.2478,9.0297,16.2033
node-028,2024-01-01 05:06:00,0.0142,0.0,2102393.1231,0.2792,118010.0629,6.4688,3.8486,48.0
node-029,2024-01-01 05:06:00,0.1118,0.6686,2348137.462,0.8085,120058.5469,47.0795,4.9559,15.7262
node-001,2024-01-01 05:10:30,0.0,0.784,1411395.9438,0.1219,104878.7123,7.0074,1.9297,48.0
node-006,2024-01-01 05:10:30,0.1118,0.0113,2857733.6727,0.7957,145707.1784,42.2782,8.2025,16.0099
node-009,2024-01-01 05:10:30,0.1071,0.0,3594824.854,1.162,109711.6024,54.3872,10.1792,16.0301
node-010,2024-01-01 05:10:30,0.093,0.0,3197375.0,0.9092,112589.1586,43.4525,10.5449,15.8644
node-012,2024-01-01 05:10:30,0.0,0.5605,3788161.5342,0.8765,137943.285,49.4233,8.027,16.1314
node-013,2024-01-01 05:10:30,0.1188,0.0,2864479.1757,0.9142,157981.3859,46.5057,6.8788,16.0595
node-014,2024-01-01 05:10:30,0.0892,0.1858,2820971.4183,0.7769,117015.297,40.6035,8.0901,15.9512
node-015,2024-01-01 05:10:30,0.0382,0.5845,1573799.4788,0.1906,119375.3063,7.2605,4.0225,47.9145
node-017,2024-01-01 05:10:30,0.2359,0.9967,2804809.6598,0.8687,110612.8906,42.3609,6.93,15.7952
node-019,2024-01-01 05:10:30,0.3124,0.3949,2959282.3144,1.4086,150532.9426,39.8769,7.9465,16.3089
node-020,2024-01-01 05:10:30,0.0788,0.0,3202549.7897,6.6664,109138.9811,44.7387,8.071,15.9141
node-021,2024-01-01 05:10:30,0.0,0.4528,3075910.2236,1.1347,117438.4403,43.2745,7.0691,15.9937
node-023,2024-01-01 05:10:30,0.0884,0.5713,3127333.4155,1.2105,138298.7853,53.2959,8.925,15.8209
node-026,2024-01-01 05:10:30,0.0625,0.0896,2565739.6525,1.0105,125961.5423,40.2536,6.1439,15.9745
node-027,2024-01-01 05:10:30,0.0838,0.6466,3293614.006,1.4219,125132.4304,61.0637,8.789,15.7852
node-028,2024-01-01 05:10:30,0.0008,0.0,1996246.9651,0.1804,114919.6587,7.0577,3.0093,47.9509
node-029,2024-01-01 05:10:30,0.1837,0.0,2692654.2787,1.0616,144827.9335,47.2015,6.111,15.8935
node-001,2024-01-01 05:15:00,0.0541,0.0,1383885.9452,0.3037,143617.0482,6.8909,5.9882,47.7689
node-006,2024-01-01 05:15:00,0.1424,0.4182,3030101.6823,0.8289,116199.8072,48.4005,6.0471,15.9867
node-009,2024-01-01 05:15:00,0.1138,0.2294,3670575.0918,1.4942,96922.313,54.3041,7.0789,15.9156
node-010,2024-01-01 05:15:00,0.0918,0.013,2973326.7173,1.0,129886.0501,48.4012,8.0202,15.9255
node-012,2024-01-01 05:15:00,0.1893,1.0085,3329079.3635,5.4145,134827.4777,48.6588,9.0744,15.7771
node-013,2024-01-01 05:15:00,0.049,0.599,3175131.5928,0.9969,153229.8452,47.6629,5.9612,16.0074
node-014,2024-01-01 05:15:00,0.1179,0.0683,3234711.2612,0.8037,126524.5044,40.3958,5.9378,15.811
node-015,2024-01-01 05:15:00,0.0,0.2907,1279962.5168,0.0934,125797.1229,6.3386,4.0899,48.0
node-017,2024-01-01 05:15:00,0.1378,0.8671,2478751.2388,0.7977,121924.1927,41.4917,8.4776,15.8563
node-019,2024-01-01 05:15:00,0.1184,0.0,3696893.3359,0.7893,127383.3286,39.272,8.6831,15.8475
node-020,2024-01-01 05:15:00,0.1671,0.8609,3443294.0612,0.9099,122385.6313,47.1265,8.0825,15.9155
node-021,2024-01-01 05:15:00,0.0963,0.0,3228278.7062,0.6892,119861.5903,39.0171,6.9361,15.7265
node-023,2024-01-01 05:15:00,0.0707,0.8448,3099616.6367,0.8962,122939.1364,49.8486,8.9244,15.9853
node-026,2024-01-01 05:15:00,0.0365,0.0,2729348.7484,0.891,130905.8896,43.6901,7.1907,15.9716
node-027,2024-01-01 05:15:00,0.0925,0.0,2948872.3998,1.6091,127824.7803,49.2418,11.6667,15.9444
node-028,2024-01-01 05:15:00,0.0153,0.2189,2371771.4933,0.1912,132361.5376,5.8753,5.0489,48.0
node-029,2024-01-01 05:15:00,0.0606,0.0259,2375438.9567,1.2006,148349.8824,46.0586,6.9657,16.0765
node-001,2024-01-01 05:19:30,0.0,0.0,1483849.9662,0.2055,107041.6194,5.8313,3.0889,47.9726
node-006,2024-01-01 05:19:30,0.0,0.0,3243979.2443,1.0934,145589.4884,40.207,9.0381,16.1069
node-009,2024-01-01 05:19:30,0.1047,0.0695,3592574.0124,0.9949,96743.0608,50.3824,9.0836,16.3145
node-010,2024-01-01 05:19:30,0.0839,0.2899,3273078.6867,0.7991,82296.1047,49.406,5.9688,16.0408
node-012,2024-01-01 05:19:30,0.1487,0.8198,3652354.6429,0.7837,125838.9952,47.5646,7.8853,15.8974
node-013,2024-01-01 05:19:30,0.0954,0.1026,2998072.8363,1.1283,181879.3165,44.1057,8.0816,15.6354
node-014,2024-01-01 05:19:30,0.0995,0.8617,2923912.3092,1.0689,141376.094,44.0571,6.0063,15.9001
node-015,2024-01-01 05:19:30,0.0155,0.2665,1293334.2383,0.1902,139496.6065,7.0791,2.9908,47.9816
node-017,2024-01-01 05:19:30,0.0762,1.3679,2826451.165,0.8995,122444.4582,41.7338,5.0818,16.0987
node-019,2024-01-01 05:19:30,0.0248,0.0,3105215.1615,0.7298,131891.2572,41.6026,5.9757,15.9244
node-020,2024-01-01 05:19:30,0.1043,0.3617,3227142.5817,0.8006,125937.2302,47.4125,8.043,16.2707
node-021,2024-01-01 05:19:30,0.091,0.0,3279359.9309,0.8907,123128.3226,41.8083,6.2654,15.8426
node-023,2024-01-01 05:19:30,0.1084,0.1584,3358838.3944,1.2149,129203.842,55.2518,11.0095,15.8302
node-024,2024-01-01 05:19:30,0.1164,0.6897,0.0,0.8876,0.0,43.6346,5.9795,0.1185
node-026,2024-01-01 05:19:30,0.1562,0.0266,2473724.4451,0.7014,121559.9309,40.685,6.9411,15.6405
node-027,2024-01-01 05:19:30,0.0709,0.0,3062581.0416,1.1387,138734.4558,53.2424,9.1437,15.6586
node-028,2024-01-01 05:19:30,0.0,0.0294,1982164.0167,0.1984,106975.2972,6.54,3.9699,47.5156
node-029,2024-01-01 05:19:30,0.2319,0.2281,2652149.2433,0.6925,152406.0137,47.9696,13.2423,15.7333
node-001,2024-01-01 05:24:00,0.0102,0.1238,1464032.413,0.1852,120790.0989,6.9668,3.9767,47.9711
node-006,2024-01-01 05:24:00,0.0818,0.0,3116135.5602,0.894,128252.1886,43.7499,9.0238,16.0677
node-009,2024-01-01 05:24:00,0.1092,0.0,3388113.8809,1.1865,137868.2844,56.6376,10.1021,16.1573
node-010,2024-01-01 05:24:00,0.1207,0.2669,2729178.3037,0.905,124057.972,44.8325,6.8311,16.0617
node-012,2024-01-01 05:24:00,0.0862,0.2984,3392750.644,0.8904,122926.8752,45.5007,10.01,15.7761
node-013,2024-01-01 05:24:00,0.0325,0.0868,3110619.924,0.98,156794.2427,48.7282,8.92,15.7524
node-014,2024-01-01 05:24:00,0.0,0.3084,3098788.1427,0.8374,117178.6637,43.3685,4.9126,16.1634
node-015,2024-01-01 05:24:00,0.0,0.0,1313818.4191,0.1773,106875.3394,6.992,2.9845,48.0
node-017,2024-01-01 05:24:00,0.1215,0.0,2708231.8512,0.5202,75283.9778,38.8792,6.0628,15.9321
node-019,2024-01-01 05:24:00,0.1111,0.3856,3029090.5315,0.8018,133829.8545,39.6214,12.0449,15.8754
node-020,2024-01-01 05:24:00,0.0,0.0,3306526.0087,0.9327,119892.1644,45.5303,6.3813,15.7074
node-021,2024-01-01 05:24:00,0.1165,0.0,3213175.8046,0.6791,123028.8825,40.4831,6.0769,16.4493
node-023,2024-01-01 05:24:00,0.0653,0.0,3742862.1285,0.8972,121545.7454,51.7775,8.9573,16.0811
node-024,2024-01-01 05:24:00,0.1127,0.4521,3392625.4459,0.9953,78865.7358,45.2223,8.063,16.0501
node-026,2024-01-01 05:24:00,0.0979,0.0,2719028.2847,0.79,96695.0301,39.4917,5.1355,16.0811
node-027,2024-01-01 05:24:00,0.1338,0.0,2823210.6084,0.7978,105408.6064,49.8194,8.1273,15.9133
node-028,2024-01-01 05:24:00,0.022,0.0,1949452.2775,0.1951,94308.9327,5.9604,2.9627,47.6967
node-029,2024-01-01 05:24:00,0.0894,0.0,2408542.4915,0.7659,156156.0473,44.397,6.9658,16.0605
node-001,2024-01-01 05:28:30,0.0,0.0,1813589.2318,0.1139,133642.918,5.767,3.9374,47.9876
node-006,2024-01-01 05:28:30,0.0863,0.0,2939616.2141,0.8848,120040.4845,41.2176,6.9974,16.0248
node-009,2024-01-01 05:28:30,0.0407,0.2154,3446047.2748,0.9528,144434.4945,51.0556,8.0367,15.9724
node-010,2024-01-01 05:28:30,0.0213,0.5294,3343995.1653,0.9176,124228.31,47.808,6.977,16.146
node-012,2024-01-01 05:28:30,0.1208,0.4256,3329598.5921,0.8405,74574.0826,48.746,7.1374,15.8724
node-013,2024-01-01 05:28:30,0.1395,0.0,3216657.1337,0.9875,129078.397,48.7696,5.9774,16.0266
node-014,2024-01-01 05:28:30,0.0,0.3939,3325178.413,0.6783,82606.1772,43.4328,7.0176,16.005
node-015,2024-01-01 05:28:30,0.0083,0.0,1556515.208,0.2134,110613.062,6.4695,3.9343,48.0
node-017,2024-01-01 05:28:30,0.0759,0.0,2662032.014,1.0343,128443.8516,39.0137,7.4118,16.453
node-019,2024-01-01 05:28:30,0.0,0.0655,2925351.7252,0.8228,120966.0184,38.2759,10.9956,16.276
node-020,2024-01-01 05:28:30,0.0885,0.618,3228551.8811,0.7902,143163.7874,50.8985,12.0068,15.9516
node-021,2024-01-01 05:28:30,0.0947,0.6266,3229256.1581,0.7213,130231.4336,44.1939,7.0331,16.0653
node-023,2024-01-01 05:28:30,0.0935,0.3509,3611282.2434,0.982,118063.6858,55.4052,9.28,16.1983
node-024,2024-01-01 05:28:30,0.0874,0.0,3538555.8403,0.8974,118852.076,45.4775,8.031,15.9608
node-026,2024-01-01 05:28:30,0.133,0.3347,2561128.7847,0.7976,123017.7811,47.1866,6.9527,16.3166
node-027,2024-01-01 05:28:30,0.0,1.6191,3040138.86,1.0043,87135.6914,57.2198,8.9878,15.7134
node-028,2024-01-01 05:28:30,0.0251,0.0,2405516.2849,0.1968,101213.7001,6.7549,4.0093,48.0
node-029,2024-01-01 05:28:30,0.0782,0.0,2213283.1968,0.8114,157345.8277,45.1307,7.8002,16.1127
node-001,2024-01-01 05:33:00,0.0,0.6584,1468926.4084,0.1919,130662.4414,6.5785,3.8672,47.8966
node-006,2024-01-01 05:33:00,0.0935,0.0,3384795.7633,1.0023,147734.7894,41.0166,6.0274,16.1854
node-009,2024-01-01 05:33:00,0.0651,0.089,3490398.828,0.9019,119798.4166,51.5814,8.8276,16.1044
node-010,2024-01-01 05:33:00,0.136,0.0,3310587.3279,1.0052,121688.4215,45.428,14.0734,15.9872
node-012,2024-01-01 05:33:00,0.1276,0.9627,3890587.4654,1.0775,128555.2031,49.9499,11.0335,15.7655
node-013,2024-01-01 05:33:00,0.0743,0.6164,3180149.4418,0.9331,137746.0718,49.0944,6.2786,16.0507
node-014,2024-01-01 05:33:00,0.068,0.0019,3017310.215,1.4137,120040.1641,49.4097,5.5419,16.2817
node-015,2024-01-01 05:33:00,0.0,0.0611,1603452.4295,0.1678,73736.6293,6.4521,3.0055,47.9812
node-017,2024-01-01 05:33:00,0.0588,0.0,2731915.651,0.8622,128260.2137,42.702,5.0358,16.5029
node-019,2024-01-01 05:33:00,0.0997,0.0,3099768.359,0.6789,118673.8136,44.714,8.0296,15.7638
node-020,2024-01-01 05:33:00,0.0729,0.8049,3016150.9383,0.7881,122867.3815,44.6642,8.0919,16.0854
node-021,2024-01-01 05:33:00,0.2181,0.0,3172400.803,0.8014,131613.5351,40.1789,11.8356,16.001
node-023,2024-01-01 05:33:00,0.117,0.7703,3269544.9103,0.8874,92972.2266,52.7221,9.9113,15.9678
node-024,2024-01-01 05:33:00,0.0985,0.0,3102331.3792,0.9009,123846.5647,45.9898,8.0399,15.8608
node-026,2024-01-01 05:33:00,0.1293,0.0,2705890.2823,0.6962,130004.974,40.6531,7.0226,15.786
node-027,2024-01-01 05:33:00,0.1147,0.0,2880565.3035,1.0124,116376.1433,51.29,11.9792,15.7357
node-028,2024-01-01 05:33:00,0.0596,0.2208,1893354.2668,0.2271,98043.3102,6.7305,2.1456,47.9867
node-029,2024-01-01 05:33:00,0.1727,0.0,1939148.0113,5.4031,151085.345,46.7689,6.1037,15.6258
node-001,2024-01-01 05:37:30,0.0144,0.1226,1618323.6615,0.2036,99398.1351,7.1358,4.0247,47.7304
node-006,2024-01-01 05:37:30,0.0731,0.0,3225766.0634,1.0812,126608.7624,44.4579,7.0373,15.481
node-009,2024-01-01 05:37:30,0.0705,0.0,3314459.5836,0.9962,136865.6999,53.2025,5.9423,16.1744
node-010,2024-01-01 05:37:30,0.2157,0.0,3138745.9717,0.8204,142989.7512,47.6009,9.0347,16.4205
node-012,2024-01-01 05:37:30,0.0399,0.0,3571058.2764,0.7142,132617.8766,48.8086,8.8155,16.0601
node-013,2024-01-01 05:37:30,0.0606,0.3555,2984964.638,0.9984,163643.4773,43.4233,10.1017,15.7353
node-014,2024-01-01 05:37:30,0.0,0.0,3183767.4942,0.8026,119704.6722,42.2721,11.0549,15.8287
node-015,2024-01-01 05:37:30,0.0074,0.0,1665742.0685,0.1873,103861.8086,7.1246,2.0239,48.0
node-017,2024-01-01 05:37:30,0.1073,0.0,2815207.4008,0.8003,129224.6326,40.62,7.8503,15.8633
node-019,2024-01-01 05:37:30,0.1015,0.4654,3348858.8166,0.7895,122014.0737,39.7892,8.7107,15.517
node-020,2024-01-01 05:37:30,0.0975,0.0,3172680.8601,0.9321,118965.1091,43.8317,9.3194,16.1921
node-021,2024-01-01 05:37:30,0.1042,0.0,3392749.8515,0.9182,123254.2335,41.166,10.0178,16.0952
node-023,2024-01-01 05:37:30,0.1202,0.0,3295069.2849,1.0976,119821.2466,52.425,9.0313,16.2107
node-024,2024-01-01 05:37:30,0.1297,0.7562,3210687.0172,0.9184,108849.5191,47.0901,6.9715,16.0955
node-026,2024-01-01 05:37:30,0.0908,0.0,2435650.3503,0.7363,114470.3616,45.766,7.5706,16.0097
node-027,2024-01-01 05:37:30,0.0718,0.2868,2519841.7962,1.0303,125269.5104,56.7296,11.8444,16.323
node-028,2024-01-01 05:37:30,0.0,0.0913,2009996.3348,0.2075,116425.1505,6.3539,3.5774,48.0
node-029,2024-01-01 05:37:30,0.1118,0.0,2325239.002,0.8993,130121.5611,41.4022,6.9575,15.7223
node-001,2024-01-01 05:42:00,0.0003,0.0,1641403.0296,0.5571,145288.1528,6.7563,3.9428,48.0
node-006,2024-01-01 05:42:00,0.2212,0.8143,3139466.8013,0.9064,120364.7003,42.8737,5.0118,15.9939
node-009,2024-01-01 05:42:00,0.1136,0.0,3218843.1181,1.1172,127912.3769,53.7948,6.0191,16.0863
node-010,2024-01-01 05:42:00,0.0731,0.4361,3258973.2906,0.9218,113996.8849,46.2474,5.9942,16.001
node-012,2024-01-01 05:42:00,0.1264,0.1136,3464037.083,0.9283,144305.169,46.8765,7.8937,16.0087
node-013,2024-01-01 05:42:00,0.1313,0.0,3125295.073,0.8253,180478.685,46.3397,7.9745,15.8849
node-014,2024-01-01 05:42:00,0.1321,0.3556,3189882.8968,0.9223,111472.1216,38.8186,8.0291,15.8297
node-015,2024-01-01 05:42:00,0.0026,0.0,1501591.3029,0.1991,132951.1896,6.5878,2.0894,48.0
node-017,2024-01-01 05:42:00,0.1733,0.3852,2632860.8616,0.8969,127023.9574,39.7767,9.1083,16.23
node-019,2024-01-01 05:42:00,0.0765,0.2074,3338856.3707,0.7961,122797.0823,37.7619,4.8645,16.2237
node-020,2024-01-01 05:42:00,0.104,0.1025,3200377.6005,0.7872,120089.1481,47.9851,8.9718,15.7484
node-021,2024-01-01 05:42:00,0.0539,0.0237,3183681.337,0.7077,103358.84,37.4991,6.5506,15.9205
node-023,2024-01-01 05:42:00,0.1245,0.2752,3642658.4363,1.0053,118568.0085,54.0999,6.9432,15.9957
node-024,2024-01-01 05:42:00,0.0408,0.0,3584507.1183,0.8165,129067.0197,48.5277,7.0989,15.73
node-026,2024-01-01 05:42:00,0.1138,0.113,2403897.8707,0.8035,152471.0568,42.165,6.034,15.9453
node-027,2024-01-01 05:42:00,0.051,0.3062,3102101.3022,1.0565,119421.9173,47.7443,7.0538,16.1156
node-028,2024-01-01 05:42:00,0.0473,0.0,1730471.9355,0.1945,131371.0358,5.9422,2.9271,48.0
node-029,2024-01-01 05:42:00,0.0902,0.0,1997646.2049,0.7335,159049.7259,45.839,7.9217,16.1465
node-001,2024-01-01 05:46:30,0.0663,0.4313,1768131.3103,0.2225,92542.3529,6.2266,4.9949,47.843
node-006,2024-01-01 05:46:30,0.5299,0.0,3450616.8929,0.8831,126467.9382,43.5945,5.6108,16.0282
node-009,2024-01-01 05:46:30,0.153,0.2516,3273191.8476,1.7283,91021.5859,53.05,12.91,16.1701
node-010,2024-01-01 05:46:30,0.2329,0.0,3169896.4343,0.7873,121668.353,40.1704,6.9465,16.1773
node-012,2024-01-01 05:46:30,0.1168,0.5372,3589755.2158,0.88,88196.4459,40.1009,6.0233,15.7056
node-013,2024-01-01 05:46:30,0.1117,0.0,3375606.4361,0.9809,176490.5291,52.7727,5.9166,16.4443
node-014,2024-01-01 05:46:30,0.1443,0.0,2759008.4437,0.8047,138421.7687,41.941,9.1163,15.9001
node-015,2024-01-01 05:46:30,0.0195,0.0,1526331.0726,0.1959,118995.858,6.5823,3.0225,47.7584
node-017,2024-01-01 05:46:30,0.2455,0.175,3126164.2018,0.7002,74605.3563,35.0052,6.995,15.79
node-019,2024-01-01 05:46:30,0.3854,0.0,3200735.3459,0.7884,131537.2579,41.3625,9.055,15.862
node-020,2024-01-01 05:46:30,0.0,0.5178,3524209.7114,1.5822,100459.095,41.2305,7.9548,16.243
node-021,2024-01-01 05:46:30,0.2358,0.8173,2954809.3331,0.8785,122659.5499,51.7906,11.0675,16.0488
node-023,2024-01-01 05:46:30,0.2168,0.3097,3312620.8767,0.9004,131360.3556,56.843,10.8944,16.2016
node-024,2024-01-01 05:46:30,0.1225,0.0,3580125.251,0.7877,133968.9991,45.5042,6.9493,16.0835
node-026,2024-01-01 05:46:30,0.147,0.0,2727865.8823,0.8198,120288.5799,42.8808,7.9913,16.0641
node-027,2024-01-01 05:46:30,0.1167,0.0,2834154.4641,1.0161,118628.1064,44.3818,9.9859,15.8831
node-028,2024-01-01 05:46:30,0.009,0.0,1954421.5381,0.1875,115244.1171,6.7407,4.9909,47.7835
node-029,2024-01-01 05:46:30,1.2022,0.0449,2584196.7108,0.7244,124482.4986,38.3399,5.9523,16.2271
node-001,2024-01-01 05:51:00,0.0012,0.4425,1447576.3596,0.2012,114346.3947,6.8022,3.9689,47.935
node-006,2024-01-01 05:51:00,0.1356,0.1967,3053256.3457,0.9842,123171.9323,38.6301,4.9991,16.1545
node-009,2024-01-01 05:51:00,0.1235,0.0,3036377.242,0.9035,155041.1693,52.22,8.9465,15.7303
node-010,2024-01-01 05:51:00,0.1016,0.0,2981599.9088,0.8275,130549.481,42.5884,8.0109,15.6842
node-012,2024-01-01 05:51:00,0.0712,0.0,3488010.6018,0.9545,120816.7253,45.1855,11.9629,15.7902
node-013,2024-01-01 05:51:00,0.1105,0.2744,2949462.4541,1.0709,158912.8936,48.889,5.9602,16.1783
node-014,2024-01-01 05:51:00,0.1147,0.0,2964364.474,0.7767,126915.9774,38.6905,9.0003,15.8576
node-015,2024-01-01 05:51:00,0.0,1.0765,1651647.5176,0.1376,147931.4368,6.3262,1.9391,47.8892
node-017,2024-01-01 05:51:00,0.1715,0.4192,2549290.5735,1.1029,129493.1073,38.5035,6.7222,16.3428
node-019,2024-01-01 05:51:00,0.1932,0.0,3237293.1203,1.1307,125576.2434,42.9672,10.0094,15.883
node-020,2024-01-01 05:51:00,0.0003,0.0,3378952.0737,0.8468,116731.3795,45.2281,7.9083,15.823
node-021,2024-01-01 05:51:00,0.096,0.0,3488016.1079,0.6736,100388.5626,44.7977,6.9423,15.7515
node-023,2024-01-01 05:51:00,0.0979,0.0,3740924.6314,0.8674,118364.5629,56.1547,10.5295,16.1273
node-024,2024-01-01 05:51:00,0.1053,0.0,3445029.5047,0.9471,119832.5833,47.515,5.9927,16.1784
node-026,2024-01-01 05:51:00,0.1067,0.7267,2561828.1647,0.7184,134110.5536,43.8546,7.7887,16.0791
node-027,2024-01-01 05:51:00,0.0657,0.3822,3100952.665,1.5014,91662.7436,49.8483,9.0323,16.333
node-028,2024-01-01 05:51:00,0.1473,0.0,2069184.5193,0.203,121370.7435,7.0565,1.9823,48.0
node-029,2024-01-01 05:51:00,0.1003,0.3919,2173409.7377,0.697,144011.0357,49.2904,6.551,16.1774
node-001,2024-01-01 05:55:30,0.029,0.1785,1639131.5812,0.0874,124781.4667,6.4654,2.7666,47.9901
node-006,2024-01-01 05:55:30,0.1135,0.0,3012231.7089,0.8541,127954.9425,42.6619,8.8532,16.2318
node-009,2024-01-01 05:55:30,0.2091,0.0785,3557395.3824,5.6144,116940.6064,50.7482,12.3076,15.5345
node-010,2024-01-01 05:55:30,0.1279,0.0,2937952.7816,0.8866,126466.7362,47.3152,7.0383,16.2205
node-012,2024-01-01 05:55:30,0.1968,0.3253,3515502.0816,1.0096,126097.1406,53.2218,8.017,16.0297
node-013,2024-01-01 05:55:30,0.2062,0.0,2643565.0944,0.9055,152221.4933,48.7551,7.9938,15.9182
node-014,2024-01-01 05:55:30,0.0965,0.325,2981487.1423,0.7174,122804.6958,37.4546,6.7597,16.0606
node-015,2024-01-01 05:55:30,0.001,0.5557,1901314.7488,0.122,125577.6188,6.4069,2.9842,48.0
node-017,2024-01-01 05:55:30,0.0672,0.363,2629321.6269,0.8928,155713.7805,39.5275,5.0679,16.0124
node-019,2024-01-01 05:55:30,0.1606,0.8291,3210342.4191,0.8177,112097.2134,38.4044,6.882,15.9978
node-020,2024-01-01 05:55:30,0.1103,1.004,3232435.7807,0.9913,96936.421,43.7318,9.0238,16.4931
node-021,2024-01-01 05:55:30,0.0916,0.0,3296895.3425,0.7986,136460.4235,40.9365,5.2605,16.0465
node-022,2024-01-01 05:55:30,0.0671,0.0,2968807.2717,0.8367,74872.772,39.9955,6.9514,15.8675
node-023,2024-01-01 05:55:30,0.0777,0.0,3181305.3049,1.1834,125752.2312,51.2299,8.08,15.9155
node-024,2024-01-01 05:55:30,0.053,0.0,3205304.6004,1.1122,122502.497,47.3947,7.284,15.8661
node-026,2024-01-01 05:55:30,0.0804,0.0,2813577.8027,1.013,114626.1681,35.7782,5.1422,16.0914
node-027,2024-01-01 05:55:30,0.127,0.0,2895109.0676,1.3969,130450.1077,57.51,9.9931,15.9472
node-028,2024-01-01 05:55:30,0.0,0.0,1781119.329,0.2084,128882.0794,7.293,2.8454,48.0
node-029,2024-01-01 05:55:30,0.11,0.2518,2697552.8689,0.7398,151902.2962,43.9973,5.9425,16.08
node-001,2024-01-01 06:00:00,0.0008,0.0,1563685.1001,0.1967,123161.8603,7.2171,4.118,47.7417
node-006,2024-01-01 06:00:00,0.0848,0.0,2798298.8155,0.9796,120731.6767,42.1566,6.9267,15.4126
node-009,2024-01-01 06:00:00,0.0694,0.1828,3229863.0118,1.1973,149616.6692,54.1913,10.0817,16.135
node-010,2024-01-01 06:00:00,0.0627,1.0373,3036794.2522,1.3635,142942.9392,47.6999,6.9532,16.2913
node-012,2024-01-01 06:00:00,0.0835,0.0401,3475418.8388,1.0108,122041.4977,47.3239,8.9155,15.6281
node-013,2024-01-01 06:00:00,0.1082,0.0,2820059.2335,0.9064,156383.2127,51.8462,7.1129,16.0102
node-014,2024-01-01 06:00:00,0.1008,0.3923,2917580.4132,0.8117,104451.0624,41.2845,5.9068,16.0035
node-015,2024-01-01 06:00:00,0.0072,1.0355,1474236.8506,0.1979,146490.4535,6.5831,3.3663,48.0
node-017,2024-01-01 06:00:00,0.1569,0.3591,2744465.5413,0.8477,131630.4436,42.8856,6.968,16.2832
node-019,2024-01-01 06:00:00,0.111,0.0,3246862.5593,1.0509,91366.7622,41.6938,6.9952,15.6742
node-020,2024-01-01 06:00:00,0.1067,0.4014,3374473.3823,0.9051,159830.8103,44.714,8.0621,16.3923
node-021,2024-01-01 06:00:00,0.132,0.9145,3433163.5362,0.8121,106756.5832,42.7408,8.0714,16.3423
node-022,2024-01-01 06:00:00,0.0947,0.0,2949849.111,5.2857,77839.4906,40.5985,7.2402,16.3715
node-023,2024-01-01 06:00:00,0.07,0.0,3530153.9416,0.8877,131321.284,52.7879,7.0392,16.079
node-024,2024-01-01 06:00:00,0.1867,0.1464,3417996.2916,0.9084,132291.8657,47.178,8.0843,16.5437
node-025,2024-01-01 06:00:00,0.1607,0.0,0.0,1.3075,0.0,51.3927,7.995,0.0
node-026,2024-01-01 06:00:00,0.1057,0.0,2637299.0541,0.9409,132374.6825,40.8506,4.9852,16.0867
node-027,2024-01-01 06:00:00,0.1064,0.0,3159499.0108,0.9028,118178.1368,52.426,8.9476,16.1951
node-028,2024-01-01 06:00:00,0.0379,0.0,1987692.8994,0.1852,135731.8579,6.1382,2.9759,48.0
node-029,2024-01-01 06:00:00,0.0443,0.0,2411819.3383,0.7122,149977.2292,45.7988,8.9566,16.3115
node-001,2024-01-01 06:04:30,0.0096,0.0881,1461892.2509,0.1928,115698.4877,5.8973,2.003,48.0
node-006,2024-01-01 06:04:30,0.1411,0.0,3435738.5362,0.9359,129121.9009,37.4395,6.9078,16.61
node-009,2024-01-01 06:04:30,0.1462,0.0,3334122.1715,2.8604,128170.7294,52.1529,6.9077,16.4015
node-010,2024-01-01 06:04:30,0.0914,0.5002,3288957.3624,0.9034,140559.904,39.3746,8.9984,15.816
node-012,2024-01-01 06:04:30,0.0802,0.2344,3265531.7429,0.9749,113898.2818,45.4877,14.1584,15.904
node-013,2024-01-01 06:04:30,0.0765,0.5133,3159068.5567,1.0979,153984.7102,49.287,6.0564,16.1008
node-014,2024-01-01 06:04:30,0.1837,0.0,2828109.1427,0.8478,123158.208,42.9609,5.0689,15.8192
node-015,2024-01-01 06:04:30,0.0484,0.5039,1296440.7962,0.22,111155.7635,7.0371,3.0038,47.9212
node-017,2024-01-01 06:04:30,0.1224,1.2344,2807575.8182,0.8994,128763.1565,40.3904,6.8807,15.6527
node-019,2024-01-01 06:04:30,0.1035,0.1551,2958656.4676,0.6899,117595.0465,42.0206,3.9426,15.79
node-020,2024-01-01 06:04:30,0.1036,0.0,3065297.9903,0.8048,111127.655,46.5005,8.0224,15.8826
node-021,2024-01-01 06:04:30,0.0814,0.6586,3242715.7256,0.7863,112312.8189,42.6256,4.9882,16.2261
node-022,2024-01-01 06:04:30,0.1104,0.1104,2777093.8068,0.8966,121788.5962,41.1264,8.0623,15.9137
node-023,2024-01-01 06:04:30,0.0912,0.0,3123321.4784,1.026,110141.4992,48.0294,7.982,15.8842
node-024,2024-01-01 06:04:30,0.09,0.0,3613926.2967,0.7703,125632.5124,44.9851,7.9801,16.1434
node-025,2024-01-01 06:04:30,0.1502,0.0,4062482.6752,0.9967,107252.2234,52.7565,15.9403,15.9354
node-026,2024-01-01 06:04:30,0.0296,0.0,2735546.574,0.7244,132346.9945,39.832,7.0368,15.8458
node-027,2024-01-01 06:04:30,0.1376,0.0,2820568.1524,0.9941,125176.2989,54.521,9.0199,15.822
node-028,2024-01-01 06:04:30,0.0009,0.0,2072793.7724,0.2181,133752.6646,5.8726,3.0951,48.0
node-029,2024-01-01 06:04:30,0.0975,0.8793,2421371.0328,1.7067,181163.0206,46.0599,9.081,15.8746
node-001,2024-01-01 06:09:00,0.0219,0.0,1349670.4274,0.1917,107876.1724,7.6765,3.2353,47.9039
node-006,2024-01-01 06:09:00,0.0871,0.0,2985135.3652,0.9541,120328.9088,41.468,4.8995,15.5907
node-009,2024-01-01 06:09:00,0.0985,0.4766,3668848.5325,0.9015,133909.0306,50.1692,6.5985,15.8009
node-010,2024-01-01 06:09:00,0.0089,0.0,3093453.7539,0.8965,127152.187,47.3252,7.0007,16.0284
node-012,2024-01-01 06:09:00,0.1073,0.2215,3458904.5987,0.8993,114509.5719,45.8662,8.0521,15.9957
node-013,2024-01-01 06:09:00,0.1004,0.7328,2700551.8934,1.0936,188515.4885,41.5759,9.7523,16.0285
node-014,2024-01-01 06:09:00,0.0647,0.3945,3218083.1799,0.9195,116923.7207,46.4675,8.5899,15.7667
node-015,2024-01-01 06:09:00,0.0,0.0,1405645.9484,0.1078,130036.0625,6.4228,3.0963,47.8188
node-017,2024-01-01 06:09:00,0.0893,0.2478,2728554.5811,0.7699,127111.3394,39.1546,8.1141,15.9054
node-019,2024-01-01 06:09:00,0.0817,0.0,2874580.8994,0.8089,119644.8896,40.7955,13.995,15.8601
node-020,2024-01-01 06:09:00,0.1239,0.0736,2973937.2849,1.0835,94010.7599,50.7595,7.0113,15.8758
node-021,2024-01-01 06:09:00,0.0846,0.649,3482100.0408,0.805,95556.9761,41.6612,8.0194,16.2626
node-022,2024-01-01 06:09:00,0.0905,0.0,2736767.7631,0.8834,103072.0923,45.6382,8.9805,16.0379
node-023,2024-01-01 06:09:00,0.1176,0.0,3718682.7884,1.0264,144238.5472,53.8349,7.9357,15.959
node-024,2024-01-01 06:09:00,0.1008,0.0,3588927.799,0.8934,131288.0768,46.9083,7.9703,15.6993
node-025,2024-01-01 06:09:00,0.0741,1.0086,4007584.9821,0.9506,109107.6747,50.0419,10.1,16.0758
node-026,2024-01-01 06:09:00,0.1255,0.0,2546441.443,0.5957,117888.7205,42.0214,3.8997,16.0171
node-027,2024-01-01 06:09:00,0.1112,0.0,3040523.0851,0.9908,126006.4814,57.7143,9.0623,15.8583
node-028,2024-01-01 06:09:00,0.0,0.5055,2069584.919,0.196,130852.9682,6.4489,2.9974,47.877
node-029,2024-01-01 06:09:00,0.1022,0.0,2471803.4017,0.8055,142980.7762,46.5811,7.0208,15.81
node-001,2024-01-01 06:13:30,0.0076,0.0,1497430.5282,0.1058,150226.5881,6.5433,3.0666,48.0
node-006,2024-01-01 06:13:30,0.1735,0.0858,2883662.713,1.1139,124017.3514,42.5335,7.9441,15.5203
node-009,2024-01-01 06:13:30,0.0707,0.9902,3488111.9337,0.9835,107157.1695,54.2223,8.0383,16.008
node-010,2024-01-01 06:13:30,0.0997,0.0,3281739.495,0.7995,124970.8218,38.6622,9.9448,16.1121
node-012,2024-01-01 06:13:30,0.0502,0.3715,3535899.5506,1.1138,97680.5196,42.2558,10.0286,16.0605
node-013,2024-01-01 06:13:30,0.0,0.0,3070493.6534,1.4442,169423.0109,50.8931,6.9716,16.247
node-014,2024-01-01 06:13:30,0.1328,0.0,2717749.9141,0.7955,111487.9021,42.107,9.9941,15.8775
node-015,2024-01-01 06:13:30,0.0,0.0,1351234.8943,0.2045,107972.7848,6.6857,2.9876,47.7366
node-017,2024-01-01 06:13:30,0.0886,0.0,2610951.7707,0.8035,131118.8935,45.905,6.0735,16.0055
node-019,2024-01-01 06:13:30,0.0712,0.4811,3236038.8716,0.8934,127326.5162,45.172,9.0056,16.1221
node-020,2024-01-01 06:13:30,0.1191,0.4501,3127888.3065,1.1225,113845.4998,49.9655,5.8827,16.3901
node-021,2024-01-01 06:13:30,0.0341,0.0,3498467.6501,0.7871,150681.1473,40.4825,6.0934,16.1154
node-022,2024-01-01 06:13:30,0.1073,0.0,2882255.431,0.8036,136504.2776,40.3983,7.971,15.7369
node-023,2024-01-01 06:13:30,0.0993,0.7306,3494758.7647,0.921,114539.5941,52.333,7.9884,16.4054
node-024,2024-01-01 06:13:30,0.1017,0.0,3292671.5671,0.8099,126510.5237,41.3262,10.0675,16.242
node-025,2024-01-01 06:13:30,0.1059,0.8452,3987152.5345,1.0899,118583.5736,43.6121,8.9581,15.9072
node-026,2024-01-01 06:13:30,0.0988,0.0,2677770.3756,0.6876,132489.786,43.9263,7.1033,15.9374
node-027,2024-01-01 06:13:30,0.0942,0.0,2824446.3418,0.8956,128833.7249,51.9684,7.0785,15.9839
node-028,2024-01-01 06:13:30,0.025,0.1793,2201360.8662,0.1878,110325.1893,6.922,2.9716,47.9188
node-029,2024-01-01 06:13:30,0.0691,0.0,2335551.1372,0.8214,150054.369,44.814,6.9013,16.0116
node-001,2024-01-01 06:18:00,0.0543,0.276,1590900.2402,0.2093,131274.1928,6.3912,3.0929,47.9371
node-006,2024-01-01 06:18:00,0.0853,0.0,3159628.7778,0.8953,187810.6892,42.0042,4.9975,15.9957
node-009,2024-01-01 06:18:00,0.0961,0.0366,3728452.2122,0.9114,146723.0053,51.5666,9.0037,16.1104
node-010,2024-01-01 06:18:00,0.0822,0.0,2861789.9679,0.7973,124151.4716,46.3311,8.1773,15.8652
node-012,2024-01-01 06:18:00,0.0918,0.89,3295946.7624,0.7955,130015.8133,42.5405,12.8316,16.139
node-013,2024-01-01 06:18:00,0.1276,1.0567,3228305.5536,0.9416,115504.8796,46.9356,11.9607,15.8109
node-014,2024-01-01 06:18:00,0.0941,0.338,2873184.0402,0.5684,122242.7195,44.3588,10.9173,16.0864
node-015,2024-01-01 06:18:00,0.0126,0.0,1514452.7746,0.223,142816.9642,6.628,3.0745,47.9515
node-017,2024-01-01 06:18:00,0.0664,0.0,2998342.3145,0.7272,129955.0674,40.9302,7.0819,16.0421
node-018,2024-01-01 06:18:00,0.1018,0.0,3133993.9963,1.054,2578.641,43.9081,7.9068,0.0167
node-019,2024-01-01 06:18:00,0.0836,0.8147,3215961.4348,0.7303,108514.3226,41.1312,5.0778,16.1767
node-020,2024-01-01 06:18:00,0.0892,0.0,3109777.6117,0.7916,115819.1218,49.5417,9.0241,16.3395
node-021,2024-01-01 06:18:00,0.1717,1.0513,3453245.7242,0.8028,112429.042,44.0962,7.044,16.2213
node-022,2024-01-01 06:18:00,0.0781,0.0,2553880.3314,0.7847,92245.194,43.2677,3.9626,16.3073
node-023,2024-01-01 06:18:00,0.1062,0.4988,3547067.5303,7.104,118556.8165,56.8767,10.9394,16.5517
node-024,2024-01-01 06:18:00,0.101,0.0,3242456.6547,0.9576,132534.1534,42.7201,5.9673,15.7043
node-025,2024-01-01 06:18:00,0.1103,0.1446,4273868.3171,1.0044,122538.0608,50.6818,12.1186,16.11
node-026,2024-01-01 06:18:00,0.0551,0.6496,2761935.7975,1.005,128552.5909,35.4489,7.063,15.8594
node-027,2024-01-01 06:18:00,0.2773,0.0,2761632.9553,1.3,99601.814,51.1415,7.9811,16.1922
node-028,2024-01-01 06:18:00,0.0027,0.0,1843557.2781,0.3065,116326.6491,6.1063,2.9736,47.8522
node-029,2024-01-01 06:18:00,0.1418,0.0,2167861.772,0.9059,165896.6816,42.0699,6.8723,15.9496
node-001,2024-01-01 06:22:30,0.0,0.1157,1626072.6568,0.1966,118304.8303,6.1885,3.0293,48.0
node-006,2024-01-01 06:22:30,0.1146,0.0,3076167.9933,0.691,119800.6766,40.9157,5.8174,15.8511
node-009,2024-01-01 06:22:30,0.085,0.0,3703145.0568,0.9148,126478.6798,45.7223,9.0271,15.9268
node-010,2024-01-01 06:22:30,0.1873,0.0172,3164348.3853,0.9409,122732.1141,41.6139,7.9226,16.0717
node-012,2024-01-01 06:22:30,0.1305,0.1233,3705304.9545,0.929,133035.8409,49.3341,6.9797,15.8684
node-013,2024-01-01 06:22:30,0.1378,0.0,3136874.8924,0.8812,150338.614,44.3468,7.998,15.95
node-014,2024-01-01 06:22:30,0.1109,0.0333,2915490.7847,0.7865,99047.4845,41.6875,5.8608,15.979
node-015,2024-01-01 06:22:30,0.0,0.0,1567852.8118,0.0995,118879.534,6.1009,3.1343,47.9131
node-017,2024-01-01 06:22:30,0.0939,0.8652,2501967.5065,0.8048,111161.3002,41.3292,7.0771,15.7552
node-018,2024-01-01 06:22:30,0.0287,0.0,3126188.5318,1.0094,77307.9971,42.4043,7.8429,15.7961
node-019,2024-01-01 06:22:30,0.1496,0.0,3357816.6975,0.8897,124287.5579,41.7463,7.0342,15.3048
node-020,2024-01-01 06:22:30,0.0836,0.0,3394438.2195,0.907,125315.2393,40.8358,9.0649,15.7135
node-021,2024-01-01 06:22:30,0.1002,0.0,3655641.1397,0.7235,117574.3482,42.4321,6.0708,16.1618
node-022,2024-01-01 06:22:30,0.1105,0.0,2926048.3057,0.8158,113746.0478,40.0749,6.6265,16.0207
node-023,2024-01-01 06:22:30,0.1916,0.0184,3515137.6537,1.4945,105485.143,47.1928,7.0527,16.3366
node-024,2024-01-01 06:22:30,0.126,0.8635,3377562.4933,0.8833,112532.0192,47.3772,12.0863,15.822
node-025,2024-01-01 06:22:30,0.0772,0.4268,3757987.5676,1.0148,113479.6218,57.2678,8.9272,15.9211
node-026,2024-01-01 06:22:30,0.0802,0.6693,2432078.2445,0.7816,119568.7964,36.347,9.9799,15.617
node-027,2024-01-01 06:22:30,0.1359,0.0,3050910.6967,1.0723,131144.7949,55.7373,8.9791,16.1152
node-028,2024-01-01 06:22:30,0.0031,0.0,1818955.0609,0.1945,138423.5309,5.779,2.1137,47.5866
node-029,2024-01-01 06:22:30,0.0956,0.5096,2183681.3142,0.8067,156421.3152,44.6296,11.0579,16.01
node-001,2024-01-01 06:27:00,0.0228,0.0,1156772.3931,0.1881,124537.5384,6.8462,2.0293,48.0
node-006,2024-01-01 06:27:00,0.15,0.0,2945985.4316,0.9051,94798.4594,42.5663,5.011,15.7121
node-009,2024-01-01 06:27:00,0.101,0.0,3188515.7134,1.0693,115499.4469,46.3296,14.9497,16.3852
node-010,2024-01-01 06:27:00,0.2248,0.0,3255846.2532,0.819,118711.9468,42.8183,8.1309,15.9741
node-012,2024-01-01 06:27:00,0.0697,0.4282,3406071.9825,0.813,112919.8095,46.054,8.0196,16.1201
node-013,2024-01-01 06:27:00,0.0977,0.2797,3279485.4562,0.9088,128793.4264,46.203,7.0282,15.8804
node-014,2024-01-01 06:27:00,0.2101,0.5178,2869723.9784,0.8035,116606.0195,41.5526,4.9126,15.7076
node-015,2024-01-01 06:27:00,0.0056,0.7522,1292098.6358,0.2013,103526.0535,6.1718,2.9082,48.0
node-017,2024-01-01 06:27:00,0.0039,0.0,2641918.239,0.8151,117982.643,39.7314,6.1444,16.5022
node-018,2024-01-01 06:27:00,0.0546,0.0,3163270.1018,1.7129,120878.9471,41.8927,4.9689,15.7929
node-019,2024-01-01 06:27:00,0.0088,0.712,2942839.6233,0.7059,133511.4664,41.2659,8.0122,15.8748
node-020,2024-01-01 06:27:00,0.1082,0.0,3416965.5172,0.921,131456.6195,47.5741,10.0727,16.0278
node-021,2024-01-01 06:27:00,0.2119,0.6122,3552507.7766,0.7879,135988.3216,40.8661,6.948,16.1885
node-022,2024-01-01 06:27:00,0.1307,0.0,2718662.7132,0.9883,135482.9575,45.7331,7.0582,15.8622
node-023,2024-01-01 06:27:00,0.31,0.0,3636687.2824,1.1123,120864.8214,55.1824,12.694,16.2824
node-024,2024-01-01 06:27:00,0.1155,0.0,3378009.8975,0.7781,120745.5469,45.3573,8.0011,16.0668
node-025,2024-01-01 06:27:00,0.2129,0.0733,4190169.8794,0.9904,118815.2299,55.1219,10.0417,16.34
node-026,2024-01-01 06:27:00,0.1251,0.4315,2629416.4345,1.0886,136657.7018,37.987,8.0069,16.1878
node-027,2024-01-01 06:27:00,0.1228,0.069,2721223.1281,1.0095,125416.7264,50.7044,10.9752,16.0043
node-028,2024-01-01 06:27:00,0.0316,0.0,1701064.3189,0.1949,133609.5318,6.1485,3.0878,48.0
node-029,2024-01-01 06:27:00,0.0906,0.0,2173603.2913,0.8194,165182.1938,44.6161,10.8228,16.2152
node-001,2024-01-01 06:31:30,0.0243,0.0,1672221.3074,0.0928,126729.3635,6.4249,3.0508,47.9452
node-006,2024-01-01 06:31:30,0.0,0.3841,3141310.1236,0.9884,106747.7109,39.0699,8.0325,15.5645
node-009,2024-01-01 06:31:30,0.1641,0.0,3225003.0186,0.9323,136283.4866,54.574,9.1073,15.7547
node-010,2024-01-01 06:31:30,0.1107,0.0,3623505.3714,0.8694,116110.7777,46.1715,8.0391,16.0158
node-012,2024-01-01 06:31:30,0.1591,0.0,3534106.7172,0.8145,105315.212,51.0963,7.9649,16.135
node-013,2024-01-01 06:31:30,0.2999,0.4563,3124031.2646,0.9227,134692.6545,48.4281,9.9835,15.962
node-014,2024-01-01 06:31:30,0.2009,0.0,3140610.2937,0.8126,126248.216,43.9031,7.0682,16.197
node-015,2024-01-01 06:31:30,0.0035,0.0,1262341.4472,0.218,106378.354,6.2929,3.7617,48.0
node-017,2024-01-01 06:31:30,0.1059,0.0052,2949738.4319,0.7681,75142.3219,35.6586,7.0997,15.8583
node-018,2024-01-01 06:31:30,0.0972,0.4363,3236950.7413,1.0947,127269.8999,38.5425,6.1085,16.0117
node-019,2024-01-01 06:31:30,0.2538,0.4511,3246046.065,0.976,139833.2245,42.3017,5.0343,16.059
node-020,2024-01-01 06:31:30,0.1361,0.0,3200153.4603,0.7348,143048.0821,48.7376,7.938,15.7986
node-021,2024-01-01 06:31:30,0.1059,0.0,3324353.0897,0.9787,131718.3551,40.1363,6.9408,15.9212
node-022,2024-01-01 06:31:30,0.2694,0.1053,2828389.3596,0.7052,165029.4785,36.1722,7.0964,16.0976
node-023,2024-01-01 06:31:30,0.1669,0.0104,3492903.3811,1.2191,113870.5954,51.9062,9.0881,15.9197
node-024,2024-01-01 06:31:30,0.0873,0.0,3440175.4201,0.9124,93813.3366,42.3249,8.963,16.0758
node-025,2024-01-01 06:31:30,0.1971,0.3829,4038785.0551,1.0861,127892.0457,50.1035,9.9406,16.1675
node-026,2024-01-01 06:31:30,0.1126,0.5016,2706414.3667,1.0592,127876.5243,42.5938,6.9779,16.3068
node-027,2024-01-01 06:31:30,0.1426,0.7495,2999685.5104,1.1228,119389.9831,55.2053,9.0561,15.688
node-028,2024-01-01 06:31:30,0.0,0.012,2084527.7485,0.1832,116616.8652,6.8755,2.9749,48.0
node-029,2024-01-01 06:31:30,0.0933,0.0,2193604.6467,0.8008,163379.4664,50.7712,10.1008,16.0272
node-001,2024-01-01 06:36:00,0.0,0.1217,1624399.5297,0.1013,127631.7723,6.3179,3.0117,48.0
node-006,2024-01-01 06:36:00,0.0726,0.0,3290594.5853,1.0257,127941.9902,44.4873,7.1422,16.1582
node-009,2024-01-01 06:36:00,0.063,0.0,3778910.5633,1.3879,134016.6079,50.6633,9.9639,15.7458
node-010,2024-01-01 06:36:00,0.1122,0.5732,3199110.1093,0.914,119558.3087,41.905,6.006,15.5724
node-012,2024-01-01 06:36:00,0.0627,0.0,3806244.7123,0.8306,91374.0059,45.4767,7.0304,16.0202
node-013,2024-01-01 06:36:00,0.1117,0.0,2995736.4293,0.9092,131830.5441,45.6178,5.8907,15.7905
node-014,2024-01-01 06:36:00,0.2829,0.0,3026935.204,0.9082,84820.6719,40.5383,5.9119,15.9447
node-015,2024-01-01 06:36:00,0.006,0.0,1441125.568,0.1238,126450.4732,6.2056,4.008,47.8789
node-017,2024-01-01 06:36:00,0.139,0.3625,3041054.0164,0.7796,123525.3848,40.8025,6.9175,16.1899
node-018,2024-01-01 06:36:00,0.1472,0.5084,3145362.1702,1.1176,131680.9709,40.1394,7.6005,15.8554
node-019,2024-01-01 06:36:00,0.1187,0.9153,3028267.8563,0.7846,124833.622,45.945,6.015,16.2577
node-020,2024-01-01 06:36:00,0.1291,0.0,3195691.54,0.9886,143993.7146,43.326,8.9963,16.3816
node-021,2024-01-01 06:36:00,0.1346,0.0,3267841.7269,0.8627,115357.3366,41.0969,6.8902,15.9271
node-022,2024-01-01 06:36:00,0.0737,0.0,2976575.1913,0.934,130366.6521,43.2173,10.1822,15.8592
node-023,2024-01-01 06:36:00,0.1194,0.619,3253819.442,1.0096,119803.8895,49.5304,8.0593,15.8915
node-024,2024-01-01 06:36:00,0.0891,0.0,3392716.6612,0.916,149103.2954,49.3311,8.9295,15.8049
node-025,2024-01-01 06:36:00,0.1899,0.7828,4218919.7073,1.2997,116455.9491,52.8469,9.0501,15.9364
node-026,2024-01-01 06:36:00,0.1162,0.9126,2664811.929,0.926,138978.0322,41.5818,9.9486,16.494
node-027,2024-01-01 06:36:00,0.0597,0.0,2967875.2777,0.9901,81492.7426,53.6138,8.0104,15.8333
node-028,2024-01-01 06:36:00,0.0166,0.6336,1988143.8985,0.1789,139068.0479,6.8829,2.1549,48.0
node-029,2024-01-01 06:36:00,0.1087,0.0,2504239.1626,0.8082,175683.9594,48.0569,9.0195,16.0747
node-001,2024-01-01 06:40:30,0.0,0.1885,1553444.1914,0.1338,131351.0319,7.7453,7.0429,48.0
node-006,2024-01-01 06:40:30,0.0669,0.0,2984677.0944,1.1046,117929.1051,44.8318,5.9792,15.7315
node-009,2024-01-01 06:40:30,0.0435,0.571,3505995.4756,1.1027,187086.9428,56.8478,8.0266,16.0537
node-010,2024-01-01 06:40:30,0.0808,0.2408,3089485.9428,0.8034,115189.793,44.8973,8.9689,16.1141
node-012,2024-01-01 06:40:30,0.175,0.0,3726679.7162,1.0018,136249.0062,45.7025,10.0606,15.8896
node-013,2024-01-01 06:40:30,0.0,0.0,3113771.6699,0.9496,161152.0531,41.9513,8.9602,16.2248
node-014,2024-01-01 06:40:30,0.138,0.0,2918071.2705,0.804,121363.4847,40.6474,8.1116,15.7341
node-015,2024-01-01 06:40:30,0.0167,0.0,1340286.3833,0.1934,121193.296,6.4726,2.9809,47.6879
node-017,2024-01-01 06:40:30,0.0868,0.2709,3035817.1612,0.9035,124051.1775,42.9048,6.1521,16.0195
node-018,2024-01-01 06:40:30,0.0564,1.5654,3328899.6296,1.0884,87468.8349,39.7619,6.0652,15.705
node-019,2024-01-01 06:40:30,0.11,0.0,3140809.2085,0.8986,123952.4474,43.593,8.0619,15.8924
node-020,2024-01-01 06:40:30,0.1032,0.0062,3323217.2649,0.9173,85372.1247,46.4907,8.0789,16.177
node-021,2024-01-01 06:40:30,0.0725,0.0,3098779.8586,0.7824,99705.0102,48.3464,8.9563,15.7764
node-022,2024-01-01 06:40:30,0.2093,0.4676,2850544.591,0.9329,110863.3108,45.9534,5.9549,15.9289
node-023,2024-01-01 06:40:30,0.1467,0.026,3583427.0319,1.4084,120904.0911,55.8602,8.8711,15.7529
node-024,2024-01-01 06:40:30,0.0034,0.0,3488729.6281,1.0077,133335.183,43.3916,6.9249,15.824
node-025,2024-01-01 06:40:30,0.109,0.0,4305924.1477,0.9552,116668.3472,54.6256,8.9742,16.0844
node-026,2024-01-01 06:40:30,0.0971,0.1107,2696931.5195,0.794,143272.8039,42.0599,8.9767,16.0846
node-027,2024-01-01 06:40:30,0.0358,0.0,2997815.7478,1.0221,124951.9782,52.8644,7.4324,16.0374
node-028,2024-01-01 06:40:30,0.0176,0.2164,2217517.295,0.1731,128116.3151,7.2197,1.8762,48.0
node-029,2024-01-01 06:40:30,0.1199,0.0,2305702.7562,1.2048,155597.4432,47.9886,8.2505,15.8994
node-001,2024-01-01 06:45:00,0.0053,0.75,1461522.0197,0.1693,128591.3058,6.499,2.8446,48.0
node-006,2024-01-01 06:45:00,0.0928,0.8304,2859197.5473,1.0054,129598.994,44.4439,8.5341,16.0726
node-009,2024-01-01 06:45:00,0.0999,0.0375,3333365.1274,1.0155,134562.4016,52.1612,7.9895,15.9643
node-010,2024-01-01 06:45:00,0.0108,0.3141,3369553.9515,0.9008,119831.4988,47.6647,8.0384,16.2006
node-012,2024-01-01 06:45:00,0.3089,0.2843,3757919.6519,1.4716,124850.0462,47.331,7.8693,15.9982
node-013,2024-01-01 06:45:00,0.1083,1.298,3243037.9409,1.5847,161992.5961,46.1751,11.5055,15.5966
node-014,2024-01-01 06:45:00,0.1402,0.0522,2956246.6991,6.6987,122057.3045,43.1191,9.0075,16.1545
node-015,2024-01-01 06:45:00,0.0,0.1422,1587332.15,0.0834,129961.7235,6.6349,3.9494,48.0
node-017,2024-01-01 06:45:00,0.1128,0.0,2920389.7955,1.1061,125644.435,41.5249,10.9949,16.2204
node-018,2024-01-01 06:45:00,0.0861,0.0,3105346.4112,1.1763,105999.7555,46.6991,8.0615,15.8691
node-019,2024-01-01 06:45:00,0.1313,0.0,3394494.1125,0.7309,114969.7992,41.9214,8.9609,16.1827
node-020,2024-01-01 06:45:00,0.0911,0.492,3068310.1601,1.2219,96852.7092,44.8104,11.1291,15.7633
node-021,2024-01-01 06:45:00,0.1,0.0,3060845.3378,0.9819,105870.2725,40.9656,7.0011,16.1378
node-022,2024-01-01 06:45:00,0.1014,0.3753,2864384.8813,1.0085,87801.5498,39.2726,9.3168,16.1239
node-023,2024-01-01 06:45:00,0.0904,0.0,3476686.9793,1.1151,111924.3755,53.2075,8.137,15.7957
node-024,2024-01-01 06:45:00,0.1163,0.0,3700445.605,0.8018,127164.106,50.1949,6.7086,15.6026
node-025,2024-01-01 06:45:00,0.0959,0.6222,4232081.2572,1.1544,117866.6479,53.1091,14.1497,16.0983
node-026,2024-01-01 06:45:00,0.0731,0.0,3048672.3673,0.9367,130391.9733,41.9489,9.1514,16.0379
node-027,2024-01-01 06:45:00,0.1162,0.0,3075934.1057,1.2175,128057.8139,49.6608,9.9394,15.7703
node-028,2024-01-01 06:45:00,0.0009,0.0,2100405.6062,0.1971,116038.4201,6.5008,3.0102,47.8435
node-029,2024-01-01 06:45:00,0.1275,0.0,2501065.8578,0.7801,181993.8762,44.6774,8.0629,16.0391
node-001,2024-01-01 06:49:30,0.1029,0.0395,1326134.1072,0.2121,130758.7506,6.6346,4.0723,47.6751
node-006,2024-01-01 06:49:30,0.1212,0.4947,3080856.1393,0.8992,132795.2683,41.6873,8.0966,16.0245
node-009,2024-01-01 06:49:30,0.1115,0.0,3584930.4598,1.0199,142282.2739,50.1854,6.994,15.868
node-010,2024-01-01 06:49:30,0.1027,0.0,2964943.7332,0.6818,176119.1925,45.663,10.9571,15.6661
node-012,2024-01-01 06:49:30,0.2856,0.0,3645914.1713,0.8972,127491.9084,45.6679,5.9974,16.1615
node-013,2024-01-01 06:49:30,0.1184,0.0,3068191.8325,1.1209,155164.7949,44.4186,9.982,15.8284
node-014,2024-01-01 06:49:30,0.1111,0.2777,3466014.142,0.8078,139236.6659,49.3407,4.9743,16.0336
node-015,2024-01-01 06:49:30,0.0,1.0586,1548691.8775,0.2066,131671.0664,5.9191,4.9733,48.0
node-017,2024-01-01 06:49:30,0.0637,0.8887,2771587.0819,0.9291,113922.1372,36.5986,7.8932,15.8713
node-018,2024-01-01 06:49:30,0.1388,0.9833,3232345.4967,1.0064,113556.0794,41.8816,8.0957,15.9264
node-019,2024-01-01 06:49:30,0.1946,0.6164,3211479.1142,0.9152,129237.6504,39.9902,8.2842,15.6314
node-020,2024-01-01 06:49:30,0.4445,0.0,3098190.6826,0.7801,105413.3767,44.3948,6.413,16.1317
node-021,2024-01-01 06:49:30,0.1039,0.0,3401588.2816,0.8187,139225.2412,40.9147,7.0138,15.9137
node-022,2024-01-01 06:49:30,0.0853,0.0565,2750925.1976,0.9127,108062.936,43.2973,8.0634,16.2095
node-023,2024-01-01 06:49:30,0.0858,0.0,3412510.8517,0.9989,132803.7476,54.7191,11.9693,15.9754
node-024,2024-01-01 06:49:30,0.0282,0.7926,3640008.0746,0.8761,114021.6255,41.2565,12.0192,16.0619
node-025,2024-01-01 06:49:30,0.2143,0.0,4204957.4298,0.9846,98334.722,54.3008,8.9623,16.1723
node-026,2024-01-01 06:49:30,0.126,0.0,2935908.826,0.6965,121352.0693,51.232,6.0564,15.9276
node-027,2024-01-01 06:49:30,0.0799,0.5,2849168.1733,0.9984,137326.9205,51.0717,10.0817,16.2101
node-028,2024-01-01 06:49:30,0.0,0.6383,2009087.4222,0.2156,160222.895,6.7444,2.8399,47.6539
node-029,2024-01-01 06:49:30,0.0673,0.286,2390556.2056,1.0032,122482.2524,45.8553,8.036,16.0174
node-001,2024-01-01 06:54:00,0.0,0.0,1346410.949,0.2523,134900.6659,6.8614,5.0462,48.0
node-006,2024-01-01 06:54:00,0.1117,0.493,3114128.0246,0.8805,133196.5542,40.6601,5.9341,15.9971
node-009,2024-01-01 06:54:00,0.0948,0.7264,3659074.005,1.0205,138001.107,53.4597,10.9341,16.4089
node-010,2024-01-01 06:54:00,0.083,0.1412,3304231.9303,0.9108,135583.4245,46.8575,9.9563,15.9799
node-012,2024-01-01 06:54:00,0.088,0.0518,3204047.4698,0.7893,85119.2726,42.857,8.5946,15.9567
node-013,2024-01-01 06:54:00,0.1298,0.0,3354284.8514,1.8266,152975.2444,47.4127,13.0044,16.1741
node-014,2024-01-01 06:54:00,0.076,0.0,3226165.1683,0.6058,101355.927,46.5802,7.0114,16.0318
node-015,2024-01-01 06:54:00,0.0,0.0,1182192.721,0.2115,103762.3829,5.701,4.9563,47.7464
node-017,2024-01-01 06:54:00,0.0526,0.0,2665045.8632,0.7994,133337.2603,42.3752,9.0613,16.0784
node-018,2024-01-01 06:54:00,0.1347,0.1914,3039332.3386,0.9974,112600.7327,34.65,4.9425,16.0646
node-019,2024-01-01 06:54:00,0.0406,0.0,3239542.229,0.8087,145723.9244,42.5421,6.9563,15.5437
node-020,2024-01-01 06:54:00,0.096,0.0,3053533.5595,1.0791,115795.299,47.3991,6.9636,15.8762
node-021,2024-01-01 06:54:00,0.174,0.0,3063928.2378,0.7652,144798.6393,40.888,5.9855,16.194
node-022,2024-01-01 06:54:00,0.1031,0.0,2808958.1645,0.6248,132750.1937,44.9838,8.0618,15.9538
node-023,2024-01-01 06:54:00,0.112,0.0,3218355.2429,0.788,103130.021,50.5061,8.0229,16.1979
node-024,2024-01-01 06:54:00,0.1383,0.0,3492001.3704,1.2129,74401.1455,45.5888,6.0721,15.8935
node-025,2024-01-01 06:54:00,0.1381,0.5124,4435435.6996,0.8784,119649.2903,52.5068,8.9702,15.8544
node-026,2024-01-01 06:54:00,0.0575,0.0,2568460.2654,1.0011,89476.289,45.1773,5.0602,15.7274
node-027,2024-01-01 06:54:00,0.0984,1.2942,2992734.674,0.9674,112551.6336,51.9027,10.1172,15.5908
node-028,2024-01-01 06:54:00,0.0,0.1209,2693176.2331,0.2662,110940.5312,6.378,4.0188,47.9812
node-029,2024-01-01 06:54:00,0.0707,0.0831,2576021.6842,0.7207,164287.5778,45.1339,8.9739,16.1342
node-001,2024-01-01 06:58:30,0.0,0.7853,1557928.8742,0.1672,128418.683,6.376,1.9482,48.0
node-006,2024-01-01 06:58:30,0.1064,0.0,3099950.8257,0.9922,115248.3555,41.6228,5.8992,16.0687
node-009,2024-01-01 06:58:30,0.1002,0.0,3416634.5154,0.9113,123966.6697,52.7056,8.9631,15.9796
node-010,2024-01-01 06:58:30,0.0892,0.5997,2936204.9278,0.7892,117419.1933,45.2437,5.818,15.8564
node-012,2024-01-01 06:58:30,0.1016,0.0,3396948.0769,1.1058,88011.2752,45.515,5.0634,15.9231
node-013,2024-01-01 06:58:30,0.1029,0.0,2917751.551,0.8096,137935.0187,46.9669,8.1297,15.989
node-014,2024-01-01 06:58:30,0.1323,0.0,3051422.0474,0.693,95600.171,39.5581,9.9606,16.1547
node-015,2024-01-01 06:58:30,0.0,0.0,1309056.8844,0.0997,95989.3004,6.484,3.0184,48.0
node-017,2024-01-01 06:58:30,0.2082,0.4073,3002311.8281,0.8051,131710.9604,42.4324,8.0267,16.2393
node-018,2024-01-01 06:58:30,0.113,0.3705,3223885.0552,1.1323,155487.2528,40.3992,5.9891,16.0637
node-019,2024-01-01 06:58:30,0.0047,0.0,2945564.6401,0.7037,129912.2894,43.9933,6.9172,16.4916
node-020,2024-01-01 06:58:30,0.096,0.0,3172305.4302,0.917,138107.8144,50.4074,7.0221,15.7065
node-021,2024-01-01 06:58:30,0.1256,0.5788,3220358.5536,1.0137,109880.9649,36.0415,9.9546,15.9258
node-022,2024-01-01 06:58:30,0.1378,0.0153,2832592.7814,0.682,129484.5407,39.3736,6.3265,15.6853
node-023,2024-01-01 06:58:30,0.1172,0.3237,3509303.7935,1.0596,83082.3316,55.2552,7.9997,15.8558
node-024,2024-01-01 06:58:30,0.1114,0.314,3219223.7234,0.8736,113680.0221,40.7958,7.9433,16.3859
node-025,2024-01-01 06:58:30,0.0927,0.0045,4303544.813,1.0126,148499.9246,50.8776,13.0655,16.0962
node-026,2024-01-01 06:58:30,0.0846,0.6337,2887953.2164,0.8181,132648.8172,40.5825,9.0436,15.9831
node-027,2024-01-01 06:58:30,0.0299,0.179,2802598.7395,1.0794,117578.8896,51.9162,9.9543,16.072
node-028,2024-01-01 06:58:30,0.0,0.1933,1745781.7021,0.1859,103231.4387,6.693,7.0055,48.0
node-029,2024-01-01 06:58:30,0.1209,1.0449,2669930.1953,0.9075,160961.3976,45.7875,8.9289,15.8404
node-001,2024-01-01 07:03:00,0.0,0.3457,1172973.8951,0.1455,124190.0824,6.8911,1.9533,48.0
node-004,2024-01-01 07:03:00,0.1221,0.813,2205527.8883,0.8417,156817.1473,50.0925,7.5064,15.8959
node-006,2024-01-01 07:03:00,0.1162,0.9318,3049116.4111,0.9171,132236.9341,45.1224,8.9607,16.4599
node-009,2024-01-01 07:03:00,0.1027,0.0,3651840.463,1.1558,116419.768,54.9592,7.032,16.2173
node-010,2024-01-01 07:03:00,0.0643,0.8637,3111614.5843,0.8145,140211.8271,48.1891,8.078,15.9409
node-011,2024-01-01 07:03:00,0.1392,0.3152,2535439.5792,1.1123,130634.0231,49.4764,6.9881,16.188
node-012,2024-01-01 07:03:00,0.0711,0.0,3666250.824,0.9032,127847.7139,55.0536,11.0953,15.6649
node-013,2024-01-01 07:03:00,0.1185,0.0,2868874.6077,1.0977,177465.4348,43.7088,10.918,16.1348
node-014,2024-01-01 07:03:00,0.0893,0.1632,3182586.3766,0.843,122261.4621,42.1174,6.9555,16.443
node-015,2024-01-01 07:03:00,0.0343,0.0,1275059.2715,0.1049,158721.381,6.1089,3.0125,47.7638
node-017,2024-01-01 07:03:00,0.074,0.0,2852585.7235,0.7635,124485.3988,43.5217,4.953,15.8197
node-018,2024-01-01 07:03:00,0.2119,0.0,3202296.1485,1.2348,120875.9959,39.2049,6.9746,15.9215
node-019,2024-01-01 07:03:00,0.1299,0.0,3098342.657,0.8659,132777.8201,43.3282,5.2325,15.7477
node-020,2024-01-01 07:03:00,0.1158,0.0,2996267.5701,1.1938,110908.2003,47.1288,5.9479,16.2464
node-021,2024-01-01 07:03:00,0.1001,0.0,3543612.9747,0.6991,126423.4494,39.4499,6.0706,16.0236
node-022,2024-01-01 07:03:00,0.1898,0.5428,2847245.9651,1.0059,124761.7637,43.9203,7.951,15.7411
node-023,2024-01-01 07:03:00,0.0928,1.0701,3319646.7034,0.9924,112796.1036,52.1664,10.828,16.4095
node-024,2024-01-01 07:03:00,0.1737,0.0175,3651701.0367,1.0961,124466.0734,48.674,9.0469,16.043
node-025,2024-01-01 07:03:00,0.1697,0.0,3930227.6393,0.8797,137578.0715,45.6448,11.0086,15.8601
node-026,2024-01-01 07:03:00,0.1327,0.0,2769089.4696,1.0073,114762.7585,39.203,5.9297,15.4386
node-027,2024-01-01 07:03:00,0.0791,0.0,2853456.8896,1.0212,109464.0263,52.9857,9.2483,16.1483
node-028,2024-01-01 07:03:00,0.0,0.0637,1978849.0772,0.2215,128510.6028,6.4437,6.0034,47.7877
node-029,2024-01-01 07:03:00,0.1021,0.0723,2517926.3073,0.7527,144143.8655,44.8384,10.0032,15.7324
node-001,2024-01-01 07:07:30,0.0453,0.5469,1306418.4717,0.1464,124438.5391,7.0317,3.9439,47.9114
node-004,2024-01-01 07:07:30,0.0819,0.1945,2529152.0855,0.9606,137128.6005,45.5591,8.9425,15.533
node-006,2024-01-01 07:07:30,0.0952,0.2583,2956275.5239,5.2818,150001.8843,43.872,4.0185,16.1703
node-009,2024-01-01 07:07:30,0.101,0.0,3478955.4318,1.0039,131975.7973,50.0734,10.1357,15.7483
node-010,2024-01-01 07:07:30,0.0448,0.2127,3056807.2903,1.1089,143535.6641,48.6266,8.9943,15.8928
node-011,2024-01-01 07:07:30,0.1364,0.0,2529094.0089,1.1002,124092.4211,46.6382,8.0322,15.9673
node-012,2024-01-01 07:07:30,0.0974,0.0,3253489.974,0.9413,131009.3865,45.2447,10.1846,15.9699
node-013,2024-01-01 07:07:30,0.0936,0.0,2809753.2119,0.937,125064.8128,43.2388,11.0001,16.3214
node-014,2024-01-01 07:07:30,0.0389,0.0,2910072.0945,0.8001,131900.0479,41.6373,7.0252,15.8023
node-015,2024-01-01 07:07:30,0.0,0.0,1537242.7194,0.111,106770.5946,6.8502,1.8934,48.0
node-017,2024-01-01 07:07:30,0.0473,0.0122,2783738.7479,0.7965,119932.5944,36.5358,9.8773,15.6209
node-018,2024-01-01 07:07:30,0.1857,0.0,3531617.8556,1.0182,141929.4971,38.2292,6.977,16.1998
node-019,2024-01-01 07:07:30,0.4001,0.3642,3127338.6916,0.9102,126457.0761,38.3897,6.0765,16.2943
node-020,2024-01-01 07:07:30,0.0929,1.0469,3284220.5232,1.0776,129784.0941,51.0503,5.9692,16.0396
node-021,2024-01-01 07:07:30,0.1004,0.0,3039516.1349,2.9,131528.2472,42.394,7.0352,16.2123
node-022,2024-01-01 07:07:30,0.0938,0.0,2295419.854,0.7974,133372.1839,43.1149,4.0455,15.6247
node-023,2024-01-01 07:07:30,0.0957,0.9661,3262897.9077,0.8925,118287.7716,53.0143,9.8897,15.984
node-024,2024-01-01 07:07:30,0.1466,0.7497,3418305.2294,0.978,141352.6301,50.3921,6.0912,16.0779
node-025,2024-01-01 07:07:30,0.1339,0.0,4189825.6979,1.0985,146549.5752,45.5334,8.9479,15.9757
node-026,2024-01-01 07:07:30,0.1203,0.3673,2579511.3488,4.6403,130774.9671,41.2555,7.9678,15.8996
node-027,2024-01-01 07:07:30,0.0765,0.0,2642628.2188,1.0996,119194.3581,55.5542,10.0065,15.7712
node-028,2024-01-01 07:07:30,0.0016,0.5895,1951951.2929,0.18,135071.0039,6.3263,4.9726,47.6705
node-029,2024-01-01 07:07:30,0.0977,0.0,2419856.8424,0.9976,185771.2868,44.9916,14.047,16.2035
node-001,2024-01-01 07:12:00,0.0,0.1034,1467031.4533,0.1183,157471.1198,6.8996,2.9726,48.0
node-004,2024-01-01 07:12:00,0.1762,0.0,2577146.9037,0.9319,153411.1349,51.8088,9.1117,15.8568
node-006,2024-01-01 07:12:00,0.0899,0.0,3020450.5906,0.967,120903.3667,42.5439,6.0332,16.0291
node-008,2024-01-01 07:12:00,0.0741,0.0,2814130.6662,0.5308,120941.2982,37.6259,6.0246,16.3684
node-009,2024-01-01 07:12:00,0.0,0.0,3505534.2176,1.1806,129174.2937,51.6725,9.0221,15.9308
node-010,2024-01-01 07:12:00,0.1538,0.0,3347089.291,1.1001,133768.0689,46.2181,6.3113,16.0056
node-011,2024-01-01 07:12:00,0.2,0.6865,2686273.9699,0.9012,95337.2183,51.0841,9.1111,15.8391
node-012,2024-01-01 07:12:00,0.1048,0.8873,3440549.4766,1.0523,118252.2772,45.0315,9.9502,15.993
node-013,2024-01-01 07:12:00,0.0253,0.0368,3197861.5873,0.9686,161886.9194,45.6396,8.9758,15.9475
node-014,2024-01-01 07:12:00,0.0773,0.75,2939511.3672,0.8059,114532.494,43.3247,8.0048,16.4794
node-015,2024-01-01 07:12:00,0.0184,0.0,1440057.7221,0.2046,106306.719,6.0828,4.6294,47.9974
node-017,2024-01-01 07:12:00,0.1847,0.4868,2722673.0258,0.8966,88798.8081,43.5132,7.9601,16.0126
node-018,2024-01-01 07:12:00,0.1474,0.0,3257199.3297,1.1059,138575.4662,40.286,6.6745,15.7542
node-019,2024-01-01 07:12:00,0.0933,0.0,2910125.4937,0.7305,147871.2723,44.8194,5.986,16.2667
node-020,2024-01-01 07:12:00,0.2268,0.0,3373228.6875,0.9981,138714.2776,48.4204,5.958,16.0565
node-021,2024-01-01 07:12:00,0.0892,0.6269,3556346.3661,0.6969,140803.3071,40.5549,8.9578,15.8893
node-022,2024-01-01 07:12:00,0.1125,0.0,2859620.7657,0.7035,130373.7235,40.3448,6.7607,15.4851
node-023,2024-01-01 07:12:00,0.1388,0.0,3440176.9503,1.3204,140714.8698,54.2867,7.0165,15.6035
node-024,2024-01-01 07:12:00,0.1271,0.0,3327302.6771,0.7074,126959.9652,42.793,7.9418,15.8986
node-025,2024-01-01 07:12:00,0.0355,0.9542,3994056.2919,1.1588,131189.6966,53.4262,7.976,15.9627
node-026,2024-01-01 07:12:00,0.1182,0.4224,2683328.6998,0.9857,159457.0202,38.2073,5.9012,15.403
node-027,2024-01-01 07:12:00,0.0852,0.0,3120305.6354,1.0042,116230.3821,52.1322,8.0355,15.8086
node-028,2024-01-01 07:12:00,0.0,0.0,2103326.8983,0.234,101571.1975,5.9781,3.9628,48.0
node-029,2024-01-01 07:12:00,0.0904,0.3234,2347562.7375,0.7325,144688.0403,42.4522,7.0343,15.9249
node-001,2024-01-01 07:16:30,0.0096,0.0,1366270.8836,0.1816,115502.5051,6.921,2.0237,47.7535
node-004,2024-01-01 07:16:30,0.111,0.7164,2509212.234,1.0041,177474.1838,43.554,7.9501,15.9087
node-006,2024-01-01 07:16:30,0.1498,0.0995,3163009.9033,1.0201,85684.1977,46.0257,8.96,15.7772
node-008,2024-01-01 07:16:30,0.1161,0.0,3228598.3204,0.9072,139354.5853,37.767,7.4048,15.9188
node-009,2024-01-01 07:16:30,0.0997,0.0168,3538559.4237,1.2903,122481.6196,60.9248,11.0185,15.4878
node-010,2024-01-01 07:16:30,0.1799,0.4545,3126093.5346,0.7097,150604.135,46.8208,11.0437,16.081
node-011,2024-01-01 07:16:30,0.0652,0.3072,2531690.5348,1.0892,90368.3035,56.6582,13.1375,15.8736
node-012,2024-01-01 07:16:30,0.1978,0.1719,3324124.464,4.9143,144196.0942,45.6741,10.9727,15.9688
node-013,2024-01-01 07:16:30,0.1245,0.1038,2948677.3931,0.9217,187110.4453,43.5701,7.1285,15.9657
node-014,2024-01-01 07:16:30,0.1296,0.7384,2940099.7353,0.6816,132901.4691,42.0603,5.917,16.2379
node-015,2024-01-01 07:16:30,0.0096,0.3955,1470770.7288,0.208,73017.5157,7.0671,4.0808,48.0
node-017,2024-01-01 07:16:30,0.1403,0.4039,2792774.2855,0.6169,106837.1129,44.041,7.774,16.2532
node-018,2024-01-01 07:16:30,0.1265,0.1593,2954717.3613,1.3067,129135.2529,39.6203,7.0419,15.8868
node-019,2024-01-01 07:16:30,0.0,0.8185,2965456.7082,0.9042,133217.386,41.4301,6.9355,15.972
node-020,2024-01-01 07:16:30,0.0969,0.0,3411227.8288,1.6061,131323.8911,46.5568,11.9489,16.0542
node-021,2024-01-01 07:16:30,0.0932,0.0,3665905.9735,0.9249,138146.1694,41.237,3.9696,16.1112
node-022,2024-01-01 07:16:30,0.0697,0.0,3061827.0001,0.7965,142927.8009,39.2666,5.9997,16.3059
node-023,2024-01-01 07:16:30,0.1225,0.0846,3686660.8618,1.208,95963.8393,52.5234,10.6824,15.9595
node-024,2024-01-01 07:16:30,0.0737,0.7764,3678954.3253,0.9832,121563.5096,44.7373,9.0729,15.8316
node-025,2024-01-01 07:16:30,0.3789,0.6254,3935638.7124,1.0164,136219.3226,49.4156,8.0378,15.8148
node-026,2024-01-01 07:16:30,0.0904,0.0,2802781.9097,0.8897,115468.058,42.0243,9.9476,16.1217
node-027,2024-01-01 07:16:30,0.0706,0.5515,2877878.4199,1.0072,157053.1794,56.3227,14.9428,16.4317
node-028,2024-01-01 07:16:30,0.0167,0.0,2078658.2521,0.2249,96481.5821,7.2472,4.0022,48.0
node-029,2024-01-01 07:16:30,0.0638,0.8688,2111008.6017,0.8963,174750.694,43.4172,6.984,15.9551
node-001,2024-01-01 07:21:00,0.0,0.0826,1333514.5661,0.2124,99349.0408,6.449,3.9086,47.8101
node-002,2024-01-01 07:21:00,0.0721,0.4561,3646300.2024,0.8879,125815.326,38.7406,9.0243,15.8064
node-004,2024-01-01 07:21:00,0.0829,0.0393,2528567.7985,1.1231,184103.1776,46.9654,6.9825,16.4232
node-006,2024-01-01 07:21:00,0.2516,0.0,2982573.1577,1.0563,143574.8355,42.7536,6.0654,16.049
node-008,2024-01-01 07:21:00,0.1279,0.0,3095478.2862,0.6016,136428.6339,41.9035,8.9079,16.0947
node-009,2024-01-01 07:21:00,0.1078,0.7354,3710601.6785,1.0812,132083.6373,55.9763,9.0583,16.3441
node-010,2024-01-01 07:21:00,0.0,0.4895,2966247.6188,1.7166,134163.5985,48.297,6.0076,15.9277
node-011,2024-01-01 07:21:00,0.1822,0.0,2189583.6266,1.7027,138325.8566,56.3774,9.9085,15.8704
node-012,2024-01-01 07:21:00,0.1391,0.0,3164717.703,1.0821,114325.4217,46.0796,8.0387,16.0444
node-013,2024-01-01 07:21:00,0.0652,0.6504,2801936.1612,1.0597,125028.0454,46.8148,9.1212,16.2886
node-014,2024-01-01 07:21:00,0.0302,0.0,3269494.4493,1.0133,110618.2903,46.3373,7.467,16.1468
node-015,2024-01-01 07:21:00,0.0,0.3814,1268170.1602,0.2234,133937.618,6.5284,4.1115,47.974
node-017,2024-01-01 07:21:00,0.1037,0.0,3122840.7185,1.2652,121401.5649,40.1288,5.9675,15.9001
node-018,2024-01-01 07:21:00,0.0523,0.0,3321430.6501,1.0722,132081.0071,40.4827,7.9597,15.8891
node-019,2024-01-01 07:21:00,0.0871,0.1257,3063493.2122,0.8172,104240.0315,42.9794,4.9366,15.9861
node-020,2024-01-01 07:21:00,0.0677,0.0651,3100949.5684,0.9031,127559.4392,44.9981,7.0795,16.3243
node-021,2024-01-01 07:21:00,0.1408,0.0,3453367.9152,0.8215,135476.4976,41.8046,6.9925,16.0433
node-022,2024-01-01 07:21:00,0.1909,0.0,2902044.7972,1.296,119078.8129,40.1449,7.1299,15.9371
node-023,2024-01-01 07:21:00,0.0812,0.3395,3329691.6618,0.8834,146019.8766,50.9505,7.1145,16.1946
node-024,2024-01-01 07:21:00,0.0756,0.134,3535740.0412,0.7996,127520.2802,44.8069,7.5825,16.2534
node-025,2024-01-01 07:21:00,0.1235,0.0737,4141591.2872,1.0574,133437.9225,49.807,9.1154,15.9816
node-026,2024-01-01 07:21:00,0.1198,0.1674,2760906.7955,0.7754,144791.9083,42.7049,7.9683,15.6817
node-027,2024-01-01 07:21:00,0.1111,0.0,2780192.594,0.9373,120801.9146,57.4975,7.0774,16.0953
node-028,2024-01-01 07:21:00,0.0601,1.3089,1719621.3639,0.1785,133738.2306,5.839,3.0279,48.0
node-029,2024-01-01 07:21:00,0.1233,0.3589,2279005.648,0.7917,165124.686,41.4391,6.0228,15.5742
node-001,2024-01-01 07:25:30,0.015,0.438,1246684.991,0.1833,129565.7944,6.9601,2.109,48.0
node-002,2024-01-01 07:25:30,0.1763,0.3342,3276345.5437,1.2974,120941.0172,50.6096,6.0195,15.8405
node-004,2024-01-01 07:25:30,0.1149,0.0,2342577.8324,1.0848,136997.7978,49.7949,7.5841,15.8979
node-006,2024-01-01 07:25:30,0.0988,0.0,3359796.5095,1.0061,154184.9218,40.9495,7.9501,15.8263
node-008,2024-01-01 07:25:30,0.0163,0.2277,3084525.4668,0.8057,113340.7822,42.4481,6.0882,16.4672
node-009,2024-01-01 07:25:30,0.1753,0.0596,3608590.2023,1.176,129153.3996,51.9384,7.014,15.9635
node-010,2024-01-01 07:25:30,0.1192,0.0,2766680.8894,1.1049,137073.9526,48.2106,11.8648,16.2923
node-011,2024-01-01 07:25:30,0.0855,0.51,2614778.7082,0.896,122215.288,50.5359,8.0257,16.188
node-012,2024-01-01 07:25:30,0.1206,0.87,3518133.0471,1.1131,137038.9688,47.8143,7.9951,15.8795
node-013,2024-01-01 07:25:30,0.1138,0.0,3081401.0547,0.9683,193762.5952,47.0957,8.1082,15.9367
node-014,2024-01-01 07:25:30,0.1675,1.1253,3217864.977,0.7664,135207.1227,42.5564,15.0507,16.1283
node-015,2024-01-01 07:25:30,0.1147,0.0,1478507.3317,0.121,144981.7026,6.019,4.7711,47.8981
node-017,2024-01-01 07:25:30,0.1336,0.6314,2967051.933,1.209,122373.7361,41.5568,7.9699,15.9821
node-018,2024-01-01 07:25:30,0.0,0.7312,3089517.392,1.0251,89155.8055,47.1161,7.3173,16.2458
node-019,2024-01-01 07:25:30,0.1007,0.0,3192872.0176,0.7675,92979.3938,39.8987,8.1323,15.8578
node-020,2024-01-01 07:25:30,0.134,0.0,3331487.6093,0.9096,115561.8028,46.4836,8.6331,16.1558
node-021,2024-01-01 07:25:30,0.211,1.4131,3129907.9636,0.7184,111215.489,42.2992,7.9462,15.7645
node-022,2024-01-01 07:25:30,0.1349,0.0,2850366.4761,0.99,105894.1766,46.1757,5.9619,16.0708
node-023,2024-01-01 07:25:30,0.1371,0.0,3404720.9744,1.7735,132835.5584,52.6138,9.0043,15.7528
node-024,2024-01-01 07:25:30,0.1108,0.0,3433864.9214,1.1014,124273.6892,46.6387,8.0642,15.7201
node-025,2024-01-01 07:25:30,0.0955,0.0,4145771.9169,1.1131,139085.7256,53.648,6.0622,16.0048
node-026,2024-01-01 07:25:30,0.1419,0.0,3064661.5889,0.9968,124797.4117,40.3396,7.0598,15.7296
node-027,2024-01-01 07:25:30,0.0848,0.0,2615738.7385,1.3037,129413.5255,53.1964,10.0446,16.1797
node-028,2024-01-01 07:25:30,0.0023,0.0,1789513.1987,0.2768,135131.2811,5.8714,2.9727,47.8713
node-029,2024-01-01 07:25:30,0.0791,0.0,2376798.586,0.7805,154001.1392,47.3426,9.0422,16.1719
node-001,2024-01-01 07:30:00,0.021,0.541,1566409.0447,0.1287,111563.5636,7.0641,2.0039,47.8397
node-002,2024-01-01 07:30:00,0.0589,0.2009,3547077.517,1.1155,126861.8404,47.9185,6.8498,15.9547
node-004,2024-01-01 07:30:00,0.1076,0.0,2380721.8709,0.6979,176802.3857,48.0471,8.9145,15.8439
node-006,2024-01-01 07:30:00,0.0685,0.4914,2875819.5518,0.9901,142300.7202,40.4399,7.0375,16.4605
node-008,2024-01-01 07:30:00,0.1549,0.307,3171567.8537,0.6878,80182.3382,42.9232,6.7331,15.8516
node-009,2024-01-01 07:30:00,0.0873,0.1105,3645028.7662,1.0748,144272.7378,58.4097,13.9488,15.8329
node-010,2024-01-01 07:30:00,0.0399,0.0,3217999.3715,1.5647,134108.0249,43.1531,10.043,15.6938
node-011,2024-01-01 07:30:00,0.0835,0.0,2451689.3931,1.4873,148318.5697,55.206,8.9499,15.8191
node-012,2024-01-01 07:30:00,0.0955,0.0,3333378.0822,1.1478,134569.0234,47.6211,8.3268,15.6687
node-013,2024-01-01 07:30:00,0.1255,0.0,3048952.6945,1.0088,175113.6817,46.5904,7.9119,15.7707
node-014,2024-01-01 07:30:00,0.0987,0.1058,2945608.5106,0.8,114767.3904,43.2476,5.9953,15.8593
node-015,2024-01-01 07:30:00,0.008,0.0,1348455.6425,0.1892,129636.8599,6.086,3.9925,47.7393
node-017,2024-01-01 07:30:00,0.097,0.5548,2864684.111,0.7929,134109.3746,43.169,6.0917,15.9807
node-018,2024-01-01 07:30:00,0.0113,0.464,2926753.9972,1.0982,119739.5055,41.5777,7.0583,15.8219
node-019,2024-01-01 07:30:00,0.1692,0.3799,2850046.7973,1.0666,117036.2351,42.4418,7.9007,15.8311
node-020,2024-01-01 07:30:00,0.0891,0.0,3167595.7939,0.9689,107858.4843,51.9402,7.0158,15.8477
node-021,2024-01-01 07:30:00,0.1174,0.1898,3526555.754,1.1255,98185.7666,36.6395,6.0168,16.0492
node-022,2024-01-01 07:30:00,0.1275,0.0823,2713906.0423,0.8884,112061.9236,41.465,8.1239,15.84
node-023,2024-01-01 07:30:00,0.1204,0.0,3433470.0316,1.1562,127614.7557,50.53,10.9997,16.2421
node-024,2024-01-01 07:30:00,0.0524,0.0543,3484803.0395,1.1083,110806.0712,45.42,6.0248,16.1406
node-025,2024-01-01 07:30:00,0.099,0.0,4114740.037,1.383,119169.4968,48.4096,20.0644,16.2161
node-026,2024-01-01 07:30:00,0.086,0.3826,2557885.6398,0.9459,122666.8415,39.6017,5.9856,16.3231
node-027,2024-01-01 07:30:00,0.079,0.2087,2804553.3368,1.026,133136.4956,50.0611,6.9358,16.2561
node-028,2024-01-01 07:30:00,0.0458,0.2091,1976089.3223,0.1974,119640.7999,6.6766,3.0784,48.0
node-029,2024-01-01 07:30:00,0.1263,0.5376,2603297.1222,0.7372,162797.0517,44.5004,6.3547,16.2867
node-001,2024-01-01 07:34:30,0.0,0.8519,1213117.8886,0.1999,149664.6535,6.0786,3.9763,47.6742
node-002,2024-01-01 07:34:30,0.0836,0.0,3408639.7904,0.8896,112503.7357,44.6691,7.9247,16.1072
node-004,2024-01-01 07:34:30,0.1943,0.0,2605030.1737,5.331,169594.7933,41.9968,9.9639,15.9941
node-006,2024-01-01 07:34:30,0.1405,0.0,2982000.0423,1.1939,119615.0557,40.9803,7.7651,15.7685
node-008,2024-01-01 07:34:30,0.2528,0.0,3099874.7212,3.7931,140467.6847,40.0522,7.0219,15.9926
node-009,2024-01-01 07:34:30,0.1016,0.0,3442411.4519,1.9922,90381.6096,51.8381,8.0089,15.8176
node-010,2024-01-01 07:34:30,0.0842,0.0,3245339.278,4.8892,124875.3783,47.0437,5.8903,15.8481
node-011,2024-01-01 07:34:30,0.1314,0.0,2667148.7032,0.9211,87074.5502,47.1662,8.8665,15.6605
node-012,2024-01-01 07:34:30,0.1098,0.793,3350585.3475,1.2326,79374.8581,48.9637,8.1055,16.2003
node-013,2024-01-01 07:34:30,0.0073,0.7122,3201574.3646,0.9047,175763.643,45.259,8.4048,15.9648
node-014,2024-01-01 07:34:30,0.1217,0.0,3061568.9449,0.7122,91231.5951,42.4101,6.0658,16.0188
node-015,2024-01-01 07:34:30,0.0096,0.0,1387394.0035,0.2897,85444.423,7.6053,3.0181,48.0
node-017,2024-01-01 07:34:30,0.1045,0.0028,3273196.0565,0.9935,85125.7098,41.9723,6.9081,15.9045
node-018,2024-01-01 07:34:30,0.0,0.0,3129136.66,1.104,118438.1258,41.5026,5.9517,15.7785
node-019,2024-01-01 07:34:30,0.0651,0.0,3206489.4362,0.7964,147376.4152,42.9098,8.0294,16.0195
node-020,2024-01-01 07:34:30,0.1382,0.0,2913136.0963,1.1898,107037.9363,45.9911,6.9097,15.8578
node-021,2024-01-01 07:34:30,0.0,0.0,3310073.8556,0.8025,136068.8941,43.5067,9.0585,16.2163
node-022,2024-01-01 07:34:30,0.2156,0.0,2658519.5699,0.8069,127100.3848,42.1739,8.9628,16.0485
node-023,2024-01-01 07:34:30,0.0428,0.328,3193684.5208,1.1214,137196.6931,53.6115,8.1198,15.8507
node-024,2024-01-01 07:34:30,0.0901,0.5817,3293298.0947,0.7997,140596.5843,41.9851,8.2027,15.8629
node-025,2024-01-01 07:34:30,0.047,0.3429,3951828.9566,0.9955,143521.3866,46.0297,7.9966,16.1188
node-026,2024-01-01 07:34:30,0.2171,0.6415,2797793.7049,0.7956,145952.5411,41.6555,6.9826,15.4457
node-027,2024-01-01 07:34:30,0.1427,0.0,2876919.2934,0.9908,160433.4939,51.765,6.9319,16.1663
node-028,2024-01-01 07:34:30,0.021,0.5319,1902524.3263,0.1626,156399.2385,6.4297,3.923,47.906
node-029,2024-01-01 07:34:30,0.1066,0.0,2371351.9818,0.8252,143843.0282,40.8296,9.9944,15.8084
node-001,2024-01-01 07:39:00,0.0106,0.0,1454124.31,0.1986,143615.0027,6.3304,4.0583,47.7836
node-002,2024-01-01 07:39:00,0.0081,0.0,3500391.7198,0.7879,119117.9624,47.5317,7.074,15.902
node-004,2024-01-01 07:39:00,0.0347,0.2983,2336174.6038,1.1809,114676.3717,47.0059,8.0953,16.0167
node-005,2024-01-01 07:39:00,0.0746,0.0,3684919.798,0.7898,84635.2384,55.5647,9.032,15.832
node-006,2024-01-01 07:39:00,0.1223,0.0325,3007047.245,1.2144,125698.8796,44.7951,6.9672,16.1546
node-008,2024-01-01 07:39:00,0.1149,0.0,3097883.2461,0.695,132628.7516,44.3212,7.0711,16.1109
node-009,2024-01-01 07:39:00,0.0689,0.0,3481801.1754,0.9095,125378.5817,53.1418,9.9788,16.2164
node-010,2024-01-01 07:39:00,0.1162,0.2329,2601128.7086,0.9118,132574.4462,47.2272,9.0662,16.1079
node-011,2024-01-01 07:39:00,0.1671,0.5905,2872597.3129,1.1113,139742.9237,51.7084,11.0298,16.2229
node-012,2024-01-01 07:39:00,0.0695,0.0,3266708.2146,0.8133,121601.1413,41.6072,11.9123,15.7588
node-013,2024-01-01 07:39:00,0.0,0.0,2930550.0579,1.0143,173764.1143,46.239,10.9877,16.699
node-014,2024-01-01 07:39:00,0.1484,0.0,3035797.963,0.8606,133683.492,46.4414,5.974,16.114
node-015,2024-01-01 07:39:00,0.0,0.6367,1437908.2517,0.0952,130814.8139,6.4092,2.9617,48.0
node-017,2024-01-01 07:39:00,0.0947,0.2955,2523348.021,0.8216,141266.6077,37.9967,6.8812,15.7983
node-018,2024-01-01 07:39:00,0.1099,0.0,3251131.8147,1.1147,141040.1555,39.4205,4.982,16.4066
node-019,2024-01-01 07:39:00,0.0822,0.7507,3234586.9493,0.8232,135548.0109,41.4495,5.2671,15.7702
node-020,2024-01-01 07:39:00,0.1585,0.317,3012813.6504,0.9244,137136.2113,47.3391,5.9716,16.0339
node-021,2024-01-01 07:39:00,0.0609,0.0,3031391.8763,0.7315,111291.2442,40.3577,6.0443,16.0608
node-022,2024-01-01 07:39:00,0.1068,0.0,2855090.3238,0.8685,85369.0438,42.8242,4.9943,16.0367
node-023,2024-01-01 07:39:00,0.1325,0.0,3315991.997,0.9221,124410.7485,52.8753,7.9921,15.6027
node-024,2024-01-01 07:39:00,0.0826,0.0,3631411.4145,0.9145,139018.9881,48.8184,8.9656,16.2615
node-025,2024-01-01 07:39:00,0.0269,0.0,4153305.079,1.0312,94784.8281,57.2204,7.4472,16.0588
node-026,2024-01-01 07:39:00,0.0439,0.0,3211424.9894,0.7952,152288.2597,43.0211,8.1616,15.7169
node-027,2024-01-01 07:39:00,0.1199,0.0,3120726.9552,0.9018,130568.8359,60.4057,7.9658,16.1476
node-028,2024-01-01 07:39:00,0.0,0.0,2085439.352,0.1901,145759.8605,6.8889,2.3103,48.0
node-029,2024-01-01 07:39:00,0.1212,0.6319,2006974.14,0.7783,163177.8687,46.2116,8.0672,15.7545
node-001,2024-01-01 07:43:30,0.0,0.6389,1491457.6159,0.1908,109155.0449,6.4321,4.1089,48.0
node-002,2024-01-01 07:43:30,0.0077,0.4262,3388422.4505,0.6988,143405.3707,45.7085,8.3367,15.8428
node-004,2024-01-01 07:43:30,0.0717,0.8671,2373609.3366,0.9869,172610.0046,48.3309,5.9613,16.2298
node-005,2024-01-01 07:43:30,0.1255,0.0,3501399.1165,0.8731,143844.3769,45.0655,6.9633,15.6717
node-006,2024-01-01 07:43:30,0.0852,0.0,3278367.3699,1.0941,131915.0107,40.8765,5.9325,16.1976
node-008,2024-01-01 07:43:30,0.079,0.4458,2868776.1039,0.8923,122176.701,41.2158,7.0695,16.2067
node-009,2024-01-01 07:43:30,0.1123,0.0,3519379.8196,1.0041,160843.5835,58.4639,8.6972,16.104
node-010,2024-01-01 07:43:30,0.0967,0.0,3072724.4001,0.9534,137691.7852,50.3225,10.977,15.9091
node-011,2024-01-01 07:43:30,0.1231,0.3968,2480331.749,1.0934,139359.3568,56.4687,8.5158,15.8235
node-012,2024-01-01 07:43:30,0.106,0.0,3622760.2726,0.9524,130448.4924,46.3073,6.8678,15.7422
node-013,2024-01-01 07:43:30,0.0582,0.1439,2798509.105,0.9879,142420.4573,50.1202,8.9932,16.1175
node-014,2024-01-01 07:43:30,0.1379,0.0,3057201.8874,0.5891,107974.0452,42.8733,7.8777,16.1092
node-015,2024-01-01 07:43:30,0.0,0.1934,1619658.1127,0.1983,138524.8488,6.2471,1.9601,47.9164
node-017,2024-01-01 07:43:30,0.1116,0.3239,2773721.7354,1.0032,170205.459,42.002,7.9287,16.1408
node-018,2024-01-01 07:43:30,0.0861,0.1125,3290174.7802,1.098,135363.3928,41.9001,4.9905,15.7304
node-019,2024-01-01 07:43:30,0.2714,0.0,3165095.1773,0.9926,101362.4467,44.5649,5.9767,16.1098
node-020,2024-01-01 07:43:30,0.0994,0.0818,3036348.655,0.8999,150378.7052,45.9618,7.9395,16.0827
node-021,2024-01-01 07:43:30,0.0728,0.3633,3356005.2578,0.6006,123656.7455,39.7139,5.6306,15.9913
node-022,2024-01-01 07:43:30,0.08,0.0,2820787.9444,0.5024,139672.8736,38.6723,5.9633,15.9559
node-023,2024-01-01 07:43:30,0.1738,0.613,3411618.9712,1.0958,118670.7405,50.2572,8.9999,16.2513
node-024,2024-01-01 07:43:30,0.0588,0.2098,3586416.4804,1.0945,119231.3146,46.0171,7.9621,16.4014
node-025,2024-01-01 07:43:30,0.1108,0.0,4020434.0641,1.0637,152523.25,54.4719,10.2207,16.2908
node-026,2024-01-01 07:43:30,0.1313,0.2471,2670685.095,0.7808,127295.9309,45.0301,8.0557,16.0264
node-027,2024-01-01 07:43:30,0.1195,0.019,2745262.4552,0.9018,152228.9048,56.3005,12.952,16.27
node-028,2024-01-01 07:43:30,0.049,0.0,1915733.4437,0.1828,132267.588,6.3628,4.9768,47.88
node-029,2024-01-01 07:43:30,0.1173,0.0,2405996.2294,0.7901,183088.8841,47.3677,9.9784,16.0569
node-001,2024-01-01 07:48:00,0.0099,0.0,1634546.3465,0.2299,128185.4038,6.7943,4.0379,47.8346
node-002,2024-01-01 07:48:00,0.066,0.0,3893552.3353,0.9026,138737.8341,43.7482,7.1053,15.8855
node-004,2024-01-01 07:48:00,0.1333,0.0,2262674.9614,0.9262,152624.4205,48.5409,9.9998,16.1678
node-005,2024-01-01 07:48:00,0.1681,0.0,3489691.1679,1.1336,127643.3778,47.9019,16.9899,16.1234
node-006,2024-01-01 07:48:00,0.1341,0.0,3045439.4709,1.0079,145143.2625,42.3736,7.8691,16.2372
node-008,2024-01-01 07:48:00,0.0703,0.2572,3191078.8728,0.7442,140848.1506,43.7182,7.8872,15.9859
node-009,2024-01-01 07:48:00,0.0544,0.7161,3586323.1543,1.1294,111735.8002,50.5535,9.9875,16.011
node-010,2024-01-01 07:48:00,0.6504,0.8497,3163931.8602,1.0736,131430.3052,46.0449,9.6589,15.7436
node-011,2024-01-01 07:48:00,0.0892,0.5572,2588688.78,1.0682,121669.0082,50.7673,9.1099,15.8608
node-012,2024-01-01 07:48:00,0.0933,0.0,3546949.4453,0.9036,131552.8739,45.1953,7.0608,15.7777
node-013,2024-01-01 07:48:00,0.2093,0.0322,3379978.6393,0.7924,177332.4911,49.6537,7.0231,16.1665
node-014,2024-01-01 07:48:00,0.135,0.0,2866935.8902,0.9318,126162.7391,45.8299,10.9942,16.0802
node-015,2024-01-01 07:48:00,0.0,0.0411,1168127.4769,0.0743,136650.4308,7.09,3.706,48.0
node-017,2024-01-01 07:48:00,0.0861,0.0,2813629.3006,0.7977,131891.6646,41.1712,7.0605,16.1922
node-018,2024-01-01 07:48:00,0.2253,0.0,3542952.3706,1.1286,137676.9628,44.3242,6.3021,16.0561
node-019,2024-01-01 07:48:00,0.09,0.0,3322067.6342,0.8478,119197.7897,44.5364,7.0415,15.8173
node-020,2024-01-01 07:48:00,0.1241,0.3147,3204191.9118,1.0094,108901.762,47.2412,9.2088,15.9985
node-021,2024-01-01 07:48:00,0.1068,0.1711,3186716.2936,0.5933,125026.6679,42.8059,6.0505,16.1431
node-022,2024-01-01 07:48:00,0.1086,0.0,2969324.1254,0.798,166638.7594,45.9409,7.0747,15.9961
node-023,2024-01-01 07:48:00,0.0933,0.0,3381084.9979,1.0556,133763.9744,53.247,7.0946,16.1656
node-024,2024-01-01 07:48:00,0.0,0.0,3298210.6059,0.7992,131550.3682,45.1982,8.0509,15.4678
node-025,2024-01-01 07:48:00,0.1434,0.0,4091586.0187,0.9087,129699.4268,51.2665,8.018,16.32
node-026,2024-01-01 07:48:00,0.2608,0.0,2594678.0366,0.9307,136011.2507,43.9589,7.8949,15.766
node-027,2024-01-01 07:48:00,0.1123,0.2941,3045326.4783,0.8936,136514.3012,50.9731,7.9487,16.0811
node-028,2024-01-01 07:48:00,0.0241,0.0,1665511.6108,0.2141,130325.9985,6.6566,3.0283,47.5173
node-029,2024-01-01 07:48:00,0.1227,0.1981,2711267.7901,0.7121,148327.4143,49.6424,8.9429,15.6163
node-001,2024-01-01 07:52:30,0.0389,0.0,1426257.0227,0.1944,145052.0138,6.8257,3.9731,48.0
node-002,2024-01-01 07:52:30,0.1077,0.3775,3788851.6076,0.887,143963.4918,44.5816,6.0371,15.6169
node-004,2024-01-01 07:52:30,0.0957,0.0,2579749.8583,1.0279,158685.5729,48.4695,11.9516,16.0839
node-005,2024-01-01 07:52:30,0.158,0.1003,3509790.7445,1.114,131094.5408,50.6571,9.0232,16.4734
node-006,2024-01-01 07:52:30,0.0577,0.0,3306275.8502,1.1053,107260.0945,43.1529,7.9759,15.2999
node-008,2024-01-01 07:52:30,0.1324,0.0,2792142.4757,0.8765,129390.3129,43.8123,8.9382,16.204
node-009,2024-01-01 07:52:30,0.1089,0.0,3360268.9534,0.9479,85427.6302,53.6116,9.0452,15.916
node-010,2024-01-01 07:52:30,0.1323,0.2789,3167927.9822,0.8046,114833.2453,43.3031,7.9865,16.0287
node-011,2024-01-01 07:52:30,0.1005,0.0,2624390.869,1.028,135400.3577,55.8643,8.8922,16.0739
node-012,2024-01-01 07:52:30,0.1146,0.0,3368095.3065,0.7663,114723.4232,48.8926,7.0738,16.1593
node-013,2024-01-01 07:52:30,0.1388,0.3541,2900428.513,3.4086,156699.6442,48.2102,7.9345,16.1656
node-014,2024-01-01 07:52:30,0.1122,0.0,2950351.483,0.8923,136862.1868,41.2437,8.9336,16.2068
node-015,2024-01-01 07:52:30,0.0,0.0,1816809.643,0.2104,115360.9529,7.3114,3.1006,47.7528
node-017,2024-01-01 07:52:30,0.0507,0.2135,2837817.7458,0.8343,122729.9445,48.9868,5.8952,15.8633
node-018,2024-01-01 07:52:30,0.149,0.6939,3199629.2571,0.9813,133471.3174,41.767,5.9426,16.0721
node-019,2024-01-01 07:52:30,0.2823,0.4135,2882464.3132,0.7881,131076.4937,36.9448,9.0813,16.2083
node-020,2024-01-01 07:52:30,0.3994,0.0392,3037630.1679,1.003,134664.6852,41.5249,8.0975,16.3243
node-021,2024-01-01 07:52:30,0.1159,0.0,3197804.8439,0.9015,133305.9461,42.2385,5.9213,16.2308
node-022,2024-01-01 07:52:30,0.1107,0.0,2964045.1389,0.7482,141159.7224,42.5573,5.9265,16.2244
node-023,2024-01-01 07:52:30,0.1491,0.0099,3429103.3927,1.1955,145312.6734,57.0747,9.3533,15.8535
node-024,2024-01-01 07:52:30,0.1096,0.0,3277987.7041,0.7846,120349.8697,45.932,7.9577,16.2862
node-025,2024-01-01 07:52:30,0.1329,0.0,3904719.3165,1.1152,128647.4019,51.0807,10.994,15.9854
node-026,2024-01-01 07:52:30,0.1752,0.0,2626862.6055,0.7218,99272.3636,43.1552,5.8943,15.7709
node-027,2024-01-01 07:52:30,0.0712,0.0,2874588.856,0.8156,147958.7244,50.5913,8.3211,16.0518
node-028,2024-01-01 07:52:30,0.0,0.0485,1632423.161,0.3077,135892.4167,6.8035,3.9681,47.7208
node-029,2024-01-01 07:52:30,0.0759,0.0,2336087.7413,0.9965,152625.1197,47.4173,6.9836,16.2041
node-001,2024-01-01 07:57:00,0.0262,0.0,1593233.3641,0.2039,119206.4327,6.712,2.4008,47.9787
node-002,2024-01-01 07:57:00,0.0847,0.0,3556085.3879,0.9802,146395.611,48.9041,6.916,15.9071
node-004,2024-01-01 07:57:00,0.1135,0.0,2364720.2014,0.9243,156266.3612,46.6789,6.9164,15.875
node-005,2024-01-01 07:57:00,0.0871,0.0,3603749.2632,0.8992,105708.3072,48.7495,10.0397,16.3212
node-006,2024-01-01 07:57:00,0.0629,0.0,3063994.7385,0.8935,150005.3594,42.7257,6.9816,15.694
node-008,2024-01-01 07:57:00,0.1256,0.2766,3195613.295,0.7434,80533.26,41.5961,7.9535,16.1671
node-009,2024-01-01 07:57:00,0.1894,1.0057,3082883.5621,1.1066,132096.3217,46.7572,14.6594,15.8696
node-010,2024-01-01 07:57:00,0.1067,0.0,2981459.1028,0.9526,133374.4245,45.0065,5.8681,16.0353
node-011,2024-01-01 07:57:00,0.089,0.0,2795394.1224,3.1104,135291.6501,53.4223,7.9214,16.2267
node-012,2024-01-01 07:57:00,0.0946,0.0,3521591.1356,0.8893,123843.6946,43.3978,5.8825,15.8884
node-013,2024-01-01 07:57:00,0.1183,0.0,3293850.3636,1.0091,146278.6139,46.9788,7.3598,15.6779
node-014,2024-01-01 07:57:00,0.1541,0.8947,3287934.9194,0.6875,133997.2446,43.9549,14.7053,15.6448
node-015,2024-01-01 07:57:00,0.0,0.0,1381471.8988,0.2116,113094.7295,6.5957,3.8823,47.8339
node-017,2024-01-01 07:57:00,0.1943,0.2927,2887818.5229,1.1938,126156.3984,42.4116,6.0855,16.0717
node-018,2024-01-01 07:57:00,0.0945,0.0,3237281.0345,1.8947,130548.0649,40.5324,8.0574,15.9223
node-019,2024-01-01 07:57:00,0.1587,0.0,3029071.7451,0.8222,112060.197,40.8556,6.0264,15.9672
node-020,2024-01-01 07:57:00,0.1311,0.9926,3189274.3141,0.7877,94025.1888,48.6921,7.0099,15.6207
node-021,2024-01-01 07:57:00,0.2103,0.0,3610914.1777,0.7923,117840.9225,44.3628,7.0666,16.2181
node-022,2024-01-01 07:57:00,0.1152,0.5408,2655018.1083,0.7996,95640.684,39.5614,4.0288,15.7057
node-023,2024-01-01 07:57:00,0.1587,0.2598,3252134.7132,0.9664,142944.3118,55.2462,7.991,15.7005
node-024,2024-01-01 07:57:00,0.0915,1.2335,3180231.3166,0.9959,130137.9706,49.4015,7.5034,15.7768
node-025,2024-01-01 07:57:00,0.0587,0.0,3981320.4822,0.8936,128258.0362,48.5809,7.9889,15.6462
node-026,2024-01-01 07:57:00,0.0952,0.0,2672984.3839,1.507,120314.7774,44.5295,7.9135,15.707
node-027,2024-01-01 07:57:00,0.1172,0.4097,2815120.7813,1.0049,128229.1587,51.6352,10.0456,15.9599
node-028,2024-01-01 07:57:00,0.0332,0.0,1807464.0103,0.2144,108101.3254,6.2154,4.0566,48.0
node-029,2024-01-01 07:57:00,0.0776,0.0,2059194.8735,0.7241,160471.9346,44.7834,9.0673,16.3297
node-001,2024-01-01 08:01:30,0.0379,0.8153,1382340.6978,0.1741,110238.4371,7.5257,5.8273,48.0
node-002,2024-01-01 08:01:30,0.0929,0.0,3428389.636,0.9995,123921.5785,52.6121,7.9003,15.9393
node-004,2024-01-01 08:01:30,0.0978,0.0,2288133.3185,1.1905,184454.1395,47.505,8.372,15.8585
node-005,2024-01-01 08:01:30,0.1196,0.9188,3695193.0469,1.1045,135747.5415,44.703,5.881,16.3724
node-006,2024-01-01 08:01:30,0.116,0.0,3053215.1223,0.8221,120593.2579,42.8743,8.0035,15.9238
node-008,2024-01-01 08:01:30,0.0962,0.0,2951223.2583,0.7175,122865.2635,40.9546,8.1359,16.2903
node-009,2024-01-01 08:01:30,0.1825,0.0,3300197.2024,1.0386,140833.6651,51.0366,6.0316,16.1299
node-010,2024-01-01 08:01:30,0.0771,0.0,3036396.6866,0.8974,120279.5464,44.8331,7.5097,16.4857
node-011,2024-01-01 08:01:30,0.0884,0.0,2680002.5084,1.0299,127195.6202,54.7369,7.9702,15.7443
node-012,2024-01-01 08:01:30,0.1172,0.7536,3347512.499,0.8132,99270.8025,43.0718,6.0167,16.0557
node-013,2024-01-01 08:01:30,0.0755,0.2215,3130193.9125,0.9987,168541.6582,46.5031,16.1265,16.0855
node-014,2024-01-01 08:01:30,0.1676,0.0,3031208.6949,0.7573,115295.3073,39.1907,6.9414,15.6926
node-015,2024-01-01 08:01:30,0.0062,0.0,1497205.1138,0.1485,114813.2509,7.1084,3.0055,47.483
node-017,2024-01-01 08:01:30,0.1612,0.0,2937552.8061,0.9091,136674.707,35.9662,3.0113,15.9326
node-018,2024-01-01 08:01:30,0.1399,0.0,3298331.9052,1.1082,114239.3701,42.5152,8.2071,16.0753
node-019,2024-01-01 08:01:30,0.0634,0.0,3374222.6245,0.9135,109981.9361,45.1741,8.4872,15.7402
node-020,2024-01-01 08:01:30,0.2217,0.4135,3410071.3761,0.9122,129076.9259,48.1761,7.1184,16.0877
node-021,2024-01-01 08:01:30,0.0919,0.4044,3241795.0444,0.8215,130981.9481,45.6429,5.0168,16.0208
node-022,2024-01-01 08:01:30,0.3248,0.0,2794026.4572,0.8119,143358.7363,42.1849,7.0234,16.0376
node-023,2024-01-01 08:01:30,0.0222,0.0,3289408.8727,1.0507,116627.1313,53.9238,7.8984,16.1958
node-024,2024-01-01 08:01:30,0.1243,0.0,3305823.5876,0.8958,125152.8591,48.9914,5.9676,15.9467
node-025,2024-01-01 08:01:30,0.1672,0.0,4612021.2599,1.0456,114793.6917,51.0863,11.9794,15.9801
node-026,2024-01-01 08:01:30,0.0969,0.0,2682317.8761,0.788,126658.7791,43.9083,8.0324,15.8626
node-027,2024-01-01 08:01:30,0.0569,0.3148,2815370.7694,0.9085,110064.1658,57.8008,7.9852,16.0828
node-028,2024-01-01 08:01:30,0.0295,0.4793,1983605.2557,0.2959,110849.3438,6.9843,4.4474,48.0
node-029,2024-01-01 08:01:30,0.1095,0.8756,2119681.6045,1.0163,176343.609,47.1608,7.1107,16.129
node-000,2024-01-01 08:06:00,0.0896,0.0,4360628.3009,0.8114,105117.3763,44.0991,10.0454,16.1623
node-001,2024-01-01 08:06:00,0.0029,0.4634,1411259.087,0.0952,139984.2424,7.5554,3.1466,48.0
node-002,2024-01-01 08:06:00,0.1024,0.126,3716213.872,0.8927,143385.1691,48.0381,7.5272,15.8422
node-004,2024-01-01 08:06:00,0.0775,0.0,2340100.1634,0.9346,163610.9947,53.3753,4.9002,15.8013
node-005,2024-01-01 08:06:00,0.1606,0.0,3548811.3422,1.0965,133471.1315,51.1441,7.4586,16.2103
node-006,2024-01-01 08:06:00,0.1134,0.0,3148639.5931,0.7821,114768.5577,41.704,4.9079,16.0863
node-008,2024-01-01 08:06:00,0.1296,0.0,2929222.9023,0.7964,124812.5321,41.7554,5.98,16.0104
node-009,2024-01-01 08:06:00,0.0642,0.0,3158976.4091,1.1486,125228.6592,50.727,10.9846,15.8982
node-010,2024-01-01 08:06:00,0.1094,0.0,2672551.625,0.7673,134555.4219,48.6818,9.028,15.7543
node-011,2024-01-01 08:06:00,0.1121,0.0,2692301.4274,0.9813,134098.055,55.3641,11.7106,15.9673
node-012,2024-01-01 08:06:00,0.097,0.0,3278962.3189,0.8894,203004.3721,37.672,11.8617,15.9246
node-013,2024-01-01 08:06:00,0.147,0.0,2668670.5826,0.9924,134691.3948,47.2357,7.9613,15.9846
node-014,2024-01-01 08:06:00,0.0996,0.0,3173775.006,0.8859,113054.5414,43.7274,9.1072,16.2047
node-015,2024-01-01 08:06:00,0.0,0.5662,1705256.9302,0.097,129008.8328,6.1728,2.8372,48.0
node-017,2024-01-01 08:06:00,0.0,0.0,2671497.3307,0.8016,123737.4557,41.1628,9.0718,15.9227
node-018,2024-01-01 08:06:00,0.195,0.3007,3144737.7306,1.0503,96160.6772,42.2226,9.0838,15.8661
node-019,2024-01-01 08:06:00,0.0535,0.0,3069629.2458,0.6966,122705.397,39.8752,6.1149,16.2449
node-020,2024-01-01 08:06:00,0.0972,0.093,3229785.3398,1.0736,119209.4495,38.9822,7.1803,16.1737
node-021,2024-01-01 08:06:00,0.0957,0.3412,3307930.1692,0.8057,116132.8727,40.2059,7.007,15.9244
node-022,2024-01-01 08:06:00,0.1448,0.6008,2832940.8046,0.7031,111700.3033,46.6342,12.0046,16.1547
node-023,2024-01-01 08:06:00,0.126,0.2321,3304071.9107,1.3071,130543.9957,52.4388,6.9824,15.898
node-024,2024-01-01 08:06:00,0.0386,0.0,3391654.1623,0.7175,141334.3459,43.8587,11.0036,16.0087
node-025,2024-01-01 08:06:00,0.2077,0.0,4080924.5651,0.9863,121504.2251,54.049,12.1395,16.2284
node-026,2024-01-01 08:06:00,0.0844,0.7569,2720921.2954,0.6131,134725.5098,38.8643,8.0033,16.3051
node-027,2024-01-01 08:06:00,0.3254,0.7651,2976577.0114,0.9495,138580.9669,54.8348,9.0296,16.1554
node-028,2024-01-01 08:06:00,0.0,0.5603,1963950.2987,0.1979,139866.7816,6.5834,2.0913,48.0
node-029,2024-01-01 08:06:00,0.0624,0.9242,2191776.1742,0.711,165349.3519,47.381,6.9785,15.3434
node-000,2024-01-01 08:10:30,0.1118,0.0,4112390.1144,1.3384,133876.5759,44.4812,8.0008,15.9693
node-001,2024-01-01 08:10:30,0.0187,0.8756,1428867.7891,0.2145,129766.7789,5.6988,3.0513,47.7785
node-002,2024-01-01 08:10:30,0.1205,0.265,3549889.4459,1.1974,121042.7228,42.9623,10.9546,16.0449
node-004,2024-01-01 08:10:30,0.0447,0.0,2731694.415,1.0973,156645.1083,41.3952,5.9477,15.98
node-005,2024-01-01 08:10:30,0.1087,0.747,3294810.3219,0.8412,136201.8178,45.4904,9.9666,16.3015
node-006,2024-01-01 08:10:30,0.0897,0.0,2905066.329,1.2153,120498.9618,42.8985,6.3091,16.3469
node-007,2024-01-01 08:10:30,0.0,0.3513,4839.8507,0.7911,0.0,50.2611,0.0,0.0
node-008,2024-01-01 08:10:30,0.0689,0.7805,2882677.5516,0.8874,139673.0484,42.1525,8.9525,16.2132
node-009,2024-01-01 08:10:30,0.0709,0.2467,3380534.2035,1.0899,132394.5627,56.2415,5.9782,15.4374
node-010,2024-01-01 08:10:30,0.1231,0.0,2749074.3869,1.011,124376.8168,47.0115,7.9073,15.7944
node-011,2024-01-01 08:10:30,0.0994,0.0,2717091.1033,1.3225,91132.5865,52.3076,12.0042,15.9077
node-012,2024-01-01 08:10:30,0.143,0.0,3191159.501,0.9176,116693.0551,46.2642,7.0699,15.7937
node-013,2024-01-01 08:10:30,0.0787,0.1665,2840786.1965,1.0622,143679.9894,44.795,11.1441,15.9514
node-014,2024-01-01 08:10:30,0.0,0.446,3036035.9131,0.8298,120938.1829,46.1048,6.9053,15.6412
node-015,2024-01-01 08:10:30,0.0086,0.0,1318358.9851,0.1864,93485.2665,6.9687,2.9588,47.9404
node-017,2024-01-01 08:10:30,0.2836,0.0,2766881.9917,1.0877,83926.7276,45.5701,4.8684,16.0626
node-018,2024-01-01 08:10:30,0.0816,0.0,3314089.1383,0.9816,127332.5444,43.7679,13.0793,15.8923
node-019,2024-01-01 08:10:30,0.2497,0.0,2816974.9721,1.0378,150918.8621,41.9804,12.0997,15.6911
node-020,2024-01-01 08:10:30,0.1983,0.0,2923213.3014,1.0133,133775.2748,46.5158,8.1332,16.0857
node-021,2024-01-01 08:10:30,0.1487,0.6976,3399849.0097,0.822,128090.058,47.834,6.0634,15.8513
node-022,2024-01-01 08:10:30,0.0616,0.5087,2909082.984,1.0175,133188.7149,44.2614,6.8599,16.1867
node-023,2024-01-01 08:10:30,0.0836,0.0,3350436.0088,1.0899,105521.6042,55.737,5.9391,15.8792
node-024,2024-01-01 08:10:30,0.1148,0.7435,3341058.1605,1.0049,110669.4586,47.7169,6.9202,16.1882
node-025,2024-01-01 08:10:30,0.0718,0.3027,3624907.5627,1.0367,133900.0921,50.8405,10.0412,16.0889
node-026,2024-01-01 08:10:30,0.1552,0.9009,2671246.9588,1.1991,124464.7437,43.7183,8.9531,16.1039
node-027,2024-01-01 08:10:30,0.0638,0.3334,3008615.1199,1.0962,120287.3873,50.6635,10.0164,16.1332
node-028,2024-01-01 08:10:30,0.0,0.0,1721065.6367,0.1864,100462.1563,6.4584,2.9967,47.9432
node-029,2024-01-01 08:10:30,0.2085,0.0,2451121.5983,1.1927,145897.0857,41.9088,7.9395,15.9118
node-000,2024-01-01 08:15:00,0.1526,0.8925,3951944.6235,0.9018,143246.1729,42.5272,6.9951,16.2444
node-001,2024-01-01 08:15:00,0.0316,0.0,1405236.7652,0.2012,137210.4818,6.3068,3.0782,48.0
node-002,2024-01-01 08:15:00,0.2236,0.015,3678356.9862,1.0237,120817.1574,42.2994,9.039,15.9025
node-004,2024-01-01 08:15:00,0.1345,0.0,2691588.3663,1.0057,197138.3322,47.0129,7.3042,16.0668
node-005,2024-01-01 08:15:00,0.0144,1.0452,3721543.6282,0.889,126939.2718,48.5727,5.0297,15.7492
node-006,2024-01-01 08:15:00,0.0445,0.9449,3011452.0412,0.905,126176.5235,38.2986,6.0562,16.0917
node-007,2024-01-01 08:15:00,0.0917,0.0,2319949.612,0.8078,91263.3303,43.123,7.923,16.0946
node-008,2024-01-01 08:15:00,0.0955,0.0,3176235.5089,0.806,137189.4781,42.1594,5.9362,15.854
node-009,2024-01-01 08:15:00,0.095,0.7751,3450632.962,1.2706,128126.4531,53.2441,12.0633,15.584
node-010,2024-01-01 08:15:00,0.0557,0.0,2655200.7372,1.0033,152711.037,49.979,8.9799,15.8877
node-011,2024-01-01 08:15:00,0.0491,0.7857,2654606.9889,1.2671,135630.0773,56.6479,8.9243,16.5748
node-012,2024-01-01 08:15:00,0.1551,0.2615,3556497.139,0.9677,105436.0296,46.9742,7.932,16.0825
node-013,2024-01-01 08:15:00,0.0474,0.0,3139011.8113,1.0642,157498.1047,46.6484,11.9717,15.7284
node-014,2024-01-01 08:15:00,0.0438,0.0,3197003.7014,0.9985,132944.9643,41.4049,4.9379,15.8755
node-015,2024-01-01 08:15:00,0.0,0.0,1383275.8535,0.3036,186376.2805,6.0142,4.0551,47.7559
node-017,2024-01-01 08:15:00,0.0696,0.0,2790863.9351,0.9186,131103.5123,38.644,5.0359,16.1155
node-018,2024-01-01 08:15:00,0.1146,0.3757,2956854.9512,1.1028,137139.6198,37.5372,5.9973,15.9581
node-019,2024-01-01 08:15:00,0.1284,0.0,3086004.1506,0.8131,141726.2291,40.7948,7.4955,16.3795
node-020,2024-01-01 08:15:00,0.0989,0.0,3612203.7311,1.1053,111730.3324,44.0147,8.0716,15.6336
node-021,2024-01-01 08:15:00,0.1081,0.0,3270727.703,1.0045,132811.4061,44.4739,6.9378,15.9635
node-022,2024-01-01 08:15:00,0.1531,0.0,2908825.3546,0.7976,132259.5356,39.5068,5.9916,16.0679
node-023,2024-01-01 08:15:00,0.0666,0.5828,3261348.5177,1.1411,103890.5989,51.9273,7.4563,16.1973
node-024,2024-01-01 08:15:00,0.1435,0.0,3263420.9255,1.0831,126842.3748,46.3401,5.975,15.748
node-025,2024-01-01 08:15:00,0.0276,0.0,4226796.7316,1.1148,140612.4867,52.5122,7.622,16.2499
node-026,2024-01-01 08:15:00,0.0344,0.0,2770333.3192,1.0172,135661.4327,47.0216,6.4729,15.792
node-027,2024-01-01 08:15:00,0.1055,0.5462,3097009.716,0.9875,104651.4536,51.2226,8.1849,15.9573
node-028,2024-01-01 08:15:00,0.0,0.0,1979073.2629,0.1974,79597.2808,7.7572,3.9255,47.6242
node-029,2024-01-01 08:15:00,0.0888,0.0,2198296.3506,0.7662,180468.5543,46.8678,7.1019,15.9369
node-000,2024-01-01 08:19:30,0.1197,0.0,4339686.3006,1.1003,594859.1749,45.3255,6.1171,15.6083
node-001,2024-01-01 08:19:30,0.0,0.1249,1564497.3101,0.2107,578116.3042,8.0834,2.9606,48.0
node-002,2024-01-01 08:19:30,0.1931,0.0,3668863.3137,1.6981,574842.491,44.2032,6.6784,16.2883
node-004,2024-01-01 08:19:30,0.0938,0.0,2746084.2675,1.1072,613329.4436,45.5731,8.0412,16.1619
node-005,2024-01-01 08:19:30,0.1399,0.7672,3544253.8072,1.0834,604992.03,46.934,9.9594,16.3561
node-006,2024-01-01 08:19:30,0.1529,0.0329,2546855.2799,0.9792,559600.1462,41.8695,7.0489,16.2771
node-007,2024-01-01 08:19:30,0.0264,0.5511,2447697.723,1.0395,560763.602,40.2852,8.5014,16.0858
node-008,2024-01-01 08:19:30,0.0835,0.0223,3496001.0483,0.595,555938.1469,39.5003,7.9741,15.878
node-009,2024-01-01 08:19:30,0.0809,0.0,3038005.8271,1.1963,496723.1875,57.8106,9.9357,16.0984
node-010,2024-01-01 08:19:30,0.1062,0.0,3184454.4621,0.8945,572671.5963,46.9483,11.1391,15.8422
node-011,2024-01-01 08:19:30,0.0788,0.0,2508141.8685,1.2982,570804.7811,53.3415,6.8485,16.3016
node-012,2024-01-01 08:19:30,0.0755,0.0,3394799.5144,0.8948,593254.9344,40.3813,10.071,15.7982
node-013,2024-01-01 08:19:30,0.1221,0.5302,2782482.1867,1.0762,271915.4363,44.5769,9.5722,16.1283
node-014,2024-01-01 08:19:30,0.0808,0.0,3235175.5028,0.8197,427859.1231,46.5392,7.1017,15.9698
node-015,2024-01-01 08:19:30,0.0359,0.3386,1295248.1775,0.2005,500292.1964,6.1476,3.0141,47.9144
node-017,2024-01-01 08:19:30,0.1203,0.0,2781067.4942,0.8088,510270.9381,42.0357,9.0902,15.9258
node-018,2024-01-01 08:19:30,0.1213,0.0676,3012117.1264,1.2081,155685.9029,42.8996,7.0651,15.8455
node-019,2024-01-01 08:19:30,0.2237,0.0,3174980.6176,0.9053,542343.9125,39.4033,7.107,16.2
node-020,2024-01-01 08:19:30,0.0747,0.9694,3143083.6605,0.8896,580696.4124,48.11,6.953,16.397
node-021,2024-01-01 08:19:30,0.0962,0.0,3522234.177,0.7745,567857.1185,42.1468,9.5474,15.9819
node-022,2024-01-01 08:19:30,0.0427,0.0,3053442.2774,0.8515,588212.253,38.8568,8.0208,16.5768
node-023,2024-01-01 08:19:30,0.1145,0.3926,3303974.9302,1.0845,585992.138,49.1038,8.9306,16.3421
node-024,2024-01-01 08:19:30,0.1556,0.194,3347401.5851,0.9572,329542.2522,52.0467,8.9891,16.2283
node-025,2024-01-01 08:19:30,0.1104,0.0,4424073.8861,1.1609,587114.616,53.4695,15.0674,15.8204
node-026,2024-01-01 08:19:30,0.1258,0.1795,3127982.0992,0.7038,331106.9169,41.1191,6.0993,16.1349
node-027,2024-01-01 08:19:30,0.0972,0.3086,2867769.553,1.2341,134807.3744,55.7735,7.9694,15.8972
node-028,2024-01-01 08:19:30,0.0,0.1764,1795438.8925,0.1919,581641.1932,6.4727,4.1196,48.0
node-029,2024-01-01 08:19:30,0.0847,0.0252,2299123.1872,0.909,423949.6131,43.9791,6.9152,15.9798
node-000,2024-01-01 08:24:00,0.1419,0.1378,4034025.5871,0.901,480943.391,44.1214,7.976,16.201
node-001,2024-01-01 08:24:00,0.1145,0.3749,1194708.277,0.1971,529260.2671,7.0266,3.0258,47.8705
node-002,2024-01-01 08:24:00,0.1192,0.0,3362878.5128,1.7186,457894.836,50.2203,6.9521,15.4855
node-004,2024-01-01 08:24:00,0.0997,0.0,2473439.4201,1.0115,609913.5172,47.6951,6.9631,16.5428
node-005,2024-01-01 08:24:00,0.1043,0.0,3490571.4889,0.9745,577012.1324,49.786,4.9996,16.4263
node-006,2024-01-01 08:24:00,0.1185,1.1838,2992418.8133,1.1588,564822.0966,41.8559,5.0222,16.2982
node-007,2024-01-01 08:24:00,0.0617,0.2017,2761252.2701,1.2874,576842.5227,42.7656,11.0755,16.0076
node-008,2024-01-01 08:24:00,0.0815,0.0,3182647.7071,0.748,555826.2955,42.1509,6.9215,15.9036
node-009,2024-01-01 08:24:00,0.1091,0.0,3273249.582,1.3898,558989.1309,56.9486,6.0051,15.9108
node-010,2024-01-01 08:24:00,0.1007,0.0,3031569.5039,1.1611,530539.1701,46.4513,9.7603,15.8368
node-011,2024-01-01 08:24:00,0.0668,0.0073,2833615.8844,1.1152,569618.1575,46.8065,10.1131,15.8384
node-012,2024-01-01 08:24:00,0.0,0.0,3561730.1052,0.889,582342.7145,43.0554,7.1065,15.7829
node-013,2024-01-01 08:24:00,0.0582,0.0,2716091.7558,0.9973,619830.9296,47.7222,7.9808,16.0022
node-014,2024-01-01 08:24:00,0.0969,0.0,3017846.3917,0.9037,589930.3806,41.7802,7.0063,15.627
node-015,2024-01-01 08:24:00,0.009,0.4645,1358869.0849,0.2163,574787.1322,6.087,3.0135,48.0
node-017,2024-01-01 08:24:00,0.0573,0.3191,2850532.7383,0.8071,581052.8615,42.4807,8.0256,15.5634
node-018,2024-01-01 08:24:00,0.0383,0.0,2951768.963,1.0733,580786.0563,38.9501,9.2991,16.1622
node-019,2024-01-01 08:24:00,0.096,0.0,3099044.9928,0.8701,553622.9019,39.5,7.0129,16.2237
node-020,2024-01-01 08:24:00,0.1698,0.5345,2913185.752,1.0431,576585.9251,49.1709,7.6125,16.0107
node-021,2024-01-01 08:24:00,0.1248,0.0,3277894.9011,0.7554,577369.8487,46.9468,5.9457,16.1857
node-022,2024-01-01 08:24:00,0.1437,0.0,2635709.5195,0.8059,588924.3378,42.4822,7.0781,16.1007
node-023,2024-01-01 08:24:00,0.1008,0.1754,3212632.4581,0.8981,584122.3824,50.9007,11.8987,15.6367
node-024,2024-01-01 08:24:00,0.0833,0.5915,3253489.0891,1.5316,408283.8646,43.4707,9.0774,16.033
node-025,2024-01-01 08:24:00,0.1671,0.0,4154870.2414,0.992,593455.8525,55.1762,7.9838,16.2351
node-026,2024-01-01 08:24:00,0.0897,0.0,2601466.5762,0.8912,520884.3184,42.1523,7.9123,15.7245
node-027,2024-01-01 08:24:00,0.0942,0.1038,2802537.9261,0.9312,574114.6231,55.9433,13.0922,16.336
node-028,2024-01-01 08:24:00,0.0,0.698,2068507.7812,0.1962,564945.3324,6.6272,4.0806,47.8227
node-029,2024-01-01 08:24:00,0.1913,0.8954,2400690.6415,0.8428,617961.5959,48.2821,8.966,16.2609
node-000,2024-01-01 08:28:30,0.0954,0.0,4249756.3102,1.0002,288746.4746,45.8373,9.0132,15.6211
node-001,2024-01-01 08:28:30,0.0076,0.0,1391817.2256,0.1953,574093.1489,5.9426,3.0296,48.0
node-002,2024-01-01 08:28:30,0.1084,0.0,3307256.5787,0.8311,104783.9335,44.5575,9.9909,15.9996
node-004,2024-01-01 08:28:30,0.1298,0.0,2568986.1579,0.919,494314.833,49.3467,8.0886,16.0917
node-005,2024-01-01 08:28:30,0.1119,0.0058,3441664.1462,0.9759,122031.4481,45.0895,7.1622,15.9999
node-006,2024-01-01 08:28:30,0.0568,0.6209,3291725.1766,0.9049,378561.1715,45.3387,11.0593,15.85
node-007,2024-01-01 08:28:30,0.1333,0.7804,2736000.9254,1.1208,429260.8558,46.8501,7.455,15.9294
node-008,2024-01-01 08:28:30,0.0934,0.5848,3038336.2972,0.7831,120549.181,39.7922,8.0282,15.79
node-009,2024-01-01 08:28:30,0.1051,0.0741,3398392.3578,0.8676,559631.9465,57.3226,7.1019,16.0284
node-010,2024-01-01 08:28:30,0.1415,1.1302,3107545.7926,0.9298,596945.9822,47.2408,7.9467,16.1149
node-011,2024-01-01 08:28:30,0.0626,0.0385,2730177.58,1.0109,105543.8331,46.7123,6.9841,16.001
node-012,2024-01-01 08:28:30,0.11,0.0,3448873.2677,1.0101,126190.3402,48.6538,6.9508,16.0341
node-013,2024-01-01 08:28:30,0.1063,0.832,2875798.294,0.8437,634873.5492,37.5585,6.9533,15.8897
node-014,2024-01-01 08:28:30,0.0989,0.0,3107932.4017,0.7002,144566.2001,43.1632,6.93,15.4874
node-015,2024-01-01 08:28:30,0.0,0.0,1491301.4677,0.1822,114786.3852,6.5764,3.0576,47.9694
node-017,2024-01-01 08:28:30,0.1021,0.0,2744511.6811,0.8043,121421.5661,39.0314,7.9996,16.352
node-018,2024-01-01 08:28:30,0.1821,0.0,3172815.4016,1.0989,550105.6833,42.0064,8.1589,16.257
node-019,2024-01-01 08:28:30,0.1832,0.5486,3085527.5686,0.7999,130917.3767,47.2394,6.1039,15.8836
node-020,2024-01-01 08:28:30,0.0629,0.9525,2964200.3777,0.9819,580469.7255,53.9021,7.9315,16.3118
node-021,2024-01-01 08:28:30,0.114,0.3834,3137561.6042,0.7008,550813.3534,43.108,8.1106,16.2543
node-022,2024-01-01 08:28:30,0.1413,0.6422,3092695.4237,0.9834,530518.7566,46.5695,5.9323,16.0398
node-023,2024-01-01 08:28:30,0.0918,0.0,3244245.9307,1.0136,131875.0212,50.7562,11.0091,16.0458
node-024,2024-01-01 08:28:30,0.0808,0.0,3286686.6019,0.921,584466.4032,47.3636,6.9739,15.9005
node-025,2024-01-01 08:28:30,0.2358,0.2428,4130798.8602,0.8891,129070.5945,51.1974,11.4116,15.626
node-026,2024-01-01 08:28:30,0.0741,0.0,2910212.8023,0.8074,558488.8329,36.9318,6.9625,16.0759
node-027,2024-01-01 08:28:30,0.0719,0.2414,2871930.0988,1.0062,563153.5325,49.0887,6.0236,15.7418
node-028,2024-01-01 08:28:30,0.0134,0.0,2221938.6676,0.2049,510168.9721,6.286,2.9462,47.6459
node-029,2024-01-01 08:28:30,0.0943,0.0,2396134.7196,0.6876,285624.6461,41.9265,8.0015,15.8708
node-000,2024-01-01 08:33:00,0.1152,0.0,4285251.3505,1.2251,136562.8948,44.6082,5.9945,15.9261
node-001,2024-01-01 08:33:00,0.1002,0.0,1233571.2602,0.1781,139516.2218,6.4115,3.3093,47.9213
node-002,2024-01-01 08:33:00,0.1051,0.0,3342616.2121,1.0027,135112.5994,46.5488,5.9303,16.3659
node-004,2024-01-01 08:33:00,0.1284,0.5017,2476605.9202,0.7991,166418.4781,47.157,7.0521,15.9237
node-005,2024-01-01 08:33:00,0.1443,0.0,3700482.9482,0.9962,142269.6081,43.1763,9.0434,15.945
node-006,2024-01-01 08:33:00,0.1085,0.0005,3019703.8421,0.9177,128438.2783,41.9808,5.8454,15.7306
node-007,2024-01-01 08:33:00,0.0679,0.0,2595275.2159,0.8977,141743.676,43.1145,8.9452,16.051
node-008,2024-01-01 08:33:00,0.0946,0.0,3225407.4749,0.9013,123197.463,44.6418,4.9815,15.642
node-009,2024-01-01 08:33:00,0.1286,0.0,3620539.327,2.8181,87509.4863,61.0278,7.8912,16.2677
node-010,2024-01-01 08:33:00,0.1383,0.0,2982108.0451,1.0343,108826.8575,48.847,6.9923,15.4588
node-011,2024-01-01 08:33:00,0.0781,0.0,2447823.384,1.3189,173198.9421,53.2434,13.036,16.0021
node-012,2024-01-01 08:33:00,0.1201,0.4013,3256261.0668,1.2287,124246.497,46.2286,6.9827,16.1069
node-013,2024-01-01 08:33:00,0.2298,0.082,3145639.4778,1.1078,163838.3461,44.1471,7.1523,16.0182
node-014,2024-01-01 08:33:00,0.0,0.0,2814898.4159,1.3846,147622.8595,40.8135,10.6653,16.1233
node-015,2024-01-01 08:33:00,0.1099,0.0,1340934.8784,0.1057,130535.6589,6.1714,4.1167,48.0
node-017,2024-01-01 08:33:00,0.1132,0.685,2831556.4428,1.1351,144353.3523,40.897,4.8823,16.0524
node-018,2024-01-01 08:33:00,0.0298,0.0,3098939.4383,1.2426,137918.6445,39.698,6.9535,16.0568
node-019,2024-01-01 08:33:00,0.2256,0.0,2963856.3067,1.3418,134600.1805,37.7093,11.0688,16.0878
node-020,2024-01-01 08:33:00,0.0,0.0612,2811324.6338,0.8871,131375.2064,41.1341,6.9653,15.9873
node-021,2024-01-01 08:33:00,0.1171,0.2353,3202029.2503,0.7136,143879.3307,42.6056,7.4599,16.1024
node-022,2024-01-01 08:33:00,0.0665,0.0,2812465.3684,0.7955,125618.0877,43.5145,8.9744,15.9836
node-023,2024-01-01 08:33:00,0.1038,0.0,3314810.137,0.7815,143090.0622,55.0433,11.9032,16.3008
node-024,2024-01-01 08:33:00,0.0946,0.0,3362610.4772,0.8145,202877.8151,43.952,7.8446,15.771
node-025,2024-01-01 08:33:00,0.0996,0.4751,4008748.5237,1.4792,127841.4355,56.4115,7.9538,15.595
node-026,2024-01-01 08:33:00,0.1767,0.0,2728685.3093,1.3362,119652.9975,39.1639,8.0109,15.7619
node-027,2024-01-01 08:33:00,0.1419,0.0,2479879.5872,2.4692,121338.002,56.4002,8.9385,15.6151
node-028,2024-01-01 08:33:00,0.0075,0.0,1591808.5139,0.2029,145903.21,5.8108,3.0925,48.0
node-029,2024-01-01 08:33:00,0.1469,0.0466,2361080.5096,1.6309,143372.3183,48.1373,7.0189,16.0013
node-000,2024-01-01 08:37:30,0.0953,0.0267,4032666.0841,0.958,129949.8249,47.0517,9.9953,15.9422
node-001,2024-01-01 08:37:30,0.0059,0.0,1475119.2054,0.2079,95494.6904,7.142,2.8955,47.5017
node-002,2024-01-01 08:37:30,0.1141,0.3457,3538042.315,0.8249,159325.8074,44.2511,8.0093,16.2565
node-004,2024-01-01 08:37:30,0.0537,0.0,2364931.3254,0.8408,148631.0538,48.3079,8.0309,16.0671
node-005,2024-01-01 08:37:30,0.1335,0.0,3260227.8809,0.9089,139331.4503,48.72,10.9249,15.9819
node-006,2024-01-01 08:37:30,0.0969,0.0,2990026.0497,0.8891,102387.4354,39.6856,3.8757,16.0017
node-007,2024-01-01 08:37:30,0.1198,0.0,2919987.5918,1.3283,131191.4509,41.5935,8.0942,15.9975
node-008,2024-01-01 08:37:30,0.1001,0.0,2912053.9405,0.6134,119792.0236,39.8764,4.9966,15.9536
node-009,2024-01-01 08:37:30,0.114,0.5278,3350505.2878,0.8653,122743.0379,49.7036,8.0629,16.2353
node-010,2024-01-01 08:37:30,0.0938,0.0,2766742.4879,0.8903,129728.6793,44.178,9.3427,15.9405
node-011,2024-01-01 08:37:30,0.1034,0.0,2764973.2765,0.8943,117419.3543,57.6703,6.989,15.8483
node-012,2024-01-01 08:37:30,0.0867,0.3182,3610658.1832,0.7961,123016.4171,42.7175,7.9366,16.0221
node-013,2024-01-01 08:37:30,0.0898,1.0791,2845408.8685,1.0025,180591.4889,46.0563,6.0908,15.6341
node-014,2024-01-01 08:37:30,0.3074,0.0,3161889.6769,0.7403,130175.9672,43.5811,9.9866,16.1338
node-015,2024-01-01 08:37:30,0.0102,0.0,1343389.4377,0.197,137803.5472,6.776,2.6406,48.0
node-017,2024-01-01 08:37:30,0.0816,0.1036,2581220.3653,0.7008,118599.2482,38.9732,5.0164,15.9407
node-018,2024-01-01 08:37:30,0.0976,0.0,3382555.1428,1.0953,146663.0233,41.5832,7.0081,16.0644
node-019,2024-01-01 08:37:30,0.0817,0.0,3229137.2081,3.7945,123827.473,41.7202,8.984,16.004
node-020,2024-01-01 08:37:30,0.1308,0.0198,3193706.3591,0.912,152273.1843,48.6347,6.8659,16.1151
node-021,2024-01-01 08:37:30,0.0579,0.4103,3326020.8344,0.6935,137499.8225,41.1942,6.1096,15.9523
node-022,2024-01-01 08:37:30,0.1014,0.3833,2631077.7019,0.6077,123500.4832,44.2128,4.9774,16.3172
node-023,2024-01-01 08:37:30,0.1629,0.7085,3009600.4643,0.996,123972.2337,51.571,9.0018,15.9949
node-024,2024-01-01 08:37:30,0.0817,1.1748,3345373.7387,0.7975,134645.2006,45.6751,5.9667,16.2231
node-025,2024-01-01 08:37:30,0.071,0.0,3862572.7386,1.0913,133618.0651,49.66,7.9739,16.0687
node-026,2024-01-01 08:37:30,0.0607,0.0,2436626.0054,1.6236,129143.4269,43.6152,7.0382,15.8716
node-027,2024-01-01 08:37:30,0.1587,0.0,2895982.2719,6.1028,160439.4095,54.0714,8.0917,15.8699
node-028,2024-01-01 08:37:30,0.0,0.0,1989859.8702,0.2005,145836.0037,7.2345,3.0413,47.9621
node-029,2024-01-01 08:37:30,0.1314,0.0,2660672.0004,0.5854,157074.5639,45.7918,9.0245,16.13
node-000,2024-01-01 08:42:00,0.126,0.0,4230221.0882,0.8945,213287.035,45.884,8.0754,15.6478
node-001,2024-01-01 08:42:00,0.0,0.0,1287061.4915,0.1966,114119.6707,6.7474,4.9333,48.0
node-002,2024-01-01 08:42:00,0.0605,0.0,3561301.9861,0.7879,116568.1399,41.194,9.0592,15.9554
node-004,2024-01-01 08:42:00,0.1169,0.6054,2813943.6097,1.6007,166097.0423,40.7927,10.01,15.8626
node-005,2024-01-01 08:42:00,0.0059,0.0,3255315.857,0.7162,101468.6233,47.8277,7.4288,15.6473
node-006,2024-01-01 08:42:00,0.094,0.7273,3447078.3577,0.9908,126938.7949,38.8445,2.9204,16.1671
node-007,2024-01-01 08:42:00,0.1858,0.9869,2620490.5402,0.9103,119842.1292,47.6342,5.9477,15.8507
node-008,2024-01-01 08:42:00,0.2108,0.0,2973998.7626,1.3724,132207.795,39.723,8.44,15.9451
node-009,2024-01-01 08:42:00,0.0586,0.9341,3287853.4707,1.1083,148596.4007,54.9835,8.9463,15.8478
node-010,2024-01-01 08:42:00,0.0992,0.0,3296846.006,0.9991,115368.707,50.9446,7.8765,15.9429
node-011,2024-01-01 08:42:00,0.1865,0.3832,2588707.4457,1.0996,127366.6746,55.5479,11.6515,15.7283
node-012,2024-01-01 08:42:00,0.1809,0.0,3468161.3259,0.9952,136845.1094,42.9643,6.7189,16.2481
node-013,2024-01-01 08:42:00,0.073,0.0,2941491.8647,0.9036,148241.0555,44.4507,9.892,16.5041
node-014,2024-01-01 08:42:00,0.0877,0.0,2925404.0031,0.8746,128146.4298,40.959,5.0083,16.0913
node-015,2024-01-01 08:42:00,0.0,0.0688,1331955.6256,0.2032,134663.3551,7.0833,4.0458,47.8251
node-017,2024-01-01 08:42:00,0.2025,0.3135,2768548.23,1.1548,115014.5822,44.6267,11.1282,15.6524
node-018,2024-01-01 08:42:00,0.0542,0.0,3052370.6291,1.5324,140328.6455,44.858,8.0433,16.0573
node-019,2024-01-01 08:42:00,0.186,0.3565,3135773.8395,0.8004,120701.2795,40.1651,4.9766,16.3072
node-020,2024-01-01 08:42:00,0.0575,0.0,3095265.6982,1.0118,120326.0713,51.4152,5.9558,15.7248
node-021,2024-01-01 08:42:00,0.1187,0.0,3067811.2206,0.7259,144385.0478,46.1825,7.9528,15.9867
node-022,2024-01-01 08:42:00,0.1118,0.0958,2881481.167,0.7797,123899.7486,45.6354,6.8902,16.2976
node-023,2024-01-01 08:42:00,0.1096,0.6977,3177151.3461,0.8827,136671.7127,55.4612,10.0087,15.6408
node-024,2024-01-01 08:42:00,0.1096,0.0,3256887.804,1.4955,119744.7283,42.4682,5.9096,16.094
node-025,2024-01-01 08:42:00,0.1097,0.387,3932899.1072,1.1206,122390.1322,51.8171,10.9925,15.953
node-026,2024-01-01 08:42:00,0.2036,0.0583,2518409.7279,0.788,123500.4796,41.9897,6.9515,16.0494
node-027,2024-01-01 08:42:00,0.0323,0.1816,2486237.0611,0.8009,139072.264,51.5927,8.9452,16.5365
node-028,2024-01-01 08:42:00,0.0,0.8629,1622412.6493,0.2778,118012.9681,6.9238,2.8875,48.0
node-029,2024-01-01 08:42:00,0.0636,0.48,2197828.0289,0.7451,154746.0243,46.06,7.003,15.8988
node-000,2024-01-01 08:46:30,0.1062,0.7357,4076445.9063,1.027,132343.7781,38.1404,9.0419,16.3568
node-001,2024-01-01 08:46:30,0.0,0.0,1418837.8195,0.2189,110929.3764,7.2738,4.0099,47.9673
node-002,2024-01-01 08:46:30,0.127,1.2099,3381245.7665,0.9844,123150.5349,43.282,11.9978,15.4783
node-004,2024-01-01 08:46:30,0.097,0.0,2398191.9154,0.9955,181756.0081,47.313,7.1468,15.9347
node-005,2024-01-01 08:46:30,0.2068,0.0,3475967.9423,1.1311,129845.2467,46.2515,8.0049,15.626
node-006,2024-01-01 08:46:30,0.2037,0.0,2995782.4238,0.9822,112104.5901,38.5147,6.569,15.9726
node-007,2024-01-01 08:46:30,0.0733,0.7289,2599462.1918,1.0044,116353.8593,48.3325,6.9603,15.9456
node-008,2024-01-01 08:46:30,0.2506,0.0,2914346.0107,1.1066,146348.2796,38.4662,9.0782,16.0844
node-009,2024-01-01 08:46:30,0.0648,0.0,3442072.3817,1.0314,122755.1065,54.8774,9.0065,15.9827
node-010,2024-01-01 08:46:30,0.1847,0.1056,2908622.7836,0.9671,123574.881,52.0468,9.9599,15.9631
node-011,2024-01-01 08:46:30,0.1033,0.0,2505628.4879,1.0976,113752.4238,54.4349,17.0096,16.0513
node-012,2024-01-01 08:46:30,0.0881,0.7289,3388106.4327,0.8973,144740.2799,46.4264,12.8942,15.9176
node-013,2024-01-01 08:46:30,0.0957,0.5486,2840656.1364,0.8983,145801.9774,46.14,7.7602,16.4258
node-014,2024-01-01 08:46:30,0.3564,0.0,2858062.6413,0.7216,131687.6852,42.0746,11.2992,16.3193
node-015,2024-01-01 08:46:30,0.0169,0.0,1603415.2195,0.1123,121507.9606,7.3248,3.0373,47.7985
node-017,2024-01-01 08:46:30,0.2026,0.2036,2968875.8606,1.0004,113480.8455,40.2595,6.9185,15.8988
node-018,2024-01-01 08:46:30,0.0752,0.0,3067972.582,1.5933,119181.6827,40.8065,9.0528,16.0077
node-019,2024-01-01 08:46:30,0.2232,0.0,3273519.9111,1.1614,143731.7886,43.0,4.9505,15.8252
node-020,2024-01-01 08:46:30,0.0388,0.2299,3012878.4631,0.9987,124438.769,49.2679,10.9911,15.721
node-021,2024-01-01 08:46:30,0.0861,0.3736,3433558.6946,1.1003,129793.5924,38.8754,11.9098,15.6034
node-022,2024-01-01 08:46:30,0.0,0.8696,2927760.4541,0.7864,126155.9882,46.8823,9.9901,16.007
node-023,2024-01-01 08:46:30,0.0846,0.2828,3456367.1104,1.0065,119492.9512,53.4185,11.0216,16.0191
node-024,2024-01-01 08:46:30,0.2301,0.1515,2988073.6699,0.8798,95298.7171,49.8851,11.8749,16.202
node-025,2024-01-01 08:46:30,0.2861,0.2686,4157167.1744,1.146,132756.4497,51.831,9.0624,15.8041
node-026,2024-01-01 08:46:30,0.1503,0.0,2673024.0083,0.7791,86405.428,44.5965,11.0886,15.9205
node-027,2024-01-01 08:46:30,0.1134,0.7192,2974167.4987,1.8865,134990.7235,55.8098,9.0735,16.1621
node-028,2024-01-01 08:46:30,0.016,0.9938,1928171.2775,0.2985,118633.1783,6.7666,5.0947,47.8019
node-029,2024-01-01 08:46:30,0.2276,0.8123,2297073.8383,1.5932,136564.3813,45.8322,7.9237,15.6274
node-000,2024-01-01 08:51:00,0.0944,0.0,4287298.5314,1.055,127212.2727,49.9175,7.0954,16.11
node-001,2024-01-01 08:51:00,0.0,0.0,1373100.6501,0.1932,87245.3418,6.5205,3.0322,47.5755
node-002,2024-01-01 08:51:00,0.064,0.0,3455139.914,0.8409,137119.4126,41.374,11.0163,16.2692
node-004,2024-01-01 08:51:00,0.1389,0.0,2526210.7513,1.0786,162851.6268,48.4283,8.6222,15.6649
node-005,2024-01-01 08:51:00,0.1241,0.5463,3545551.1948,1.0229,142395.6714,47.7455,7.1135,15.9917
node-006,2024-01-01 08:51:00,0.1776,0.0,3073319.3008,0.9395,115151.2067,42.4941,6.9846,15.9345
node-007,2024-01-01 08:51:00,0.1133,0.0,2688641.6542,0.8053,107070.4442,41.3135,8.0579,16.2764
node-008,2024-01-01 08:51:00,0.3837,0.0,3286048.9718,1.1031,140033.8458,43.0104,7.0089,15.8281
node-009,2024-01-01 08:51:00,0.1083,0.0,3196197.2947,1.0614,109713.0684,46.0284,8.9899,15.8827
node-010,2024-01-01 08:51:00,0.0784,0.0384,3301160.1789,1.0969,122174.8484,38.4834,7.9783,16.3412
node-011,2024-01-01 08:51:00,0.0655,0.0,2569536.1962,1.7066,105796.3534,50.6605,7.0137,16.3067
node-012,2024-01-01 08:51:00,0.0864,0.3514,3259682.6719,0.9046,103755.9091,46.4286,7.9119,16.1703
node-013,2024-01-01 08:51:00,0.095,0.0,3025519.7613,0.9059,184288.9929,49.2758,7.0474,16.3105
node-014,2024-01-01 08:51:00,0.0827,0.0,2722550.7945,1.0118,131218.7604,42.3393,7.0706,16.4823
node-015,2024-01-01 08:51:00,0.0,0.0,1485590.52,0.2086,80989.7272,6.0589,2.951,48.0
node-017,2024-01-01 08:51:00,0.0851,0.0,2983636.9181,0.6155,121687.1312,37.7172,6.87,15.9816
node-018,2024-01-01 08:51:00,0.1289,0.0767,3021505.732,1.1184,152161.7466,45.2742,8.958,16.034
node-019,2024-01-01 08:51:00,0.1835,0.0,3134314.9966,0.9998,111906.0152,42.0569,6.8525,15.9804
node-020,2024-01-01 08:51:00,0.0259,0.1699,2958842.3079,0.9619,149107.206,46.9267,7.9792,16.1011
node-021,2024-01-01 08:51:00,0.1566,0.0,3297719.1658,0.7829,127109.0923,40.2092,6.9639,15.9982
node-022,2024-01-01 08:51:00,0.261,0.0,2565586.1154,0.8899,123837.9769,42.8322,5.0792,15.8068
node-023,2024-01-01 08:51:00,0.1177,0.0,3167316.5704,1.0045,81052.2076,59.2508,10.0739,16.2077
node-024,2024-01-01 08:51:00,0.062,0.0173,3412566.1494,0.8462,111150.5126,45.5686,8.9259,15.6912
node-025,2024-01-01 08:51:00,0.1596,0.3568,4189163.6274,0.9873,173757.1479,56.0443,8.6462,15.9098
node-026,2024-01-01 08:51:00,0.1019,0.0,2532435.2531,0.7861,116099.0226,41.4354,5.7216,16.0711
node-027,2024-01-01 08:51:00,0.1029,0.2375,2753718.6111,0.9534,137271.0329,50.9266,8.9926,15.6974
node-028,2024-01-01 08:51:00,0.0,0.0,1841446.1669,0.1889,85443.5976,7.0349,3.1936,48.0
node-029,2024-01-01 08:51:00,0.0871,0.0,2556074.1061,1.4994,148463.5153,46.5156,6.9688,16.0029
node-000,2024-01-01 08:55:30,0.069,0.0626,4124930.6678,0.6928,125266.7107,49.6351,7.0283,16.167
node-001,2024-01-01 08:55:30,0.0,0.5542,1420595.0547,0.2241,165974.7222,6.641,1.9284,48.0
node-002,2024-01-01 08:55:30,0.0723,0.0211,3210612.2018,1.7305,123177.7273,47.3154,6.1594,16.3186
node-004,2024-01-01 08:55:30,0.174,0.2557,2848512.3617,1.0013,158799.3754,47.3937,5.9115,16.0146
node-005,2024-01-01 08:55:30,0.0722,0.3873,3793706.9885,1.596,121944.6831,49.1239,7.9794,15.9123
node-006,2024-01-01 08:55:30,0.0729,0.0,3272372.2257,1.501,137864.2521,40.0531,6.9999,15.9135
node-007,2024-01-01 08:55:30,0.0881,0.0,2572287.8737,0.8112,146026.0873,47.0954,9.5156,16.1873
node-008,2024-01-01 08:55:30,0.1385,0.0,3159349.6731,0.8463,131983.24,38.3107,8.1179,16.1645
node-009,2024-01-01 08:55:30,0.1878,0.0,3033640.438,0.9015,145239.6872,53.0175,13.0028,16.158
node-010,2024-01-01 08:55:30,0.068,0.6515,2843929.2216,1.6137,124530.5177,50.3423,7.9241,16.0824
node-011,2024-01-01 08:55:30,0.1019,0.848,2661381.0302,1.0574,126757.5056,53.8573,8.9755,16.165
node-012,2024-01-01 08:55:30,0.0967,0.0,3424184.4115,0.8863,87947.1237,39.5335,8.031,15.7527
node-013,2024-01-01 08:55:30,0.0962,0.7527,2978946.9499,1.6136,149915.4704,49.3714,7.1152,15.8361
node-014,2024-01-01 08:55:30,0.1213,0.0642,3079975.9288,0.7223,86471.9501,43.3711,7.0976,15.9408
node-015,2024-01-01 08:55:30,0.0,0.0,1326618.6114,0.2075,120030.8219,5.6626,1.925,48.0
node-017,2024-01-01 08:55:30,0.1892,0.5805,3145467.3168,0.8092,124345.3566,40.5472,7.1108,15.5559
node-018,2024-01-01 08:55:30,0.0358,0.0,3073606.4085,1.1058,131645.1984,39.3344,7.9624,15.963
node-019,2024-01-01 08:55:30,0.1922,0.0,3204917.4396,1.0721,121320.9515,42.3097,5.9788,16.3495
node-020,2024-01-01 08:55:30,0.1019,0.0477,3440055.7643,0.7969,121997.4798,45.9938,6.9084,15.5151
node-021,2024-01-01 08:55:30,0.0741,1.0186,3594520.5412,1.3197,143306.9997,41.2712,6.7525,15.61
node-022,2024-01-01 08:55:30,0.1597,0.2464,2541979.7829,0.7962,135340.542,36.2658,6.0385,16.0077
node-023,2024-01-01 08:55:30,0.0659,0.0396,3550410.5337,0.9202,154307.1511,47.9105,7.0091,15.8593
node-024,2024-01-01 08:55:30,0.0795,0.613,3390840.5332,1.096,137958.0644,46.2084,13.0089,16.3426
node-025,2024-01-01 08:55:30,0.1716,0.0,4121730.4255,1.0806,119648.7905,51.6738,10.9781,15.6312
node-026,2024-01-01 08:55:30,0.145,0.7458,2549040.9589,0.7848,141387.2688,43.3083,6.0175,15.9128
node-027,2024-01-01 08:55:30,0.1222,0.0994,2419893.3287,1.4258,90158.3403,58.843,15.0551,16.9191
node-028,2024-01-01 08:55:30,0.0295,0.0,1883332.6774,0.3124,131132.0139,5.9552,3.0319,48.0
node-029,2024-01-01 08:55:30,0.0645,0.2809,2279024.7675,0.7867,176597.4631,45.9578,6.0077,15.9368
node-000,2024-01-01 09:00:00,0.1079,0.1382,4066040.3221,0.8954,136839.1217,50.3184,6.0254,15.9455
node-001,2024-01-01 09:00:00,0.0126,0.4723,1473726.1256,0.2142,150223.7561,6.6612,3.9872,48.0
node-002,2024-01-01 09:00:00,0.1072,0.2636,3757955.044,0.9947,121799.7317,48.2594,8.964,16.2827
node-004,2024-01-01 09:00:00,0.1494,0.0,2516913.1074,0.9151,159984.1911,47.6519,6.8943,15.9432
node-005,2024-01-01 09:00:00,0.0998,0.8887,3551935.187,0.9897,135117.2926,46.7274,9.009,15.7072
node-006,2024-01-01 09:00:00,0.1292,0.2884,2816524.8345,0.9297,164939.9463,42.1394,8.0,16.249
node-007,2024-01-01 09:00:00,0.1852,0.7548,2520416.3965,0.9947,145853.6791,57.962,7.8967,15.8364
node-008,2024-01-01 09:00:00,0.1,0.0,3421860.1494,1.0657,128897.4017,39.746,4.988,15.8492
node-009,2024-01-01 09:00:00,0.0892,0.0,3500824.7314,1.4171,111684.9603,53.056,7.9833,16.2509
node-010,2024-01-01 09:00:00,0.0512,0.4547,2831823.4552,0.7046,138649.9133,51.5575,7.6129,15.586
node-011,2024-01-01 09:00:00,0.0883,0.0135,2735655.0306,1.4863,136470.6594,56.0571,9.0027,16.1121
node-012,2024-01-01 09:00:00,0.0563,0.262,3642453.6718,1.0162,138004.8646,46.0388,7.9055,15.9379
node-013,2024-01-01 09:00:00,0.0921,0.9915,2829978.7417,0.9969,175406.8786,52.3554,10.999,15.7131
node-014,2024-01-01 09:00:00,0.1544,0.0,3076028.4584,0.6965,144168.8313,45.6437,6.026,15.9648
node-015,2024-01-01 09:00:00,0.0,1.3177,1386853.3792,0.1828,118457.0916,6.3294,4.1969,48.0
node-017,2024-01-01 09:00:00,0.1253,0.2072,2941655.2262,1.3104,130411.1129,40.6007,5.8913,16.0703
node-018,2024-01-01 09:00:00,0.0486,0.1129,3272807.7371,1.1866,85787.5767,42.8499,7.2641,16.0103
node-019,2024-01-01 09:00:00,0.0494,0.2214,2930486.6165,0.8964,131710.7145,40.8729,8.0825,15.9501
node-020,2024-01-01 09:00:00,0.0581,0.3665,3156147.5497,0.9122,102825.7633,48.7933,7.7621,15.5857
node-021,2024-01-01 09:00:00,0.148,0.4851,3313224.4593,0.8066,107852.1919,41.1901,8.0732,15.9422
node-022,2024-01-01 09:00:00,0.1786,0.0712,3004590.8863,0.8235,148618.0765,40.4631,9.4749,16.1375
node-023,2024-01-01 09:00:00,0.099,0.5355,3261112.0187,0.904,137916.9441,46.8477,12.0489,16.0707
node-024,2024-01-01 09:00:00,0.1267,0.5034,3337908.5965,1.1928,112138.7494,54.8979,9.9487,15.9963
node-025,2024-01-01 09:00:00,0.1583,0.0,4365648.0726,1.8165,123146.2451,51.8238,9.9379,15.5099
node-026,2024-01-01 09:00:00,0.0581,0.0,2636671.4857,1.017,140612.7195,40.7405,5.9711,15.4993
node-027,2024-01-01 09:00:00,0.1914,0.0,2842117.7584,1.0908,140342.9669,53.5938,7.9378,15.7081
node-028,2024-01-01 09:00:00,0.0,0.3158,1916530.2898,0.2082,132009.046,6.4449,2.9817,48.0
node-029,2024-01-01 09:00:00,0.1024,0.7969,2468767.0382,1.0541,135842.0916,45.9003,20.8911,15.9738
node-000,2024-01-01 09:04:30,0.1175,0.2974,4156747.8943,0.79,144211.8276,49.1239,11.9426,15.8165
node-001,2024-01-01 09:04:30,0.0023,0.6256,1439645.3333,0.0816,112455.156,6.0553,2.9096,48.0
node-002,2024-01-01 09:04:30,0.0445,0.6195,3458701.8717,1.5118,131540.7711,50.2798,8.0745,16.5105
node-004,2024-01-01 09:04:30,0.1177,0.0,2657451.6426,0.8786,165974.1519,47.8196,8.0719,15.911
node-005,2024-01-01 09:04:30,0.1931,0.1698,3750586.3764,0.9975,150177.5451,44.1775,8.9973,15.6616
node-006,2024-01-01 09:04:30,0.1045,0.5961,3182233.9044,0.9974,104486.1621,41.2657,8.9773,16.1716
node-007,2024-01-01 09:04:30,0.1227,0.0,2704001.7577,1.0484,135376.2949,46.2261,7.9639,15.6791
node-008,2024-01-01 09:04:30,0.0058,0.0,3112709.38,0.7953,125671.2209,43.7087,9.0565,16.276
node-009,2024-01-01 09:04:30,0.0706,0.4198,3154843.73,1.0059,125858.5799,50.4868,8.1616,15.8377
node-010,2024-01-01 09:04:30,0.1322,0.0,3102590.6204,0.8055,126083.3103,48.0041,6.9923,15.7072
node-011,2024-01-01 09:04:30,0.141,0.0,2631632.0843,1.1765,145460.647,48.5736,13.2192,15.9493
node-012,2024-01-01 09:04:30,0.1127,0.0,3311854.9647,0.9024,97803.6421,45.9723,6.0019,16.2018
node-013,2024-01-01 09:04:30,0.1203,0.5244,2737730.2657,1.0289,159407.8859,44.1413,10.1525,15.9932
node-014,2024-01-01 09:04:30,0.0932,0.0,3099985.4267,1.0211,128367.7764,43.0787,5.9963,15.8941
node-015,2024-01-01 09:04:30,0.0,0.4381,1054286.1254,0.2026,96592.9551,6.425,4.9441,47.8299
node-016,2024-01-01 09:04:30,0.1015,0.0,2810961.6446,1.0064,157306.1146,55.4008,11.9218,15.8933
node-017,2024-01-01 09:04:30,0.2389,0.0,2779404.8045,0.9209,88124.4911,38.114,7.5245,16.069
node-018,2024-01-01 09:04:30,0.0296,0.1916,3044919.1201,1.222,119570.3436,42.4676,6.1699,16.0773
node-019,2024-01-01 09:04:30,0.1152,0.1667,2972689.1366,0.7986,148836.7318,38.8069,5.9781,16.1886
node-020,2024-01-01 09:04:30,0.0878,0.0,2882172.8412,1.213,140869.1944,47.9704,8.0602,15.9841
node-021,2024-01-01 09:04:30,0.0845,0.6254,3299177.5874,1.0976,127528.9371,41.2162,5.9643,16.2446
node-022,2024-01-01 09:04:30,0.0998,0.0246,2827267.3111,0.7185,136378.9967,40.8158,11.0322,16.3333
node-023,2024-01-01 09:04:30,0.0769,0.4228,3262104.0357,1.0086,132359.7055,51.3175,9.0169,15.5491
node-024,2024-01-01 09:04:30,0.1246,0.0,3280314.6155,1.752,120040.0087,46.7995,7.9977,15.8447
node-025,2024-01-01 09:04:30,0.094,0.0,3884075.8967,1.0117,132814.1141,52.7003,11.1497,15.8726
node-026,2024-01-01 09:04:30,0.1072,0.0,2680813.5113,0.8005,98036.2995,45.3335,6.0098,16.019
node-027,2024-01-01 09:04:30,0.117,0.442,2597257.4158,0.8132,144819.3049,59.9143,10.0994,16.0387
node-028,2024-01-01 09:04:30,0.0197,0.0,1684703.8303,0.2123,129797.3899,6.9353,3.0691,47.8243
node-029,2024-01-01 09:04:30,0.1109,0.0,2449733.0116,1.0795,162104.9804,50.8432,13.602,16.0072
node-000,2024-01-01 09:09:00,0.0463,0.0,4236192.665,0.9727,142396.0544,41.7068,8.9976,15.9238
node-001,2024-01-01 09:09:00,0.0076,0.0,1299201.5413,0.0993,120645.6448,6.509,3.0152,47.8631
node-002,2024-01-01 09:09:00,0.1174,0.2833,3702543.5594,0.7176,111289.9365,46.9661,6.9808,15.863
node-004,2024-01-01 09:09:00,0.1125,0.0,2404480.9163,0.9286,164542.223,47.3271,7.8788,16.1397
node-005,2024-01-01 09:09:00,0.0899,0.2939,3344256.3737,0.8905,134083.7849,47.906,7.0434,15.7987
node-006,2024-01-01 09:09:00,0.3606,0.5206,3143321.2022,0.9145,152647.9823,35.3711,5.9616,15.8179
node-007,2024-01-01 09:09:00,0.0818,0.0,2831044.4484,0.9083,110811.6879,45.6247,9.0578,16.0134
node-008,2024-01-01 09:09:00,0.1041,0.2606,3182935.2002,0.7,130733.3004,44.0279,7.9924,16.0386
node-009,2024-01-01 09:09:00,0.0714,0.0838,3212390.3673,1.1783,136160.1177,54.9137,9.332,15.807
node-010,2024-01-01 09:09:00,0.1061,0.4998,2784210.6834,1.1107,134749.812,47.4457,8.9853,15.8011
node-011,2024-01-01 09:09:00,0.2822,0.0981,2743668.8793,1.1316,103115.2613,49.2572,10.9676,16.3722
node-012,2024-01-01 09:09:00,0.0706,0.174,3350272.5992,0.7751,116281.8331,45.4641,7.9294,15.7691
node-013,2024-01-01 09:09:00,0.0831,0.0,2691259.2606,0.9841,119990.3493,47.6391,6.1023,16.0103
node-014,2024-01-01 09:09:00,0.0945,0.0,3204316.0232,1.0438,134914.307,43.8921,8.0699,15.8075
node-015,2024-01-01 09:09:00,0.0177,0.0939,1299946.3934,0.183,135231.5466,7.0419,2.9038,47.924
node-016,2024-01-01 09:09:00,0.1173,0.3065,2824292.5154,1.1637,138316.1571,50.3282,10.0443,16.0045
node-017,2024-01-01 09:09:00,0.1179,0.0,2814177.6717,0.8057,117110.5442,40.7279,7.9302,16.2053
node-018,2024-01-01 09:09:00,0.1836,0.0,3475268.7779,1.0399,144435.8788,45.1715,8.0402,16.1626
node-019,2024-01-01 09:09:00,0.127,0.1774,2977661.493,0.8008,133091.0321,39.8049,5.0551,15.9342
node-020,2024-01-01 09:09:00,0.0655,0.0,3155433.2052,1.2253,125943.931,49.7602,6.1267,15.8789
node-021,2024-01-01 09:09:00,1.2195,0.0,2953996.2416,1.0816,121203.7168,42.7154,5.2779,16.0277
node-022,2024-01-01 09:09:00,0.1231,0.2876,2338504.064,1.1491,133795.3349,48.0934,5.0452,16.1676
node-023,2024-01-01 09:09:00,0.1275,0.0,3446151.4403,1.0068,137713.8335,53.6921,9.9816,16.0257
node-024,2024-01-01 09:09:00,0.1009,0.2112,3110956.8979,0.9014,130052.7592,48.96,7.9471,16.0963
node-025,2024-01-01 09:09:00,0.1104,0.0,4210348.4978,0.9229,111331.1613,58.5685,8.9295,15.7412
node-026,2024-01-01 09:09:00,0.3003,0.0,2703727.8579,0.8604,131339.0118,40.6951,6.8082,15.8448
node-027,2024-01-01 09:09:00,0.0921,0.5888,2927583.5518,1.1073,110012.0518,62.0524,7.0986,16.0561
node-028,2024-01-01 09:09:00,0.0,0.0,1830505.0179,0.2165,120715.9859,6.6916,2.9244,47.9548
node-029,2024-01-01 09:09:00,0.1372,0.0,2496388.8755,0.7812,168181.0697,47.4778,8.9261,16.3222
node-000,2024-01-01 09:13:30,0.072,0.0,3834247.8875,0.8946,137725.1296,41.7184,7.0014,15.8935
node-001,2024-01-01 09:13:30,0.0,0.068,1380298.1493,0.29,163342.6809,7.052,3.026,47.872
node-002,2024-01-01 09:13:30,0.1375,1.6623,3486502.6603,1.0036,106518.0944,46.6057,7.9734,15.7762
node-003,2024-01-01 09:13:30,0.0592,0.107,0.0,1.0295,0.0,42.2638,8.0708,0.0
node-004,2024-01-01 09:13:30,0.1027,0.4588,2646950.6981,0.8204,194880.4524,51.3844,7.9174,16.23
node-005,2024-01-01 09:13:30,0.1476,0.0,3437527.2495,1.0059,144699.251,42.7294,11.9687,15.7387
node-006,2024-01-01 09:13:30,0.0838,0.0,2927549.2798,1.2825,114755.4241,44.3809,5.0162,15.6808
node-007,2024-01-01 09:13:30,0.0471,0.0,2696912.777,0.985,126706.3112,47.7362,9.9107,16.0057
node-008,2024-01-01 09:13:30,0.093,0.9092,2929807.0024,0.7897,131890.5016,39.143,8.0101,15.6211
node-009,2024-01-01 09:13:30,0.227,0.0,3592234.0064,0.901,131457.7683,50.823,11.1026,16.0892
node-010,2024-01-01 09:13:30,0.2191,0.0,3162876.8991,0.8281,128002.1291,47.851,8.0872,16.1087
node-011,2024-01-01 09:13:30,0.107,0.0,2557586.1382,1.0084,110557.4924,49.5585,12.0716,16.3219
node-012,2024-01-01 09:13:30,0.1192,0.0,3121254.239,0.9009,136191.8791,43.2404,6.9194,15.7753
node-013,2024-01-01 09:13:30,0.0572,0.2125,2916558.2891,0.9252,197653.205,48.4338,5.944,16.2832
node-014,2024-01-01 09:13:30,0.3847,0.4292,2733769.9933,0.7952,129110.3373,42.6513,7.01,16.0767
node-015,2024-01-01 09:13:30,0.0,0.0,1145186.9695,0.2178,143920.4568,6.0918,2.0017,48.0
node-016,2024-01-01 09:13:30,0.121,0.2195,2835105.265,1.1086,148031.5256,55.3523,11.9768,16.2637
node-017,2024-01-01 09:13:30,0.1119,0.1269,3028696.3667,0.7994,116926.8386,42.1099,6.0074,16.1605
node-018,2024-01-01 09:13:30,0.0882,0.0693,3158485.553,1.0013,127711.3283,42.3642,7.8885,16.0067
node-019,2024-01-01 09:13:30,0.0701,0.6103,2889481.694,0.8819,147861.2686,42.0678,7.9236,15.7019
node-020,2024-01-01 09:13:30,0.7686,0.0,2912756.2195,1.0011,149245.8894,45.3385,8.0255,15.9308
node-021,2024-01-01 09:13:30,0.0717,0.0,3350444.953,0.8072,111646.4705,40.2937,6.0948,15.5475
node-022,2024-01-01 09:13:30,0.1852,0.0747,2794722.1269,0.6939,138029.0873,37.0016,7.1431,15.8939
node-023,2024-01-01 09:13:30,0.072,0.8121,3330585.2265,1.2159,126117.5297,53.9987,11.018,15.7384
node-024,2024-01-01 09:13:30,0.1519,1.2656,3045400.0641,0.9008,111855.6141,46.2394,6.9394,15.5674
node-025,2024-01-01 09:13:30,0.2053,0.2858,4113677.1253,1.1182,119959.5851,49.6489,7.0481,15.9856
node-026,2024-01-01 09:13:30,0.123,0.0095,2359156.1791,0.6964,112360.497,45.3574,7.9448,16.1257
node-027,2024-01-01 09:13:30,0.1374,0.4253,2935257.6943,1.3195,125588.7857,53.9199,7.9466,16.205
node-028,2024-01-01 09:13:30,0.0,0.491,1740579.713,0.29,100831.9408,6.864,3.071,47.7823
node-029,2024-01-01 09:13:30,0.0794,0.3085,2398756.5617,1.1241,157797.8907,47.393,6.9563,16.2521
node-000,2024-01-01 09:18:00,0.0163,0.0108,4141795.4176,0.8988,141019.2511,48.9107,10.8891,15.9823
node-001,2024-01-01 09:18:00,0.0297,0.1273,1518265.2344,0.1833,130089.1381,6.7742,2.8243,47.868
node-002,2024-01-01 09:18:00,0.0876,0.0,3742829.292,0.8044,132359.8207,43.7946,16.9581,16.0262
node-003,2024-01-01 09:18:00,0.0846,0.0,2774296.5392,0.8087,118877.2846,40.2394,13.9832,15.8083
node-004,2024-01-01 09:18:00,0.0232,0.0,2301665.7156,0.9317,176954.0277,47.5999,4.9499,15.8007
node-005,2024-01-01 09:18:00,0.1039,0.0844,3556940.9908,0.8169,126305.8671,44.0853,9.9469,15.8609
node-006,2024-01-01 09:18:00,0.2159,0.0,3050053.1936,0.9051,125282.359,42.2405,7.9012,16.0989
node-007,2024-01-01 09:18:00,0.2313,0.7792,2756603.1683,1.4834,119695.6669,39.3742,8.3478,15.9346
node-008,2024-01-01 09:18:00,0.0985,0.1031,2881758.1016,0.8028,121960.212,43.4247,6.6528,15.6948
node-009,2024-01-01 09:18:00,0.0712,0.0,3084188.378,0.9868,109984.758,45.9414,13.0001,16.1741
node-010,2024-01-01 09:18:00,0.0794,0.0,2798838.5876,0.9431,110930.3662,46.2271,8.9608,15.5781
node-011,2024-01-01 09:18:00,0.0198,0.6995,2405412.32,1.0053,124684.9749,47.9965,12.7103,15.9261
node-012,2024-01-01 09:18:00,0.1009,0.3347,3216019.2266,1.0788,106390.8326,46.7285,7.2936,15.7642
node-013,2024-01-01 09:18:00,0.1115,0.9037,2871731.421,1.0046,152424.306,44.5096,9.0308,15.8499
node-014,2024-01-01 09:18:00,0.0686,0.3043,2803983.5886,0.8035,123309.4686,39.007,8.9918,16.1373
node-015,2024-01-01 09:18:00,0.0145,0.0,1533989.3916,0.1184,133238.7639,5.9791,3.0397,47.9255
node-016,2024-01-01 09:18:00,0.0614,0.0372,3123118.9679,1.0918,162457.6196,50.2392,9.9922,15.9897
node-017,2024-01-01 09:18:00,0.0732,0.3584,2845471.3254,0.9261,139715.3496,44.0826,7.9499,16.4986
node-018,2024-01-01 09:18:00,0.1228,0.0,3203804.7991,1.1899,115787.3821,41.0589,7.9079,16.5903
node-019,2024-01-01 09:18:00,0.0494,0.0,3354529.9708,0.6869,129879.8341,39.0933,5.9879,15.9968
node-020,2024-01-01 09:18:00,0.0966,0.1704,2946349.3059,0.9623,134307.5979,45.5577,12.2592,15.5292
node-021,2024-01-01 09:18:00,0.3193,0.0,3111691.7971,0.9191,136673.8066,41.9639,4.1505,15.9548
node-022,2024-01-01 09:18:00,0.2282,0.1116,2827594.5048,0.8048,139330.0428,40.1419,8.0344,16.0175
node-023,2024-01-01 09:18:00,0.0838,0.2243,3333041.1608,1.047,125218.0252,52.0366,8.1329,16.0093
node-024,2024-01-01 09:18:00,0.0694,0.3905,3371478.2431,1.7097,126104.2203,46.3431,7.9624,15.7839
node-025,2024-01-01 09:18:00,0.127,0.0,4015359.3271,1.1574,139168.5437,50.9701,12.912,15.9473
node-026,2024-01-01 09:18:00,0.2854,0.0,2222074.9334,0.8652,124251.127,43.0878,5.0186,15.6473
node-027,2024-01-01 09:18:00,0.1134,0.0,2770332.5348,1.0256,151770.8206,50.2031,8.9275,16.0246
node-028,2024-01-01 09:18:00,0.0,0.3125,1809546.7788,0.2057,134262.5031,6.5997,3.9894,48.0
node-029,2024-01-01 09:18:00,0.1604,0.1706,2577021.1162,1.0601,155116.7241,44.548,7.5124,16.3366
node-000,2024-01-01 09:22:30,0.0644,0.0,3984944.2244,0.8147,120082.9231,44.1916,8.1086,16.4032
node-001,2024-01-01 09:22:30,0.0,0.0,1532890.7224,0.1942,131970.0852,6.8024,2.9354,48.0
node-002,2024-01-01 09:22:30,0.0822,0.0,3536444.1956,0.9014,98603.0593,43.1185,8.0328,16.216
node-003,2024-01-01 09:22:30,0.1772,0.0,2710351.7817,0.7063,121401.5432,36.1912,8.0258,16.1438
node-004,2024-01-01 09:22:30,0.0426,0.0371,2974201.8902,1.0946,160727.9325,48.1534,10.0335,15.8678
node-005,2024-01-01 09:22:30,0.0694,0.0,3620766.4734,0.9057,121734.7062,47.6012,6.9209,16.0656
node-006,2024-01-01 09:22:30,0.0773,0.5126,2950451.0097,0.9104,138111.6786,44.8719,6.5483,16.4458
node-007,2024-01-01 09:22:30,0.09,0.0,2752641.7921,0.7998,125454.5094,49.9211,8.0628,15.8166
node-008,2024-01-01 09:22:30,0.1057,0.0,3143781.7111,1.1444,121993.3907,38.0905,10.0392,16.1659
node-009,2024-01-01 09:22:30,0.1482,0.0,3282221.8402,2.7581,128014.5625,52.3219,6.9624,15.7675
node-010,2024-01-01 09:22:30,0.1198,0.4273,2901671.0933,0.9857,131750.9707,47.6869,7.0065,16.0955
node-011,2024-01-01 09:22:30,0.0525,0.0,2548297.3529,1.0592,137515.4286,48.1353,10.1027,16.2238
node-012,2024-01-01 09:22:30,0.0991,0.0,3206409.4665,1.2025,138952.166,47.1685,7.0523,15.6911
node-013,2024-01-01 09:22:30,0.0789,0.4204,2760291.2737,0.9748,166733.1252,47.1283,11.1361,15.9859
node-014,2024-01-01 09:22:30,0.073,0.0,3020856.0442,0.699,146769.8043,50.6009,5.9549,15.7833
node-015,2024-01-01 09:22:30,0.0,0.2713,1390651.6072,0.1385,114366.3074,6.7815,3.0025,48.0
node-016,2024-01-01 09:22:30,0.1527,0.0201,2957397.8238,1.2615,161270.835,52.3391,8.9221,16.1355
node-017,2024-01-01 09:22:30,0.1683,0.0,2700995.719,1.1685,130953.7664,42.0598,6.9433,16.0044
node-018,2024-01-01 09:22:30,0.0925,0.0,3272967.1766,1.4029,125726.5482,42.0037,9.0201,15.8319
node-019,2024-01-01 09:22:30,0.2532,0.0897,3095256.0433,1.0892,99455.3303,43.3668,9.906,16.0237
node-020,2024-01-01 09:22:30,0.1341,0.0,3434329.4126,0.8923,103968.0259,45.327,7.9395,15.7213
node-021,2024-01-01 09:22:30,0.0,0.0,3163944.312,0.8199,106080.8249,41.2774,6.9462,15.7192
node-022,2024-01-01 09:22:30,0.0894,0.0,2612058.8169,0.9122,116139.9269,46.3123,5.9866,16.1389
node-023,2024-01-01 09:22:30,0.1335,0.651,3184747.2609,1.106,123290.2423,53.7618,8.1062,16.0965
node-024,2024-01-01 09:22:30,0.3422,0.6336,2971968.8099,1.0105,141561.7272,47.699,6.913,15.6073
node-025,2024-01-01 09:22:30,0.0761,0.386,3868006.6604,1.0008,135752.3672,57.0659,8.9909,16.1251
node-026,2024-01-01 09:22:30,0.1014,0.0,2449220.8674,0.721,121991.2026,37.7356,5.0222,15.6463
node-027,2024-01-01 09:22:30,0.1025,0.3729,2704737.1596,1.3696,121103.918,53.9203,14.8472,16.2346
node-028,2024-01-01 09:22:30,0.0304,0.0,2028670.5169,0.2036,114017.8856,5.9175,1.954,47.8596
node-029,2024-01-01 09:22:30,0.1065,0.0,2714574.9426,1.214,158461.9175,40.858,9.0332,16.0525
node-000,2024-01-01 09:27:00,0.0807,0.0,3923012.933,0.8283,126740.106,49.8449,6.9518,16.2312
node-001,2024-01-01 09:27:00,0.0,0.0,1469299.9187,0.1949,132378.4975,6.4087,3.9034,48.0
node-002,2024-01-01 09:27:00,0.1887,0.0,3289745.3745,1.5958,121854.4073,45.259,7.9617,16.1596
node-003,2024-01-01 09:27:00,0.1852,0.0,2818842.3082,0.7506,130336.1117,42.9607,6.9959,16.246
node-004,2024-01-01 09:27:00,0.1447,0.0,2549461.0729,1.1128,163871.0681,47.337,6.9301,15.6149
node-005,2024-01-01 09:27:00,0.0977,0.2722,3285492.331,1.2963,140995.7093,42.7265,7.0378,15.987
node-006,2024-01-01 09:27:00,0.2529,0.2911,3160896.8803,0.909,144134.2398,42.4557,7.9515,15.9246
node-007,2024-01-01 09:27:00,0.0647,0.1922,2567597.4235,1.3085,125997.7008,47.6148,6.0187,16.3971
node-008,2024-01-01 09:27:00,0.3793,0.0,3107734.3624,1.0642,128686.2031,40.2508,6.9425,16.3544
node-009,2024-01-01 09:27:00,0.1045,0.5545,3475352.624,1.6085,127732.6825,53.6113,9.9795,15.5336
node-010,2024-01-01 09:27:00,0.0938,0.0,3309431.6493,0.6899,133126.6378,43.1624,7.0291,16.0462
node-011,2024-01-01 09:27:00,0.1803,0.5907,2526879.6294,0.795,138522.2002,45.7466,8.9885,16.3438
node-012,2024-01-01 09:27:00,0.1063,0.0,3611298.9403,0.8015,128085.454,46.0631,6.0232,16.1739
node-013,2024-01-01 09:27:00,0.221,0.4634,2899925.9664,0.9941,165755.1824,49.8803,7.9965,15.825
node-014,2024-01-01 09:27:00,0.2924,0.2355,2898540.7105,0.7958,135221.2718,37.7234,7.9575,16.3592
node-015,2024-01-01 09:27:00,0.0028,0.0,1477709.382,0.0843,106842.554,7.0332,3.0214,48.0
node-016,2024-01-01 09:27:00,0.1462,0.0,2869329.9979,1.4191,167594.9176,50.8427,14.0012,16.0178
node-017,2024-01-01 09:27:00,0.1798,0.2155,2472958.7145,0.9008,199910.05,39.0961,5.9444,16.0175
node-018,2024-01-01 09:27:00,0.0788,0.4575,3058119.1132,1.1068,145180.2637,37.0715,8.8507,16.0825
node-019,2024-01-01 09:27:00,0.1008,0.2121,3258365.9446,0.8032,135000.2174,41.2914,6.6015,15.8964
node-020,2024-01-01 09:27:00,0.0938,0.0,3165170.0066,0.8908,129784.7663,49.7012,12.9827,15.7571
node-021,2024-01-01 09:27:00,0.2642,0.0,3295882.8462,0.8742,150169.9408,41.8834,5.8209,16.0814
node-022,2024-01-01 09:27:00,0.0831,0.0,2476561.8912,1.0039,134250.9984,41.7572,8.0666,15.9852
node-023,2024-01-01 09:27:00,0.0501,0.8411,3207486.9991,1.5069,103510.9006,53.807,9.8607,15.7557
node-024,2024-01-01 09:27:00,0.1128,0.0576,3253382.9775,0.8858,114370.6833,49.1104,7.0379,16.2148
node-025,2024-01-01 09:27:00,0.1457,0.0209,3983963.496,1.0179,130606.2851,53.0373,8.0714,16.1226
node-026,2024-01-01 09:27:00,0.151,0.3284,2680753.1979,1.1092,133996.4395,41.6543,9.0008,16.4012
node-027,2024-01-01 09:27:00,0.0919,0.5362,2673981.2685,1.1488,120841.3383,52.4252,9.5077,15.9885
node-028,2024-01-01 09:27:00,0.0415,0.9275,1588028.1033,0.1857,115831.3678,6.776,1.9954,47.6842
node-029,2024-01-01 09:27:00,0.0852,0.0,2516582.8109,0.9745,167403.6651,43.7944,5.0616,15.9379
node-000,2024-01-01 09:31:30,0.1023,0.0515,4107743.4789,1.8032,138087.2221,41.3446,5.1077,15.5154
node-001,2024-01-01 09:31:30,0.0,0.2323,1378088.732,0.0786,118181.4045,6.8046,3.0382,47.9568
node-002,2024-01-01 09:31:30,0.086,0.7022,3510341.8431,1.119,129753.9177,46.2658,7.8388,15.8936
node-003,2024-01-01 09:31:30,0.0259,1.0911,2817678.7589,1.198,135014.0008,39.1019,8.0257,16.073
node-004,2024-01-01 09:31:30,0.1066,0.0,2644749.371,1.1054,171690.5639,46.9312,7.9209,15.9472
node-005,2024-01-01 09:31:30,0.0976,0.0,3625681.8102,1.7032,125460.7477,53.8335,7.0193,15.9968
node-006,2024-01-01 09:31:30,0.4061,0.0,2711532.4077,0.9914,134478.2165,43.0058,4.8602,16.1466
node-007,2024-01-01 09:31:30,0.263,0.2801,2427714.4784,0.923,105472.978,43.5559,10.028,16.3248
node-008,2024-01-01 09:31:30,0.1685,0.0,3263313.9046,0.8605,123121.2333,39.8817,7.85,16.0116
node-009,2024-01-01 09:31:30,0.1667,0.2858,3596907.5523,1.1046,121980.4413,52.0891,7.2663,15.9628
node-010,2024-01-01 09:31:30,0.0881,0.0367,2690225.7829,0.9895,127691.7621,48.6043,7.0864,15.6954
node-011,2024-01-01 09:31:30,0.1296,0.2126,2555250.0048,1.2035,109231.8601,51.5002,7.0348,15.7332
node-012,2024-01-01 09:31:30,0.308,0.845,3348436.6473,1.3079,119924.928,46.9029,9.0187,16.2136
node-013,2024-01-01 09:31:30,0.1583,0.0,3069356.1109,1.6985,142190.2539,41.9673,9.0619,15.7106
node-014,2024-01-01 09:31:30,0.0042,0.0,3131863.5762,0.7913,143614.2644,44.3182,9.9999,15.788
node-015,2024-01-01 09:31:30,0.0114,0.571,1219344.9971,0.1826,116416.6831,6.9037,3.9695,47.9501
node-016,2024-01-01 09:31:30,0.1165,0.2381,3038538.0899,1.0857,122587.9788,52.9677,7.9266,16.0141
node-017,2024-01-01 09:31:30,0.0826,0.0,2771066.7694,0.8133,115583.3745,40.5863,5.967,16.167
node-018,2024-01-01 09:31:30,0.2153,0.0,3239463.9702,1.0911,162764.4091,42.608,9.9231,16.096
node-019,2024-01-01 09:31:30,0.0173,0.0,3335729.8222,0.9913,155280.1136,37.81,8.1633,15.5635
node-020,2024-01-01 09:31:30,0.2254,0.0,2837408.6871,0.8884,121215.8359,42.3979,8.0436,16.1564
node-021,2024-01-01 09:31:30,0.3659,0.5817,3192174.5256,2.5074,145117.3675,45.2745,8.5794,16.3779
node-022,2024-01-01 09:31:30,0.1144,0.0,2837275.0436,1.0869,126500.9248,42.0104,6.9213,16.2434
node-023,2024-01-01 09:31:30,0.0975,0.0,3232094.2328,0.8719,77259.6314,54.2668,8.061,15.9266
node-024,2024-01-01 09:31:30,0.1103,0.0,3473338.7144,0.8752,140570.314,45.4825,9.4601,16.0962
node-025,2024-01-01 09:31:30,0.0707,0.3109,4066494.0624,0.9171,121385.6596,52.2568,9.9549,16.3598
node-026,2024-01-01 09:31:30,0.3103,0.0,2899886.5102,0.9231,123051.2794,43.4781,8.0086,15.7493
node-027,2024-01-01 09:31:30,0.0825,0.5971,3098308.6023,1.0941,106759.2075,53.4207,9.128,16.0328
node-028,2024-01-01 09:31:30,0.0313,0.9399,1961244.2181,0.1975,98938.2197,6.5653,4.0189,47.9337
node-029,2024-01-01 09:31:30,1.3135,0.3392,2565283.5204,3.8115,158974.126,37.8998,6.9758,16.1499
node-000,2024-01-01 09:36:00,0.0649,0.0,4381635.3559,0.9857,124836.8315,45.6029,17.0666,16.2407
node-001,2024-01-01 09:36:00,0.0,0.0,1405367.3106,0.2042,154832.7493,6.1652,3.0103,47.4604
node-002,2024-01-01 09:36:00,0.1054,0.0,3473838.369,0.9929,120143.9872,46.9326,8.0063,15.8939
node-003,2024-01-01 09:36:00,0.1174,0.1635,2653911.5471,0.9962,161342.2881,40.4933,9.085,15.9495
node-004,2024-01-01 09:36:00,0.0895,0.1961,2733156.675,1.1189,109572.7814,52.9798,10.0421,15.9661
node-005,2024-01-01 09:36:00,0.0315,0.7771,3281944.5081,0.9733,98210.8085,47.4464,5.9979,16.1594
node-006,2024-01-01 09:36:00,0.1634,0.6304,2990718.7168,1.0106,139959.2003,47.1489,7.9271,16.1011
node-007,2024-01-01 09:36:00,0.103,0.0,2785939.8733,0.7995,126845.0094,49.1956,8.0177,15.9539
node-008,2024-01-01 09:36:00,0.0,0.0,2864652.5964,2.1027,107385.9756,41.7126,7.9357,16.2353
node-009,2024-01-01 09:36:00,0.1243,0.0827,3258712.6369,1.001,148237.9716,50.085,9.1105,15.807
node-010,2024-01-01 09:36:00,1.9944,0.8961,2809357.15,5.2104,159872.8901,46.6719,7.6943,15.9472
node-011,2024-01-01 09:36:00,0.1794,0.1364,2701494.4428,1.4874,124522.3202,53.2115,6.9158,15.5652
node-012,2024-01-01 09:36:00,0.1149,0.0,3216139.6784,0.9923,124411.3842,40.5782,14.0022,15.7449
node-013,2024-01-01 09:36:00,0.0874,0.5305,2874719.7023,1.4144,115530.8873,46.076,8.9448,15.9314
node-014,2024-01-01 09:36:00,0.0338,0.0,2957155.2715,0.8198,115724.0421,40.7511,4.9236,16.2147
node-015,2024-01-01 09:36:00,0.0174,0.0,1528687.2596,0.3017,113658.7259,6.4492,4.7066,48.0
node-016,2024-01-01 09:36:00,0.3078,0.036,2757348.2168,1.1072,158332.9465,49.0792,9.8721,15.9773
node-017,2024-01-01 09:36:00,0.1131,0.0,2732711.9241,1.1627,126624.3283,41.0929,6.9297,16.0749
node-018,2024-01-01 09:36:00,0.1027,0.0,3191564.8798,1.0188,108619.0057,45.2141,5.1992,15.9309
node-019,2024-01-01 09:36:00,0.1505,0.0,3264914.7284,0.6887,95283.7569,42.2456,6.9102,15.9856
node-020,2024-01-01 09:36:00,0.0982,0.0216,2579345.8382,0.9914,89826.6454,49.0426,9.1628,15.95
node-021,2024-01-01 09:36:00,0.0704,0.0,3219496.9764,0.7395,105531.2766,41.611,5.8863,15.6592
node-022,2024-01-01 09:36:00,0.0792,0.0,2839830.1155,0.9826,103672.619,42.284,10.0401,16.1059
node-023,2024-01-01 09:36:00,0.0878,0.0,3189182.7316,1.5147,117528.0037,55.6745,11.0611,15.8492
node-024,2024-01-01 09:36:00,0.0612,0.2745,3268979.3784,0.7932,111543.9443,47.207,8.0341,16.0612
node-025,2024-01-01 09:36:00,0.1862,0.0,4121623.6363,1.7404,117639.1918,54.3107,9.0335,15.7989
node-026,2024-01-01 09:36:00,0.1004,0.0,2652062.9423,1.3594,150198.571,47.993,6.933,15.908
node-027,2024-01-01 09:36:00,0.087,0.0,2699226.9386,1.3068,105892.7499,58.7614,6.0397,16.1562
node-028,2024-01-01 09:36:00,0.0338,0.0247,1967279.2549,0.2913,124453.2718,6.5252,3.053,48.0
node-029,2024-01-01 09:36:00,0.1174,0.0,2640164.3151,0.8891,161571.0798,44.673,5.9223,16.0324
node-000,2024-01-01 09:40:30,0.1096,0.0,4071878.9666,0.8005,122673.5344,45.3338,8.9945,16.2392
node-001,2024-01-01 09:40:30,0.0,0.9957,1206676.0516,0.1891,107571.522,5.9501,2.959,47.8021
node-002,2024-01-01 09:40:30,0.1775,0.0,3563259.2773,1.2649,137227.7524,46.2678,8.0266,15.8669
node-003,2024-01-01 09:40:30,0.0991,0.8563,2827936.5454,0.5948,148040.3879,41.1922,5.9787,16.4338
node-004,2024-01-01 09:40:30,0.21,0.4191,2566140.4917,3.4166,133497.9417,47.4615,9.9149,16.0859
node-005,2024-01-01 09:40:30,0.0523,0.0,3475926.3783,0.9795,90784.5091,43.0963,5.9694,16.1571
node-006,2024-01-01 09:40:30,0.1305,0.0095,3010524.8887,0.9361,130528.8247,38.7571,9.0845,16.1998
node-007,2024-01-01 09:40:30,0.0919,0.6657,2705982.5086,0.8177,113546.2576,48.7956,8.9139,16.4105
node-008,2024-01-01 09:40:30,0.1015,0.0,3076200.3867,1.2001,123494.6712,42.3332,7.7769,16.1444
node-009,2024-01-01 09:40:30,0.091,0.0326,3292855.6482,1.1199,113281.8154,50.3481,5.1455,15.9654
node-010,2024-01-01 09:40:30,0.0619,0.0,2736594.5609,0.8068,115353.0655,44.2339,8.9075,16.0645
node-011,2024-01-01 09:40:30,0.0954,0.7003,2953924.0931,0.8246,155501.4574,50.7649,9.9707,16.0372
node-012,2024-01-01 09:40:30,0.087,0.0,3679558.8074,0.9276,143932.6665,44.1836,9.0966,15.9479
node-013,2024-01-01 09:40:30,0.0712,0.0,3043160.1548,1.0032,189497.6792,45.5722,7.0617,16.1934
node-014,2024-01-01 09:40:30,0.0661,0.6743,2708532.869,0.818,111912.0246,41.1353,9.0826,15.839
node-015,2024-01-01 09:40:30,0.0072,0.7388,1567913.7889,0.1774,125213.6474,7.4812,3.99,47.8471
node-016,2024-01-01 09:40:30,0.0948,0.5787,3069873.1918,1.2083,152279.718,53.3827,12.0126,15.9718
node-017,2024-01-01 09:40:30,0.2814,0.0,2595963.876,0.6963,132980.4119,41.0213,9.9151,15.9408
node-018,2024-01-01 09:40:30,0.0432,0.0,3107852.8992,1.0953,120603.5648,42.3409,6.9828,16.4081
node-019,2024-01-01 09:40:30,0.0546,0.0,3291268.3939,1.4663,124087.6549,44.981,7.0168,16.1676
node-020,2024-01-01 09:40:30,0.1752,0.0892,2847687.6085,0.7863,149896.2387,43.2411,8.0728,15.9396
node-021,2024-01-01 09:40:30,0.2826,0.0,3780388.4929,0.7897,137916.6618,41.1713,8.0869,15.9633
node-022,2024-01-01 09:40:30,0.1678,0.8222,2771522.5187,0.9797,82440.3492,41.6424,8.0824,16.1593
node-023,2024-01-01 09:40:30,0.1254,0.3396,3184305.8437,1.0946,219128.4275,53.888,7.0691,16.1181
node-024,2024-01-01 09:40:30,0.1154,0.0,3383510.66,0.7934,129661.6479,50.8658,9.0775,15.709
node-025,2024-01-01 09:40:30,0.0991,0.0,4452491.4746,1.5644,134268.7079,55.1571,9.0678,16.1494
node-026,2024-01-01 09:40:30,0.1202,0.0,2667133.3471,0.6019,118079.887,37.2503,7.0044,16.4596
node-027,2024-01-01 09:40:30,0.1454,0.0,2959753.6352,0.9863,150814.4612,47.9406,8.9261,16.0445
node-028,2024-01-01 09:40:30,0.014,0.0,2024713.9522,0.1891,123029.5968,6.5969,3.0224,47.7569
node-029,2024-01-01 09:40:30,0.163,1.2587,2641055.2468,1.3164,160420.8932,40.5125,7.8291,15.5487
node-000,2024-01-01 09:45:00,0.1269,0.2807,4046595.6771,1.6493,127476.8031,48.3468,6.964,16.1146
node-001,2024-01-01 09:45:00,0.0203,0.6235,938442.8077,0.1201,116960.4381,6.8624,3.8326,48.0
node-002,2024-01-01 09:45:00,0.0834,0.2687,3364439.3357,0.7869,125181.8171,45.5024,7.9724,16.1798
node-003,2024-01-01 09:45:00,0.1369,0.0,2986916.6119,0.716,118561.0924,39.5572,11.0162,16.2306
node-004,2024-01-01 09:45:00,0.1216,0.0288,2514214.1073,0.9168,147013.344,52.353,8.9844,16.2408
node-005,2024-01-01 09:45:00,0.0877,0.0,3276556.7616,0.9068,126121.7927,46.1451,7.0499,15.98
node-006,2024-01-01 09:45:00,0.0696,0.0,3089483.9229,0.9066,123750.9918,40.383,5.0623,15.8051
node-007,2024-01-01 09:45:00,0.1025,0.1013,2799639.9402,0.8814,114052.229,46.843,6.0614,15.9341
node-008,2024-01-01 09:45:00,0.0926,0.0,3381536.5639,0.6744,128551.4442,41.06,7.0241,16.3156
node-009,2024-01-01 09:45:00,0.1068,0.0,3464812.4978,1.1195,141023.2915,50.6468,8.3827,16.0797
node-010,2024-01-01 09:45:00,0.1051,0.6918,2968897.7879,1.0013,121621.5854,46.9106,5.0395,16.2053
node-011,2024-01-01 09:45:00,0.1207,0.0,2557789.9128,0.8753,93192.8515,56.2345,9.1259,16.235
node-012,2024-01-01 09:45:00,0.0975,0.6494,3484459.1933,0.7126,126096.0697,44.6004,8.1141,16.0091
node-013,2024-01-01 09:45:00,0.1123,0.3133,2951825.3296,1.0861,166600.2253,43.5308,6.9992,16.0376
node-014,2024-01-01 09:45:00,0.0865,0.0399,3014457.7254,0.7126,115070.8132,38.4415,8.3471,16.0622
node-015,2024-01-01 09:45:00,0.0035,0.0,1245697.1855,0.1927,77794.3369,7.2773,3.9733,48.0
node-016,2024-01-01 09:45:00,0.2406,0.3389,2784268.0647,1.0044,180001.1863,54.9772,10.0465,15.8465
node-017,2024-01-01 09:45:00,0.1724,0.2336,2920387.0165,0.7425,121290.4607,47.461,8.9928,15.9624
node-018,2024-01-01 09:45:00,0.079,0.681,3240068.9163,1.0153,137357.7175,39.4703,5.9521,15.668
node-019,2024-01-01 09:45:00,0.0679,0.0,3377978.773,0.7078,121577.345,41.1397,7.0145,16.0272
node-020,2024-01-01 09:45:00,0.1042,0.0264,3237865.1261,1.1176,130099.5105,47.3082,8.8749,16.0106
node-021,2024-01-01 09:45:00,0.2056,0.327,3189047.6095,0.8156,125700.0675,36.9505,6.9138,15.7495
node-022,2024-01-01 09:45:00,0.0969,0.3366,2502083.2132,0.703,120871.5045,38.4004,7.0811,16.3328
node-023,2024-01-01 09:45:00,0.1229,0.0744,3599137.7633,1.0971,89353.7743,57.8668,9.0716,15.9667
node-024,2024-01-01 09:45:00,0.1205,0.0,3293895.1412,0.9095,115176.1963,49.5009,6.9378,16.0858
node-025,2024-01-01 09:45:00,0.1521,0.0,3893119.5331,0.8196,128477.7989,47.7993,9.0007,15.7025
node-026,2024-01-01 09:45:00,0.1107,0.0,2945307.5044,0.7763,128048.2519,45.791,5.9305,15.9886
node-027,2024-01-01 09:45:00,0.1166,0.0,2684564.9135,1.0012,164749.8138,52.9483,9.9703,16.0832
node-028,2024-01-01 09:45:00,0.0,0.0,1846022.086,0.2045,177444.8701,7.2286,3.9373,47.9301
node-029,2024-01-01 09:45:00,0.0549,0.0,2364206.84,0.7855,153659.3061,40.9779,8.0699,15.9393
node-000,2024-01-01 09:49:30,0.2129,0.0,4171988.7988,0.7051,130489.7021,47.6498,7.0713,16.3891
node-001,2024-01-01 09:49:30,0.0085,0.1928,1471759.7652,0.0969,87453.0817,6.4081,3.0358,47.9675
node-002,2024-01-01 09:49:30,0.1057,0.0,3196440.9089,0.9232,106010.372,51.2029,7.939,16.3927
node-003,2024-01-01 09:49:30,0.1066,0.2889,2986389.6719,0.9076,133157.9914,41.8846,7.9693,16.4301
node-004,2024-01-01 09:49:30,0.1018,0.0,2503023.1436,0.7119,188017.939,48.3104,8.9215,16.3189
node-005,2024-01-01 09:49:30,0.1028,0.0,3472438.6391,1.1056,133582.2036,42.5489,5.9473,15.6528
node-006,2024-01-01 09:49:30,0.2107,0.0,2833486.1381,1.1844,116937.9824,37.7365,6.0114,15.959
node-007,2024-01-01 09:49:30,0.0993,0.5504,2526379.0327,0.9208,95400.7515,45.9924,7.9483,15.853
node-008,2024-01-01 09:49:30,0.079,0.0,3179279.8099,0.6994,121095.002,40.3694,7.9996,16.0794
node-009,2024-01-01 09:49:30,0.1026,0.0,3362121.4144,0.985,150107.9977,55.4316,9.0737,15.9627
node-010,2024-01-01 09:49:30,0.1146,0.0,2893408.0663,0.8319,134019.4327,46.0408,8.2965,15.9505
node-011,2024-01-01 09:49:30,0.1051,0.0,2499735.3317,1.4052,111431.1981,54.6413,10.9094,15.8801
node-012,2024-01-01 09:49:30,0.1017,0.0,3259650.5726,1.1427,132962.5444,46.0303,7.9154,16.4513
node-013,2024-01-01 09:49:30,0.107,0.0,2873183.6548,1.1857,128356.6321,45.4338,6.0547,15.9929
node-014,2024-01-01 09:49:30,0.0,0.0074,2981763.5484,1.0214,140542.9876,38.0234,5.9044,16.1831
node-015,2024-01-01 09:49:30,0.0,0.0398,1554469.6543,0.0892,119746.2237,6.1385,1.4151,47.8301
node-016,2024-01-01 09:49:30,0.2081,0.0,2866690.6792,1.1227,154016.7272,47.1901,9.0294,15.837
node-017,2024-01-01 09:49:30,0.2023,0.458,2527501.8931,0.705,118351.9413,42.4157,7.967,16.1933
node-018,2024-01-01 09:49:30,0.2084,0.0,2917210.1951,1.0169,131148.8197,44.7299,6.9881,15.9474
node-019,2024-01-01 09:49:30,0.09,0.0,3005204.065,0.9716,127392.444,43.2892,11.9773,16.3387
node-020,2024-01-01 09:49:30,0.1052,0.0,3453072.2349,0.9651,159565.8531,45.9158,8.8526,16.2519
node-021,2024-01-01 09:49:30,0.1332,0.009,3203456.8119,0.7917,130007.963,42.5036,6.9911,15.7721
node-022,2024-01-01 09:49:30,0.1131,0.3059,3032158.5171,0.9179,267840.9549,43.3527,5.9315,16.169
node-023,2024-01-01 09:49:30,0.1448,0.3514,3338293.9775,1.0768,110834.7531,45.4806,11.0101,15.707
node-024,2024-01-01 09:49:30,0.1065,0.0,3194238.0761,0.8736,125022.5965,48.7849,6.0737,15.8113
node-025,2024-01-01 09:49:30,0.0862,0.1026,4059963.3997,0.9707,121006.5893,51.7241,8.0099,15.8448
node-026,2024-01-01 09:49:30,0.1103,0.3466,2686223.3496,0.7864,119060.0652,41.4854,6.9379,15.9584
node-027,2024-01-01 09:49:30,0.1012,0.0,2619796.6171,1.0088,134448.4598,49.816,10.9741,15.9983
node-028,2024-01-01 09:49:30,0.0111,0.0,1769982.7612,0.2604,95909.7531,6.5031,1.9314,47.8513
node-029,2024-01-01 09:49:30,0.1616,0.0,2288290.4395,0.9295,154534.6738,55.1994,8.9282,15.7632
node-000,2024-01-01 09:54:00,0.0744,1.4153,4088573.2521,1.0143,128855.0925,47.0898,6.1218,16.0453
node-001,2024-01-01 09:54:00,0.0167,0.1011,1376489.6965,0.208,82226.6744,6.551,2.9254,47.5386
node-002,2024-01-01 09:54:00,0.0904,0.0,3489279.5385,1.1048,122643.2654,47.1102,8.0407,15.9903
node-003,2024-01-01 09:54:00,0.1741,0.2486,2977384.9925,0.698,117008.3095,39.5487,11.8805,15.9095
node-004,2024-01-01 09:54:00,0.0717,0.4661,2595563.4299,0.8858,149097.3273,52.7884,11.0373,16.0091
node-005,2024-01-01 09:54:00,0.4313,0.0,3163033.1821,0.8881,138057.1531,46.4175,9.7121,16.1555
node-006,2024-01-01 09:54:00,0.1712,0.0,2950903.7237,1.0116,150940.7198,43.0045,5.8803,16.0301
node-007,2024-01-01 09:54:00,0.1059,0.0,2555193.9069,0.997,127987.0058,49.8136,7.9594,15.5691
node-008,2024-01-01 09:54:00,0.1159,0.1043,3330048.8936,0.8217,124321.8727,40.6298,5.8205,16.0494
node-009,2024-01-01 09:54:00,0.0863,0.1082,3585165.3183,1.2638,109042.4612,55.21,6.9173,15.8088
node-010,2024-01-01 09:54:00,0.0983,0.4087,2798680.8194,1.0056,118097.8374,46.3796,7.8944,16.2457
node-011,2024-01-01 09:54:00,0.1158,0.0,2441741.2679,0.9899,142337.5493,53.0225,8.046,15.9602
node-012,2024-01-01 09:54:00,0.0752,0.0,3314593.1703,1.0761,138376.8841,47.2643,11.9695,16.0311
node-013,2024-01-01 09:54:00,0.1034,0.1216,2880537.284,5.197,153720.6174,47.7546,10.9784,16.2386
node-014,2024-01-01 09:54:00,0.1328,0.0,2750259.3194,0.6992,133504.3713,41.598,6.0952,15.8845
node-015,2024-01-01 09:54:00,0.0,0.0,1440884.4592,0.1862,144394.5544,6.7958,1.9955,48.0
node-016,2024-01-01 09:54:00,0.0804,0.0,2826113.2842,1.1997,167466.8984,52.4547,8.0326,15.9538
node-017,2024-01-01 09:54:00,1.095,0.0,2631928.4662,5.0289,168324.3398,46.815,9.501,15.9778
node-018,2024-01-01 09:54:00,0.0939,0.0,3272740.341,0.9579,143437.0814,42.8886,6.9982,15.9269
node-019,2024-01-01 09:54:00,0.1476,0.2772,3103515.0777,0.7513,137853.4075,41.492,5.924,16.5191
node-020,2024-01-01 09:54:00,0.1104,0.0,3329877.4898,1.278,119069.1134,51.2276,7.0064,16.0139
node-021,2024-01-01 09:54:00,0.0838,0.529,3112671.332,0.6914,126438.6955,37.2513,10.0813,16.1278
node-022,2024-01-01 09:54:00,0.0979,0.7808,2748569.0557,1.0117,129053.7258,43.521,6.9855,16.2256
node-023,2024-01-01 09:54:00,0.1221,0.0,3488014.2985,0.7885,112152.3545,57.4542,8.0031,15.781
node-024,2024-01-01 09:54:00,0.0817,0.0,3660078.4874,0.8887,104995.0821,44.525,7.9884,15.6028
node-025,2024-01-01 09:54:00,0.3654,0.0,3688961.7195,0.9621,124311.6961,51.2573,9.9458,16.0285
node-026,2024-01-01 09:54:00,0.1975,0.0929,2844116.8401,0.9873,117080.5839,38.1361,8.1091,16.0718
node-027,2024-01-01 09:54:00,0.1193,0.0,3206978.7924,1.0464,131432.3005,53.0672,6.9532,15.893
node-028,2024-01-01 09:54:00,0.0178,0.0,1692828.4191,0.18,101416.1383,6.0079,3.9936,48.0
node-029,2024-01-01 09:54:00,0.0618,0.0,2423850.5328,0.7262,164578.9229,48.6008,8.7547,16.0497
node-000,2024-01-01 09:58:30,0.1088,0.0,4022281.8162,1.139,117050.2864,51.2188,6.993,15.8711
node-001,2024-01-01 09:58:30,0.001,0.0,1760805.1848,0.2027,134153.2174,6.1373,2.2186,48.0
node-002,2024-01-01 09:58:30,0.1159,0.0,3233858.6263,1.703,134334.7421,51.127,4.0314,16.2883
node-003,2024-01-01 09:58:30,0.0953,0.7416,2732163.7952,0.7832,142599.2974,41.0121,7.8744,15.9737
node-004,2024-01-01 09:58:30,0.0736,0.0,2541702.59,0.7939,157098.6291,49.507,9.0935,16.0936
node-005,2024-01-01 09:58:30,0.14,0.0562,3428171.2256,1.1042,120194.5929,44.0173,8.9967,16.2195
node-006,2024-01-01 09:58:30,0.0921,0.729,2853408.4426,1.0258,131688.0103,40.1229,7.2376,16.2718
node-007,2024-01-01 09:58:30,0.0542,0.0,2501837.0808,0.9154,132254.2087,47.6753,10.9848,15.544
node-008,2024-01-01 09:58:30,0.1046,0.0,3018504.2304,0.4988,112427.5719,37.8889,12.956,16.0069
node-009,2024-01-01 09:58:30,0.1191,0.0,2957996.6074,4.1145,226535.5082,50.7802,10.9677,15.9245
node-010,2024-01-01 09:58:30,0.1559,0.0,3106471.1207,0.9,127831.6798,47.9009,7.0319,16.1635
node-011,2024-01-01 09:58:30,0.4671,0.5497,2754287.2872,5.6047,138686.912,53.6726,9.9318,15.6644
node-012,2024-01-01 09:58:30,0.1127,0.5445,3245993.8092,0.8307,117817.2335,46.6615,7.8895,16.2586
node-013,2024-01-01 09:58:30,0.0902,0.5923,2753987.9068,0.9038,171880.5647,45.127,7.2067,16.0795
node-014,2024-01-01 09:58:30,0.0778,0.1708,2840652.8626,0.7687,140791.7835,41.3297,5.846,16.0526
node-015,2024-01-01 09:58:30,0.0,0.2649,1383779.832,0.2098,115531.7593,6.4396,2.0065,47.9271
node-016,2024-01-01 09:58:30,0.1811,0.0039,2743409.3888,1.0285,193346.302,55.4533,7.2628,15.8712
node-017,2024-01-01 09:58:30,0.1004,0.0,2950264.398,0.8044,137050.7204,43.6338,7.8838,15.7062
node-018,2024-01-01 09:58:30,0.121,0.0,3312802.0577,1.1911,134867.4368,39.4034,5.0161,15.7667
node-019,2024-01-01 09:58:30,0.0737,0.3852,3050672.0722,1.0151,118577.9559,39.746,8.0086,15.5085
node-020,2024-01-01 09:58:30,0.068,0.3799,2845166.0554,0.9272,83555.2077,47.7315,7.9934,16.2399
node-021,2024-01-01 09:58:30,0.0786,0.0,3231707.843,0.8529,121863.9745,42.8676,4.9731,16.3236
node-022,2024-01-01 09:58:30,0.0716,0.6819,2666768.121,0.7177,139446.6392,47.1706,7.5039,15.5408
node-023,2024-01-01 09:58:30,0.0968,0.1065,3645252.6746,0.891,130061.0138,52.787,8.9007,16.1062
node-024,2024-01-01 09:58:30,0.1014,0.0,3242873.853,0.9248,120848.3233,45.8099,9.019,16.0106
node-025,2024-01-01 09:58:30,0.2343,0.6295,4114802.953,1.0523,116573.7797,52.8003,8.0272,16.1386
node-026,2024-01-01 09:58:30,0.1776,0.0,2609013.0644,0.7577,116668.7028,41.7697,7.1358,15.9486
node-027,2024-01-01 09:58:30,0.1062,0.0,2914722.5021,0.802,126137.0706,57.1878,10.8795,16.2992
node-028,2024-01-01 09:58:30,0.053,0.5721,2184039.8642,0.1981,135460.1605,6.001,4.0647,47.9177
node-029,2024-01-01 09:58:30,0.0,0.0,2354269.3438,0.6978,182596.0698,47.6682,7.8654,16.0408
node-000,2024-01-01 10:03:00,0.5285,0.0606,3994904.0112,3.2029,102229.168,46.9878,5.9588,15.9064
node-001,2024-01-01 10:03:00,0.0,0.0,1213825.1803,0.1929,125416.3955,6.5079,2.0492,47.8591
node-002,2024-01-01 10:03:00,0.1161,0.0752,3562232.9142,0.7902,132073.4355,41.4019,9.9594,16.4094
node-003,2024-01-01 10:03:00,0.1306,0.2348,2833047.2402,0.7413,134116.8732,40.266,9.0959,15.8289
node-004,2024-01-01 10:03:00,0.1468,0.0,2230280.4488,1.0085,144667.9093,44.1974,6.9836,16.3079
node-005,2024-01-01 10:03:00,0.1649,0.4238,3469598.4997,0.7911,125404.9893,44.6703,9.0337,16.3067
node-006,2024-01-01 10:03:00,0.2024,0.5295,3257092.3384,1.373,140010.2015,38.1824,5.0178,15.7701
node-007,2024-01-01 10:03:00,0.0772,0.6179,2801606.2896,0.8846,141779.2468,48.68,8.957,15.6881
node-008,2024-01-01 10:03:00,0.271,0.0,3023649.2561,0.9439,116283.5995,35.991,5.7975,15.9019
node-009,2024-01-01 10:03:00,0.1024,0.485,3051475.9618,2.5083,122750.9915,55.0967,8.9867,15.8586
node-010,2024-01-01 10:03:00,0.1208,0.098,2859167.2788,0.9132,132539.5213,48.1955,4.0662,15.9123
node-011,2024-01-01 10:03:00,0.1004,0.3207,2156006.104,2.7589,106942.7883,58.4739,14.9346,15.9065
node-012,2024-01-01 10:03:00,0.088,0.0,3726530.8215,0.9811,96109.8209,47.7794,13.0116,15.9278
node-013,2024-01-01 10:03:00,0.0886,0.3981,2785175.8223,1.0122,142946.8208,48.3234,9.0242,16.0505
node-014,2024-01-01 10:03:00,0.1062,0.1707,2834152.2728,0.9038,127369.9976,46.3229,5.962,15.9746
node-015,2024-01-01 10:03:00,0.034,0.0,1110819.9394,0.2098,127060.5865,7.0336,5.9928,47.703
node-016,2024-01-01 10:03:00,0.2609,0.0,2802187.1189,1.2017,174134.6235,58.2087,10.9947,15.7157
node-017,2024-01-01 10:03:00,0.1153,0.4857,2733074.2588,0.8079,123430.9789,39.1037,6.0111,16.0887
node-018,2024-01-01 10:03:00,0.1576,0.0,3074599.1488,1.0853,116798.3124,41.2478,6.9969,16.0953
node-019,2024-01-01 10:03:00,0.1756,0.0595,3221731.5716,1.0846,119522.7506,42.3384,6.5837,16.2183
node-020,2024-01-01 10:03:00,0.1159,0.0,3176408.8928,0.858,138755.7602,47.0362,6.9321,15.9968
node-021,2024-01-01 10:03:00,0.2073,0.0,2987872.2073,0.9252,118639.3129,44.7997,8.9153,15.4219
node-022,2024-01-01 10:03:00,0.3953,0.0,2467330.3847,1.6802,119094.4506,46.3114,12.019,16.1716
node-023,2024-01-01 10:03:00,0.1003,0.0,3609955.6666,0.9044,113528.955,61.5621,9.1126,16.033
node-024,2024-01-01 10:03:00,0.0922,0.2247,3567705.5724,0.7899,136354.2457,48.2995,10.0035,15.9389
node-025,2024-01-01 10:03:00,0.1974,0.0913,3983848.4745,0.9221,132632.1814,55.5678,7.2981,15.4474
node-026,2024-01-01 10:03:00,0.0858,0.1771,2292239.4788,0.7824,118264.8874,43.1149,7.1638,15.8635
node-027,2024-01-01 10:03:00,0.1525,0.19,2502534.3513,1.6863,129707.7067,52.0767,11.2033,15.7177
node-028,2024-01-01 10:03:00,0.0,0.0,1999929.4661,0.3777,118426.2264,6.1557,2.938,47.7344
node-029,2024-01-01 10:03:00,0.0798,0.0,2680409.59,1.2339,156298.9371,40.6568,7.5906,16.0549
node-000,2024-01-01 10:07:30,0.2957,0.0,3729857.9973,5.7964,125795.8961,43.7305,9.9722,15.6206
node-001,2024-01-01 10:07:30,0.0,0.0799,1615175.6592,0.2099,120635.5929,6.6024,4.9892,48.0
node-002,2024-01-01 10:07:30,0.0762,0.0,3656645.6721,1.1489,112794.3229,46.6201,6.1178,15.955
node-003,2024-01-01 10:07:30,0.8221,0.3993,2766482.3934,5.4985,125365.7201,38.7286,5.0429,16.044
node-004,2024-01-01 10:07:30,0.0515,0.0,2481539.6063,1.1493,148429.4655,47.5368,6.9702,15.9091
node-005,2024-01-01 10:07:30,0.1976,0.111,3244409.2258,1.0137,115799.8299,43.3684,8.0413,15.5069
node-006,2024-01-01 10:07:30,0.2661,0.0,2961624.4266,1.2223,104512.6764,41.4326,3.9827,16.055
node-007,2024-01-01 10:07:30,0.113,0.1163,2539377.9779,0.8625,128858.4403,43.8473,6.9806,15.8969
node-008,2024-01-01 10:07:30,0.1272,0.4847,2998103.8073,0.5956,138482.814,43.7286,5.9295,15.6664
node-009,2024-01-01 10:07:30,0.1727,0.4896,3553346.2675,2.298,139288.9948,52.324,9.4998,16.0171
node-010,2024-01-01 10:07:30,0.2124,0.4724,2958877.5653,0.8973,116967.8222,46.0221,7.0109,16.0842
node-011,2024-01-01 10:07:30,0.1837,0.0,2498893.3176,1.299,98354.4496,44.275,8.0445,16.0486
node-012,2024-01-01 10:07:30,0.099,0.0,3578692.0806,1.002,150857.6004,47.2169,7.049,15.9851
node-013,2024-01-01 10:07:30,0.092,0.0,2905655.6171,0.9985,158735.3623,45.3454,9.1825,16.1797
node-014,2024-01-01 10:07:30,0.2689,0.0,3137374.812,0.804,155056.8099,40.5402,7.8336,15.9844
node-015,2024-01-01 10:07:30,0.0,0.0,1284080.1192,0.1107,95393.1446,5.9802,4.0182,47.9506
node-016,2024-01-01 10:07:30,0.2307,0.0,2389755.0958,5.6484,170940.2243,52.3617,9.0337,16.1185
node-017,2024-01-01 10:07:30,0.1065,0.0,2690003.8231,0.8181,109777.8381,40.7948,5.9898,15.56
node-018,2024-01-01 10:07:30,0.1286,0.2192,3234077.0536,1.116,223631.9514,41.9284,5.0216,15.5496
node-019,2024-01-01 10:07:30,0.1911,0.1519,3418399.3874,1.0325,126621.0297,43.6046,5.0527,16.2746
node-020,2024-01-01 10:07:30,0.2417,0.0,2978153.2076,0.9684,117739.897,43.2075,8.9598,16.2506
node-021,2024-01-01 10:07:30,0.1145,0.0,3451576.7151,0.9623,132259.0513,42.2954,6.6003,15.8229
node-022,2024-01-01 10:07:30,0.3116,0.0,2697829.6472,0.7981,140222.7345,42.9077,5.8769,16.027
node-023,2024-01-01 10:07:30,0.085,0.0,3352021.6791,1.1326,112429.565,53.9321,8.2849,15.6706
node-024,2024-01-01 10:07:30,0.0725,0.7614,3157767.2063,0.7834,124966.1532,51.5783,9.3701,15.7333
node-025,2024-01-01 10:07:30,0.1604,0.0,4472783.4303,1.0892,125448.3594,56.4177,7.0813,16.3108
node-026,2024-01-01 10:07:30,0.2128,0.0,2439878.2672,1.0103,127359.0717,44.2096,5.972,16.1358
node-027,2024-01-01 10:07:30,0.0788,0.0,2623660.161,1.0043,104601.4653,54.1337,8.0713,16.0168
node-028,2024-01-01 10:07:30,0.0,0.0,1902635.3087,0.3192,128908.742,6.7705,3.0172,47.8433
node-029,2024-01-01 10:07:30,0.0978,0.0,2426715.3073,0.9817,161414.5481,45.1796,8.9937,15.755
node-000,2024-01-01 10:12:00,0.1126,0.0,3834471.8703,0.7932,120008.3399,45.1475,10.107,15.8105
node-001,2024-01-01 10:12:00,0.0073,0.0,1361076.5933,0.1966,81386.5218,6.6182,2.8958,47.9577
node-002,2024-01-01 10:12:00,0.0514,0.3001,3577294.2143,0.7747,127409.473,46.8202,7.9714,15.6414
node-003,2024-01-01 10:12:00,0.1184,0.1508,2725771.5032,0.7155,134256.9365,38.8763,6.884,15.6301
node-004,2024-01-01 10:12:00,0.1239,0.7834,2442266.0428,1.4377,148851.0867,50.2902,6.9925,15.8936
node-005,2024-01-01 10:12:00,0.0944,0.2124,3416337.4986,1.3753,147725.3597,49.5982,7.9774,16.1687
node-006,2024-01-01 10:12:00,0.1036,0.2176,3351310.0276,0.8974,115399.1081,45.0077,5.9506,15.7211
node-007,2024-01-01 10:12:00,0.1033,0.2127,2711328.1054,0.8449,139110.9662,45.135,6.9969,15.9168
node-008,2024-01-01 10:12:00,0.2121,0.0,2932177.5901,0.7919,127443.0666,41.1641,7.9111,15.9668
node-009,2024-01-01 10:12:00,0.1325,0.0,3614551.941,1.1018,114274.3722,57.1133,9.8907,15.7376
node-010,2024-01-01 10:12:00,0.111,0.0,2842707.5016,0.8763,123834.1455,46.2925,9.207,16.0289
node-011,2024-01-01 10:12:00,0.0193,0.2286,2701886.3338,1.1101,123277.9257,47.3785,12.9874,15.9367
node-012,2024-01-01 10:12:00,0.116,0.0,3601047.7965,1.009,123682.7111,44.9787,7.0251,16.0383
node-013,2024-01-01 10:12:00,0.088,0.8674,2817927.2435,1.0158,154104.3958,46.6284,7.9387,15.8666
node-014,2024-01-01 10:12:00,0.1096,0.8037,2738134.5159,0.8062,149224.0442,44.0335,10.0567,15.8419
node-015,2024-01-01 10:12:00,0.0166,0.0,1396834.9961,0.3067,139209.2356,7.4748,2.2888,47.8624
node-016,2024-01-01 10:12:00,0.0478,0.0,3397469.6276,0.9989,162485.1058,53.9486,11.0194,15.7326
node-017,2024-01-01 10:12:00,0.16,0.0,2913222.8807,0.8099,129564.5096,43.2715,8.0194,16.0928
node-018,2024-01-01 10:12:00,0.1256,0.3824,3252993.2837,1.0992,116259.3414,41.595,7.9701,15.946
node-019,2024-01-01 10:12:00,0.1291,0.0,2913897.1987,0.8643,170055.2988,44.8851,3.9925,16.2401
node-020,2024-01-01 10:12:00,0.0949,0.24,2999873.6878,0.8949,116932.1735,43.2194,7.3823,15.974
node-021,2024-01-01 10:12:00,0.0584,0.2377,3063117.3033,1.2088,132288.0191,38.6102,6.9864,16.0947
node-022,2024-01-01 10:12:00,0.0793,0.1905,2708115.7532,1.021,139216.9667,37.9194,5.9688,15.7783
node-023,2024-01-01 10:12:00,0.0663,1.5729,3180303.3652,0.801,123233.6784,48.1757,9.0259,16.4597
node-024,2024-01-01 10:12:00,0.1208,0.7518,3022702.2545,0.8192,97886.2259,45.504,6.9862,16.2366
node-025,2024-01-01 10:12:00,0.0697,0.164,3840834.8127,1.2883,132613.09,52.843,8.1039,16.0665
node-026,2024-01-01 10:12:00,0.0374,0.0,2727263.2106,1.0084,117256.3508,40.0504,10.9964,15.7211
node-027,2024-01-01 10:12:00,0.0713,0.0,2654798.7859,0.8996,141112.9722,54.857,7.964,16.0962
node-028,2024-01-01 10:12:00,0.0,0.0,1582884.0499,0.1785,134249.7035,6.9864,2.9275,48.0
node-029,2024-01-01 10:12:00,0.1004,0.0,2675074.3829,0.9078,145444.4794,45.8428,8.0852,15.9547
node-000,2024-01-01 10:16:30,0.1307,0.3801,4158542.6713,0.9047,122834.3439,48.3951,7.9796,16.0462
node-001,2024-01-01 10:16:30,0.0015,0.2287,1476976.1144,0.2083,162708.6491,6.6414,4.9676,48.0
node-002,2024-01-01 10:16:30,0.0866,0.0,3465249.8777,0.8303,89157.209,45.9445,8.0289,15.7182
node-003,2024-01-01 10:16:30,0.0657,0.0,2708425.2002,0.7117,125214.3063,43.1906,6.8804,16.3152
node-004,2024-01-01 10:16:30,0.0886,0.0,2306700.9054,1.108,172806.7222,49.8396,7.0349,15.9557
node-005,2024-01-01 10:16:30,0.0,0.7723,3358741.3014,1.3161,156125.4249,48.3294,7.3093,15.8159
node-006,2024-01-01 10:16:30,0.205,0.0676,2902327.3496,0.9104,115656.5325,39.5436,7.966,16.0479
node-007,2024-01-01 10:16:30,0.1097,0.0,2677128.7556,1.0195,143236.6645,47.5315,6.0022,15.7575
node-008,2024-01-01 10:16:30,0.1131,0.0,2946228.4222,0.6094,137735.6489,44.9945,9.3656,15.6688
node-009,2024-01-01 10:16:30,0.1218,0.0,3004414.3621,1.7369,96693.916,54.796,8.113,15.8812
node-010,2024-01-01 10:16:30,0.0871,0.2089,2649334.8606,0.894,136721.3233,46.1437,6.9335,16.1294
node-011,2024-01-01 10:16:30,0.087,0.0,2737808.1066,1.0514,104761.3807,51.2868,9.7677,15.9219
node-012,2024-01-01 10:16:30,0.1677,0.0,3438551.0817,1.4093,137738.0669,51.5883,6.9831,16.3272
node-013,2024-01-01 10:16:30,0.0919,0.1975,2783770.8452,1.0092,186795.1792,44.6712,6.9623,15.9122
node-014,2024-01-01 10:16:30,0.1096,0.0,3011356.8269,0.8082,118664.7099,43.0075,8.0657,16.1429
node-015,2024-01-01 10:16:30,0.0,0.0,1522534.8639,0.2061,119950.5391,6.5316,3.9433,48.0
node-016,2024-01-01 10:16:30,0.0069,0.2798,2970573.0758,1.0077,148869.4064,44.0862,9.009,16.1552
node-017,2024-01-01 10:16:30,0.184,0.0,2722968.7925,0.8636,136042.9762,45.576,6.9696,16.1069
node-018,2024-01-01 10:16:30,0.1588,0.6785,2946602.0333,1.2267,126333.8371,40.709,6.9077,15.8163
node-019,2024-01-01 10:16:30,0.136,0.0,2861949.5731,0.7891,137297.182,40.3296,6.9225,16.1794
node-020,2024-01-01 10:16:30,0.0888,0.3382,3062945.1477,4.4994,106501.9188,41.1796,7.0399,15.7258
node-021,2024-01-01 10:16:30,0.1929,0.0,3186907.9423,1.2108,130494.8956,42.3193,6.9972,15.6872
node-022,2024-01-01 10:16:30,0.2034,0.3457,2841366.9022,0.8019,126589.0378,43.4037,5.9336,15.7952
node-023,2024-01-01 10:16:30,0.151,0.0,2933075.119,1.7531,117160.2444,52.8108,14.0299,15.8426
node-024,2024-01-01 10:16:30,0.1244,0.0821,3285293.0029,0.9592,146392.2872,49.0824,6.0294,15.9867
node-025,2024-01-01 10:16:30,0.1737,0.1344,4067106.9601,1.0041,132289.4956,52.8004,8.0953,15.7398
node-026,2024-01-01 10:16:30,0.1784,0.1391,2548533.7042,1.5174,131284.0279,47.393,8.953,16.0328
node-027,2024-01-01 10:16:30,0.1232,0.0,2800989.4548,1.9267,141343.4579,52.591,7.0666,15.4057
node-028,2024-01-01 10:16:30,0.034,0.6389,2147473.1046,0.2074,122177.8475,6.9522,3.0436,47.5882
node-029,2024-01-01 10:16:30,0.1807,0.3236,2577533.4577,1.4667,144598.2268,45.0589,7.4167,15.9168
node-000,2024-01-01 10:21:00,0.0372,0.5635,4239457.421,1.1996,135335.3477,44.2674,6.9934,15.8622
node-001,2024-01-01 10:21:00,0.0,0.0,1089660.668,0.2072,102648.4835,6.6738,3.0922,47.9507
node-002,2024-01-01 10:21:00,0.1045,0.0,3576127.0618,0.8587,146877.933,46.1495,9.1107,15.9685
node-003,2024-01-01 10:21:00,0.0954,0.0,3163427.9604,0.8962,119769.6073,44.4562,8.0075,16.2616
node-004,2024-01-01 10:21:00,0.0991,0.0,2602449.0711,0.9096,164371.5298,51.6216,7.023,15.9763
node-005,2024-01-01 10:21:00,0.1387,0.0,3620638.2808,0.8214,129507.7153,42.5282,4.9174,16.3641
node-006,2024-01-01 10:21:00,0.13,0.3366,3033093.3537,1.0195,121481.6888,39.2084,4.2853,16.3029
node-007,2024-01-01 10:21:00,0.1871,0.0,2692566.3532,1.389,131798.6223,47.0972,6.9548,16.089
node-008,2024-01-01 10:21:00,0.1214,0.0,3427119.0617,0.7692,137614.0754,41.2802,5.8346,16.4191
node-009,2024-01-01 10:21:00,0.139,0.1283,3189762.3296,1.0979,137042.9332,54.411,9.0068,15.8841
node-010,2024-01-01 10:21:00,0.0762,0.0,2880529.655,1.6682,104123.7923,52.9678,8.0572,16.0813
node-011,2024-01-01 10:21:00,0.1022,0.0,2805286.8106,3.1881,130043.3191,49.2489,9.0314,16.1695
node-012,2024-01-01 10:21:00,0.0416,0.3612,3400542.5629,1.078,127493.9854,49.5139,8.1636,15.9078
node-013,2024-01-01 10:21:00,0.153,0.9974,3155009.0133,1.0153,168175.8712,47.9908,8.2837,16.248
node-014,2024-01-01 10:21:00,0.0878,0.3768,2906735.4632,0.8742,122615.023,40.2444,7.7399,15.767
node-015,2024-01-01 10:21:00,0.0069,0.0598,1400224.3913,0.1217,111859.0826,7.1284,4.0979,47.9624
node-016,2024-01-01 10:21:00,0.1222,0.467,2887518.1162,1.1068,155578.5914,56.9817,7.992,15.8605
node-017,2024-01-01 10:21:00,0.0618,0.0,2769733.679,0.7864,138434.0498,45.456,6.146,16.0915
node-018,2024-01-01 10:21:00,0.1396,0.9325,3086108.3909,1.023,151382.6171,40.0077,7.999,16.0443
node-019,2024-01-01 10:21:00,0.1459,0.4297,2647216.821,1.0228,142170.1045,38.1223,5.9655,16.3607
node-020,2024-01-01 10:21:00,0.1003,0.0,2790219.9683,0.788,126319.8358,49.7989,6.9704,15.8387
node-021,2024-01-01 10:21:00,0.1197,0.0,2975022.8195,0.7018,113672.323,42.2249,7.0311,16.2938
node-022,2024-01-01 10:21:00,0.2331,0.4743,2782606.0297,1.4997,120635.4449,41.5052,8.068,16.0219
node-023,2024-01-01 10:21:00,0.2929,0.0,3312355.4454,2.3279,132471.362,53.8072,8.0785,16.1117
node-024,2024-01-01 10:21:00,0.1136,0.0,3247852.9851,0.6916,80688.4404,45.5623,10.5143,16.217
node-025,2024-01-01 10:21:00,0.1353,0.0,4042682.1284,1.1535,126060.6411,54.6513,7.0,15.6246
node-026,2024-01-01 10:21:00,0.1244,0.5478,2379589.1394,0.9242,114851.312,46.6673,8.0628,15.8085
node-027,2024-01-01 10:21:00,0.1391,0.5784,2936663.9164,0.9996,144837.7843,47.4633,9.0129,16.1502
node-028,2024-01-01 10:21:00,0.0276,0.0,1755875.6765,0.2111,158726.5305,5.8038,3.8555,48.0
node-029,2024-01-01 10:21:00,0.095,0.0,2295674.6531,0.9629,125294.3088,47.3998,8.9969,16.0972
node-000,2024-01-01 10:25:30,0.0688,0.0,3852017.7947,0.8008,128066.3804,43.3784,6.9535,15.7182
node-001,2024-01-01 10:25:30,0.0419,0.0,1349640.862,0.1875,116120.5771,6.1968,2.9724,47.8971
node-002,2024-01-01 10:25:30,0.1318,0.0,3806917.9382,1.3368,113793.5797,44.3347,7.9951,16.1159
node-003,2024-01-01 10:25:30,0.1133,0.9064,2936826.9117,0.8099,116645.2841,44.3988,6.0189,15.9428
node-004,2024-01-01 10:25:30,0.1126,0.1662,2478945.6311,1.0071,168329.5685,49.0617,8.7965,15.5345
node-005,2024-01-01 10:25:30,0.1085,0.42,3707190.0846,0.796,123668.5185,57.1744,13.9803,15.8985
node-006,2024-01-01 10:25:30,0.0,0.5955,3236540.1889,1.0051,136005.508,38.6366,7.1229,15.9558
node-007,2024-01-01 10:25:30,0.1667,0.0,2710189.2306,1.0219,155477.6021,43.1421,9.0328,16.0552
node-008,2024-01-01 10:25:30,0.224,0.4845,2959933.855,1.0459,173016.408,42.9847,6.8926,16.111
node-009,2024-01-01 10:25:30,0.171,0.5188,3376017.9889,0.9234,128004.8683,56.77,8.9083,15.8141
node-010,2024-01-01 10:25:30,0.1413,0.3775,2858500.4163,1.1102,110996.4997,45.7455,9.0338,15.925
node-011,2024-01-01 10:25:30,0.139,0.0023,2468693.4679,1.1627,129749.1526,49.2768,5.9776,16.0142
node-012,2024-01-01 10:25:30,0.104,0.6696,3278368.8918,1.0886,144552.6773,45.9887,7.0179,16.2424
node-013,2024-01-01 10:25:30,0.1414,0.693,2889920.5171,0.9849,181969.9912,42.7259,6.0637,16.0269
node-014,2024-01-01 10:25:30,0.0358,0.0,2976385.4853,0.9722,121494.7012,39.0937,5.9257,15.9772
node-015,2024-01-01 10:25:30,0.0,0.0,1186888.8167,0.186,123257.8727,5.874,3.0166,47.8672
node-016,2024-01-01 10:25:30,0.1208,0.0,3208326.0761,1.0334,165731.8242,54.2269,9.0986,15.923
node-017,2024-01-01 10:25:30,0.1483,0.3342,2596742.8835,0.6955,135276.0927,38.107,7.9652,15.9884
node-018,2024-01-01 10:25:30,0.1011,0.0,3082279.2535,1.0037,129828.5176,42.3095,7.9424,16.3762
node-019,2024-01-01 10:25:30,0.0,0.0,2904365.5571,0.6102,114316.3568,42.6327,6.9839,16.1097
node-020,2024-01-01 10:25:30,0.1052,0.0,3112134.8002,1.1524,118551.4053,45.7755,5.9225,15.8636
node-021,2024-01-01 10:25:30,0.0977,0.1209,3279940.6017,0.9319,133709.3841,45.8318,6.0997,16.1368
node-022,2024-01-01 10:25:30,0.2164,0.0,3045635.0226,1.0901,122883.3292,41.6462,6.0066,16.2714
node-023,2024-01-01 10:25:30,0.2295,0.1557,3105862.6884,4.9652,133988.8987,55.9756,8.9158,15.874
node-024,2024-01-01 10:25:30,0.0424,0.0,3090856.0717,0.6916,131316.7863,41.8265,9.0526,16.3367
node-025,2024-01-01 10:25:30,0.0,0.0,3954432.9535,0.8958,110826.6152,52.3069,7.0469,15.8104
node-026,2024-01-01 10:25:30,0.1172,0.0,2619545.6821,0.8116,142689.7412,44.3665,6.542,15.8648
node-027,2024-01-01 10:25:30,0.0737,0.0,3027238.7845,1.2045,133623.1832,50.3601,8.9503,16.2049
node-028,2024-01-01 10:25:30,0.0,0.0,2062879.2178,0.1988,143319.0682,7.1703,3.0382,47.6688
node-029,2024-01-01 10:25:30,0.1937,0.0,2429504.5721,1.303,129853.1921,49.1602,7.9951,16.2048
node-000,2024-01-01 10:30:00,0.118,0.23,4328768.0776,0.803,120060.2769,43.7148,7.8547,15.9302
node-001,2024-01-01 10:30:00,0.0,0.0,1523212.2068,0.1776,114997.4184,5.8424,2.9949,47.8438
node-002,2024-01-01 10:30:00,0.1296,0.0,3417983.3147,0.8833,115622.2018,41.6836,7.9794,15.8705
node-003,2024-01-01 10:30:00,0.1743,0.0,2420792.5846,0.7934,135815.3517,41.3688,8.9396,15.7567
node-004,2024-01-01 10:30:00,0.1081,0.0,2402752.225,0.8911,183173.1431,46.0818,9.9986,15.9777
node-005,2024-01-01 10:30:00,0.1176,0.6937,3600862.5413,0.9975,101427.2353,46.2966,9.5702,16.0383
node-006,2024-01-01 10:30:00,0.0596,0.0,3134092.501,0.8803,129247.1951,42.8449,5.8953,16.1822
node-007,2024-01-01 10:30:00,0.0766,0.3196,2732104.4534,0.879,141406.8796,46.1919,9.6098,15.996
node-008,2024-01-01 10:30:00,0.0772,0.0,2981657.2915,0.9309,110286.6174,38.2643,3.9604,16.1256
node-009,2024-01-01 10:30:00,0.0883,0.0,3157832.8935,0.7931,141194.651,51.4172,8.0286,16.0829
node-010,2024-01-01 10:30:00,0.0484,0.0,2754252.8869,0.9393,139310.2577,46.1504,7.0039,16.1325
node-011,2024-01-01 10:30:00,0.0695,0.0,2210844.6824,0.9831,135536.8999,44.2053,9.948,16.2417
node-012,2024-01-01 10:30:00,0.0576,0.0,3462230.2491,1.0851,124702.5261,45.9687,7.4288,15.7716
node-013,2024-01-01 10:30:00,0.1321,0.0,2751452.9494,0.7968,179770.1023,43.8116,16.8966,15.9072
node-014,2024-01-01 10:30:00,0.0566,0.5424,2960134.458,0.855,117952.1114,48.7764,8.0645,15.9675
node-015,2024-01-01 10:30:00,0.0,0.0,1494385.6162,0.1822,125610.5587,6.4829,2.9573,48.0
node-016,2024-01-01 10:30:00,0.1155,0.1165,2756012.2689,1.3337,171256.0099,53.2518,4.9769,15.6966
node-017,2024-01-01 10:30:00,0.0,0.0,2351368.1054,0.809,132307.6438,41.8484,6.9406,15.9383
node-018,2024-01-01 10:30:00,0.0375,0.4674,3300648.6763,1.1071,125340.5264,42.1198,12.0943,16.4685
node-019,2024-01-01 10:30:00,0.1874,0.0,2820404.1982,0.9878,106303.2606,42.5203,10.0307,16.0838
node-020,2024-01-01 10:30:00,0.1864,0.0,2739022.5753,0.9842,114671.0046,46.3671,8.0276,16.0552
node-021,2024-01-01 10:30:00,0.0859,1.0814,3311860.0079,0.7858,87306.3435,43.7613,11.0251,15.5172
node-022,2024-01-01 10:30:00,0.1208,0.4337,2668764.7113,0.9188,113516.3639,37.0101,5.9961,16.1899
node-023,2024-01-01 10:30:00,0.0884,0.0,3025336.0653,1.0087,136302.1407,53.9988,8.9421,16.0824
node-024,2024-01-01 10:30:00,0.1505,0.6186,3262591.1336,0.9104,116950.4411,46.9396,7.9059,15.9162
node-025,2024-01-01 10:30:00,0.0952,0.0,4273943.1497,1.0812,132388.226,53.762,8.0548,16.0412
node-026,2024-01-01 10:30:00,0.0928,0.0,2523972.2666,0.6895,129271.3787,42.6898,12.1654,15.9366
node-027,2024-01-01 10:30:00,0.1186,0.0,2757512.0302,1.0958,129308.2642,53.4402,8.0783,16.3584
node-028,2024-01-01 10:30:00,0.0,0.017,1799975.9848,0.3041,119306.2297,6.4067,3.9015,48.0
node-029,2024-01-01 10:30:00,0.1258,0.4549,1932355.7161,0.943,156794.6915,46.3417,7.0634,15.8141
node-000,2024-01-01 10:34:30,0.1292,0.0134,3704848.4805,1.0354,133215.6401,43.6972,5.6842,16.0395
node-001,2024-01-01 10:34:30,0.0027,0.3744,1431861.9134,0.1129,117874.702,6.4175,5.0837,47.8897
node-002,2024-01-01 10:34:30,0.1162,0.0,3645676.7042,0.9894,119683.0065,47.6364,5.9968,15.8728
node-003,2024-01-01 10:34:30,0.0741,0.0,3052893.3102,0.7957,122850.5081,42.2566,7.6535,15.8526
node-004,2024-01-01 10:34:30,0.0885,0.0,2413092.8897,1.1804,190417.0509,47.6317,9.0281,16.2187
node-005,2024-01-01 10:34:30,0.0567,0.0,3558559.9228,0.9899,127616.7933,46.2187,16.9241,16.0013
node-006,2024-01-01 10:34:30,0.1552,0.5229,2952566.4901,0.9956,120625.9183,43.5419,6.3267,16.2925
node-007,2024-01-01 10:34:30,0.1027,0.0,2494256.0738,0.7956,143972.0746,49.4506,9.0433,16.4135
node-008,2024-01-01 10:34:30,0.0936,0.4128,2948515.4239,0.8035,132090.3283,41.3864,8.0216,15.772
node-009,2024-01-01 10:34:30,0.0599,0.1246,3228869.071,1.0001,140567.5436,53.0068,11.8877,16.0182
node-010,2024-01-01 10:34:30,0.1243,0.0,2908206.9508,0.9799,123415.6502,44.7972,6.99,15.9014
node-011,2024-01-01 10:34:30,0.1299,0.0,2064979.1086,1.3123,129929.7259,52.2347,5.9504,15.9082
node-012,2024-01-01 10:34:30,0.0804,0.0,3502315.7583,1.1561,121283.2651,46.5688,6.9401,16.0519
node-013,2024-01-01 10:34:30,0.0387,0.0,2645393.2968,0.9995,174424.4766,49.1261,7.9054,15.9233
node-014,2024-01-01 10:34:30,0.1748,0.4789,2807565.1856,0.8111,94162.9517,41.1882,7.1631,15.9958
node-015,2024-01-01 10:34:30,0.1408,0.0,1359017.0466,0.1176,105532.0951,6.302,3.9917,47.5981
node-016,2024-01-01 10:34:30,0.248,0.0,2974118.6593,1.2866,170022.7457,57.5053,11.5592,15.9189
node-017,2024-01-01 10:34:30,0.1073,0.5952,2620307.3154,1.0032,136159.5695,41.8887,9.0729,15.9305
node-018,2024-01-01 10:34:30,0.0529,0.0,3088584.266,1.1106,133357.9873,37.8455,7.9634,15.9885
node-019,2024-01-01 10:34:30,0.1599,0.0,2885810.4794,0.8751,133412.003,38.7545,9.0297,16.1288
node-020,2024-01-01 10:34:30,0.062,0.0,2820242.0089,1.2986,130242.2747,45.5202,9.8998,16.1734
node-021,2024-01-01 10:34:30,0.0966,0.3298,3370810.4292,0.819,138894.336,36.7848,7.0343,15.7154
node-022,2024-01-01 10:34:30,0.1415,0.6227,2605287.565,0.6773,134127.1201,42.5261,8.3084,15.7853
node-023,2024-01-01 10:34:30,0.1555,0.1232,3457115.4316,1.0261,106646.3598,60.3015,9.0606,16.2496
node-024,2024-01-01 10:34:30,0.1357,0.0,3233344.5955,0.9465,140316.0636,42.7986,7.9987,16.1949
node-025,2024-01-01 10:34:30,0.0848,0.254,4134652.1974,0.893,132418.0838,50.2743,10.9847,15.9715
node-026,2024-01-01 10:34:30,0.0763,0.1058,2353097.0755,0.7166,123269.1249,43.2582,6.0276,16.0353
node-027,2024-01-01 10:34:30,0.0926,0.2686,2710889.8015,0.8938,134505.1629,48.2493,14.9816,16.0022
node-028,2024-01-01 10:34:30,0.0,0.1295,1605348.3201,0.1937,157564.0273,7.6899,2.1222,47.8721
node-029,2024-01-01 10:34:30,0.1271,0.0,2386765.4115,0.8035,169156.5247,50.2783,7.0581,15.8468
node-000,2024-01-01 10:39:00,0.1216,0.046,4078401.4103,0.9031,145064.5723,45.6328,6.9952,16.135
node-001,2024-01-01 10:39:00,0.0,0.0,1295077.7606,0.1734,126471.8483,6.8222,3.0094,47.8351
node-002,2024-01-01 10:39:00,0.3669,0.0,3533046.544,1.4291,102362.821,45.2665,6.0681,16.2525
node-003,2024-01-01 10:39:00,0.1884,0.0,2781595.4607,0.8032,134712.3904,43.2633,4.8497,16.0807
node-004,2024-01-01 10:39:00,0.0782,0.0,2081021.4046,0.9004,174698.5939,50.6622,7.9549,15.752
node-005,2024-01-01 10:39:00,0.0879,0.0,3567477.7691,0.8016,119664.0882,44.3361,4.9802,15.9493
node-006,2024-01-01 10:39:00,0.0,0.0,3043457.6219,0.794,122259.6463,45.5909,9.0541,15.8662
node-007,2024-01-01 10:39:00,0.0892,0.0,2349676.4635,0.9816,132895.2918,46.7584,8.9909,15.9899
node-008,2024-01-01 10:39:00,0.1748,0.0,3070756.7712,0.794,128997.7037,42.9134,6.8652,15.8705
node-009,2024-01-01 10:39:00,0.0668,0.0,3315994.2526,2.3062,139932.212,51.094,7.88,16.2118
node-010,2024-01-01 10:39:00,0.0859,0.0,2874059.4504,0.7911,120951.0657,39.8923,6.9646,15.7492
node-011,2024-01-01 10:39:00,0.1024,0.0,2813274.7026,1.0935,127699.2918,58.2458,9.1491,16.2685
node-012,2024-01-01 10:39:00,0.0901,0.8863,3501080.817,0.8911,131836.751,47.7449,6.9737,16.3993
node-013,2024-01-01 10:39:00,0.1216,0.0,2666883.4058,0.7047,133266.4878,47.7011,7.0141,15.7165
node-014,2024-01-01 10:39:00,0.0796,0.8167,2753045.2426,0.9901,122006.3626,41.9833,6.0302,16.1624
node-015,2024-01-01 10:39:00,0.0142,0.7459,1328161.3745,0.1822,85413.6299,6.7889,4.1068,47.9082
node-016,2024-01-01 10:39:00,0.0495,0.0,2687671.835,1.1099,162765.1514,53.4588,13.8881,15.9004
node-017,2024-01-01 10:39:00,0.1348,0.7518,2678947.396,0.7547,119766.1211,38.909,8.7951,16.1217
node-018,2024-01-01 10:39:00,0.1174,0.3276,3057465.6362,1.1042,125388.5538,40.3433,8.0251,16.006
node-019,2024-01-01 10:39:00,0.5959,0.2772,3164192.0345,5.2961,156118.1394,40.7308,6.9688,15.7298
node-020,2024-01-01 10:39:00,0.2128,0.0,2804667.7602,1.1933,139503.7366,51.487,5.7744,15.9959
node-021,2024-01-01 10:39:00,0.1004,0.0,3126070.285,0.8165,127582.3847,41.7064,7.0229,15.8683
node-022,2024-01-01 10:39:00,0.115,0.0,2644319.3835,1.1001,134926.7369,38.4607,6.058,16.1726
node-023,2024-01-01 10:39:00,0.2196,0.6592,3320560.9236,0.9911,78700.3212,50.0115,8.7568,15.8378
node-024,2024-01-01 10:39:00,0.0752,0.0,3110209.1315,0.9107,132425.4622,40.7268,11.9599,16.0443
node-025,2024-01-01 10:39:00,0.0907,0.5657,3998689.5905,1.0414,143087.6178,51.8949,7.0475,15.9911
node-026,2024-01-01 10:39:00,0.1018,0.0,2472145.7714,0.8882,142826.9799,39.327,10.0473,16.3099
node-027,2024-01-01 10:39:00,0.1894,0.5205,2513346.6863,3.6879,120104.6274,53.5722,7.9643,16.3578
node-028,2024-01-01 10:39:00,0.0,0.0,1643919.5029,0.2787,125758.5281,6.9093,4.0162,47.6061
node-029,2024-01-01 10:39:00,0.0654,0.0861,2395552.7262,0.802,168940.7876,47.5627,6.9664,15.8334
node-000,2024-01-01 10:43:30,0.0761,0.7604,4098111.3238,1.1301,112349.3485,45.5923,5.9582,15.7838
node-001,2024-01-01 10:43:30,0.0,0.0,1416260.2586,0.1987,134687.0744,6.4508,2.9947,47.9625
node-002,2024-01-01 10:43:30,0.2201,0.0,3425997.8023,6.3911,105133.2786,47.5911,7.9911,16.118
node-003,2024-01-01 10:43:30,0.1101,0.2651,2845400.4397,0.8045,135137.338,34.9124,6.9375,15.8254
node-004,2024-01-01 10:43:30,0.0991,0.2219,2351609.2863,0.8115,170969.4391,48.7927,12.0184,16.196
node-005,2024-01-01 10:43:30,0.1056,0.0,3419419.662,0.8975,128349.8882,45.078,7.879,15.991
node-006,2024-01-01 10:43:30,0.1153,0.0,2945475.8569,1.0002,143990.106,35.5615,7.9866,16.3375
node-007,2024-01-01 10:43:30,0.0974,0.0,2769412.4671,1.3072,85020.7664,45.8459,7.991,15.9923
node-008,2024-01-01 10:43:30,0.2287,0.1572,2891216.8802,0.8926,129753.449,44.2313,7.0073,15.9785
node-009,2024-01-01 10:43:30,0.1215,0.0,3340600.3041,1.0839,139958.7895,51.0879,9.9747,15.9668
node-010,2024-01-01 10:43:30,0.1478,0.0,3030049.0632,0.8027,142829.1244,48.5426,7.8953,16.1313
node-011,2024-01-01 10:43:30,0.097,0.0,2763589.0461,1.1849,101114.0155,52.0718,8.8147,15.9341
node-012,2024-01-01 10:43:30,0.0465,0.5443,3274571.55,1.0075,141107.2371,47.4174,10.0793,16.1766
node-013,2024-01-01 10:43:30,0.0926,0.2835,2961207.3363,1.1173,183082.679,50.4096,10.9319,15.8921
node-014,2024-01-01 10:43:30,0.1582,0.0,2869740.6524,0.7151,131985.1399,36.0225,7.0212,15.4561
node-015,2024-01-01 10:43:30,0.0057,0.0,1509830.1906,0.2088,97193.2264,6.2654,3.033,47.6718
node-016,2024-01-01 10:43:30,0.0999,0.0,2727500.7468,1.0236,161958.1744,51.3018,9.0732,15.8734
node-017,2024-01-01 10:43:30,0.2423,0.1129,2452419.533,0.9875,124987.0333,41.9009,7.0281,16.0355
node-018,2024-01-01 10:43:30,0.1789,0.0,3106165.6535,1.1996,129562.8987,39.3766,8.0602,15.8377
node-019,2024-01-01 10:43:30,0.1202,0.0,2730074.9219,1.0826,130686.086,46.0125,8.0163,16.1364
node-020,2024-01-01 10:43:30,0.1154,0.0,3259165.0802,0.8022,135394.2607,42.3869,10.086,15.8002
node-021,2024-01-01 10:43:30,0.1324,0.0,3220562.2586,1.4115,213588.7864,38.205,9.0277,15.7183
node-022,2024-01-01 10:43:30,0.0886,0.0,2966510.1767,0.6921,130083.7259,39.6707,6.954,16.0918
node-023,2024-01-01 10:43:30,0.1028,0.4311,3418050.0042,1.2059,122558.3338,57.3807,11.9087,16.0597
node-024,2024-01-01 10:43:30,0.101,0.0,3464901.0721,0.9374,122258.8671,43.5889,6.0682,15.7587
node-025,2024-01-01 10:43:30,0.1223,0.3141,4066126.1302,1.0072,108988.5731,58.1162,14.0054,15.6932
node-026,2024-01-01 10:43:30,0.0879,0.0,2652216.5255,0.8926,117200.4178,38.8735,5.9887,15.8351
node-027,2024-01-01 10:43:30,0.0768,0.2866,2652134.745,1.1003,129542.9375,52.3858,14.0552,15.9389
node-028,2024-01-01 10:43:30,0.0363,0.0,1968312.3606,0.1905,82942.597,6.141,2.9539,48.0
node-029,2024-01-01 10:43:30,0.0815,0.094,2476836.8407,0.804,157072.1437,45.7277,7.0161,16.242
node-000,2024-01-01 10:48:00,0.1987,0.7153,3995978.1069,0.9686,121582.3076,45.5129,7.5839,16.154
node-001,2024-01-01 10:48:00,0.0,0.0,1220506.8689,0.0957,132946.532,5.8219,1.9703,47.9501
node-002,2024-01-01 10:48:00,0.1238,0.1239,3544042.8614,0.7916,102539.2149,45.7565,7.0548,15.7627
node-003,2024-01-01 10:48:00,0.1982,0.0,3087682.1449,0.8552,134787.7963,41.7291,6.3281,15.8997
node-004,2024-01-01 10:48:00,0.1212,0.5344,2653020.1834,1.2822,173175.383,42.973,12.9993,15.7829
node-005,2024-01-01 10:48:00,0.2094,0.0,3623725.2691,0.9932,126914.7819,45.8521,5.9509,16.383
node-006,2024-01-01 10:48:00,0.2266,0.0,2823667.1286,1.0112,100127.4289,35.7227,5.9746,15.8468
node-007,2024-01-01 10:48:00,0.1033,0.0,2662720.7627,1.1183,144218.1667,45.57,5.9638,16.0294
node-008,2024-01-01 10:48:00,0.1898,0.0,2941308.544,0.7219,142945.0374,46.4819,3.9894,16.4061
node-009,2024-01-01 10:48:00,0.0943,0.1351,3597864.8103,1.0033,112263.6419,48.3767,8.0901,16.4759
node-010,2024-01-01 10:48:00,0.1508,0.6204,3062025.6546,0.9441,145920.9704,46.6373,8.3999,16.4175
node-011,2024-01-01 10:48:00,0.0,0.0,2998530.387,1.092,116823.9826,54.3146,14.0033,16.2307
node-012,2024-01-01 10:48:00,0.1401,0.2796,3187007.4556,1.4897,123840.7682,38.4854,7.1349,15.8454
node-013,2024-01-01 10:48:00,0.0919,0.0,2707532.9584,0.9955,177927.5813,45.5824,11.1016,15.8706
node-014,2024-01-01 10:48:00,0.518,1.0852,2660182.4876,1.4871,146916.7486,44.3513,8.8485,15.9246
node-015,2024-01-01 10:48:00,0.0057,0.0,1451958.4311,0.1844,130226.1602,6.4607,4.1057,48.0
node-016,2024-01-01 10:48:00,0.0549,0.175,3260919.5662,1.0113,165524.9335,53.4462,9.0228,15.8084
node-017,2024-01-01 10:48:00,0.0902,0.3013,2596605.163,0.7849,126406.7268,43.7607,7.0023,16.2435
node-018,2024-01-01 10:48:00,0.3285,0.0,3086774.032,0.8931,131998.7358,37.6113,7.7184,15.7025
node-019,2024-01-01 10:48:00,0.2944,0.0,2917160.0577,0.8796,128650.4149,44.008,7.0764,15.9241
node-020,2024-01-01 10:48:00,0.2128,0.2418,3444021.6703,0.701,121799.0446,44.4336,9.9917,16.1859
node-021,2024-01-01 10:48:00,0.1657,0.0,3370880.7536,0.8095,128141.1888,39.2908,7.1251,15.9834
node-022,2024-01-01 10:48:00,0.1066,0.0,2824907.1906,0.7622,121669.6115,41.125,6.3455,16.2775
node-023,2024-01-01 10:48:00,0.1003,1.2877,2972808.9128,0.8557,119446.784,56.1059,8.9743,15.9007
node-024,2024-01-01 10:48:00,0.1242,0.0,3034227.5584,1.1133,88843.95,47.4788,6.0962,15.7925
node-025,2024-01-01 10:48:00,0.2378,0.0,3953317.7687,0.9323,150054.2616,50.5772,10.2062,16.0212
node-026,2024-01-01 10:48:00,0.3146,0.0673,2441254.9505,0.8829,113672.2236,40.6878,1.9753,16.102
node-027,2024-01-01 10:48:00,0.1449,0.0,2668787.1224,0.9778,132838.8048,55.3865,11.8496,15.8792
node-028,2024-01-01 10:48:00,0.0146,0.0,1785370.1519,0.1966,117462.8821,6.0166,1.963,48.0
node-029,2024-01-01 10:48:00,0.1469,0.0,2681745.1264,0.5986,163651.7921,44.9566,8.0897,16.2204
node-000,2024-01-01 10:52:30,0.0354,0.5912,3947636.2685,0.81,125906.778,47.1051,8.0008,16.1462
node-001,2024-01-01 10:52:30,0.0,0.3608,1535952.7938,0.2225,100938.6559,6.659,2.9737,48.0
node-002,2024-01-01 10:52:30,0.1162,0.728,3576295.9192,1.0924,129208.8532,38.2565,7.8926,16.1122
node-003,2024-01-01 10:52:30,0.0447,0.3274,2649508.4757,0.8142,111619.43,42.1669,9.8662,15.8977
node-004,2024-01-01 10:52:30,0.1207,0.0,2351158.7174,0.9753,189189.802,48.6773,6.0339,16.1411
node-005,2024-01-01 10:52:30,0.0573,0.0,3472424.05,0.9925,128715.1903,43.4248,11.694,16.2668
node-006,2024-01-01 10:52:30,0.1064,0.0,2760696.4886,1.1265,119630.5683,43.9942,5.9988,15.6675
node-007,2024-01-01 10:52:30,0.0988,0.0,2478955.8671,1.2006,128130.745,42.178,7.0906,15.7048
node-008,2024-01-01 10:52:30,0.1102,0.0,2906036.7892,0.7885,123678.6159,41.1551,11.3581,15.7945
node-009,2024-01-01 10:52:30,0.0558,0.238,3242491.2131,2.646,94757.6207,56.9132,8.956,16.1251
node-010,2024-01-01 10:52:30,0.3126,0.2838,2761113.1367,0.8954,126353.8136,46.7285,6.0264,16.1956
node-011,2024-01-01 10:52:30,0.0272,0.4339,2552998.6571,0.9087,129994.6272,49.9322,20.967,15.8601
node-012,2024-01-01 10:52:30,0.0305,0.0,3372063.4506,1.074,126967.1489,51.7119,8.0561,15.7494
node-013,2024-01-01 10:52:30,0.1166,0.0,2971789.9448,1.1183,157176.5202,48.2068,9.0762,15.9232
node-014,2024-01-01 10:52:30,0.1367,0.0,3223055.0971,0.7005,126226.053,39.5199,6.0187,15.889
node-015,2024-01-01 10:52:30,0.0,0.0,1309703.4977,0.1109,125883.3562,5.9971,4.0219,48.0
node-016,2024-01-01 10:52:30,0.1132,0.1903,3039481.3086,1.1173,178242.1329,51.5417,11.0175,15.7606
node-017,2024-01-01 10:52:30,0.2221,0.0,2625935.8057,0.8015,129341.962,40.3725,7.4925,16.1186
node-018,2024-01-01 10:52:30,0.1378,0.2357,3338766.2439,1.2772,127575.6637,42.8733,7.9789,16.0544
node-019,2024-01-01 10:52:30,0.0886,0.0,2912801.6172,0.8114,135649.8916,40.9092,4.9604,15.9782
node-020,2024-01-01 10:52:30,0.1038,0.0,3008263.3645,0.9657,114632.6287,46.5661,6.0895,16.0147
node-021,2024-01-01 10:52:30,0.1392,0.7029,3232020.5323,0.8058,131665.3725,42.3839,6.9711,15.93
node-022,2024-01-01 10:52:30,0.1143,0.0,2700879.8497,0.7749,135692.4355,42.9733,6.0746,15.8505
node-023,2024-01-01 10:52:30,0.1985,0.0,3545146.995,1.4272,126031.5007,52.3792,8.4993,15.8702
node-024,2024-01-01 10:52:30,0.1275,0.0,3164120.7259,0.837,95263.226,49.3176,14.0795,15.8558
node-025,2024-01-01 10:52:30,0.1532,0.1978,4096729.0679,1.0662,142696.6008,53.2631,7.9458,16.0658
node-026,2024-01-01 10:52:30,0.1902,0.0,2310662.9858,0.6986,95140.5294,48.7829,7.0496,16.0179
node-027,2024-01-01 10:52:30,0.0507,0.4896,2898949.9968,0.8974,144331.1761,50.6846,8.449,16.0513
node-028,2024-01-01 10:52:30,0.0,0.0577,1646902.7882,0.2073,120620.8611,6.7459,3.0402,47.9355
node-029,2024-01-01 10:52:30,0.0972,0.0,2463185.1985,0.9869,144014.3782,44.8281,8.6065,16.2124
node-000,2024-01-01 10:57:00,0.1298,0.0,3791402.8285,1.0491,143349.1083,44.7731,6.8781,16.0896
node-001,2024-01-01 10:57:00,0.0089,0.0,1319188.3163,0.2032,120078.6129,6.0865,3.9969,47.6998
node-002,2024-01-01 10:57:00,0.1523,0.5815,3347559.6936,1.1039,132026.9893,50.7997,7.0818,15.8592
node-003,2024-01-01 10:57:00,0.2622,0.291,2893527.9023,0.7663,129947.8761,44.872,6.9862,16.0921
node-004,2024-01-01 10:57:00,0.1048,0.2789,2548815.7897,0.9986,154571.5161,47.9474,9.0354,15.9093
node-005,2024-01-01 10:57:00,0.0316,0.0,3606077.7053,0.8821,118613.7098,42.4376,7.018,15.9983
node-006,2024-01-01 10:57:00,0.215,0.0776,2996635.6253,0.9975,136923.7767,36.1684,6.5636,16.3411
node-007,2024-01-01 10:57:00,0.0981,0.6014,2830115.8231,1.0584,131609.3225,42.7152,5.9687,15.9151
node-008,2024-01-01 10:57:00,0.1121,0.4633,3185332.2302,0.8011,111646.2663,40.374,6.9785,16.2286
node-009,2024-01-01 10:57:00,0.0739,0.0056,3354963.1988,4.19,147856.4727,48.1219,9.895,16.0656
node-010,2024-01-01 10:57:00,0.1599,1.0444,2953760.7371,0.8285,126634.006,47.7892,7.9237,15.721
node-011,2024-01-01 10:57:00,0.11,0.0,2716833.3903,1.2056,118713.0354,48.5493,7.9015,15.9649
node-012,2024-01-01 10:57:00,0.1053,0.3397,3220320.7464,1.5075,127231.1314,49.8297,8.9281,15.9436
node-013,2024-01-01 10:57:00,0.1124,0.0,3013986.4845,1.005,160775.5304,46.3851,8.8351,16.1387
node-014,2024-01-01 10:57:00,0.1462,0.5022,3252717.6458,0.8975,125178.3802,44.0107,8.0381,16.3281
node-015,2024-01-01 10:57:00,0.0388,0.1424,1512505.6867,0.0889,128578.2744,6.0239,4.9436,47.856
node-016,2024-01-01 10:57:00,0.1361,0.0,2875875.7001,1.3716,158664.1896,49.0056,7.0084,16.2219
node-017,2024-01-01 10:57:00,0.1371,0.1996,2557900.1841,1.0249,127954.5347,42.7367,8.0688,16.4044
node-018,2024-01-01 10:57:00,0.1081,0.0,2823783.8441,1.3293,130985.0549,39.2187,8.0608,16.3768
node-019,2024-01-01 10:57:00,0.0977,0.0,2896816.1608,0.8905,130107.5928,42.096,7.8711,16.4301
node-020,2024-01-01 10:57:00,0.0443,0.8011,3365015.0748,1.4755,103165.8316,45.883,10.0888,15.557
node-021,2024-01-01 10:57:00,0.1164,0.2981,3356303.4269,0.8141,92433.2371,44.1826,7.9775,15.9284
node-022,2024-01-01 10:57:00,0.1012,0.5025,2692489.4615,0.9834,109201.8088,46.1075,5.9968,15.582
node-023,2024-01-01 10:57:00,0.0,0.0,3152424.3947,1.5144,111944.832,53.0143,7.0407,16.1067
node-024,2024-01-01 10:57:00,0.0752,0.0,2956993.0693,0.7043,138945.3877,42.1642,9.3328,16.008
node-025,2024-01-01 10:57:00,0.0746,0.6341,3909792.4086,0.9445,126685.932,52.4785,13.088,15.9924
node-026,2024-01-01 10:57:00,0.1095,0.0085,2981817.21,1.2872,120283.8513,44.5924,7.9214,15.9215
node-027,2024-01-01 10:57:00,0.1169,1.071,3064781.3328,1.2901,124869.021,55.5583,7.9701,16.0696
node-028,2024-01-01 10:57:00,0.0333,0.1383,1734126.7237,0.1894,127092.338,7.2003,2.9875,48.0
node-029,2024-01-01 10:57:00,0.0255,0.0,2063500.1352,0.6825,170569.4183,49.7363,8.8565,16.145
node-000,2024-01-01 11:01:30,0.2577,0.0,4155766.1585,0.9918,140050.5992,46.277,8.8957,16.1676
node-001,2024-01-01 11:01:30,0.0,0.0,1345263.8869,0.1937,129159.6482,5.6819,3.9701,48.0
node-002,2024-01-01 11:01:30,0.0496,0.0,3444352.6644,0.88,128510.2216,47.3052,11.9766,15.7482
node-003,2024-01-01 11:01:30,0.0998,0.0,2587525.1471,0.9133,126542.9899,44.3827,6.9656,16.016
node-004,2024-01-01 11:01:30,0.2054,0.0,2408372.5668,1.0078,137240.2107,48.8576,6.9402,15.6407
node-005,2024-01-01 11:01:30,0.1076,0.0068,3106549.032,0.9869,141239.5984,49.8179,7.009,16.0535
node-006,2024-01-01 11:01:30,0.2324,1.069,3135804.4028,0.8941,125901.2566,43.4748,6.0999,15.8674
node-007,2024-01-01 11:01:30,0.071,0.0,2733050.5343,0.9075,127017.4901,46.5075,7.9277,15.9965
node-008,2024-01-01 11:01:30,0.0511,0.0,3256063.3522,0.8194,133232.0903,40.9586,7.0201,15.839
node-009,2024-01-01 11:01:30,0.1227,0.5363,3332079.5503,1.2046,125283.3609,60.012,7.0177,15.9472
node-010,2024-01-01 11:01:30,0.0857,0.0,2981890.1883,1.4969,126602.456,39.4954,9.0583,15.4685
node-011,2024-01-01 11:01:30,0.0764,0.0,2612606.963,1.0914,123982.0226,51.5209,9.963,16.0036
node-012,2024-01-01 11:01:30,0.1326,0.0871,3564527.4387,1.1388,105075.2098,47.8832,6.8963,15.7005
node-013,2024-01-01 11:01:30,0.1273,0.5186,2719048.7801,1.2787,155849.1617,46.6586,8.0644,16.1614
node-014,2024-01-01 11:01:30,0.1421,0.3594,2932137.2273,0.7966,109072.3818,42.0708,5.0357,16.2803
node-015,2024-01-01 11:01:30,0.0,0.0,894879.8009,0.197,127998.6645,6.4599,3.3477,47.9099
node-016,2024-01-01 11:01:30,0.1983,0.0,2877264.6201,1.1183,182088.506,54.9038,9.1058,16.1691
node-017,2024-01-01 11:01:30,0.1245,0.2616,2709188.0435,0.8092,120223.3972,36.6886,7.013,16.1408
node-018,2024-01-01 11:01:30,0.5997,0.0,3106055.7082,4.7742,121755.0184,39.4719,7.1115,16.0557
node-019,2024-01-01 11:01:30,0.2841,0.0,3134908.4899,0.8225,127550.2295,42.7292,8.0509,15.7221
node-020,2024-01-01 11:01:30,0.1854,0.0,2804137.2598,0.8998,113740.2278,43.0439,7.9343,16.5759
node-021,2024-01-01 11:01:30,0.2436,0.3831,3329983.149,0.8874,130365.5225,42.2166,5.9563,16.3837
node-022,2024-01-01 11:01:30,0.2568,0.6284,2893744.689,0.686,137090.1705,41.6474,5.8665,16.1127
node-023,2024-01-01 11:01:30,0.0739,0.0,3213452.4319,1.0497,116542.8982,56.1794,10.139,15.9863
node-024,2024-01-01 11:01:30,0.0783,0.0,3479385.4633,1.327,132266.115,45.9391,8.009,16.0099
node-025,2024-01-01 11:01:30,0.0948,0.0,4020597.43,0.9925,106774.7873,49.7121,12.9826,16.2931
node-026,2024-01-01 11:01:30,0.0781,0.3176,2378564.7606,0.7953,172179.0543,41.4183,5.9301,15.9447
node-027,2024-01-01 11:01:30,0.1372,0.0,2822334.8572,1.0871,144317.9083,51.814,15.0769,16.2939
node-028,2024-01-01 11:01:30,0.0218,0.441,1639012.8776,0.2085,104418.9339,6.5635,4.0112,48.0
node-029,2024-01-01 11:01:30,0.1217,0.0,2545977.2958,1.3157,173208.8106,46.6373,6.9478,16.0907
node-000,2024-01-01 11:06:00,0.0855,0.0,3870316.072,0.8966,107324.2765,46.7685,5.9726,15.7823
node-001,2024-01-01 11:06:00,0.0,0.0,1363509.0021,0.199,120480.937,6.9924,2.9776,47.7939
node-002,2024-01-01 11:06:00,0.0785,0.0,3539095.1197,0.9997,149017.4812,44.0329,5.9246,16.1643
node-003,2024-01-01 11:06:00,0.2432,0.2901,2790999.8406,1.0499,142746.607,42.451,6.9529,16.2689
node-004,2024-01-01 11:06:00,0.1001,0.0,2527494.0627,1.3056,111459.2633,47.3217,13.9459,15.9045
node-005,2024-01-01 11:06:00,0.1386,0.0,3817717.4187,1.4427,123012.7279,45.8925,10.3904,15.9533
node-006,2024-01-01 11:06:00,0.1738,0.0308,3030423.2226,3.0115,135855.3481,39.7101,7.1256,15.7961
node-007,2024-01-01 11:06:00,0.13,0.8329,2736287.5232,0.9993,143032.3896,51.1081,9.9101,16.2224
node-008,2024-01-01 11:06:00,0.1381,0.0,3090650.0575,0.7841,108792.3825,41.7699,7.9985,15.5677
node-009,2024-01-01 11:06:00,0.1155,0.0,3229023.1185,1.0851,140307.1967,52.8524,9.0953,16.4861
node-010,2024-01-01 11:06:00,0.169,0.0,2844216.6477,0.947,138141.1424,47.6803,10.0001,16.1303
node-011,2024-01-01 11:06:00,0.1318,0.0,2674687.5049,1.8792,131720.8695,53.0629,11.2204,15.7425
node-012,2024-01-01 11:06:00,0.2356,0.0,3165518.2511,1.0193,94259.726,44.1646,5.1082,15.9936
node-013,2024-01-01 11:06:00,0.1322,0.3137,3205938.7772,1.0368,145401.142,46.2004,10.0057,16.0245
node-014,2024-01-01 11:06:00,0.0959,0.3741,2762488.9543,1.0104,95926.815,40.2829,7.0459,16.1505
node-015,2024-01-01 11:06:00,0.0,0.0,1188397.8989,0.206,137962.5053,5.5301,5.0486,48.0
node-016,2024-01-01 11:06:00,0.0846,1.0289,3058980.1305,1.0098,168911.192,49.0083,6.9282,15.9085
node-017,2024-01-01 11:06:00,0.0865,0.0,2694537.547,0.675,124199.5078,42.1178,8.3743,16.0841
node-018,2024-01-01 11:06:00,0.1077,0.0,2934177.5835,1.0734,111127.1782,44.7503,7.9534,15.6366
node-019,2024-01-01 11:06:00,0.0078,0.5462,2988048.1743,0.7276,123825.2075,34.315,7.9161,16.0301
node-020,2024-01-01 11:06:00,0.1056,0.7676,2975594.3881,1.667,141312.8772,44.1718,8.9404,15.5646
node-021,2024-01-01 11:06:00,0.2163,0.0,3489990.9564,0.9681,150305.0462,33.0606,3.9297,16.0341
node-022,2024-01-01 11:06:00,0.082,0.4298,3016823.772,1.1768,148326.9137,37.4131,11.9588,15.9758
node-023,2024-01-01 11:06:00,0.0913,0.0,3421174.4041,1.1117,114082.5496,54.4623,7.1193,15.9817
node-024,2024-01-01 11:06:00,0.0959,0.0,3423781.9246,0.9111,148573.9738,42.104,7.1051,16.2489
node-025,2024-01-01 11:06:00,0.0944,0.4017,3994240.8881,1.0166,141945.8176,51.7676,10.9644,16.233
node-026,2024-01-01 11:06:00,0.082,0.0,2375359.4353,2.6174,150730.7392,44.0593,6.0918,15.6686
node-027,2024-01-01 11:06:00,0.074,0.0,3003520.7337,1.0114,77780.4893,57.4039,9.9404,16.0686
node-028,2024-01-01 11:06:00,0.1175,0.0,1848944.8758,0.2081,122811.3441,6.755,2.9659,47.9673
node-029,2024-01-01 11:06:00,0.0977,0.4269,2536436.2835,0.7921,160518.4331,44.216,6.9038,16.3013
node-000,2024-01-01 11:10:30,0.0995,0.0,4333807.1312,0.9663,120448.596,49.9588,8.3303,16.1224
node-001,2024-01-01 11:10:30,0.0128,0.0,1293384.8769,0.0709,131576.8611,6.1744,5.0861,48.0
node-002,2024-01-01 11:10:30,0.1953,0.2945,3500368.9895,1.2052,131026.9578,46.9919,10.0771,16.1179
node-003,2024-01-01 11:10:30,0.1412,0.0,2549564.5326,0.4967,128584.4082,44.9756,11.1146,15.936
node-004,2024-01-01 11:10:30,0.0157,0.0,2692742.5605,0.8953,159593.4707,49.5237,9.1379,15.8843
node-005,2024-01-01 11:10:30,0.075,0.0595,3519284.2841,1.0185,132478.2941,51.3323,8.9182,15.8464
node-006,2024-01-01 11:10:30,0.1339,0.0,2676806.0765,1.0092,132788.4119,42.0047,7.1186,16.4128
node-007,2024-01-01 11:10:30,0.0,0.0,2560491.04,1.0174,174768.1042,45.7658,6.9823,16.1303
node-008,2024-01-01 11:10:30,0.147,0.5502,2958912.5729,1.1889,132683.8769,41.6303,8.9082,15.7725
node-009,2024-01-01 11:10:30,0.1715,0.0,3103197.2561,1.3971,131520.7652,52.1032,6.9773,16.3315
node-010,2024-01-01 11:10:30,0.0734,0.0,2761108.6394,0.9907,127231.7398,48.0832,7.0884,15.8253
node-011,2024-01-01 11:10:30,0.1031,0.0,2477417.995,0.9913,124194.4898,53.5752,5.9042,16.2601
node-012,2024-01-01 11:10:30,0.1071,0.0,3336371.3999,0.6962,122284.1555,38.4129,6.9283,16.088
node-013,2024-01-01 11:10:30,0.1118,1.1454,2758835.8312,0.9565,147064.6778,48.6046,8.1117,15.9589
node-014,2024-01-01 11:10:30,0.2096,0.0,2718216.3393,1.0032,122258.9312,42.1548,7.9922,15.7013
node-015,2024-01-01 11:10:30,0.0,0.0,1207510.7934,0.1997,85331.448,7.1288,3.9071,47.526
node-016,2024-01-01 11:10:30,0.2427,0.8761,3028978.9961,1.1978,156905.6847,55.2652,11.3774,16.0619
node-017,2024-01-01 11:10:30,0.1134,0.174,2546952.8915,0.933,119353.325,38.8401,6.9198,16.1486
node-018,2024-01-01 11:10:30,0.0533,0.2994,3192468.6529,1.0666,114283.9717,40.8179,7.0189,15.8934
node-019,2024-01-01 11:10:30,0.1878,0.4533,3049058.16,1.1881,121053.6181,44.8156,5.9554,16.1971
node-020,2024-01-01 11:10:30,0.0782,0.0,2904149.3951,6.5024,145141.7621,45.0425,16.0523,16.1677
node-021,2024-01-01 11:10:30,0.312,0.3878,2856620.8751,2.5021,121258.9471,43.727,9.0408,16.1215
node-022,2024-01-01 11:10:30,0.05,0.0,2781422.8123,0.5894,133944.4425,39.6208,6.4794,16.0343
node-023,2024-01-01 11:10:30,0.1428,0.0074,3209181.3768,1.164,91823.3114,52.1701,9.0754,16.1002
node-024,2024-01-01 11:10:30,0.0846,0.0,3081032.3967,0.9516,135291.1371,47.4956,5.9907,15.9904
node-025,2024-01-01 11:10:30,0.0929,0.0,4178608.1909,1.0492,129170.3204,52.0657,10.0047,15.8572
node-026,2024-01-01 11:10:30,0.0722,0.3005,2704424.3234,0.8042,143301.9347,43.6498,10.9231,15.8966
node-027,2024-01-01 11:10:30,0.0816,0.5629,2685585.6784,1.3897,130469.4458,55.8919,8.8975,16.1731
node-028,2024-01-01 11:10:30,0.0,0.0,1787556.8752,0.2126,164014.4505,6.7097,3.0397,47.9892
node-029,2024-01-01 11:10:30,0.1378,0.0,2643150.0544,0.6138,166198.3204,40.8039,14.0661,16.1955
node-000,2024-01-01 11:15:00,0.0609,0.0,3972525.0379,1.2118,151015.4006,44.5268,11.9928,15.9349
node-001,2024-01-01 11:15:00,0.0646,0.0,1263831.6167,0.2161,121468.1094,7.5234,3.1507,48.0
node-002,2024-01-01 11:15:00,0.1339,0.0,3331232.2481,0.7774,109079.3373,41.1581,5.9017,16.1358
node-003,2024-01-01 11:15:00,0.1105,0.0,2535085.0091,1.0085,119511.9043,39.8375,9.9607,16.1188
node-004,2024-01-01 11:15:00,0.0904,0.1602,2453004.4791,0.9076,157781.4777,49.8129,6.0312,15.8069
node-005,2024-01-01 11:15:00,0.0937,0.0213,3785763.41,1.0067,138948.5327,46.4283,6.9366,16.1862
node-006,2024-01-01 11:15:00,0.1262,0.3763,2878992.8209,1.2031,103912.8717,41.3536,5.9389,16.2991
node-007,2024-01-01 11:15:00,0.1368,0.0,2823834.5188,1.2394,118297.0531,47.1402,7.0962,16.0101
node-008,2024-01-01 11:15:00,0.1056,0.7202,3227432.3026,0.8919,141391.2872,39.556,5.9121,15.6644
node-009,2024-01-01 11:15:00,0.1226,0.0,3035142.7257,1.367,130107.1976,56.2933,13.9141,15.8427
node-010,2024-01-01 11:15:00,0.0663,0.0,3010850.2333,0.8875,145221.0499,48.7202,11.9378,15.7675
node-011,2024-01-01 11:15:00,0.2251,0.0,2739763.0066,1.1032,97403.5671,53.073,13.0074,16.3475
node-012,2024-01-01 11:15:00,0.0537,0.3024,3425013.1881,6.7094,109473.4352,46.5241,9.0766,16.2016
node-013,2024-01-01 11:15:00,0.0497,0.6449,2788077.26,1.1798,156203.0572,47.6595,7.9585,15.9622
node-014,2024-01-01 11:15:00,0.0,0.0,2846379.7036,0.8021,128462.5703,45.1948,5.0569,15.7056
node-015,2024-01-01 11:15:00,0.0,0.0,1499824.1418,0.2147,84618.0996,6.1612,2.9134,48.0
node-016,2024-01-01 11:15:00,0.0173,0.0,2824148.8832,1.2405,148665.1824,55.6565,12.8629,16.1324
node-017,2024-01-01 11:15:00,0.0247,0.3155,2807990.3534,0.9247,120952.4508,40.0899,5.908,15.9846
node-018,2024-01-01 11:15:00,0.108,0.0,2851708.7493,1.0119,124068.1298,41.3706,7.109,15.8059
node-019,2024-01-01 11:15:00,0.122,1.0356,3100262.2296,0.7077,136927.9282,40.5458,7.008,15.7975
node-020,2024-01-01 11:15:00,0.0818,0.1012,2926407.023,0.9439,132213.4601,45.1286,7.0137,16.1629
node-021,2024-01-01 11:15:00,0.197,0.8035,3220311.435,0.8836,134527.4853,41.9461,6.1505,15.9318
node-022,2024-01-01 11:15:00,0.0942,0.2668,2524336.767,0.7055,124990.0603,42.499,4.9826,15.864
node-023,2024-01-01 11:15:00,0.113,0.0,3433997.1756,1.0117,119609.1179,52.9981,7.0993,15.9354
node-024,2024-01-01 11:15:00,0.1037,0.0,3414840.4113,0.8949,139993.9611,45.0146,8.8999,15.8236
node-025,2024-01-01 11:15:00,0.0972,0.1689,3929124.486,0.8782,126313.249,46.9399,7.9364,15.9729
node-026,2024-01-01 11:15:00,0.1325,0.0,2294317.8067,0.8051,103488.3802,41.7318,7.473,15.8312
node-027,2024-01-01 11:15:00,0.0728,0.8297,2709138.9584,1.1167,127165.6715,56.6783,10.982,15.9968
node-028,2024-01-01 11:15:00,0.0104,0.3413,1780932.0188,0.2712,140113.7895,7.3046,3.0154,47.7132
node-029,2024-01-01 11:15:00,0.0707,0.0,2693596.3369,0.8021,158362.3919,46.1335,6.8852,15.6698
node-000,2024-01-01 11:19:30,0.0963,0.7968,4136814.1789,0.5953,135343.2364,46.9317,7.0237,16.0257
node-001,2024-01-01 11:19:30,0.0,0.0,1402495.2035,0.2214,132762.4672,6.6071,3.8139,47.6264
node-002,2024-01-01 11:19:30,0.1274,0.3856,3828041.8554,0.9022,136900.9243,41.9955,8.4755,15.6653
node-003,2024-01-01 11:19:30,0.0751,1.0298,2960296.2831,0.786,130914.2412,39.5987,6.9956,15.7384
node-004,2024-01-01 11:19:30,0.2047,0.0,2385838.7439,7.0028,183449.1459,49.3959,9.0556,16.1466
node-005,2024-01-01 11:19:30,0.1043,0.0,3173622.2264,3.4878,138813.6071,44.7181,9.9636,15.8069
node-006,2024-01-01 11:19:30,0.098,0.0,3087478.7015,0.8982,114080.3564,41.5136,8.0043,15.9772
node-007,2024-01-01 11:19:30,0.1846,0.1807,2472182.5374,6.99,104622.9173,49.1,8.0633,15.8023
node-008,2024-01-01 11:19:30,0.3993,0.0,3027214.0379,1.4748,119740.542,39.2012,6.999,16.0992
node-009,2024-01-01 11:19:30,0.1692,0.0706,3462178.1816,1.0585,125615.3553,53.0413,11.733,15.9624
node-010,2024-01-01 11:19:30,0.1446,0.0,2805343.4644,2.2104,136214.861,49.1535,9.0714,15.8832
node-011,2024-01-01 11:19:30,0.0902,0.0738,2779930.4755,0.9324,126834.0731,50.4902,7.0883,16.1095
node-012,2024-01-01 11:19:30,0.003,0.8729,3400691.5048,0.7919,99216.5073,46.3043,9.1159,15.5851
node-013,2024-01-01 11:19:30,0.0714,0.2468,2632195.4363,4.4883,140177.7458,47.1947,6.9938,16.0577
node-014,2024-01-01 11:19:30,0.0894,0.0,2787821.9202,1.0941,114087.6268,41.6173,6.0155,16.2778
node-015,2024-01-01 11:19:30,0.0,0.0037,1212772.4461,0.09,105400.0455,6.428,4.0738,48.0
node-016,2024-01-01 11:19:30,0.0667,0.0,3019249.2021,1.0019,186543.0436,55.5667,13.8201,16.1536
node-017,2024-01-01 11:19:30,0.1938,0.0,2495123.8152,0.8975,123359.3168,42.542,9.9567,16.0032
node-018,2024-01-01 11:19:30,0.1047,0.215,3286686.1328,1.101,121846.3652,43.7307,7.9375,16.0932
node-019,2024-01-01 11:19:30,0.1455,1.3408,2885915.4702,1.0951,128105.656,43.6782,6.9619,15.6743
node-020,2024-01-01 11:19:30,0.07,0.3324,3128036.9919,0.8568,139619.2634,44.3243,6.9897,16.1734
node-021,2024-01-01 11:19:30,0.1367,0.1254,3303068.2713,0.8078,117690.3317,42.6675,7.6631,15.8695
node-022,2024-01-01 11:19:30,0.1186,0.2326,2777406.6197,0.8018,132458.5709,35.0535,11.0253,16.2722
node-023,2024-01-01 11:19:30,0.0762,0.0,3286123.7076,1.0922,114163.8122,50.9518,8.1683,15.7971
node-024,2024-01-01 11:19:30,0.1684,0.0,3064993.3029,0.9963,140635.5761,46.083,7.0471,15.6231
node-025,2024-01-01 11:19:30,0.1955,0.0,3981684.335,1.0993,131526.5431,53.6163,8.8825,16.1511
node-026,2024-01-01 11:19:30,0.0987,0.0382,2606467.586,0.7921,119437.2918,33.4081,8.0287,16.3692
node-027,2024-01-01 11:19:30,0.134,0.1079,2533671.8953,1.2077,114504.1355,54.684,8.1673,16.0903
node-028,2024-01-01 11:19:30,0.0485,0.0,1791953.8011,0.2068,151297.5949,6.0814,2.0418,48.0
node-029,2024-01-01 11:19:30,0.1657,0.0,2246424.301,2.3405,172583.9878,45.2991,10.0384,16.1204
node-000,2024-01-01 11:24:00,0.1268,0.0979,4011539.9111,0.8096,140062.5311,42.7215,7.0123,15.7914
node-001,2024-01-01 11:24:00,0.0234,0.0,1355460.7672,0.1972,156525.8936,6.6808,3.1435,48.0
node-002,2024-01-01 11:24:00,0.0956,0.0,3621926.4188,0.7988,139445.5213,41.8795,6.9374,15.885
node-003,2024-01-01 11:24:00,0.152,0.4769,2863658.7754,0.8217,131463.1149,36.0894,6.0289,16.1579
node-004,2024-01-01 11:24:00,0.103,0.0,2820537.555,0.7605,136356.945,47.7579,9.1017,15.802
node-005,2024-01-01 11:24:00,0.0876,0.0,3508218.4218,0.8401,131573.2497,47.0806,7.0647,15.9269
node-006,2024-01-01 11:24:00,0.1781,0.6136,2864277.224,0.959,200066.042,47.3188,4.9945,16.023
node-007,2024-01-01 11:24:00,0.1284,0.0,2793788.8264,0.8938,127051.3624,41.3587,9.1316,15.5861
node-008,2024-01-01 11:24:00,0.0857,0.0,3074912.6521,0.7931,114716.6941,40.9361,9.9246,15.9146
node-009,2024-01-01 11:24:00,0.1817,0.7565,3248228.7567,6.5022,134229.0626,54.6349,12.9919,15.9348
node-010,2024-01-01 11:24:00,0.1103,0.2043,2922886.6679,0.6932,155466.7884,41.4028,7.5034,15.8156
node-011,2024-01-01 11:24:00,0.0685,0.5828,2512544.4256,0.8986,120475.2323,58.4438,9.0888,16.2012
node-012,2024-01-01 11:24:00,0.1275,0.05,3065765.7478,1.3092,146815.0234,44.4065,7.1128,15.9155
node-013,2024-01-01 11:24:00,0.1331,0.0,2729215.9033,1.5024,142222.5561,46.4371,7.0994,15.9942
node-014,2024-01-01 11:24:00,0.0817,0.3101,3023102.1774,0.796,151849.8247,42.7222,5.9734,15.9279
node-015,2024-01-01 11:24:00,0.0,0.0748,1374840.1795,0.1837,164957.7633,6.7859,2.4526,47.9225
node-016,2024-01-01 11:24:00,0.063,0.0,2972412.4977,1.1303,160377.6767,50.8189,7.9506,15.7823
node-017,2024-01-01 11:24:00,0.1462,0.4619,2787026.7591,0.7845,148765.1744,40.9029,7.0517,16.0131
node-018,2024-01-01 11:24:00,0.1217,0.1084,3170533.3875,1.1021,120810.7006,39.2409,9.5919,15.8743
node-019,2024-01-01 11:24:00,0.166,0.3765,2808779.9942,0.9576,118715.6544,42.3002,7.045,15.941
node-020,2024-01-01 11:24:00,0.0532,0.0,3042886.8103,0.8,89856.7078,43.2826,7.6798,16.0239
node-021,2024-01-01 11:24:00,0.1203,0.0666,3376706.6631,0.6922,152932.2223,44.5192,8.0558,16.0511
node-022,2024-01-01 11:24:00,0.1171,0.6239,2607812.377,1.183,137565.5078,41.0044,6.0564,16.1303
node-023,2024-01-01 11:24:00,0.1168,0.2967,3122222.1824,1.0191,129359.7751,54.4886,7.9905,16.1585
node-024,2024-01-01 11:24:00,0.1305,0.0,3040350.2811,0.9317,127157.3523,41.7153,6.0289,15.9934
node-025,2024-01-01 11:24:00,0.1954,0.58,3458222.1722,0.9836,89512.8906,49.0808,13.0404,15.829
node-026,2024-01-01 11:24:00,0.0775,0.1684,2350608.1522,0.9233,125665.1239,45.8065,6.9441,15.9279
node-027,2024-01-01 11:24:00,0.0896,0.0,2643463.7413,1.4861,121704.1048,59.3134,11.002,16.0026
node-028,2024-01-01 11:24:00,0.0198,0.7871,1995999.1055,0.2036,129698.6497,7.0244,4.0156,48.0
node-029,2024-01-01 11:24:00,0.0574,0.0,2178930.9384,0.579,180746.7813,43.2684,8.1253,15.8874
node-000,2024-01-01 11:28:30,0.0887,0.4253,4361213.9109,0.8229,139486.235,44.7433,11.0206,16.2122
node-001,2024-01-01 11:28:30,0.0,0.2803,1286615.782,0.2108,142848.5281,6.1869,3.1445,47.7197
node-002,2024-01-01 11:28:30,0.1123,0.1396,3763768.2639,0.9643,130842.3551,46.4766,7.9397,15.9067
node-003,2024-01-01 11:28:30,0.1148,0.0,2846912.911,0.7003,113277.9088,38.3892,5.9811,16.27
node-004,2024-01-01 11:28:30,0.1281,0.0,2545469.623,1.2783,161488.07,46.0328,8.0134,16.0606
node-005,2024-01-01 11:28:30,0.0745,0.0,3112007.9706,0.9086,134686.0944,44.1513,8.8305,15.845
node-006,2024-01-01 11:28:30,0.0936,0.2732,2910205.7687,0.9212,140999.6353,32.9394,6.0525,15.7186
node-007,2024-01-01 11:28:30,0.2101,0.0,2419260.0916,0.8861,248913.5018,45.5626,8.9997,15.7267
node-008,2024-01-01 11:28:30,0.2156,0.0,3068560.256,0.7847,115366.0282,42.7194,4.4816,16.5731
node-009,2024-01-01 11:28:30,0.139,0.1889,3379909.6946,0.8052,137862.6044,57.7089,9.1026,16.1178
node-010,2024-01-01 11:28:30,0.1396,0.0,3355401.7919,0.8377,136026.7388,48.4374,8.0508,16.1625
node-011,2024-01-01 11:28:30,0.1025,0.184,2611912.5451,1.0987,124544.1351,53.3497,9.6437,15.9321
node-012,2024-01-01 11:28:30,0.1146,0.0,3194294.8048,1.0286,110782.823,49.5139,7.114,15.5327
node-013,2024-01-01 11:28:30,0.0734,0.8286,2828911.1548,0.9221,153860.6012,39.9274,10.064,15.9336
node-014,2024-01-01 11:28:30,0.1178,0.0584,2604439.4655,0.7032,118592.0884,41.744,7.9468,15.798
node-015,2024-01-01 11:28:30,0.0132,0.3818,1670391.1728,0.1902,138183.3065,6.7104,3.0012,48.0
node-016,2024-01-01 11:28:30,0.1748,0.5062,3012875.4485,1.1152,173757.7042,59.4019,9.0482,15.8752
node-017,2024-01-01 11:28:30,0.0932,0.6376,2625432.41,0.728,122184.6187,43.6327,8.874,16.1758
node-018,2024-01-01 11:28:30,0.1151,0.7679,2806341.9402,0.8924,111741.3901,44.3251,9.9532,15.8068
node-019,2024-01-01 11:28:30,0.0793,0.1086,2759935.7714,0.9646,125254.2324,44.1348,10.9752,16.5408
node-020,2024-01-01 11:28:30,0.1757,0.103,3161962.9227,1.1972,117057.2393,47.3116,8.0748,15.7293
node-021,2024-01-01 11:28:30,0.0831,0.6964,3104855.0638,0.7802,117690.7633,40.9593,8.0389,16.1273
node-022,2024-01-01 11:28:30,0.1019,0.1533,2473527.6231,0.8067,124579.5116,43.3141,5.9033,16.2243
node-023,2024-01-01 11:28:30,0.1003,0.0,3373569.7087,1.0093,135866.0324,49.1782,10.97,16.1051
node-024,2024-01-01 11:28:30,0.2694,0.0,3188269.7775,1.5808,134194.2008,42.1174,6.8718,15.9389
node-025,2024-01-01 11:28:30,0.0985,0.0,3982928.5817,0.8821,124775.7785,54.7924,8.0051,16.0084
node-026,2024-01-01 11:28:30,0.3255,0.2659,2200095.3132,0.8087,146580.0772,44.1762,7.0553,16.2108
node-027,2024-01-01 11:28:30,0.0826,0.0642,2651510.1079,1.1824,121624.1814,55.5868,9.0094,15.8026
node-028,2024-01-01 11:28:30,0.0,0.5556,1906899.65,0.2038,132181.507,6.4855,3.0989,48.0
node-029,2024-01-01 11:28:30,0.1971,0.4452,2425755.6338,0.999,162126.3232,51.0419,4.4354,15.9154
node-000,2024-01-01 11:33:00,0.0775,0.1658,4034820.159,0.99,118277.316,46.6792,10.0472,15.9081
node-001,2024-01-01 11:33:00,0.0728,0.0,1043676.7458,0.2095,152211.9628,6.6377,3.9128,47.9154
node-002,2024-01-01 11:33:00,0.1073,0.32,3522495.7449,0.9517,132429.3969,51.2592,8.1755,16.2028
node-003,2024-01-01 11:33:00,0.1485,0.5228,3006171.0689,0.8025,127414.102,35.193,6.8836,15.9147
node-004,2024-01-01 11:33:00,0.0859,0.0996,2720609.9744,5.002,142654.8015,49.2754,10.0197,16.1932
node-005,2024-01-01 11:33:00,0.0496,0.0,3340280.5059,1.3868,115518.0133,42.7286,7.976,15.816
node-006,2024-01-01 11:33:00,0.123,0.6445,3011770.6976,0.9945,119340.1528,42.2689,4.9989,16.0314
node-007,2024-01-01 11:33:00,0.1002,1.0798,2872305.9505,0.9181,141086.3978,46.6844,7.1555,16.1463
node-008,2024-01-01 11:33:00,0.2002,0.0,2879473.3398,4.963,149615.602,49.8923,4.917,16.0483
node-009,2024-01-01 11:33:00,0.0594,0.0,3195346.5022,4.0179,129616.8303,58.3034,9.9183,15.6684
node-010,2024-01-01 11:33:00,0.0833,0.8231,2878386.067,0.9325,123192.3931,42.3846,6.9064,15.7225
node-011,2024-01-01 11:33:00,0.0859,0.0,2230450.591,1.017,121656.9295,53.343,7.9022,15.7687
node-012,2024-01-01 11:33:00,0.1455,0.2148,3416129.773,1.3856,123286.9739,47.1766,6.976,15.808
node-013,2024-01-01 11:33:00,0.0638,0.6959,2681993.6866,0.9978,141652.2264,41.1329,6.9504,16.091
node-014,2024-01-01 11:33:00,0.0969,0.0,2925772.3467,0.8019,112838.4641,40.829,6.0145,15.8817
node-015,2024-01-01 11:33:00,0.0,0.0,1462251.4558,0.1133,109577.2737,6.7523,3.9965,47.5462
node-016,2024-01-01 11:33:00,0.3222,1.2517,2753896.572,1.1099,160612.4746,52.5373,10.9615,15.8693
node-017,2024-01-01 11:33:00,0.1507,0.31,2664484.7388,0.9013,133297.9338,40.8347,6.0159,16.0584
node-018,2024-01-01 11:33:00,0.0562,0.2307,2940966.9616,1.1897,115059.4166,42.7748,8.0934,15.8704
node-019,2024-01-01 11:33:00,0.1178,0.6178,3030971.8801,0.9002,113371.2397,45.5253,11.0007,15.9796
node-020,2024-01-01 11:33:00,0.0741,0.2745,3176777.003,0.9754,112409.6961,48.4744,6.9615,15.9258
node-021,2024-01-01 11:33:00,0.2657,0.0,2890962.3953,0.7911,132210.9629,39.9225,12.0465,15.9004
node-022,2024-01-01 11:33:00,0.1255,0.0,3012890.5415,0.7924,114774.4961,43.7101,7.8656,16.0584
node-023,2024-01-01 11:33:00,0.0615,0.0,2991160.2118,1.715,118322.8166,57.0927,7.9864,16.138
node-024,2024-01-01 11:33:00,0.1029,0.0,2895168.1586,1.007,138163.1251,45.7614,8.1212,16.0724
node-025,2024-01-01 11:33:00,0.1205,0.7134,3740653.7738,1.1718,143167.3416,48.3451,8.9138,16.4217
node-026,2024-01-01 11:33:00,0.0932,0.0,2532774.268,0.8838,143060.9367,36.8832,6.0273,15.8947
node-027,2024-01-01 11:33:00,0.0904,0.3576,2902416.377,1.1953,136772.8209,54.6798,7.096,15.7869
node-028,2024-01-01 11:33:00,0.0198,0.3114,1914552.0894,0.2871,127365.2421,7.3096,3.0234,47.673
node-029,2024-01-01 11:33:00,0.2079,0.0,2234163.8351,3.4152,159515.4491,41.0539,6.051,16.2015
node-000,2024-01-01 11:37:30,0.113,0.0,3800362.6877,1.0099,95912.9573,45.0622,14.9772,15.6815
node-001,2024-01-01 11:37:30,0.0064,0.0,1387175.5008,0.0897,114271.1341,7.8641,2.1104,47.8841
node-002,2024-01-01 11:37:30,0.1315,0.0,3630381.1673,0.7701,145433.1024,49.143,6.9174,15.8081
node-003,2024-01-01 11:37:30,0.1784,0.2736,2969283.8754,0.8074,135974.0741,40.6085,3.9955,15.8332
node-004,2024-01-01 11:37:30,0.1193,0.6749,2416003.7246,1.0063,180547.4995,48.0206,8.0073,16.0731
node-005,2024-01-01 11:37:30,0.0061,0.0,3220685.715,1.0185,131725.381,54.214,4.8622,15.9296
node-006,2024-01-01 11:37:30,0.2056,0.3489,2708727.1333,1.0019,122564.4844,40.1861,3.9128,16.1278
node-007,2024-01-01 11:37:30,0.0825,0.0,2414687.8956,1.574,127866.9396,45.873,5.0041,16.3167
node-008,2024-01-01 11:37:30,0.3784,0.367,3243934.6563,1.2192,140608.8109,41.9797,5.9045,15.9394
node-009,2024-01-01 11:37:30,0.0959,0.0,3152269.7581,0.9923,110468.8403,54.0666,9.0351,15.9707
node-010,2024-01-01 11:37:30,0.1956,0.6294,3251976.3418,1.0121,124688.2798,51.3181,7.3648,16.5013
node-011,2024-01-01 11:37:30,0.2325,0.0,2573640.2925,1.1048,120169.9332,49.0174,7.9992,15.9489
node-012,2024-01-01 11:37:30,0.2146,0.0,3305148.4571,0.9306,134839.7046,46.6937,9.0435,16.0126
node-013,2024-01-01 11:37:30,0.102,0.8973,2837732.6755,0.908,160879.266,47.9782,7.9257,16.4225
node-014,2024-01-01 11:37:30,0.0615,0.0,2578301.5358,0.7778,126061.7889,41.0634,7.0701,16.0313
node-015,2024-01-01 11:37:30,0.0153,0.0,1352164.3272,0.2203,112916.6278,7.1575,4.5192,48.0
node-016,2024-01-01 11:37:30,0.2257,0.0,2485706.3662,1.2119,174051.6347,52.6777,7.9646,16.3051
node-017,2024-01-01 11:37:30,0.2433,0.0,2827231.255,0.7042,118893.8673,36.4415,9.9679,15.8901
node-018,2024-01-01 11:37:30,0.0911,0.0,2954289.225,1.2973,110298.6469,42.5657,6.4084,15.6934
node-019,2024-01-01 11:37:30,0.336,0.0,3126314.5877,1.307,129347.3573,37.1472,7.0511,15.9992
node-020,2024-01-01 11:37:30,0.0738,0.0503,2661108.1873,0.7995,124525.6438,47.1551,6.2095,16.1239
node-021,2024-01-01 11:37:30,0.1766,0.3812,3676064.5331,0.7879,139561.5296,39.9904,4.0489,15.8253
node-022,2024-01-01 11:37:30,0.2258,2.0317,2586704.3715,0.5792,112352.6246,39.7986,8.0191,16.0194
node-023,2024-01-01 11:37:30,0.0851,0.3595,3356394.073,1.8072,121180.8044,49.4437,10.0956,16.115
node-024,2024-01-01 11:37:30,0.0972,0.0,3017603.789,0.9964,142806.9725,46.7631,8.9276,16.2991
node-025,2024-01-01 11:37:30,0.0037,0.5176,4045423.729,1.103,134277.5991,51.6584,9.8735,16.0483
node-026,2024-01-01 11:37:30,0.1759,0.6132,2751024.6981,0.7975,126085.6135,41.3776,6.9566,15.9668
node-027,2024-01-01 11:37:30,0.1289,0.0,2474743.6757,1.618,119509.4816,52.0485,10.0906,16.3964
node-028,2024-01-01 11:37:30,0.0407,0.0,2044469.751,0.2186,135812.4202,6.7268,4.0538,48.0
node-029,2024-01-01 11:37:30,0.1377,0.3707,2687822.0036,0.7866,149149.9714,46.1069,8.0354,16.3239
node-000,2024-01-01 11:42:00,0.0714,0.6867,4247250.2076,0.9898,143348.0191,40.916,9.9578,15.6752
node-001,2024-01-01 11:42:00,0.03,0.4945,1254489.0474,0.1853,112052.0977,6.133,4.0068,47.8006
node-002,2024-01-01 11:42:00,0.1017,0.4341,3770852.656,0.7708,85313.5025,45.1684,8.0618,15.8817
node-003,2024-01-01 11:42:00,0.1135,0.0,2726777.8897,0.7971,125470.9698,44.4188,7.9771,16.0185
node-004,2024-01-01 11:42:00,0.0501,0.0,2351626.2606,1.1886,171541.0541,50.9757,8.068,16.0483
node-005,2024-01-01 11:42:00,0.1403,0.6664,3639319.1248,1.6063,155968.4004,49.1952,6.8108,16.2045
node-006,2024-01-01 11:42:00,0.0794,0.0,2970725.5111,1.0333,116285.6532,44.8957,7.9968,16.1941
node-007,2024-01-01 11:42:00,0.1031,0.3254,2577651.0177,0.8915,119325.4289,48.5394,9.1063,15.9894
node-008,2024-01-01 11:42:00,0.2999,0.0,3000674.6577,0.7809,131840.171,42.3141,8.3318,16.2124
node-009,2024-01-01 11:42:00,0.108,0.2872,2995322.438,0.9157,140677.8673,52.7551,7.9723,15.5676
node-010,2024-01-01 11:42:00,0.0515,0.0,2809993.3181,1.0182,130559.7529,52.1964,8.1377,16.3076
node-011,2024-01-01 11:42:00,0.0409,0.3277,2355961.1225,0.8952,104732.807,44.237,8.4041,15.8938
node-012,2024-01-01 11:42:00,0.1134,0.6316,3230333.1085,1.0632,114703.0849,45.5937,7.9572,15.9581
node-013,2024-01-01 11:42:00,0.1151,0.0,2732054.9479,0.9273,163899.6674,46.4795,7.0077,15.7409
node-014,2024-01-01 11:42:00,0.308,0.0,2694173.1935,0.883,135001.6128,42.5863,7.9656,16.1209
node-015,2024-01-01 11:42:00,0.0,0.0,1251185.5974,0.0906,95544.5916,6.816,3.094,47.7604
node-016,2024-01-01 11:42:00,0.1104,0.762,2689496.4991,1.1107,162818.6589,53.7815,7.0078,15.9923
node-017,2024-01-01 11:42:00,0.1037,0.0,2749562.9463,0.9052,121356.7009,44.2546,6.218,15.6372
node-018,2024-01-01 11:42:00,0.0895,0.224,3032993.5012,1.104,129930.6775,36.6206,9.9307,15.8713
node-019,2024-01-01 11:42:00,0.1198,0.2408,3121801.6266,0.7998,135785.7248,40.537,5.9234,15.7084
node-020,2024-01-01 11:42:00,0.1806,0.0,2833840.7097,0.8145,120348.7446,46.9001,7.9698,16.0913
node-021,2024-01-01 11:42:00,0.1179,0.3202,3334645.2784,0.8663,120466.0678,43.6309,6.9835,15.9541
node-022,2024-01-01 11:42:00,0.1167,0.4655,2292935.4214,0.8731,110042.7749,44.4878,8.0667,16.2214
node-023,2024-01-01 11:42:00,0.0652,0.0,2826460.3093,0.9914,136713.0845,55.5712,9.8773,16.0001
node-024,2024-01-01 11:42:00,0.0669,0.0,3266285.3476,0.9059,114846.9533,46.1025,8.0212,15.8171
node-025,2024-01-01 11:42:00,0.0859,0.3412,4133519.3825,1.3294,129212.1542,60.8147,8.0185,15.8033
node-026,2024-01-01 11:42:00,0.0613,0.1274,2630991.6561,0.9731,152656.3616,41.526,7.9709,16.0498
node-027,2024-01-01 11:42:00,0.0,0.0,2825492.5167,0.9636,128076.5021,50.0615,10.0009,15.8439
node-028,2024-01-01 11:42:00,0.0,0.2293,1482863.8509,0.1849,104040.4696,6.0881,3.9922,47.8913
node-029,2024-01-01 11:42:00,0.1235,0.5342,2151943.0878,0.7433,171814.2245,47.2354,7.9621,16.2029
node-000,2024-01-01 11:46:30,0.1826,0.1765,4032033.453,0.2257,128397.5466,0.0004,9.0821,15.8865
node-001,2024-01-01 11:46:30,0.0,0.0,1442481.0107,0.0962,104231.0931,0.0048,0.8665,47.8878
node-002,2024-01-01 11:46:30,0.0773,0.0179,4033483.8351,0.5909,28449.3465,0.0,0.0496,15.7346
node-003,2024-01-01 11:46:30,0.4348,0.0,2862691.3932,0.3757,124495.5339,0.0,7.0585,15.8826
node-004,2024-01-01 11:46:30,0.0859,0.3565,2539212.6692,0.5005,165534.6063,0.0,0.0694,15.8186
node-005,2024-01-01 11:46:30,0.1021,0.0,3414605.7046,0.3906,86353.3673,5.878,5.9694,15.4427
node-006,2024-01-01 11:46:30,0.0509,0.0,2618385.5813,0.6218,89408.7087,0.3957,1.1169,16.4236
node-007,2024-01-01 11:46:30,0.0892,1.1036,2686545.6011,0.3109,125002.5892,5.0256,1.0191,15.697
node-008,2024-01-01 11:46:30,0.0094,0.2449,3177449.7441,0.8098,10846.7095,0.9193,0.958,16.5116
node-009,2024-01-01 11:46:30,0.0539,0.0,2928936.2198,0.7989,120916.9691,0.0,0.0459,15.9034
node-010,2024-01-01 11:46:30,0.0852,0.0,2834987.0232,0.2019,151716.0469,0.3239,6.032,15.9185
node-011,2024-01-01 11:46:30,0.0278,0.5437,2843154.1078,0.6873,98983.6738,0.0268,0.0,15.973
node-012,2024-01-01 11:46:30,0.0258,0.0,3186128.6937,0.5363,52186.5339,12.498,0.0883,15.8748
node-013,2024-01-01 11:46:30,0.1213,0.0,2845651.1817,0.3669,156510.4166,0.0,2.3848,15.4962
node-014,2024-01-01 11:46:30,0.1512,0.0,2637216.8354,0.395,62290.4143,0.0455,1.3061,15.6116
node-015,2024-01-01 11:46:30,0.0269,0.0,1570070.1508,0.0509,66777.2651,0.0,1.9915,47.6617
node-016,2024-01-01 11:46:30,0.0143,0.0,2968111.692,1.0127,116276.0342,0.0,2.032,16.3409
node-017,2024-01-01 11:46:30,0.0482,0.0,2735269.3536,0.684,99133.1342,0.0,0.0272,15.6463
node-018,2024-01-01 11:46:30,0.0731,0.0,3157151.8758,0.8053,134263.4604,0.2591,7.9988,15.6095
node-019,2024-01-01 11:46:30,0.0,0.0,2961579.0857,1.2232,2772.2881,0.0,2.0996,16.0005
node-020,2024-01-01 11:46:30,0.0825,0.5537,2778407.2528,1.0055,130014.5625,0.0,6.9979,16.1306
node-021,2024-01-01 11:46:30,0.024,0.9268,3353968.1887,0.5291,57429.2164,0.2111,0.0,15.5609
node-022,2024-01-01 11:46:30,0.0111,0.0,2664252.2527,0.0,143361.5574,0.1014,0.0876,16.2424
node-023,2024-01-01 11:46:30,0.0301,0.0,3195128.0624,0.613,77302.7414,0.0,0.0,15.8187
node-024,2024-01-01 11:46:30,0.0415,0.0,3078003.8149,0.6553,96021.393,0.1933,2.3178,16.2579
node-025,2024-01-01 11:46:30,0.2005,0.0,3986518.9233,0.6065,104518.7506,0.0,5.9855,16.2145
node-026,2024-01-01 11:46:30,0.0785,0.198,2772628.2105,0.0155,129998.7009,0.4099,7.0239,15.9695
node-027,2024-01-01 11:46:30,0.063,0.7997,2525772.2393,0.3923,170453.0223,0.4883,0.1121,15.9621
node-028,2024-01-01 11:46:30,0.0,0.0,2081860.3098,0.1156,109419.9498,0.0,3.9016,48.0
node-029,2024-01-01 11:46:30,0.1497,0.0,2502845.4291,0.5978,105404.6367,31.968,0.0566,16.4555
node-000,2024-01-01 11:51:00,0.0822,0.0,4468919.4417,0.2077,3775.5866,0.7075,0.0483,16.0984
node-001,2024-01-01 11:51:00,0.0,0.0,1329014.4628,0.0,29480.5474,0.0,0.0,47.9084
node-002,2024-01-01 11:51:00,0.0644,0.3335,3666581.7858,0.201,4957.4952,0.073,0.0,15.7341
node-003,2024-01-01 11:51:00,0.0421,0.0,2749504.9752,0.3899,11792.3673,0.3608,0.0,15.7547
node-004,2024-01-01 11:51:00,0.0678,0.0,2466800.3324,0.2025,1368.7221,0.0,0.0375,15.887
node-005,2024-01-01 11:51:00,0.1073,0.0,3510803.4006,1.1262,736.7135,0.4821,0.1099,16.3419
node-006,2024-01-01 11:51:00,0.0665,0.211,2979428.5904,0.3051,3282.5356,0.0,0.0,15.9459
node-007,2024-01-01 11:51:00,0.0801,0.5582,2325018.3001,0.5007,2047.5937,0.4368,0.0228,15.9102
node-008,2024-01-01 11:51:00,0.0365,0.6458,3099769.6091,0.197,4847.9401,0.1389,0.0,15.9667
node-009,2024-01-01 11:51:00,0.1433,0.1858,3582273.047,0.5005,3897.6684,0.2027,0.0,15.9704
node-010,2024-01-01 11:51:00,0.0804,0.3032,3222927.7276,0.1977,3825.3986,0.6445,0.0,15.9422
node-011,2024-01-01 11:51:00,0.0279,0.0,2589423.1996,0.1813,3867.8376,0.0,0.0032,16.3038
node-012,2024-01-01 11:51:00,0.1211,0.8872,3408069.7101,0.1925,3669.5177,0.0,0.0327,16.2578
node-013,2024-01-01 11:51:00,0.0,0.101,2939580.011,0.2521,9154.9153,0.0,0.0,16.1026
node-014,2024-01-01 11:51:00,0.206,0.0,3067730.3392,0.2081,5703.6572,0.0,0.0723,16.18
node-015,2024-01-01 11:51:00,0.031,0.2834,1563710.5336,0.018,5099.7038,0.0,0.0,47.679
node-016,2024-01-01 11:51:00,0.4802,0.0259,2688338.0324,0.3704,5953.4295,0.0,0.0443,15.7331
node-017,2024-01-01 11:51:00,0.1111,0.0383,2721816.4845,0.6925,2944.3445,0.0763,0.0286,16.1547
node-018,2024-01-01 11:51:00,0.1191,0.0,3075332.6915,0.7025,8879.3397,0.1798,1.0612,15.7866
node-019,2024-01-01 11:51:00,0.0006,0.251,3330384.5327,0.6089,4798.5136,0.0,0.0015,15.9788
node-020,2024-01-01 11:51:00,0.283,0.2754,3192479.0718,0.1899,11625.8776,0.0,0.0,16.1894
node-021,2024-01-01 11:51:00,0.2108,0.6404,3007352.7999,0.3374,0.0,0.0,0.0017,16.1279
node-022,2024-01-01 11:51:00,0.3059,0.0,30986562.4558,1.2749,14041.8282,0.0,0.0406,15.7177
node-023,2024-01-01 11:51:00,0.0535,0.0825,3175079.6388,0.4224,1678.9606,0.5226,0.0737,15.7546
node-024,2024-01-01 11:51:00,0.1237,0.0,3445892.1196,0.2022,15953.5251,0.2392,0.9628,16.0879
node-025,2024-01-01 11:51:00,0.1574,0.0,4191992.4147,6.3135,5162.8001,0.0314,1.2467,15.4933
node-026,2024-01-01 11:51:00,0.081,0.1172,31915004.0,0.1053,2974.1849,0.0,0.0,0.131
node-027,2024-01-01 11:51:00,0.1229,0.8614,2658848.163,0.3184,8160.0032,0.0,0.5523,15.9688
node-028,2024-01-01 11:51:00,0.0,0.0,1842532.4483,0.0098,1481.0848,0.2765,0.0,47.9987
node-029,2024-01-01 11:51:00,0.1333,0.0,2609717.3418,0.4983,4358.1342,0.1226,0.0741,16.1403
node-000,2024-01-01 11:55:30,0.0,0.0,4303934.4161,0.4773,4387.4393,0.9869,0.0,16.2037
node-001,2024-01-01 11:55:30,0.0,0.0395,1320138.4294,0.0,3519.032,0.0,0.0153,48.0
node-002,2024-01-01 11:55:30,0.1049,0.4223,3484578.6605,0.5108,9653.4468,0.0,0.0789,15.9365
node-003,2024-01-01 11:55:30,0.0793,0.0,2937841.6279,0.3081,3692.6191,0.5026,0.0,15.7072
node-004,2024-01-01 11:55:30,0.0806,0.8965,2303209.1342,0.2072,13167.5372,0.4945,0.0491,16.1194
node-005,2024-01-01 11:55:30,0.103,0.0,3307088.8817,0.266,1307.3699,0.0,0.0058,16.0644
node-006,2024-01-01 11:55:30,0.1922,0.2987,2934563.6983,1.1008,7684.773,0.2609,0.0,15.9784
node-007,2024-01-01 11:55:30,0.1007,0.4572,2805254.8987,0.4055,8338.7,0.1885,0.0,15.821
node-008,2024-01-01 11:55:30,0.0031,0.0,3053191.7499,0.1903,3780.5741,0.0,0.0494,15.8962
node-009,2024-01-01 11:55:30,0.0871,0.2282,3392043.2955,4.7927,5885.3956,0.0,0.5729,15.8773
node-010,2024-01-01 11:55:30,0.0666,0.0,2826282.3204,0.1973,3893.9085,0.3916,0.0,16.0701
node-011,2024-01-01 11:55:30,0.0,0.0,2784795.9941,4.5392,3820.8098,0.0,0.0,15.8189
node-012,2024-01-01 11:55:30,0.014,0.0,3324350.4766,0.228,2324.1566,0.0,1.1115,15.9947
node-013,2024-01-01 11:55:30,0.1514,0.265,2844267.1187,3.1995,4576.8535,0.0,1.0833,16.1523
node-014,2024-01-01 11:55:30,0.2084,0.0,2602062.5316,0.3807,3377.6466,0.4362,0.0,15.9128
node-015,2024-01-01 11:55:30,0.008,0.0,1421654.5109,0.0,3306.6003,0.1999,0.0594,48.0
node-016,2024-01-01 11:55:30,0.0991,0.0529,2835459.6087,0.3841,5531.1854,0.0,0.0755,15.83
node-017,2024-01-01 11:55:30,0.0967,0.1171,2481945.282,0.6154,3808.5695,0.0,0.0289,15.9546
node-018,2024-01-01 11:55:30,0.1839,0.2073,3233281.9005,0.7841,4513.2733,0.0231,0.0716,15.6805
node-019,2024-01-01 11:55:30,0.1992,0.1252,3154163.8517,0.6054,3108.1408,0.0,0.0984,15.783
node-020,2024-01-01 11:55:30,0.0,0.0,3058731.4918,0.2195,3195.9395,0.0,0.0,16.0205
node-021,2024-01-01 11:55:30,0.5606,0.1001,3338630.4504,0.473,3628.1669,0.613,0.0,16.3099
node-022,2024-01-01 11:55:30,0.0199,0.0,30115982.4757,0.214,8710.1291,0.0,0.0,16.1152
node-023,2024-01-01 11:55:30,0.1371,0.2908,3121408.2583,0.4013,3788.9001,0.2745,0.0057,15.9534
node-024,2024-01-01 11:55:30,0.0732,0.2061,3144286.5651,0.2864,3565.6051,0.0,0.0,15.8256
node-025,2024-01-01 11:55:30,0.0821,0.0,4297513.8809,0.1806,3071.8881,0.0,0.0,16.095
node-026,2024-01-01 11:55:30,0.0,0.0003,30194037.0128,0.1105,13567.3947,0.0,0.0,15.6722
node-027,2024-01-01 11:55:30,0.0993,0.0,2882562.3987,0.292,5031.0977,0.1988,0.0,15.8768
node-028,2024-01-01 11:55:30,0.1735,0.0,1881333.4191,0.1214,2545.3715,0.0,0.0366,47.5298
node-029,2024-01-01 11:55:30,0.1986,0.0,2419995.1311,0.2035,6628.546,0.0,0.0,15.6946
node-000,2024-01-01 12:00:00,0.0,0.0769,4064673.8084,0.3922,5355.3614,0.4923,0.6341,16.1258
node-001,2024-01-01 12:00:00,0.0,0.0656,1559184.6708,0.0749,3324.2386,0.0,0.0468,47.6733
node-002,2024-01-01 12:00:00,0.1058,0.6606,3417029.0148,0.3019,3152.5608,0.0389,0.0902,16.2461
node-003,2024-01-01 12:00:00,0.048,0.6749,2835976.0528,0.4008,12380.1497,0.2146,0.0,16.5352
node-004,2024-01-01 12:00:00,0.1229,0.662,2504058.3207,0.3049,13581.5994,0.0,1.0094,16.2125
node-005,2024-01-01 12:00:00,0.0418,0.0,3370583.4121,0.2869,2020.39,0.3061,0.0,15.5695
node-006,2024-01-01 12:00:00,0.0,0.2013,3010341.7599,0.6475,6930.261,0.3332,1.9511,15.7616
node-007,2024-01-01 12:00:00,0.0,0.0,2376667.4801,0.3228,10490.1765,0.2714,0.0,15.881
node-008,2024-01-01 12:00:00,0.0,0.018,3030285.9109,0.3826,3375.2823,0.3362,0.0338,16.1937
node-009,2024-01-01 12:00:00,0.1329,0.0,3311851.0137,0.1718,12007.0054,0.0,0.0051,15.9191
node-010,2024-01-01 12:00:00,0.2169,0.0,2759482.4278,0.9067,10392.904,0.0,0.0594,16.1166
node-011,2024-01-01 12:00:00,0.0798,0.0784,2264190.7893,0.3686,7368.5622,0.1038,0.0,15.7976
node-012,2024-01-01 12:00:00,0.1055,0.1132,3254380.9949,0.1985,2863.8178,0.0,0.092,16.4548
node-013,2024-01-01 12:00:00,0.0364,0.0942,3066767.5907,0.6631,4697.9493,0.042,0.0487,15.9527
node-014,2024-01-01 12:00:00,0.0,0.1308,2548333.3624,0.5926,4943.9907,0.0264,0.0581,15.6347
node-015,2024-01-01 12:00:00,0.0,0.0,1274688.1104,0.0425,3347.588,0.3347,0.0,48.0
node-016,2024-01-01 12:00:00,0.0912,0.1385,3124352.4541,0.3152,5080.243,0.0,0.0,15.8376
node-017,2024-01-01 12:00:00,0.1279,0.0,2992086.7146,0.8131,7417.83,0.9265,0.0703,15.98
node-018,2024-01-01 12:00:00,0.0,0.0,3204397.1577,0.9046,5983.1685,0.0,0.001,15.7814
node-019,2024-01-01 12:00:00,0.1518,0.0,3058300.5653,0.7937,3486.7672,0.2971,0.0,15.6727
node-020,2024-01-01 12:00:00,0.0068,0.7427,3028491.5608,0.586,21438.9055,0.0,0.0,16.1815
node-021,2024-01-01 12:00:00,0.1195,0.3364,3169798.3786,0.3123,1148.9945,0.0,0.0,16.0893
node-022,2024-01-01 12:00:00,0.0407,0.0,30436229.3871,6.0381,144.3157,0.0,0.0,15.8995
node-023,2024-01-01 12:00:00,0.0,0.2895,3345394.731,0.1864,1162.1302,0.0,0.0502,16.2521
node-024,2024-01-01 12:00:00,0.0882,0.0,3573729.6004,0.2268,4948.0366,0.0,0.0,16.3982
node-025,2024-01-01 12:00:00,0.0614,0.0,3729976.8371,0.3922,4867.3002,0.5259,0.0786,15.8148
node-026,2024-01-01 12:00:00,0.0,0.0,30174571.329,0.2121,0.0,0.0,0.4596,16.3703
node-027,2024-01-01 12:00:00,0.1429,0.0,2706924.9861,0.2873,5707.2388,0.0,0.1408,16.1652
node-028,2024-01-01 12:00:00,0.1216,0.0978,1970045.9081,0.1067,17147.1777,0.0,0.0,48.0
node-029,2024-01-01 12:00:00,0.0181,0.1275,2643893.4102,0.2011,4347.3562,0.0312,0.0,15.9596
node-000,2024-01-01 12:04:30,0.026,0.5708,29669410.2883,0.4135,1360.0611,0.0,0.0,15.8658
node-001,2024-01-01 12:04:30,0.0094,0.0901,27508646.5363,0.1112,16698.0989,0.0,0.0596,48.0
node-002,2024-01-01 12:04:30,0.11,0.3593,29067247.8951,0.6062,4821.2583,0.0,0.0289,15.8329
node-003,2024-01-01 12:04:30,0.0037,0.0,28615943.2223,1.5903,15363.6103,0.0,0.0369,15.8813
node-004,2024-01-01 12:04:30,0.2199,0.0,28726747.5356,0.3947,16657.6268,0.0863,0.0,15.734
node-005,2024-01-01 12:04:30,0.0678,0.0,28859765.0566,0.451,10802.4974,0.0,0.0195,16.0848
node-006,2024-01-01 12:04:30,0.0,1.3896,28682139.3582,0.3976,7951.3003,0.3376,0.0,15.9564
node-007,2024-01-01 12:04:30,0.0,0.3656,28403050.6084,0.0,25756.6284,0.0,0.9947,15.567
node-008,2024-01-01 12:04:30,0.0287,0.3061,28951283.3054,0.2955,14744.7095,0.0,0.0029,16.1002
node-009,2024-01-01 12:04:30,0.0907,0.0,28956380.457,0.4986,9528.9917,0.5394,0.0,15.7146
node-010,2024-01-01 12:04:30,0.0677,0.2035,28865749.006,0.3912,20599.6795,0.0,0.0,15.9488
node-011,2024-01-01 12:04:30,0.0537,0.4243,28597383.9755,0.6163,8999.6613,0.401,0.0723,16.1379
node-012,2024-01-01 12:04:30,0.0834,0.0,29058340.4104,0.4879,6332.2911,0.0,0.0,16.0389
node-013,2024-01-01 12:04:30,0.0462,0.2053,3121154.1962,0.3094,2051.9018,0.7999,0.0,15.7189
node-014,2024-01-01 12:04:30,0.0128,0.0,28440157.171,0.4925,8181.0095,0.9443,0.097,15.8764
node-015,2024-01-01 12:04:30,0.1106,0.0,27095216.1133,0.1099,1132.6971,0.0,1.0442,47.767
node-016,2024-01-01 12:04:30,0.2072,0.2367,29190525.0215,2.3713,10220.8173,0.2944,1.9767,15.6507
node-017,2024-01-01 12:04:30,0.0975,0.0,28351867.1285,0.3004,11159.7188,0.0,0.0636,16.0483
node-018,2024-01-01 12:04:30,0.098,0.0,28409974.6677,0.1912,7243.0628,0.0,0.0,16.2916
node-019,2024-01-01 12:04:30,0.0676,0.0,28534928.136,0.2966,0.0,0.3687,0.0,16.4846
node-020,2024-01-01 12:04:30,0.2031,0.3099,28863589.356,0.4091,17503.1903,0.0,0.015,15.731
node-021,2024-01-01 12:04:30,0.0,0.0,28886099.1365,0.2806,3931.1877,0.0,0.0,16.0906
node-022,2024-01-01 12:04:30,0.1707,0.2318,30407496.952,0.1908,9585.1197,0.1364,0.0,15.9291
node-023,2024-01-01 12:04:30,0.0194,0.0,28962789.0198,0.4821,10975.2797,0.3986,0.0552,15.9723
node-024,2024-01-01 12:04:30,0.0851,0.0,15329068.3496,0.4381,95.5135,0.0,0.0,16.3241
node-025,2024-01-01 12:04:30,0.0642,0.3847,29177015.6321,0.4268,5916.0186,0.0,0.0,15.8684
node-026,2024-01-01 12:04:30,0.1621,0.2427,30274111.0751,0.4003,2006.5869,0.0751,0.0,15.4771
node-027,2024-01-01 12:04:30,0.1395,0.0,13068970.8106,0.1913,2984.4295,0.1299,0.4958,15.478
node-028,2024-01-01 12:04:30,0.0245,0.0,27609632.3962,0.092,10628.4927,0.5574,0.0,48.0
node-029,2024-01-01 12:04:30,0.0151,0.7902,29359108.7458,0.3035,8375.143,0.0,0.5431,16.2373
node-000,2024-01-01 12:09:00,0.1053,0.0,29739184.7577,0.4019,10733.6167,0.0,0.0,16.0298
node-001,2024-01-01 12:09:00,0.0045,0.3405,27716006.1232,0.1004,4930.5058,0.609,0.0226,48.0
node-002,2024-01-01 12:09:00,0.1234,0.0,29163609.0458,0.4028,1526.3461,0.4865,0.0223,16.077
node-003,2024-01-01 12:09:00,0.1468,0.0,28370117.6109,0.4105,2318.4605,0.0,0.1249,15.7338
node-004,2024-01-01 12:09:00,0.098,0.0,28369626.3053,0.4025,2130.8034,0.4194,0.061,16.1409
node-005,2024-01-01 12:09:00,0.2138,0.317,28981369.9842,0.8114,7406.0874,0.6605,0.0,15.784
node-006,2024-01-01 12:09:00,0.0766,0.2858,28760070.0568,0.3269,8299.2056,0.1162,0.0,16.131
node-007,2024-01-01 12:09:00,0.0,0.0,28278092.6134,0.2997,3296.8441,0.0872,0.0864,16.113
node-008,2024-01-01 12:09:00,0.1924,0.0,28277733.5087,0.4149,0.0,0.0,1.0426,15.8975
node-009,2024-01-01 12:09:00,0.131,0.3517,29140092.6962,0.3174,3499.1549,0.0,0.0,15.8268
node-010,2024-01-01 12:09:00,0.2262,0.0,28878693.9945,0.8972,5611.3321,0.4607,0.1691,16.0289
node-011,2024-01-01 12:09:00,0.01,0.2294,28583524.6363,0.5829,11003.6924,0.0,0.0,15.8937
node-012,2024-01-01 12:09:00,0.1128,0.0,28991242.6615,0.3289,245.9125,0.4197,0.0369,15.8872
node-013,2024-01-01 12:09:00,0.0375,0.0042,29502109.2753,0.9965,8560.5751,0.0,0.0,15.9714
node-014,2024-01-01 12:09:00,0.0001,0.2745,28262726.8388,0.4205,3549.0134,0.0,0.028,16.4063
node-015,2024-01-01 12:09:00,0.0,0.4678,27057622.4813,0.0965,2305.9672,0.0,0.9589,48.0
node-016,2024-01-01 12:09:00,0.0917,0.2667,29172326.7289,0.5243,747.918,0.4284,0.0,16.0957
node-017,2024-01-01 12:09:00,0.1115,0.1201,28389955.4454,0.5592,4664.4003,0.0,0.0762,15.8507
node-018,2024-01-01 12:09:00,0.1547,0.0,28607227.403,0.2995,2375.9794,0.3818,0.0155,16.1813
node-019,2024-01-01 12:09:00,0.2651,0.0,28191129.4573,0.4108,856.3576,0.0362,0.0,16.0411
node-020,2024-01-01 12:09:00,0.087,0.1588,28406354.4068,0.5052,5777.7431,0.2096,0.0,15.8574
node-021,2024-01-01 12:09:00,0.0777,0.4362,28787645.7888,0.5941,9047.1141,0.0,0.0,16.0509
node-022,2024-01-01 12:09:00,0.0969,0.0,30275498.2893,0.6395,0.0,0.0,0.0,15.8054
node-023,2024-01-01 12:09:00,0.0884,0.242,28810484.7395,0.505,827.8497,0.0411,0.0,15.9263
node-024,2024-01-01 12:09:00,0.0902,0.262,28907777.4558,0.9022,773.2496,0.0,0.0415,16.1308
node-025,2024-01-01 12:09:00,0.0,0.0,29305260.2088,0.4093,7137.0025,0.1717,0.0,16.0965
node-026,2024-01-01 12:09:00,0.0332,0.5612,30109300.9473,0.3243,0.0,0.0,0.0103,16.2035
node-027,2024-01-01 12:09:00,0.0154,0.0618,28229177.2093,0.3019,2561.7587,0.718,0.021,16.1396
node-028,2024-01-01 12:09:00,0.0,1.0171,27613035.7033,0.0929,2909.6309,0.4484,0.0,47.9228
node-029,2024-01-01 12:09:00,0.1052,0.0,29221157.0223,0.411,1517.335,0.0,0.0,16.4098
node-000,2024-01-01 12:13:30,0.1334,0.6437,29713209.94,0.286,8136.1942,0.2064,0.0622,16.33
node-001,2024-01-01 12:13:30,0.0394,0.0,27606343.7728,0.0,8923.362,0.7931,0.0164,47.8494
node-002,2024-01-01 12:13:30,0.0669,0.0,29347310.0111,0.3163,10115.4443,0.0,0.0,16.1095
node-003,2024-01-01 12:13:30,0.095,0.0,28394874.2286,0.3059,9918.9893,0.0,0.0328,15.6758
node-004,2024-01-01 12:13:30,0.0862,0.0,28778504.9311,0.0845,0.0,0.0,0.021,16.3308
node-005,2024-01-01 12:13:30,0.0,0.0,29058828.3247,0.1944,8878.9942,0.7468,0.0749,15.9078
node-006,2024-01-01 12:13:30,0.0586,1.1294,28558712.7192,0.2926,1153.6517,0.7886,0.0107,15.9382
node-007,2024-01-01 12:13:30,0.0876,0.0,28341109.1169,0.4289,7035.1179,0.0,0.0,15.9451
node-008,2024-01-01 12:13:30,0.0481,0.0,28416035.0912,0.2278,12183.157,0.241,0.0,16.1105
node-009,2024-01-01 12:13:30,0.1326,0.1203,29018557.2036,0.7679,2216.9774,0.1153,0.0,16.11
node-010,2024-01-01 12:13:30,0.0877,0.5697,28716874.9571,0.299,4550.973,0.4687,0.9326,16.0387
node-011,2024-01-01 12:13:30,0.0195,0.477,28573488.2763,0.4179,1320.6291,0.2301,0.0,15.8264
node-012,2024-01-01 12:13:30,0.0998,0.5887,28869660.0729,0.0827,10452.122,0.0,0.0735,16.2174
node-013,2024-01-01 12:13:30,0.0276,0.7586,29478865.1529,0.7767,2006.4971,0.5601,0.0,15.6698
node-014,2024-01-01 12:13:30,0.2701,0.0,28653004.9393,0.3031,0.0,0.0,0.0729,15.8346
node-015,2024-01-01 12:13:30,0.006,0.0,27466798.9901,0.0,8890.33,0.0,0.5164,48.0
node-016,2024-01-01 12:13:30,0.1255,0.0,29359639.8024,0.391,0.0,0.5258,0.0,16.0881
node-017,2024-01-01 12:13:30,0.0827,0.9075,28112262.3011,0.3945,4143.7309,0.1795,0.0,15.7701
node-018,2024-01-01 12:13:30,0.053,1.0515,28657054.4795,0.1796,1892.4057,0.0,0.0675,16.224
node-019,2024-01-01 12:13:30,0.2247,0.423,28103584.1124,0.6956,12997.6262,0.057,0.1218,15.7888
node-020,2024-01-01 12:13:30,0.0203,0.824,28756932.8415,0.3206,5107.7829,0.0,0.0231,16.0217
node-021,2024-01-01 12:13:30,0.2156,0.0468,29112272.1452,0.2522,3686.8057,0.0,0.9436,15.9205
node-022,2024-01-01 12:13:30,0.1055,1.1333,30241287.4411,0.199,12247.9042,0.0,0.0,15.8836
node-023,2024-01-01 12:13:30,0.0,0.0,29062609.4479,0.1046,4160.0128,0.1837,0.9343,15.8323
node-024,2024-01-01 12:13:30,0.0,0.0,28744228.7136,0.3344,6853.2044,0.6072,0.0186,16.1285
node-025,2024-01-01 12:13:30,0.0,0.1448,29408311.8283,0.6888,6842.4298,0.0307,0.0353,15.9374
node-026,2024-01-01 12:13:30,0.1226,0.0,30213504.7382,0.0109,885.9878,0.0,0.0,15.8775
node-027,2024-01-01 12:13:30,0.0308,0.0,28532276.0722,1.0065,1445.8707,0.0,0.0,16.0251
node-028,2024-01-01 12:13:30,0.0041,0.0,27975382.3861,0.0971,1644.2654,0.0,0.0302,48.0
node-029,2024-01-01 12:13:30,0.0825,0.0,28570336.7746,0.204,1006.8485,0.0,0.0857,16.1723
node-000,2024-01-01 12:18:00,0.2981,53.1199,29692176.6691,0.8129,54894.1483,0.3366,1.0832,16.0948
node-001,2024-01-01 12:18:00,0.0144,0.0,27380061.1107,0.1004,1848.1239,0.307,0.0098,47.9591
node-002,2024-01-01 12:18:00,0.0659,0.148,28924536.2026,0.5064,9768.5276,0.0,0.4918,15.9829
node-003,2024-01-01 12:18:00,0.0989,0.0931,28472902.6158,0.7566,0.0,0.2189,0.0437,15.9612
node-004,2024-01-01 12:18:00,0.1205,0.6984,28458785.3945,0.4497,11732.3115,0.0,0.0403,15.9746
node-005,2024-01-01 12:18:00,0.2035,0.0,28723301.5456,0.5143,18496.9526,0.0982,0.7325,15.8881
node-006,2024-01-01 12:18:00,0.1206,0.4409,28645396.778,0.7118,6693.9214,0.3064,0.008,16.0806
node-007,2024-01-01 12:18:00,0.1076,0.0,28069822.6262,0.4079,2125.7964,0.3581,1.7277,16.0396
node-008,2024-01-01 12:18:00,0.0064,0.0,28333158.5201,0.4526,11878.5156,0.0,0.0412,15.5334
node-009,2024-01-01 12:18:00,0.0621,0.0,28712126.6079,0.5382,5821.2463,0.2269,0.0,15.7168
node-010,2024-01-01 12:18:00,0.1062,0.228,28724056.3877,0.498,0.0,0.0878,1.8438,16.0056
node-011,2024-01-01 12:18:00,0.2197,12.4642,28723923.7986,1.3795,8673.8599,0.1386,0.0,16.1078
node-012,2024-01-01 12:18:00,0.0666,0.0,28435335.2858,0.7051,8749.7034,0.1335,0.536,16.1071
node-013,2024-01-01 12:18:00,0.0786,0.0,29251351.7229,0.4086,2826.686,0.0,0.0,15.9423
node-014,2024-01-01 12:18:00,0.0547,154.1674,28168391.1453,1.6748,12635.4957,0.4214,0.0,16.1219
node-015,2024-01-01 12:18:00,0.0426,0.0643,27163214.4132,0.103,8165.9897,0.0,0.0405,47.8949
node-016,2024-01-01 12:18:00,0.0671,0.9706,28999014.6001,0.5444,899.3046,0.3008,0.0054,16.1424
node-017,2024-01-01 12:18:00,0.1709,0.7902,28177315.4613,0.8385,11802.3021,0.0009,3.0712,15.5006
node-018,2024-01-01 12:18:00,0.3809,0.2263,28277916.0805,1.0907,523.4583,0.5931,0.1222,15.7636
node-019,2024-01-01 12:18:00,0.1181,0.7351,28140468.8122,1.1029,14276.8644,0.0228,0.0475,15.8593
node-020,2024-01-01 12:18:00,0.1277,0.0,28567768.9434,0.41,714.1085,0.0,0.0444,15.9427
node-021,2024-01-01 12:18:00,0.0631,0.6701,28775087.2665,0.359,0.0,0.0,0.0567,15.9362
node-022,2024-01-01 12:18:00,0.0862,0.0,30219641.5389,0.5092,10812.5381,0.5884,0.0253,15.7807
node-023,2024-01-01 12:18:00,0.0824,0.0,28657527.9519,6.5157,15736.069,0.2989,1.0154,15.9838
node-024,2024-01-01 12:18:00,0.1812,0.0,28717647.3967,0.3902,1442.8086,0.0033,0.0,15.8985
node-025,2024-01-01 12:18:00,0.116,0.0,29214698.8446,0.6211,1777.2378,0.1755,0.0036,15.8116
node-026,2024-01-01 12:18:00,0.1132,0.0,30104007.34,0.5958,3912.398,0.0,0.0,16.048
node-027,2024-01-01 12:18:00,0.132,0.0,28532797.8234,1.1887,955.914,0.0,0.0071,16.0593
node-028,2024-01-01 12:18:00,0.0,0.014,27324068.9406,0.0782,11880.2899,0.0,0.0,48.0
node-029,2024-01-01 12:18:00,0.0049,0.0,28807881.7448,0.4065,5699.9697,0.0,0.0,15.7193
node-000,2024-01-01 12:22:30,0.0,0.244,29349912.636,0.8077,6926.5474,0.0,0.0,15.7814
node-001,2024-01-01 12:22:30,0.0,0.0,27494681.7069,0.1153,16629.6475,0.2148,0.0323,47.7888
node-002,2024-01-01 12:22:30,0.1142,279.4228,28871147.6563,0.3832,1852.5813,0.001,0.0567,16.0749
node-003,2024-01-01 12:22:30,0.2704,0.4726,28286826.091,0.5523,10642.0536,0.0,0.0,16.1729
node-004,2024-01-01 12:22:30,0.0667,236.3189,28395451.3744,0.5083,16886.613,0.0,1.0833,16.179
node-005,2024-01-01 12:22:30,0.1281,233.2517,28418165.5769,0.2591,37635.1816,0.1397,0.0,15.9591
node-006,2024-01-01 12:22:30,0.1014,0.0,28364762.49,0.9036,30489.9178,0.1387,0.0,16.0397
node-007,2024-01-01 12:22:30,0.0,241.0906,28288200.1104,0.3067,4708.4561,0.0,0.0,16.2238
node-008,2024-01-01 12:22:30,0.084,24.3307,28728777.9083,0.4066,2097.6749,0.3794,0.0,16.0235
node-009,2024-01-01 12:22:30,0.0071,0.3984,29030886.1264,1.6938,19309.1512,0.0,0.0373,15.9724
node-010,2024-01-01 12:22:30,0.095,0.0,28632136.0881,0.0978,7256.8476,0.0,2.0535,16.1717
node-011,2024-01-01 12:22:30,0.1698,0.3754,28432559.7411,0.2044,3435.9355,0.5598,0.0,16.0186
node-012,2024-01-01 12:22:30,0.1333,256.661,28511413.2172,0.3162,2016.5082,0.0,0.0,15.8597
node-013,2024-01-01 12:22:30,0.1519,236.3888,28776898.9969,0.3053,7413.5058,0.0179,0.0,15.9851
node-014,2024-01-01 12:22:30,0.0796,0.0,28535755.0231,0.5642,0.0,0.0,0.0307,16.2545
node-015,2024-01-01 12:22:30,0.0,253.8018,27447111.4463,0.06,3833.2362,0.0,0.9703,47.9016
node-016,2024-01-01 12:22:30,0.2063,0.0,28905659.4018,0.6064,8820.3122,0.0,0.0011,16.0009
node-017,2024-01-01 12:22:30,0.0,172.9101,27834403.8683,0.796,2565.1314,0.0,0.0,16.0824
node-018,2024-01-01 12:22:30,0.0616,117.5165,28520810.7193,0.9054,14047.9651,0.0,0.0,16.2653
node-019,2024-01-01 12:22:30,0.011,94.6097,27973108.1286,0.9084,2907.2122,0.345,0.1864,15.8482
node-020,2024-01-01 12:22:30,0.1836,248.415,28333649.3849,0.3565,29025.4995,0.458,0.0,16.1441
node-021,2024-01-01 12:22:30,0.0816,0.2136,28657727.7348,0.3919,1475.5537,0.3674,0.0754,16.0041
node-022,2024-01-01 12:22:30,0.1824,0.0,29923131.3761,0.5434,8905.1607,0.0,0.0,16.2061
node-023,2024-01-01 12:22:30,0.062,5.0555,28599029.1594,0.5011,3925.2753,0.4844,0.0203,16.2838
node-024,2024-01-01 12:22:30,0.0704,188.8053,28498917.2531,0.3938,4421.4584,1.2803,0.1362,16.0874
node-025,2024-01-01 12:22:30,0.197,0.0,28677104.448,0.472,3155.4782,0.0,0.0,15.95
node-026,2024-01-01 12:22:30,0.1176,0.0,30193930.8469,0.5333,6519.1927,0.0,0.0268,15.6235
node-027,2024-01-01 12:22:30,0.1798,0.585,28291715.8364,0.3972,5336.6516,0.4135,0.0,16.0295
node-028,2024-01-01 12:22:30,0.0468,0.5091,27757373.1934,0.1101,11815.2149,0.3152,0.0169,47.9728
node-029,2024-01-01 12:22:30,0.0761,0.3483,28837821.8308,0.4037,7967.1706,0.0,2.1284,15.934
node-000,2024-01-01 12:27:00,0.083,0.0,29708683.693,0.0126,7516.2204,0.2789,0.1657,16.1296
node-001,2024-01-01 12:27:00,0.0149,0.1331,27500373.7295,0.0271,5369.3543,0.1063,0.0611,48.0
node-002,2024-01-01 12:27:00,0.0758,0.8698,29287598.4902,0.7057,3148.7557,0.3736,0.979,15.3834
node-003,2024-01-01 12:27:00,0.0,0.7044,28471869.2794,0.0042,12552.0386,0.3714,0.0541,16.0542
node-004,2024-01-01 12:27:00,0.101,0.0,28579859.9866,0.5796,6373.949,0.4552,0.0,16.198
node-005,2024-01-01 12:27:00,0.0837,0.0629,29171094.5907,0.5741,4427.9225,0.2109,1.0004,15.9691
node-006,2024-01-01 12:27:00,0.1146,0.1173,28391885.8545,0.0106,282.4894,0.4889,0.9594,15.9871
node-007,2024-01-01 12:27:00,0.0205,0.1561,28653384.3412,0.7108,10037.2294,0.0,0.0825,15.7961
node-008,2024-01-01 12:27:00,0.0182,0.3577,28502993.6531,0.0,0.0,0.0,0.0,15.5275
node-009,2024-01-01 12:27:00,0.0,0.0,28775164.4015,2.9009,5070.514,0.0911,0.0,15.8089
node-010,2024-01-01 12:27:00,0.128,0.0401,28820244.3439,0.0083,4434.2433,0.8452,0.0,15.9782
node-011,2024-01-01 12:27:00,0.0,0.4293,28286259.6777,0.0052,8654.4354,0.0,1.0179,15.7839
node-012,2024-01-01 12:27:00,0.0,0.0234,28934162.705,0.0012,5023.517,0.5724,0.0064,15.6321
node-013,2024-01-01 12:27:00,0.1687,0.6065,29047032.5751,0.0,8988.5435,0.0,0.0,15.9805
node-014,2024-01-01 12:27:00,0.0,0.3873,28852784.3522,0.0109,5004.7048,0.0,0.0,15.7235
node-015,2024-01-01 12:27:00,0.0257,0.0,27082201.0449,0.078,22872.1355,0.1667,0.0522,48.0
node-016,2024-01-01 12:27:00,0.11,0.0,29143798.9735,0.2079,10810.259,0.4059,0.0,15.9181
node-017,2024-01-01 12:27:00,0.0,0.3674,28230057.7208,0.0043,10230.5782,0.1419,0.9794,15.9847
node-018,2024-01-01 12:27:00,0.0906,0.0,28901878.4494,0.0032,7179.7907,1.0674,0.0596,15.9148
node-019,2024-01-01 12:27:00,0.0,0.7385,28587324.8118,0.017,3290.7142,0.3832,0.0,16.0707
node-020,2024-01-01 12:27:00,0.2178,0.602,28480127.8318,0.6069,7704.0364,0.0,0.0259,15.8912
node-021,2024-01-01 12:27:00,0.1641,1.0143,29081521.8733,0.169,13513.6111,0.0,0.0023,16.1287
node-022,2024-01-01 12:27:00,0.1144,0.0,30304509.3777,0.079,0.0,0.0404,0.0,15.9258
node-023,2024-01-01 12:27:00,0.0894,0.3781,28882806.9838,0.0059,5995.7702,0.3082,0.004,15.7672
node-024,2024-01-01 12:27:00,0.009,0.2681,28492772.1435,0.6232,357.7299,0.0,1.9436,16.1987
node-025,2024-01-01 12:27:00,0.1047,0.0,29217428.8778,0.0192,4316.4066,0.0,0.0,16.3243
node-026,2024-01-01 12:27:00,0.0,0.1453,30350535.6089,0.0145,1624.5707,0.1423,0.0,15.79
node-027,2024-01-01 12:27:00,0.0848,0.1082,28119449.4593,0.0,9482.4037,0.7741,0.8578,16.3773
node-028,2024-01-01 12:27:00,0.0498,0.4931,27752441.9723,0.0,15656.2997,0.5075,0.0,47.8066
node-029,2024-01-01 12:27:00,0.0,0.6744,28735383.2999,0.0,7697.7233,0.0694,0.0258,15.7328
node-000,2024-01-01 12:31:30,0.197,0.0,29611580.1051,0.0971,1866.7547,0.0,0.0,16.0664
node-001,2024-01-01 12:31:30,0.0,0.7582,27879455.8025,0.0173,30.9416,0.2077,0.1791,47.9891
node-002,2024-01-01 12:31:30,0.027,0.0,29237281.1884,0.0,0.0,0.0375,0.0,15.5631
node-003,2024-01-01 12:31:30,0.0,0.1025,28385372.9272,0.0131,0.0,0.1056,0.0,16.1331
node-004,2024-01-01 12:31:30,0.0491,0.0,28553651.2459,0.1895,0.0,0.0,0.052,15.9166
node-005,2024-01-01 12:31:30,0.0946,0.0,29073029.8975,0.2994,984.2657,0.3061,0.1353,15.6214
node-006,2024-01-01 12:31:30,0.2023,0.0,28730995.9236,0.0,0.0,0.2521,0.0286,16.11
node-007,2024-01-01 12:31:30,0.0113,0.3608,28338080.821,0.0095,0.0,0.0,0.0146,15.5497
node-008,2024-01-01 12:31:30,0.0268,0.1035,28600661.3924,0.0,354.4759,0.6189,0.0,15.8944
node-009,2024-01-01 12:31:30,0.1011,0.2045,29034363.1172,0.1973,0.0,0.0343,0.0,16.1493
node-010,2024-01-01 12:31:30,0.0,0.0,28739913.3855,0.6996,476.4498,0.4459,0.0,16.0956
node-011,2024-01-01 12:31:30,0.0,0.3058,28414282.7901,0.1917,691.3741,0.0,0.0957,16.0731
node-012,2024-01-01 12:31:30,0.0,0.3752,28989392.9425,0.2031,2214.7095,0.4711,0.0252,15.825
node-013,2024-01-01 12:31:30,0.0,0.1947,29043096.9679,0.3019,0.0,0.1557,0.0327,15.8989
node-014,2024-01-01 12:31:30,0.0123,0.0,28530661.848,0.4798,1823.8568,0.0,0.0378,15.9366
node-015,2024-01-01 12:31:30,0.0919,0.0,27581804.7724,0.0825,3766.8051,0.0,0.0055,48.0
node-016,2024-01-01 12:31:30,0.0856,0.2831,29312214.3323,0.0,4973.0196,0.0,0.0,15.9416
node-017,2024-01-01 12:31:30,0.0318,1.0315,28027288.3875,0.0205,0.0,0.4504,0.0,15.8407
node-018,2024-01-01 12:31:30,0.0588,0.0,28897900.4809,0.0,11642.704,0.0,0.0,15.8615
node-019,2024-01-01 12:31:30,0.0185,0.1503,27995931.5695,0.0101,2752.8592,0.0,0.0914,15.9467
node-020,2024-01-01 12:31:30,0.0,0.2548,28730928.5122,0.1569,1930.7888,0.0,0.0557,15.8621
node-021,2024-01-01 12:31:30,0.0264,0.015,29204225.205,0.0306,899.7561,0.5371,0.0,15.6645
node-022,2024-01-01 12:31:30,0.0,0.0,30054286.69,0.02,0.0,0.1261,0.0527,15.8736
node-023,2024-01-01 12:31:30,0.0326,0.0,29204076.5306,0.0882,3264.6116,0.0,0.0813,15.7709
node-024,2024-01-01 12:31:30,0.0279,0.1665,28622900.9799,0.0298,17712.1298,0.3206,0.0,15.7565
node-025,2024-01-01 12:31:30,0.0084,0.0,29254888.7716,0.0,85.1252,0.0771,0.0,16.0267
node-026,2024-01-01 12:31:30,0.0,0.5378,29917006.2172,0.0,9083.7581,0.117,0.1308,15.6935
node-027,2024-01-01 12:31:30,0.1106,0.0737,28366469.8125,0.0121,6171.6314,0.0,0.0,15.9756
node-028,2024-01-01 12:31:30,0.0269,0.008,27886571.3535,0.0,3006.0214,0.3954,0.0763,47.5145
node-029,2024-01-01 12:31:30,0.0984,0.0,28714179.576,0.3866,2551.0602,0.437,0.0,16.1233
node-000,2024-01-01 12:36:00,0.0067,0.0428,30056930.9421,0.6041,1548.7876,0.1162,0.0787,15.9785
node-001,2024-01-01 12:36:00,0.0068,0.0,27920085.0334,0.1104,8923.3331,0.0,0.0,48.0
node-002,2024-01-01 12:36:00,0.1162,0.0,29117342.2576,0.0225,2252.6577,0.3868,0.0089,15.6551
node-003,2024-01-01 12:36:00,0.0,0.0,28682636.3019,0.3039,15.8187,0.0496,0.0002,16.4789
node-004,2024-01-01 12:36:00,0.1229,0.3466,28807078.5167,0.007,220.7213,0.1682,0.0,15.5603
node-005,2024-01-01 12:36:00,0.0,0.0,29017855.5011,0.2109,510.1226,0.3945,0.0389,15.9159
node-006,2024-01-01 12:36:00,0.0,0.098,28710655.0116,0.5206,0.0,0.2256,0.0487,15.7317
node-007,2024-01-01 12:36:00,0.0,0.0,28544758.0036,0.0,7879.5417,0.0,0.0,16.3611
node-008,2024-01-01 12:36:00,0.0128,0.0,28720151.483,0.0,1348.9301,0.4909,0.0,16.0257
node-009,2024-01-01 12:36:00,0.0293,0.0177,29062232.9859,0.292,16004.8634,0.0,0.0,16.4034
node-010,2024-01-01 12:36:00,0.0882,0.1392,28880348.9913,0.6999,9642.7878,0.6989,0.0,15.81
node-011,2024-01-01 12:36:00,0.021,0.0,27924654.3653,0.6801,2581.5833,0.0,0.0318,15.9765
node-012,2024-01-01 12:36:00,0.0759,0.0,29127786.7371,0.013,3297.8497,0.0,0.0569,16.178
node-013,2024-01-01 12:36:00,0.0,0.0,29419341.2603,0.2588,1752.7256,0.0,0.0655,16.192
node-014,2024-01-01 12:36:00,0.0089,0.0251,28589338.0173,0.5046,1760.3675,0.0,0.0,15.889
node-015,2024-01-01 12:36:00,0.0,0.2313,27599862.1291,0.0176,0.0,0.1789,0.0,47.8938
node-016,2024-01-01 12:36:00,0.0697,0.4064,29410121.8004,0.1063,0.0,0.0,0.0307,15.5282
node-017,2024-01-01 12:36:00,0.2645,0.0,28377189.0164,0.2889,2846.6595,0.1593,0.0121,15.8413
node-018,2024-01-01 12:36:00,0.023,0.0,28900336.3268,0.0207,3264.4461,0.0,0.1492,15.8473
node-019,2024-01-01 12:36:00,0.0068,0.0,28314236.2229,0.0,3658.4541,0.3645,0.0,16.3364
node-020,2024-01-01 12:36:00,0.1514,0.5753,28382478.8584,0.091,209.9915,0.7176,0.0168,16.1747
node-021,2024-01-01 12:36:00,0.2049,0.0,28888369.2124,0.3228,8381.2404,0.0789,0.0,16.1314
node-022,2024-01-01 12:36:00,0.0022,0.0484,30289164.0899,0.0,0.0,0.6853,0.1159,15.9321
node-023,2024-01-01 12:36:00,0.0289,0.4969,28961235.1842,0.0,322.4807,0.922,0.051,16.0428
node-024,2024-01-01 12:36:00,0.0844,0.6446,28626654.6465,0.184,675.149,0.0,0.017,15.8308
node-025,2024-01-01 12:36:00,0.0195,1.0137,29263785.7532,0.2878,2694.2316,0.0,0.0756,16.0695
node-026,2024-01-01 12:36:00,0.1376,0.0,30045031.4292,0.0213,7733.2341,0.2457,0.1901,16.1374
node-027,2024-01-01 12:36:00,0.0531,1.0366,28311727.9425,0.5405,0.0,0.0,0.0041,16.6299
node-028,2024-01-01 12:36:00,0.0239,0.7509,27697325.4719,0.0179,0.0,0.2421,0.0,47.6994
node-029,2024-01-01 12:36:00,0.0,0.1058,29086770.8844,0.0,0.0,0.0,0.0514,15.6564
node-000,2024-01-01 12:40:30,0.0902,0.4677,29643306.1887,0.1846,1488.2463,0.2555,0.0,16.388
node-001,2024-01-01 12:40:30,0.0,0.0978,27798125.2012,0.0,24099.2254,0.1813,0.9045,47.9181
node-002,2024-01-01 12:40:30,0.2703,0.0485,28990490.4496,3.7379,16437.4986,0.0,0.9669,15.7798
node-003,2024-01-01 12:40:30,0.0253,0.1643,28779431.1027,0.0078,8158.6329,0.5223,0.0364,16.1242
node-004,2024-01-01 12:40:30,0.0691,0.0,28481132.2619,0.0,6082.5216,0.0824,0.0004,15.495
node-005,2024-01-01 12:40:30,0.1433,0.0017,29083454.1905,0.1835,0.0,0.0,0.0,16.2102
node-006,2024-01-01 12:40:30,0.063,0.0,29013601.7104,0.0007,693.7464,0.0,0.0,15.9764
node-007,2024-01-01 12:40:30,0.0871,0.7828,28297559.888,0.0872,15530.2983,0.3889,0.0,16.2963
node-008,2024-01-01 12:40:30,0.0,0.0506,28689136.6193,0.0082,120.2106,0.1288,0.0585,16.0446
node-009,2024-01-01 12:40:30,0.2151,0.3262,28742457.0177,0.005,768.8543,0.0,0.0416,15.867
node-010,2024-01-01 12:40:30,0.1028,0.0,28881211.3987,0.035,8854.003,0.1541,0.0,15.8742
node-011,2024-01-01 12:40:30,0.1971,0.0,28540590.694,0.0097,1473.1871,0.0,0.0177,16.1799
node-012,2024-01-01 12:40:30,0.0,0.0,28559838.8007,0.0483,194.7415,0.0,0.0,15.6084
node-013,2024-01-01 12:40:30,0.0911,0.204,29515414.4968,0.0,1484.0117,0.0,0.073,15.7904
node-014,2024-01-01 12:40:30,0.1702,0.0,28774363.6969,0.0028,0.0,0.1085,0.0725,16.025
node-015,2024-01-01 12:40:30,0.0087,0.0,27320208.8197,0.0037,2877.5036,0.3768,0.0146,47.7617
node-016,2024-01-01 12:40:30,0.1784,0.2807,29147622.3466,0.0017,0.0,0.0,0.0,15.9756
node-017,2024-01-01 12:40:30,0.0,1.0238,28644581.4898,0.0154,0.0,0.0,0.0128,16.0354
node-018,2024-01-01 12:40:30,0.0,0.611,29261330.0027,0.0,0.0,0.0,0.0,15.9245
node-019,2024-01-01 12:40:30,0.462,0.1461,28451955.0591,0.4787,3286.8712,0.0,1.0589,16.1035
node-020,2024-01-01 12:40:30,0.0254,0.0,28597705.3066,0.0053,15219.8016,0.0,0.0342,16.1348
node-021,2024-01-01 12:40:30,0.0895,0.1534,28619721.9121,0.0,898.4128,0.311,0.0,16.1071
node-022,2024-01-01 12:40:30,0.0988,0.0,30216063.757,0.0778,3646.6532,0.4416,0.0981,15.7737
node-023,2024-01-01 12:40:30,0.2276,0.0,28752924.3525,0.5422,0.0,0.0,0.0,15.9856
node-024,2024-01-01 12:40:30,0.109,0.0,29107289.2346,0.0106,2242.9003,0.5471,0.0,16.4313
node-025,2024-01-01 12:40:30,0.0,1.2493,29281773.1042,0.0,371.5477,0.5007,0.0,15.7836
node-026,2024-01-01 12:40:30,0.2303,0.0,30329506.3703,0.0,2122.7571,0.1355,0.0112,15.8456
node-027,2024-01-01 12:40:30,0.0,0.0,28198903.8964,0.1095,2315.2615,0.0,0.0,15.8607
node-028,2024-01-01 12:40:30,0.0,0.0,27779077.5817,0.0001,2297.2179,0.0,0.0687,48.0
node-029,2024-01-01 12:40:30,0.0,0.3691,29032140.589,0.0,1912.5184,0.0939,0.0853,15.6399
node-000,2024-01-01 12:45:00,0.0,0.7505,29857468.1328,0.0,0.0,0.0,0.0,15.652
node-001,2024-01-01 12:45:00,0.0257,0.1072,27923099.5109,0.0202,4561.2891,0.0,0.0,47.6084
node-002,2024-01-01 12:45:00,0.0893,0.0486,29081844.6697,0.2836,1256.0158,0.0,0.0989,16.3064
node-003,2024-01-01 12:45:00,0.2061,0.0627,28450809.8675,0.0137,0.0,0.0,0.0152,16.2734
node-004,2024-01-01 12:45:00,0.1079,0.4757,28547629.896,0.0,0.0,0.3535,0.0088,16.2388
node-005,2024-01-01 12:45:00,0.0283,1.1009,28875420.0593,0.0114,6453.2462,0.0,0.0,16.1681
node-006,2024-01-01 12:45:00,0.0853,0.0,28766356.2573,0.0,2169.8436,0.0,0.0553,15.7513
node-007,2024-01-01 12:45:00,0.0846,0.6852,28525821.583,0.2142,1245.0898,0.1622,0.0692,15.9771
node-008,2024-01-01 12:45:00,0.1813,0.0,28180036.6454,0.2946,7042.2513,0.0,0.0,16.0901
node-009,2024-01-01 12:45:00,0.1078,0.5095,29140078.276,0.0,186.6056,0.0,0.0,15.7536
node-010,2024-01-01 12:45:00,0.0943,0.1044,28750229.2244,0.0053,1145.789,0.0,0.0,15.9899
node-011,2024-01-01 12:45:00,0.0163,0.0,28434429.8777,0.0154,0.0,0.843,0.1206,15.538
node-012,2024-01-01 12:45:00,0.0642,0.0,28803796.851,0.0199,0.0,0.0,0.0,15.8639
node-013,2024-01-01 12:45:00,0.0729,0.9202,29321835.652,0.3942,0.0,0.0493,0.0403,16.0381
node-014,2024-01-01 12:45:00,0.1136,0.0,28677029.2036,1.6715,1966.0062,0.0,0.0,16.0154
node-015,2024-01-01 12:45:00,0.0,0.0,27469709.1816,0.0,516.4953,0.0,0.0,47.9
node-016,2024-01-01 12:45:00,0.004,0.0,29164522.471,0.0,440.3997,0.6575,0.0297,15.8326
node-017,2024-01-01 12:45:00,0.1185,0.0159,28347010.0535,0.2158,0.0,0.5925,0.0892,16.1489
node-018,2024-01-01 12:45:00,0.0,0.0,28563325.2893,0.0855,2768.0572,0.0,0.0009,15.8464
node-019,2024-01-01 12:45:00,0.0247,0.0,28255528.8379,0.0152,1659.5394,0.3332,0.01,16.0422
node-020,2024-01-01 12:45:00,0.0344,0.4784,28392484.0385,0.1986,2517.6921,0.1697,0.0,16.2255
node-021,2024-01-01 12:45:00,0.1883,0.0,28895957.5613,0.4981,1914.2092,0.0,0.0,15.6408
node-022,2024-01-01 12:45:00,0.2202,0.0,30182355.5271,0.0,660.1215,0.0,0.0,16.3178
node-023,2024-01-01 12:45:00,0.0116,0.0,28694445.7655,0.0,0.0,0.2091,0.1243,16.1878
node-024,2024-01-01 12:45:00,0.0266,0.0,28662569.1255,0.0,3245.5391,0.0,0.8272,16.2048
node-025,2024-01-01 12:45:00,0.0,0.4618,29280132.9688,0.206,9133.9012,0.0,0.0,16.1766
node-026,2024-01-01 12:45:00,0.0459,0.4319,29778148.6195,0.0,3699.7515,0.2141,0.0048,16.1913
node-027,2024-01-01 12:45:00,0.0073,0.1242,28280654.253,0.1918,789.0887,0.5337,0.0,15.9791
node-028,2024-01-01 12:45:00,0.0,0.0,27777086.4281,0.0999,12271.1942,0.4084,0.0651,48.0
node-029,2024-01-01 12:45:00,0.1543,0.5569,29298645.7617,0.1835,996.8696,0.2476,0.0,15.8332
node-000,2024-01-01 12:49:30,0.0286,0.0,30095333.6499,0.593,1813.9489,0.1023,0.0813,15.8664
node-001,2024-01-01 12:49:30,0.0,0.0,27626837.5422,0.0092,3233.6293,0.0989,0.0,48.0
node-002,2024-01-01 12:49:30,0.0299,0.8274,29068571.3106,0.012,514.6795,0.222,0.0,15.7546
node-003,2024-01-01 12:49:30,0.0868,0.0113,28678722.1023,0.4802,0.0,0.2366,0.0754,15.8646
node-004,2024-01-01 12:49:30,0.0205,0.0,28365038.4182,0.0305,2100.0891,0.0,0.0,15.6028
node-005,2024-01-01 12:49:30,0.0824,0.016,28691278.7539,0.1732,8390.2311,0.2588,0.0,16.1986
node-006,2024-01-01 12:49:30,0.0,0.0,28991463.2692,0.505,8275.1504,0.022,0.002,16.0625
node-007,2024-01-01 12:49:30,0.124,0.0,28165361.9563,0.2122,921.3412,0.333,0.0,16.1322
node-008,2024-01-01 12:49:30,0.0015,0.0,28654770.6863,0.0,565.9033,0.0,0.0306,16.0185
node-009,2024-01-01 12:49:30,0.0005,0.0,28830728.3676,0.0,0.0,0.0,0.0215,15.5399
node-010,2024-01-01 12:49:30,0.0577,0.0,29093120.0232,0.0278,557.0025,0.0,0.0323,16.4805
node-011,2024-01-01 12:49:30,0.1008,0.6199,28749662.5189,0.5916,2265.6409,0.0,0.0317,16.1882
node-012,2024-01-01 12:49:30,0.0,0.0,29175498.3674,0.1806,3507.6397,0.0,0.0,15.6771
node-013,2024-01-01 12:49:30,0.0204,0.8445,29098658.0975,0.1904,4987.91,0.0774,0.0384,15.5806
node-014,2024-01-01 12:49:30,0.0,0.0,28512143.3808,0.0,367.1986,0.0,0.0,15.8234
node-015,2024-01-01 12:49:30,0.0044,0.0,27018279.0772,0.0,0.0,0.3173,0.035,48.0
node-016,2024-01-01 12:49:30,0.0,0.0,29433023.5086,0.0056,958.1885,0.0,0.0097,16.1117
node-017,2024-01-01 12:49:30,0.0128,0.2726,27952451.2218,0.0012,0.0,0.0,0.0616,16.2533
node-018,2024-01-01 12:49:30,0.1716,0.0754,28818693.3689,0.0,1295.2187,0.0291,0.0,16.3183
node-019,2024-01-01 12:49:30,0.0503,0.0395,28427421.6541,0.1944,0.0,0.0,0.0941,16.3583
node-020,2024-01-01 12:49:30,0.1036,0.0,28386239.2715,0.0909,0.0,0.0,0.0,16.1269
node-021,2024-01-01 12:49:30,0.0,0.0,29081896.1306,0.012,1353.9339,0.0,0.1083,16.1693
node-022,2024-01-01 12:49:30,0.1171,0.2297,30148329.6624,0.09,1586.3226,0.1262,0.0319,16.2934
node-023,2024-01-01 12:49:30,0.0154,0.3026,29025010.0743,0.0,1405.0045,0.0651,0.0,15.9577
node-024,2024-01-01 12:49:30,0.0227,0.2115,28642854.3558,0.0,0.0,0.0,0.0,16.103
node-025,2024-01-01 12:49:30,0.2017,0.0,29175752.1694,0.009,9455.0523,0.01,0.0033,16.189
node-026,2024-01-01 12:49:30,0.0,0.0,30022751.9795,0.0,1270.7793,0.0,0.0,15.8256
node-027,2024-01-01 12:49:30,0.0851,0.1506,28360751.0975,0.0257,1909.5793,0.0,0.0732,16.0287
node-028,2024-01-01 12:49:30,0.0,0.3558,27615732.8768,0.0004,14159.1621,0.3884,0.0355,48.0
node-029,2024-01-01 12:49:30,0.0,0.0,29049308.7711,0.0,2330.8988,0.0,0.0,15.7554
node-000,2024-01-01 12:54:00,0.0,0.5864,29747083.5905,0.5943,0.0,0.0,0.0,15.6984
node-001,2024-01-01 12:54:00,0.0,0.4119,27429303.5877,0.0183,2634.3521,0.0,0.0468,48.0
node-002,2024-01-01 12:54:00,0.1142,0.0,29162528.064,0.113,448.8507,0.0,0.0,16.0448
node-003,2024-01-01 12:54:00,0.0408,0.0,28655403.2315,0.2623,3625.4312,0.2524,0.0,16.0802
node-004,2024-01-01 12:54:00,0.0188,0.0,28683079.7151,0.3146,466.6763,0.0967,0.0375,16.2512
node-005,2024-01-01 12:54:00,0.0047,0.0,28676377.6895,0.1163,0.0,0.3774,0.0612,16.1013
node-006,2024-01-01 12:54:00,0.0444,0.0,28662846.4258,0.2282,964.4612,0.0,0.0,15.9851
node-007,2024-01-01 12:54:00,0.0,0.0482,28313843.0608,0.0137,1199.9981,0.0,0.0,15.8433
node-008,2024-01-01 12:54:00,0.1128,0.0,28621140.0845,0.1079,0.1691,0.8739,0.0,15.9515
node-009,2024-01-01 12:54:00,0.0,0.5241,29260209.3102,0.0035,1910.7912,0.4724,0.0,16.1562
node-010,2024-01-01 12:54:00,0.0017,1.1042,28725313.5161,0.156,6392.8278,0.7023,0.0,16.0733
node-011,2024-01-01 12:54:00,0.0,0.0,28484196.0141,0.6051,133.2367,0.0,0.4168,16.0509
node-012,2024-01-01 12:54:00,0.1068,0.9108,29055578.1169,0.0,8723.0804,0.0,0.0,15.993
node-013,2024-01-01 12:54:00,0.0,0.0,29126208.5964,0.2735,907.3888,0.0612,0.2142,16.0555
node-014,2024-01-01 12:54:00,0.0,0.3873,28679308.266,0.5188,7935.9116,0.0,0.0,15.9817
node-015,2024-01-01 12:54:00,0.0217,0.0,27244180.7874,0.0,5967.0738,0.1973,0.0201,47.837
node-016,2024-01-01 12:54:00,0.0044,0.009,29551481.0705,0.1235,4557.8898,0.3055,0.0,16.0051
node-017,2024-01-01 12:54:00,0.0925,0.0,27594934.9531,0.0,0.0,0.0,0.0212,16.1496
node-018,2024-01-01 12:54:00,0.008,0.0,28873228.9484,0.0078,3049.2206,0.0,0.0015,15.7379
node-019,2024-01-01 12:54:00,0.2057,0.0,28309934.0601,0.294,0.0,0.0743,0.0,16.4165
node-020,2024-01-01 12:54:00,0.0206,0.0,28555112.781,0.196,0.0,0.0592,0.0282,15.7443
node-021,2024-01-01 12:54:00,0.1033,0.7068,29065760.8417,0.5188,7643.9205,0.0,1.0018,16.1352
node-022,2024-01-01 12:54:00,0.2201,0.4169,30283190.8126,0.0961,7011.5223,0.0111,0.0614,16.1331
node-023,2024-01-01 12:54:00,0.0,0.0,29115193.8863,0.0,8858.7031,0.0,0.0,15.7487
node-024,2024-01-01 12:54:00,0.0,0.0,28510169.1275,0.0076,316.3808,0.0,0.0014,16.2793
node-025,2024-01-01 12:54:00,0.0,0.0,29262927.7215,0.0195,1476.4397,0.2227,0.1305,15.9646
node-026,2024-01-01 12:54:00,0.0908,0.2028,30213851.6691,0.0,916.1849,0.0,0.0,16.1172
node-027,2024-01-01 12:54:00,0.1111,0.0,28357700.977,0.1966,450.0482,0.4266,0.0162,16.1481
node-028,2024-01-01 12:54:00,0.0,0.0288,27816500.0856,0.0,1438.3431,0.151,0.0,47.8598
node-029,2024-01-01 12:54:00,0.0405,0.6606,29070299.7835,0.2066,4585.6965,0.0,0.0,16.0162
node-000,2024-01-01 12:58:30,0.0998,0.0,29920812.981,0.0,9850.4977,0.0,1.0569,15.506
node-001,2024-01-01 12:58:30,0.0,0.0,28103795.8381,0.0518,890.0777,0.0,0.0,47.6619
node-002,2024-01-01 12:58:30,0.0,0.1265,28964044.844,0.0049,237.0918,0.1595,0.0126,16.1295
node-003,2024-01-01 12:58:30,0.1762,0.0,28422821.7157,0.1132,0.0,0.0,1.0464,16.2206
node-004,2024-01-01 12:58:30,0.0,0.0,28295724.1243,0.2112,3942.2851,0.7284,0.0,16.0444
node-005,2024-01-01 12:58:30,0.0,0.3338,28919294.6206,0.2215,1281.1159,0.0,2.0401,15.4788
node-006,2024-01-01 12:58:30,0.2611,0.0,28776230.0657,0.2158,3147.3165,0.4492,0.0,16.2337
node-007,2024-01-01 12:58:30,0.0,0.252,28081951.135,0.0,575.8286,0.2158,0.9616,15.6872
node-008,2024-01-01 12:58:30,0.0154,0.0,28414368.1139,0.0905,1230.0629,0.0,0.0212,16.0846
node-009,2024-01-01 12:58:30,0.1251,0.0,28995382.6637,0.1888,1139.7053,0.0,0.0,16.2756
node-010,2024-01-01 12:58:30,0.0059,0.4443,29054670.2519,0.0,51.7108,0.0,0.143,16.2411
node-011,2024-01-01 12:58:30,0.0112,0.0,28599713.5441,0.2031,223.0516,0.0,0.0,16.1582
node-012,2024-01-01 12:58:30,0.0165,0.1094,28889856.7756,0.1985,2837.2162,0.3191,0.1414,16.1195
node-013,2024-01-01 12:58:30,0.0927,0.0,29241818.9959,0.1481,1457.783,0.39,0.0236,16.2092
node-014,2024-01-01 12:58:30,0.0158,0.0703,28380231.7431,0.0,541.4297,0.0,0.145,16.1371
node-015,2024-01-01 12:58:30,0.0495,0.0,27471162.2438,0.0307,11501.4609,0.1411,0.0243,48.0
node-016,2024-01-01 12:58:30,0.0865,0.0,29315359.5425,0.0639,7685.8957,0.227,0.0429,16.1572
node-017,2024-01-01 12:58:30,0.0,0.0,28433445.8187,0.0,7444.688,0.039,0.0,16.1095
node-018,2024-01-01 12:58:30,0.1511,0.3207,28851481.4196,0.2005,0.0,0.0311,0.0,16.3296
node-019,2024-01-01 12:58:30,0.0,0.0152,28359486.5816,0.0,0.0,0.438,0.0574,16.2181
node-020,2024-01-01 12:58:30,0.1846,0.5288,28288084.2716,0.0906,1508.5106,0.2114,0.0049,16.0637
node-021,2024-01-01 12:58:30,0.0,0.3454,28803793.6884,0.0045,4192.0153,0.0,0.0,15.6118
node-022,2024-01-01 12:58:30,0.0,0.7552,30339555.103,0.0418,864.9695,0.0,0.0303,16.1147
node-023,2024-01-01 12:58:30,0.0527,0.0,28870443.4641,0.2063,15894.5706,0.0,0.0,16.2953
node-024,2024-01-01 12:58:30,0.084,0.1137,28481539.7738,0.2005,131.3879,0.175,0.0,15.6214
node-025,2024-01-01 12:58:30,0.0,0.2807,29132061.6454,0.0187,5350.7432,0.7837,0.0461,16.1464
node-026,2024-01-01 12:58:30,0.0,0.0913,30106506.172,0.1132,249.9403,0.0,0.0,15.7434
node-027,2024-01-01 12:58:30,0.0086,0.8739,28533648.8616,0.01,1020.4978,0.2066,0.0792,15.9487
node-028,2024-01-01 12:58:30,0.0,0.0,28022396.641,0.0158,2167.133,0.0,0.0442,47.8932
node-029,2024-01-01 12:58:30,0.0,0.7417,29127731.581,0.0,5247.4197,0.4188,0.0384,16.2477
node-000,2024-01-01 13:03:00,0.0601,0.3052,29715226.9987,0.2853,1410.3016,0.0,4.0239,15.8113
node-001,2024-01-01 13:03:00,0.0,0.0,27470865.8375,0.0954,1676.0803,0.783,0.0,47.8713
node-002,2024-01-01 13:03:00,0.013,0.0,28871312.4237,0.2078,10134.8596,0.0,0.1529,15.807
node-003,2024-01-01 13:03:00,0.11,0.0,28523838.2522,0.3123,3209.84,0.0,0.0,16.1688
node-004,2024-01-01 13:03:00,0.0,0.5688,28691414.1946,0.6096,2003.3609,0.3036,1.5301,16.1294
node-005,2024-01-01 13:03:00,0.144,0.2614,28850765.103,0.2359,3127.6632,0.3348,0.0051,15.9602
node-006,2024-01-01 13:03:00,0.0,0.0949,28730796.5762,0.3008,0.0,0.1288,0.0649,16.1917
node-007,2024-01-01 13:03:00,0.0,0.0,28304233.1046,0.81,1258.5066,0.0,0.1171,15.9139
node-008,2024-01-01 13:03:00,0.1741,1.1509,28143193.4098,0.4167,38993.934,0.1638,0.0,16.0426
node-009,2024-01-01 13:03:00,0.1002,0.0771,29074033.0031,1.7433,2638.5827,0.0,0.0,16.0586
node-010,2024-01-01 13:03:00,0.0,0.3789,28904300.5696,0.426,0.0,0.5849,0.0406,16.0607
node-011,2024-01-01 13:03:00,0.2017,0.0,28829748.9886,0.4948,1392.3401,0.0,0.8914,16.2584
node-012,2024-01-01 13:03:00,0.1187,0.0,28750516.7628,0.8145,10796.124,0.0,0.0,16.1731
node-013,2024-01-01 13:03:00,0.0,0.0183,28965844.0785,0.4012,816.9215,0.4455,0.0408,16.0417
node-014,2024-01-01 13:03:00,0.2099,0.1173,28254143.1496,0.2157,6899.9647,0.4512,0.0,15.7889
node-015,2024-01-01 13:03:00,0.1034,0.761,27524573.0106,0.0909,6835.8268,0.1564,0.971,47.8668
node-016,2024-01-01 13:03:00,0.1323,0.1116,29068152.8696,0.3802,13818.3724,0.6344,0.0796,16.2065
node-017,2024-01-01 13:03:00,0.1138,0.0,27923129.2633,0.7035,14662.0451,0.0,0.0,15.9106
node-018,2024-01-01 13:03:00,0.2494,0.0,28645453.1343,1.0078,1462.215,0.0,0.0555,16.1913
node-019,2024-01-01 13:03:00,0.128,0.7049,27940405.3161,1.2802,11926.7491,0.4718,0.6254,16.1837
node-020,2024-01-01 13:03:00,0.0277,0.304,28630949.9476,0.2953,1310.9635,0.1529,1.0543,16.3276
node-021,2024-01-01 13:03:00,0.0209,0.2988,28637693.4016,0.4013,534.7926,0.0,0.0226,15.9544
node-022,2024-01-01 13:03:00,0.1217,0.1482,30404258.4429,0.3245,9062.022,0.0799,0.0,16.1017
node-023,2024-01-01 13:03:00,0.103,0.0,28817872.548,0.4448,17370.5332,0.0714,1.0637,16.3633
node-024,2024-01-01 13:03:00,0.0,0.0,28783965.7018,0.8972,263.2238,0.1537,0.0855,16.3204
node-025,2024-01-01 13:03:00,0.0249,0.0,29242663.9055,1.007,9551.9954,0.7851,0.0405,15.8274
node-026,2024-01-01 13:03:00,0.3105,0.0,29990350.5943,0.2939,3202.6214,0.0,0.0,16.1186
node-027,2024-01-01 13:03:00,0.1467,0.0408,28446728.9715,0.5051,1413.3614,0.045,0.8798,16.0725
node-028,2024-01-01 13:03:00,0.0036,0.0,27944768.0355,0.1008,0.0,0.0,0.0,48.0
node-029,2024-01-01 13:03:00,0.097,0.3512,28882194.8132,0.7917,20530.6801,0.0,0.9079,15.7127
node-000,2024-01-01 13:07:30,0.0,0.4095,29624602.9683,0.514,5585.7725,0.0,0.0,16.0394
node-001,2024-01-01 13:07:30,0.019,0.0459,27389733.3758,0.1089,1823.4271,0.0,0.0,48.0
node-002,2024-01-01 13:07:30,0.0925,0.6069,28815546.9241,0.298,9257.1261,0.1709,0.0,16.2115
node-003,2024-01-01 13:07:30,0.3062,0.0,28419655.5903,0.558,3817.4581,0.0,0.0,15.9891
node-004,2024-01-01 13:07:30,0.0902,0.6068,28480241.1184,0.3029,1923.0263,0.0,0.0103,16.2122
node-005,2024-01-01 13:07:30,0.0026,0.0,28593117.3727,0.5014,5028.8992,0.4897,0.0,16.0037
node-006,2024-01-01 13:07:30,0.191,0.0,28535937.6106,0.3921,2901.8068,0.669,0.0036,15.7718
node-007,2024-01-01 13:07:30,0.1291,0.0,28189679.3975,0.5866,2102.9511,0.0,0.0233,16.3378
node-008,2024-01-01 13:07:30,0.1385,0.0,28430230.9968,0.7823,13166.4335,0.0,0.0,16.1437
node-009,2024-01-01 13:07:30,0.0584,0.0,28836327.1097,0.4008,5889.9762,0.0,0.6884,15.8737
node-010,2024-01-01 13:07:30,0.1522,0.0,28748179.9946,0.2183,3278.7606,0.2127,0.9558,15.9217
node-011,2024-01-01 13:07:30,0.0913,0.0,28307710.8152,0.3014,1689.8533,0.1073,0.0,16.0066
node-012,2024-01-01 13:07:30,0.0828,0.5887,28653420.2573,0.8007,7590.7588,0.4493,0.0616,15.9152
node-013,2024-01-01 13:07:30,0.1507,0.0,28933886.2761,0.2997,2777.484,0.2733,0.0,15.81
node-014,2024-01-01 13:07:30,0.1777,0.6238,27939705.8437,0.4925,2232.4221,0.395,0.0,15.7087
node-015,2024-01-01 13:07:30,0.0017,0.0046,27462823.6233,0.0028,2128.844,0.0,0.0082,48.0
node-016,2024-01-01 13:07:30,0.199,0.0,28653318.3766,0.3802,1355.1311,0.2856,0.0,16.165
node-017,2024-01-01 13:07:30,0.1752,0.7166,28383161.436,0.2981,5802.9187,0.2459,0.0,16.0432
node-018,2024-01-01 13:07:30,0.094,0.7084,28461963.071,0.9718,9562.275,0.2979,0.0,15.9759
node-019,2024-01-01 13:07:30,0.1511,0.5942,28200099.6562,0.9047,11349.8166,0.0,0.0,15.9479
node-020,2024-01-01 13:07:30,0.1028,0.0,28063835.4428,0.7449,0.0,0.7959,0.0,16.382
node-021,2024-01-01 13:07:30,0.187,0.0283,28383614.5555,2.4174,2835.2634,0.1226,0.1088,15.9917
node-022,2024-01-01 13:07:30,0.037,0.0,30298577.4457,0.3882,1281.7041,0.0822,0.0,16.0876
node-023,2024-01-01 13:07:30,0.0889,0.0,28487225.9919,1.0138,2211.5871,0.0,2.1051,16.3043
node-024,2024-01-01 13:07:30,0.1139,0.3237,28486993.4369,0.3859,4060.3503,0.0,0.1192,15.8797
node-025,2024-01-01 13:07:30,0.0258,0.2891,28910232.4613,0.5192,5507.6432,0.0,0.0,16.2692
node-026,2024-01-01 13:07:30,0.1311,0.0,30131737.1952,0.4856,2689.1129,0.2189,0.0182,15.8978
node-027,2024-01-01 13:07:30,0.2012,0.0,28402383.049,0.2998,8155.7143,0.0,0.0075,15.9895
node-028,2024-01-01 13:07:30,0.0192,0.0,27368615.9462,0.085,4331.689,0.0,0.0205,48.0
node-029,2024-01-01 13:07:30,0.2185,0.0,29021325.314,0.8145,288.5785,0.0,0.1447,16.3883
node-000,2024-01-01 13:12:00,0.0129,53.4825,29908077.4061,1.0242,41726.298,0.3705,0.0957,16.1581
node-001,2024-01-01 13:12:00,0.0345,0.0,27464099.8758,0.2876,4491.2302,0.0067,0.0,48.0
node-002,2024-01-01 13:12:00,0.1374,280.0,28714272.7469,0.2886,18973.6111,0.5427,0.0516,16.0544
node-003,2024-01-01 13:12:00,0.586,0.7106,28255296.2087,0.2997,5282.7099,0.0,0.0677,16.0599
node-004,2024-01-01 13:12:00,0.0212,235.9261,28203394.1183,1.5113,6753.9341,0.0,4.7173,16.1674
node-005,2024-01-01 13:12:00,0.0501,232.6657,28530591.0783,0.5937,22246.6652,0.0,7.9309,16.1937
node-006,2024-01-01 13:12:00,0.1654,211.1954,28489588.5717,0.9803,22235.4746,0.5283,0.0239,15.7305
node-007,2024-01-01 13:12:00,0.0655,240.8733,28183961.8599,0.294,6079.7641,0.706,0.0,16.0503
node-008,2024-01-01 13:12:00,0.1164,23.6059,28357750.7603,1.2105,18886.6244,0.0,0.0,15.7155
node-009,2024-01-01 13:12:00,0.0802,0.2181,28975466.6144,0.301,1664.0644,0.0,0.0,16.213
node-010,2024-01-01 13:12:00,0.0593,270.3363,28720069.4196,0.3749,8386.6799,0.0,0.6723,15.7992
node-011,2024-01-01 13:12:00,0.0227,11.5618,28427355.5952,0.3799,23350.6677,0.3328,0.0,16.0049
node-012,2024-01-01 13:12:00,0.1359,257.6616,28636601.723,0.6154,2977.2295,0.102,0.0,16.1287
node-013,2024-01-01 13:12:00,0.2247,235.4015,28895165.2298,0.3124,5398.4853,0.0,0.0,15.89
node-014,2024-01-01 13:12:00,0.1285,152.9205,28299210.7801,0.3074,11343.7704,0.0589,0.9137,16.37
node-015,2024-01-01 13:12:00,0.1288,254.1418,27063594.7042,0.1018,28344.5757,0.0,0.1074,47.9517
node-016,2024-01-01 13:12:00,0.0938,0.2794,29085937.0115,0.9058,10063.4212,0.0,0.0387,16.0256
node-017,2024-01-01 13:12:00,0.107,0.1856,28294032.8503,0.3926,7141.3041,0.0,0.0466,15.9462
node-018,2024-01-01 13:12:00,0.3024,116.9849,28560953.1409,1.6275,9443.7076,0.3216,1.8093,15.6992
node-019,2024-01-01 13:12:00,0.1257,94.2296,28499091.726,1.0981,26418.9277,0.0,0.0,15.8286
node-020,2024-01-01 13:12:00,0.1636,248.8365,27940654.5752,0.5049,8175.9863,0.3189,3.7118,15.8754
node-021,2024-01-01 13:12:00,0.0938,206.8947,28595276.9129,0.783,18183.2989,0.0,0.0619,15.7553
node-022,2024-01-01 13:12:00,0.0628,1.1554,30172206.279,0.5018,9668.7549,0.0055,0.0,15.8243
node-023,2024-01-01 13:12:00,0.0437,5.3989,28703522.4249,0.8186,17607.4155,0.0,0.1061,15.7758
node-024,2024-01-01 13:12:00,0.0543,189.3544,28269808.648,0.9395,0.0,0.0,0.0167,16.1788
node-025,2024-01-01 13:12:00,0.4941,0.7518,29034060.3878,0.5854,10782.4029,0.0,0.0,16.5479
node-026,2024-01-01 13:12:00,0.2027,0.0,29844100.7819,1.2203,1322.1785,0.3107,0.0,16.3171
node-027,2024-01-01 13:12:00,0.092,0.0,28533658.0128,0.5295,2365.6809,0.0,1.0135,15.7319
node-028,2024-01-01 13:12:00,0.03,0.0,27446912.431,0.3045,19675.7504,0.0,0.0,47.8247
node-029,2024-01-01 13:12:00,0.1234,0.0041,28914862.5231,0.8898,10332.8109,0.135,0.0,16.009
node-000,2024-01-01 13:16:30,0.1379,53.4359,29535354.662,0.6084,4352.403,0.4056,0.13,16.082
node-001,2024-01-01 13:16:30,0.0283,0.0,27256869.5725,0.2127,4631.5738,0.0124,0.0094,47.8319
node-002,2024-01-01 13:16:30,0.0939,279.8254,28797616.2691,0.1274,3880.5965,0.0,0.0642,15.9153
node-003,2024-01-01 13:16:30,0.1118,0.3119,28106508.7812,0.0177,9790.4384,0.0071,0.0,15.8356
node-004,2024-01-01 13:16:30,0.0,235.6542,28340651.0557,0.1996,711.9182,0.2403,0.0754,15.5064
node-005,2024-01-01 13:16:30,0.1284,233.613,28705188.2291,0.2063,3366.4456,0.0,0.0,16.3325
node-006,2024-01-01 13:16:30,0.0926,211.9944,28271911.3017,0.4833,489.416,0.0,0.0,16.0495
node-007,2024-01-01 13:16:30,0.2043,241.7099,28189596.7237,5.6142,2114.8629,0.0516,1.9893,16.0314
node-008,2024-01-01 13:16:30,0.1094,23.1524,28439340.8336,0.4067,12695.1717,0.0,0.0,15.6527
node-009,2024-01-01 13:16:30,0.0134,0.0,29126630.1422,0.2058,18157.5778,0.0,0.8943,15.9094
node-010,2024-01-01 13:16:30,0.0936,270.7157,28654036.1637,0.3911,4402.2473,0.1799,0.0,15.9831
node-011,2024-01-01 13:16:30,0.1434,12.1381,28226141.0319,0.1612,11284.9878,0.0,0.0021,15.8728
node-012,2024-01-01 13:16:30,0.1264,257.0279,28814613.6122,0.3065,12043.3954,0.8309,1.5363,15.9062
node-013,2024-01-01 13:16:30,0.2157,235.6517,28952264.4263,0.9033,36559.9958,0.0543,0.0,15.8505
node-014,2024-01-01 13:16:30,0.092,153.1286,27961042.5292,0.102,10831.409,0.3659,0.0189,15.8836
node-015,2024-01-01 13:16:30,0.0167,254.5507,27173186.1292,0.0,2615.8782,0.0,0.0092,48.0
node-016,2024-01-01 13:16:30,0.0727,0.0,29102817.1236,0.1186,1723.0484,0.0,0.0,15.8903
node-017,2024-01-01 13:16:30,0.0984,0.0,28250434.4407,0.1126,22569.7243,0.0,0.0554,16.0087
node-018,2024-01-01 13:16:30,0.0003,117.1514,28445100.0701,0.2966,28266.9208,0.6262,2.9734,15.8807
node-019,2024-01-01 13:16:30,0.0835,94.8975,27871103.166,0.1699,406.8414,0.0,0.0421,16.0208
node-020,2024-01-01 13:16:30,0.1064,248.6474,28223075.5521,0.5876,85.4954,0.1268,0.0238,16.0737
node-021,2024-01-01 13:16:30,0.024,208.0689,28551653.8264,0.1996,11306.0014,0.0162,0.0,15.6921
node-022,2024-01-01 13:16:30,0.0748,0.0,29936880.138,0.1989,3965.6821,0.0,0.0,16.402
node-023,2024-01-01 13:16:30,0.0,5.2194,29072210.5774,0.4039,4891.8613,0.1932,0.0,15.8462
node-024,2024-01-01 13:16:30,0.0,188.7578,28629116.8835,0.3004,43828.3163,0.0,0.001,16.5021
node-025,2024-01-01 13:16:30,0.0118,0.0664,29117485.0375,0.2085,0.0,0.0,0.1088,15.7248
node-026,2024-01-01 13:16:30,0.0681,0.0,30046533.5346,0.2799,32890.6604,0.1718,1.0216,15.9889
node-027,2024-01-01 13:16:30,0.0415,0.023,28375011.1206,0.6026,17073.2275,0.0,0.0,15.982
node-028,2024-01-01 13:16:30,0.0144,0.0,27275294.7616,0.0144,3579.057,0.0,0.1046,47.9225
node-029,2024-01-01 13:16:30,0.0633,0.4843,28674621.5079,0.1959,3783.0538,0.0,0.0,15.6519
node-000,2024-01-01 13:21:00,0.0,0.0,29404925.588,0.5906,1088.0597,0.0,0.0776,16.3014
node-001,2024-01-01 13:21:00,0.0107,0.0,27284115.9594,0.1076,24819.2702,0.0,0.0,47.6494
node-002,2024-01-01 13:21:00,0.0461,0.0,28759306.1802,0.7048,594.9907,0.3274,0.0,15.8254
node-003,2024-01-01 13:21:00,0.0423,0.0,28406638.3997,0.4493,11941.095,0.0,0.0,16.2151
node-004,2024-01-01 13:21:00,0.0093,0.1769,28362209.539,0.2051,7796.107,0.7043,0.0521,15.9996
node-005,2024-01-01 13:21:00,0.0,0.8511,28609921.4873,0.287,0.0,0.1258,2.9604,16.0864
node-006,2024-01-01 13:21:00,0.0,0.0799,28524541.9551,0.585,4778.9157,0.5248,0.0254,16.2415
node-007,2024-01-01 13:21:00,0.0124,0.0838,28175029.0969,0.7065,9492.7713,0.0,0.0,15.926
node-008,2024-01-01 13:21:00,0.0863,0.5719,28570366.4897,0.5328,244.8262,0.2837,0.0707,16.0577
node-009,2024-01-01 13:21:00,0.098,0.3871,29209113.8731,0.5194,2338.126,0.0502,0.055,15.7106
node-010,2024-01-01 13:21:00,0.0411,0.0,28609475.4944,0.8785,10485.8846,0.0127,0.0,15.9635
node-011,2024-01-01 13:21:00,0.0648,0.6968,28360078.3786,0.4195,0.0,0.0,0.0,16.2872
node-012,2024-01-01 13:21:00,0.0101,0.8278,28855110.976,0.8115,5763.6587,0.0,1.987,16.2755
node-013,2024-01-01 13:21:00,0.0,0.0,29005396.288,0.1013,1467.2981,0.2544,0.0,15.8665
node-014,2024-01-01 13:21:00,0.0,0.8398,28677575.0185,0.4143,2298.6447,0.2789,0.0,16.0728
node-015,2024-01-01 13:21:00,0.0344,0.5112,27181600.8505,0.004,2204.2328,0.0,0.0,48.0
node-016,2024-01-01 13:21:00,0.0786,0.0,29417530.6215,0.2955,1736.5263,0.0,0.0,15.976
node-017,2024-01-01 13:21:00,0.0676,0.0,28304055.3754,0.6727,2470.9992,0.0,0.0,16.0779
node-018,2024-01-01 13:21:00,0.08,0.1771,28197267.8565,0.4133,936.735,0.1205,0.0363,16.4016
node-019,2024-01-01 13:21:00,0.0,0.0,28563373.2083,0.6246,6406.9045,0.0645,0.0,16.5195
node-020,2024-01-01 13:21:00,0.0582,0.0,28028168.8035,0.3607,13467.4583,0.0,0.0813,16.2757
node-021,2024-01-01 13:21:00,0.0216,0.2456,28502987.146,0.6143,523.7716,0.0,0.0,16.0509
node-022,2024-01-01 13:21:00,0.0011,0.2213,29687592.4821,0.5792,3048.4741,0.6088,0.0,15.6332
node-023,2024-01-01 13:21:00,0.0247,0.6113,29145948.5616,0.696,2518.2012,0.0,0.0421,15.9758
node-024,2024-01-01 13:21:00,0.068,0.2145,28383511.234,0.4911,16780.8854,0.0,0.2111,15.8747
node-025,2024-01-01 13:21:00,0.0,0.5844,29286703.9147,0.148,373.7637,0.0,0.0193,15.9637
node-026,2024-01-01 13:21:00,0.0,0.0,29804075.7961,0.4393,0.0,0.0,0.0,15.8113
node-027,2024-01-01 13:21:00,0.0,0.767,28210395.4729,0.7978,10379.2244,0.3649,0.0849,16.0218
node-028,2024-01-01 13:21:00,0.0227,0.2305,27453278.3008,0.0048,709.7964,0.0,0.0225,47.9539
node-029,2024-01-01 13:21:00,0.0959,0.4118,28960634.4765,1.0428,2013.263,0.0,0.0449,15.7869
node-000,2024-01-01 13:25:30,0.0244,53.8877,29553588.7156,1.9316,3296.0319,0.0,0.0,16.0845
node-001,2024-01-01 13:25:30,0.0,0.7223,27657923.0267,0.2114,1770.6409,0.0372,0.0,47.8942
node-002,2024-01-01 13:25:30,0.0153,0.0,28601919.4844,0.5015,8725.9149,0.0,0.08,15.5587
node-003,2024-01-01 13:25:30,0.0089,0.0673,28275162.6351,0.7344,1887.6545,0.0,0.0877,15.7465
node-004,2024-01-01 13:25:30,0.0,0.0,28733099.8792,0.2005,11845.9664,0.4166,0.0724,16.2455
node-005,2024-01-01 13:25:30,0.0108,0.0,28709232.6161,0.2376,1550.1097,0.0,2.9668,16.0457
node-006,2024-01-01 13:25:30,0.2272,0.213,28559843.3377,0.7637,10496.1915,1.0187,0.0,16.3275
node-007,2024-01-01 13:25:30,0.0364,0.3843,28315958.4394,1.3043,10178.522,0.0157,0.0,16.2853
node-008,2024-01-01 13:25:30,0.0,0.0,28437740.8633,0.602,11912.9998,0.291,0.0,16.0282
node-009,2024-01-01 13:25:30,0.1191,0.0,29447246.6498,0.0948,5599.1547,0.2398,0.0865,15.9196
node-010,2024-01-01 13:25:30,0.1189,0.3774,28986912.3254,0.8945,2529.5898,0.0,0.0,16.189
node-011,2024-01-01 13:25:30,0.0775,11.4268,28511925.5017,0.4815,2532.2663,0.3597,0.0,15.8681
node-012,2024-01-01 13:25:30,0.0944,0.0,28600478.2088,0.0031,509.916,0.0,0.9526,16.0339
node-013,2024-01-01 13:25:30,0.0782,0.0,28899250.9593,0.3076,5948.2718,0.0,0.0,15.9696
node-014,2024-01-01 13:25:30,0.0,153.1672,28181983.6818,0.3191,1857.9018,0.0,0.0,16.3237
node-015,2024-01-01 13:25:30,0.0,0.0,27448013.5386,0.0962,2968.2949,0.0,0.7552,47.7905
node-016,2024-01-01 13:25:30,0.0891,0.3457,29609678.6419,0.5122,1137.6353,0.0,0.0,15.8867
node-017,2024-01-01 13:25:30,0.1049,0.0,28589781.8195,0.7919,631.084,0.2644,0.0,15.8491
node-018,2024-01-01 13:25:30,0.0147,0.0,28601721.3261,0.6869,7050.2657,0.0961,0.0543,16.1259
node-019,2024-01-01 13:25:30,0.2096,0.0,28061328.2729,1.0201,9439.5468,0.0,0.0,15.7869
node-020,2024-01-01 13:25:30,0.0,0.2682,28444487.8147,0.406,4609.8567,0.0,0.0,16.0053
node-021,2024-01-01 13:25:30,0.0,0.2654,28493815.8599,0.0,2042.607,0.0,0.9927,16.1587
node-022,2024-01-01 13:25:30,0.0688,0.9506,30207081.8176,0.315,2414.9469,0.0,0.1285,16.2209
node-023,2024-01-01 13:25:30,0.0856,0.103,28683545.0376,0.3753,1004.968,0.0,0.0581,16.037
node-024,2024-01-01 13:25:30,0.0,0.0,28629093.9214,0.113,983.6217,0.0,0.0461,15.9216
node-025,2024-01-01 13:25:30,0.0,0.353,29140096.4278,0.1892,3302.8346,0.6176,0.192,15.9834
node-026,2024-01-01 13:25:30,0.0,0.0,30465974.1964,0.5232,7986.1462,0.0134,0.0901,16.2863
node-027,2024-01-01 13:25:30,0.003,0.212,28345028.4389,0.6782,9249.2008,0.373,0.0,15.7132
node-028,2024-01-01 13:25:30,0.0129,0.0,27895428.8009,0.1079,0.0,0.1824,0.0,48.0
node-029,2024-01-01 13:25:30,0.0207,0.0,28586648.1427,0.7874,0.0,0.0105,0.0,16.2848
node-000,2024-01-01 13:30:00,0.1081,53.6538,29322022.6679,0.4972,6514.6055,0.3079,0.9434,16.0215
node-001,2024-01-01 13:30:00,0.0384,0.0,27393402.3296,0.1985,6112.6386,0.0,0.0012,48.0
node-002,2024-01-01 13:30:00,0.0789,280.0,28814294.6419,0.8835,4050.2711,0.0,0.4092,15.9157
node-003,2024-01-01 13:30:00,0.0,0.7052,28228130.101,0.5999,18193.6523,0.037,0.1739,15.8914
node-004,2024-01-01 13:30:00,0.0985,235.7349,28254410.3248,0.383,18651.6134,0.3819,0.0,16.1638
node-005,2024-01-01 13:30:00,0.1054,231.775,28777260.2027,0.8934,7672.4889,0.0,0.117,15.8335
node-006,2024-01-01 13:30:00,0.1154,210.7097,28295694.16,0.7003,9695.6658,0.0,0.0,16.0275
node-007,2024-01-01 13:30:00,0.0901,241.9759,28094956.9847,0.7982,10278.0808,0.0,0.0261,15.8626
node-008,2024-01-01 13:30:00,0.0018,25.0333,28413087.0122,0.5871,4670.1313,0.0,0.0,16.1538
node-009,2024-01-01 13:30:00,0.1255,0.7711,28748291.5243,1.0174,78702.1566,0.0,0.0,16.0463
node-010,2024-01-01 13:30:00,0.0987,270.6227,28822047.6039,0.6057,21999.6767,0.0,0.0185,16.3911
node-011,2024-01-01 13:30:00,0.079,11.285,28404959.2187,0.6261,4672.2444,0.1715,0.0,16.1673
node-012,2024-01-01 13:30:00,0.073,256.9226,28912066.0972,0.983,7278.5984,0.0,0.0,15.7196
node-013,2024-01-01 13:30:00,0.0856,236.7422,28878779.8737,1.1262,10618.1019,0.1746,0.0,15.9291
node-014,2024-01-01 13:30:00,0.1212,153.9877,28185330.4776,0.5991,3291.8417,0.0,0.0,15.8872
node-015,2024-01-01 13:30:00,0.0474,253.3997,27320908.9438,0.2224,3461.6935,0.0688,0.0,47.7596
node-016,2024-01-01 13:30:00,0.1368,0.0,29132755.0869,1.417,2810.2297,0.0,0.0,16.0968
node-017,2024-01-01 13:30:00,0.1387,173.451,28232349.6688,1.022,2820.9571,0.0,0.0027,16.1686
node-018,2024-01-01 13:30:00,0.1207,116.7371,28578530.635,1.1077,4071.5363,0.0,0.0207,16.3633
node-019,2024-01-01 13:30:00,0.1634,94.8073,28170075.238,1.4936,5421.1258,0.0,0.0,15.7382
node-020,2024-01-01 13:30:00,0.1984,249.4049,28202652.9323,0.6158,24136.1933,0.5864,0.0,15.6798
node-021,2024-01-01 13:30:00,0.199,207.7411,28572539.3348,0.9308,6015.674,0.4375,0.0,16.1996
node-022,2024-01-01 13:30:00,0.1541,0.0,29990545.9903,0.8181,8497.3821,0.6588,0.0364,15.9752
node-023,2024-01-01 13:30:00,0.0,4.4207,28547631.8032,0.6981,5544.5832,0.1117,0.0131,15.9581
node-024,2024-01-01 13:30:00,0.1535,189.5565,28175989.5073,0.2898,5787.3011,0.0,0.0355,16.3148
node-025,2024-01-01 13:30:00,0.085,0.4757,28968059.3583,0.7319,2672.064,0.3391,0.1034,16.0975
node-026,2024-01-01 13:30:00,0.117,0.0,29719884.1889,1.1101,11787.1965,0.0,0.0087,16.0449
node-027,2024-01-01 13:30:00,0.0621,0.2336,28388332.2883,1.2988,7722.995,0.0689,0.0,15.8021
node-028,2024-01-01 13:30:00,0.0,0.0,27365030.7217,0.2102,9645.4271,0.0,0.0,47.667
node-029,2024-01-01 13:30:00,0.2637,0.2327,28825231.2101,1.2,1947.1888,0.0,0.0383,15.9458
node-000,2024-01-01 13:34:30,0.0512,0.0,29538626.8279,0.6986,6600.3742,0.7545,0.0,15.9672
node-001,2024-01-01 13:34:30,0.2966,0.359,27097913.9838,0.1024,2978.0093,0.0599,0.0642,48.0
node-002,2024-01-01 13:34:30,0.1092,279.7646,28704299.1161,0.3818,74515.8792,0.7638,0.0,15.8475
node-003,2024-01-01 13:34:30,3.9331,0.4492,28304161.4832,1.7063,1004.5937,0.6461,0.0,16.2396
node-004,2024-01-01 13:34:30,0.1277,236.7939,28318501.5889,1.2367,578.7975,3.4137,0.0107,15.7799
node-005,2024-01-01 13:34:30,0.0815,232.3189,28846987.9677,0.6777,16004.1072,0.9836,0.0,15.8671
node-006,2024-01-01 13:34:30,0.0847,27.1861,28331822.6033,2.0154,4954.7209,0.0,0.0311,15.9942
node-007,2024-01-01 13:34:30,0.0983,241.2489,28097725.525,0.289,1350.8529,0.5212,0.0,15.8297
node-008,2024-01-01 13:34:30,0.9955,24.2944,27713437.0573,4.0875,157475.1807,0.4012,1.0646,15.7021
node-009,2024-01-01 13:34:30,0.7791,0.0,28295240.1882,0.5129,2945.8428,0.7203,0.1052,16.1602
node-010,2024-01-01 13:34:30,0.1086,35.7478,28717059.504,7.9488,2336.3433,0.8058,0.1013,15.7378
node-011,2024-01-01 13:34:30,3.1532,0.9057,26998794.5796,2.196,133129.4677,4.9912,0.0256,16.0619
node-012,2024-01-01 13:34:30,5.6314,257.1321,28495198.777,0.3968,37024.0268,0.6338,0.0,16.0084
node-013,2024-01-01 13:34:30,0.093,235.597,28834017.1719,1.086,2475.1881,2.6646,0.0,15.9933
node-014,2024-01-01 13:34:30,13.8727,1.4406,28023621.9651,2.0739,260974.3487,0.0,1.7771,16.1255
node-015,2024-01-01 13:34:30,0.0,253.4875,26691606.0711,0.0988,2391.4248,0.0,0.0,48.0
node-016,2024-01-01 13:34:30,3.3166,0.0,28313656.698,0.2841,374341.3962,0.0,0.8571,15.6714
node-017,2024-01-01 13:34:30,63.4,173.6561,28049133.2104,1.1888,119845.0542,0.9152,2.9254,15.8548
node-018,2024-01-01 13:34:30,2.1062,116.9443,28620074.7744,0.726,4890.7772,4.6407,1.0374,15.8582
node-019,2024-01-01 13:34:30,2.8028,94.3754,27115470.6153,0.8719,88986.974,0.1296,0.0,15.9392
node-020,2024-01-01 13:34:30,0.0878,33.4775,28414008.401,0.8194,5768.1448,0.9916,0.0629,15.7185
node-021,2024-01-01 13:34:30,53.0646,27.298,28108873.9773,0.8749,12067.9555,0.3606,0.0,15.9217
node-022,2024-01-01 13:34:30,0.0,0.7381,29889527.6892,1.0841,12815.9776,0.3991,0.0,15.9483
node-023,2024-01-01 13:34:30,6.3012,4.9192,28030271.9877,2.7044,258027.7066,3.0942,0.0,15.9062
node-024,2024-01-01 13:34:30,0.1227,24.6785,28461333.9454,0.9809,4039.5368,0.0,0.0,16.2379
node-025,2024-01-01 13:34:30,2.9823,0.0,28109668.7246,1.5185,238577.3485,0.4473,0.0,16.0188
node-026,2024-01-01 13:34:30,3.957,0.7299,29784544.9396,0.2585,6978.1975,0.1932,0.0617,16.0487
node-027,2024-01-01 13:34:30,0.0435,0.0,28353070.3616,0.4623,4752.0864,0.5239,1.0685,15.807
node-028,2024-01-01 13:34:30,0.0323,0.8874,26336703.7112,0.2123,3533.2919,0.5167,0.0671,48.0
node-029,2024-01-01 13:34:30,0.9114,0.3634,27596084.3979,0.4462,285787.2071,0.3082,0.0,15.8763
node-000,2024-01-01 13:39:00,0.2928,0.8201,24772640.2702,1.1152,80114.4192,15.475,0.9538,16.1972
node-001,2024-01-01 13:39:00,0.0083,0.1575,24639405.9956,0.1168,107699.1333,3.4939,0.9615,47.7648
node-002,2024-01-01 13:39:00,0.236,10.7479,23340949.0393,0.7016,116528.5617,18.0593,3.9643,15.8738
node-003,2024-01-01 13:39:00,0.1003,0.0,26639756.8866,0.6794,119859.0614,12.5133,1.9868,15.8845
node-004,2024-01-01 13:39:00,0.1189,7.2594,25989781.4814,0.6824,49663.8571,18.9682,3.918,16.1932
node-005,2024-01-01 13:39:00,0.0897,7.9928,25804559.5271,0.6857,84358.007,18.527,1.1043,16.1116
node-006,2024-01-01 13:39:00,18.4976,0.0,26374229.7686,0.8084,76069.1014,13.5363,12.1484,16.1896
node-007,2024-01-01 13:39:00,0.1164,7.5359,23234512.7063,0.6954,42059.2631,17.4661,16.0381,15.8835
node-008,2024-01-01 13:39:00,10.6956,6.4103,22759939.1084,2.0799,84377.3459,3.5825,4.5696,15.9393
node-009,2024-01-01 13:39:00,0.1004,0.2851,23791455.9498,0.7973,62699.3664,20.4596,2.9392,15.7406
node-010,2024-01-01 13:39:00,3.0376,5.3939,27137751.3477,0.6235,29438.9318,20.3028,10.0061,16.1244
node-011,2024-01-01 13:39:00,0.1092,0.0,23460931.3534,1.0887,106024.0295,18.9996,5.019,16.1101
node-012,2024-01-01 13:39:00,26.6375,14.5043,23303281.1283,1.1845,108011.4364,0.0,3.0499,16.0916
node-013,2024-01-01 13:39:00,0.1014,7.0543,27371837.7458,0.7525,163043.9396,17.409,11.9682,15.4429
node-014,2024-01-01 13:39:00,0.0783,0.3484,23199782.957,0.7624,117441.5355,14.9045,2.9826,16.3726
node-015,2024-01-01 13:39:00,0.1225,0.0,21964047.3169,0.1238,108042.041,2.3301,2.9053,48.0
node-016,2024-01-01 13:39:00,0.3601,0.0,24121019.6329,0.7892,152780.248,17.8451,2.0318,16.2866
node-017,2024-01-01 13:39:00,0.131,3.7564,22833800.0572,0.7096,116009.643,16.7936,5.0477,15.6265
node-018,2024-01-01 13:39:00,0.1343,0.0,25802547.6599,1.0966,234892.5947,13.6122,3.9157,15.6932
node-019,2024-01-01 13:39:00,0.0,0.4512,22487254.1054,0.7049,85614.9935,15.6502,0.0706,15.8658
node-020,2024-01-01 13:39:00,18.283,0.2852,26550032.5158,0.5908,39178.6285,17.914,8.0552,15.9228
node-021,2024-01-01 13:39:00,0.1036,0.0,22894973.2247,0.7222,108584.8212,13.6084,1.9869,16.1016
node-022,2024-01-01 13:39:00,0.7438,6.2295,27355851.8238,1.2048,84880.2951,12.8971,17.2026,16.0141
node-023,2024-01-01 13:39:00,21.4339,7.2877,23178834.9288,0.6651,123099.574,31.6817,11.2792,16.3127
node-024,2024-01-01 13:39:00,0.0611,6.0957,26522730.7014,0.7986,275030.9236,16.9366,13.9497,16.2976
node-025,2024-01-01 13:39:00,0.1504,0.2714,23914445.7903,0.6947,98672.8624,17.2675,6.4789,16.1414
node-026,2024-01-01 13:39:00,0.059,1.0648,28174492.7873,0.8075,264868.097,13.7739,5.9785,15.8536
node-027,2024-01-01 13:39:00,0.1068,0.0,26635254.1662,0.8137,18910.4847,20.4987,3.9032,16.1692
node-028,2024-01-01 13:39:00,0.0,0.0,23683938.7562,0.223,71540.5896,2.6862,1.8943,48.0
node-029,2024-01-01 13:39:00,0.2506,15.3094,23384679.3016,0.6528,140408.2576,19.616,17.1443,16.1528
node-000,2024-01-01 13:43:30,0.0642,0.8144,22591847.5681,0.5689,125466.1617,46.3375,8.9868,16.1656
node-001,2024-01-01 13:43:30,0.0652,0.4353,20836937.8085,0.1014,92832.4749,6.4657,4.1118,48.0
node-002,2024-01-01 13:43:30,0.1552,11.681,20991570.7142,0.8097,139770.2681,42.7752,6.5824,15.8335
node-003,2024-01-01 13:43:30,0.1149,0.0,21700288.9839,0.6947,103052.3725,40.1737,6.9436,16.2622
node-004,2024-01-01 13:43:30,0.0882,7.8031,21404231.6355,0.6007,133232.8398,42.7641,9.9964,15.7423
node-005,2024-01-01 13:43:30,0.0494,9.682,21784054.5758,0.6992,133877.8219,42.5168,7.0527,16.1943
node-006,2024-01-01 13:43:30,0.1149,0.0,21653818.5484,0.9991,113451.3033,38.7099,8.9055,15.7015
node-007,2024-01-01 13:43:30,0.0723,6.5605,20550630.4144,0.6086,99516.2975,38.6303,10.9682,16.0112
node-008,2024-01-01 13:43:30,0.2004,7.2569,20312468.3627,0.5811,142546.9902,40.1111,6.0402,15.9298
node-009,2024-01-01 13:43:30,0.1189,0.6552,21623249.378,2.4891,115055.8109,44.212,11.7264,15.8731
node-010,2024-01-01 13:43:30,0.0833,3.7275,22167151.5779,0.7875,111566.9232,45.3675,7.9079,15.8725
node-011,2024-01-01 13:43:30,0.1071,0.8842,21266275.4688,1.0291,114415.838,53.2255,7.0131,16.2358
node-012,2024-01-01 13:43:30,0.1458,13.1719,20626319.9476,0.6829,115791.6601,43.2712,6.945,16.1378
node-013,2024-01-01 13:43:30,0.1021,7.4075,22968793.0246,0.8159,111547.5396,44.8039,10.1758,15.9743
node-014,2024-01-01 13:43:30,0.1792,0.0,20529812.7085,0.6312,138079.1489,44.386,6.9628,15.6379
node-015,2024-01-01 13:43:30,0.0036,0.5665,19690436.771,0.0871,126207.1572,6.4746,1.1432,47.87
node-016,2024-01-01 13:43:30,0.3356,0.5816,21598172.601,0.8092,177087.4367,52.5799,9.0748,16.009
node-017,2024-01-01 13:43:30,0.169,4.5238,20984045.1286,0.5884,118601.7079,46.8236,9.9515,16.02
node-018,2024-01-01 13:43:30,0.1054,0.0,21711676.3638,0.8673,98399.677,36.5477,7.041,16.2056
node-019,2024-01-01 13:43:30,0.1489,0.0,19956494.5226,1.4136,120541.9595,42.5757,7.0133,15.663
node-020,2024-01-01 13:43:30,0.0491,0.0,21624829.5909,0.7479,102411.6587,46.5618,5.0231,16.0355
node-021,2024-01-01 13:43:30,0.101,0.0,21091672.0164,0.8118,117969.2283,39.1976,7.5739,15.9444
node-022,2024-01-01 13:43:30,0.1139,6.2843,23280968.263,0.6121,111770.7917,40.1903,6.1486,15.566
node-023,2024-01-01 13:43:30,0.0681,5.8756,20916919.1448,1.2103,116889.8893,51.1631,6.9028,16.1084
node-024,2024-01-01 13:43:30,0.152,6.5321,22490024.4746,0.7966,99671.107,42.6481,6.9931,15.9053
node-025,2024-01-01 13:43:30,0.1113,0.0,21558516.0636,0.6934,131951.5694,50.1537,9.0262,16.2139
node-026,2024-01-01 13:43:30,0.1128,0.4486,23145142.0929,0.5822,114882.8509,37.739,8.081,15.8388
node-027,2024-01-01 13:43:30,0.1148,0.0,21697177.7172,0.7107,91011.3285,48.8842,9.8782,16.1145
node-028,2024-01-01 13:43:30,0.0692,0.0,20766114.7813,0.1924,116930.8418,7.0389,2.9944,48.0
node-029,2024-01-01 13:43:30,0.0977,15.4816,21099172.1697,0.7884,153792.3987,42.2516,7.0655,15.8153
node-000,2024-01-01 13:48:00,0.2138,0.9516,20253269.4028,0.5897,137896.0196,46.4721,7.9983,16.279
node-001,2024-01-01 13:48:00,0.024,0.1045,18522729.7389,0.1121,112054.4935,6.3305,2.963,47.8391
node-002,2024-01-01 13:48:00,0.0963,11.1814,19021786.1903,0.6155,120703.0027,43.0433,8.2198,15.7343
node-003,2024-01-01 13:48:00,0.106,0.0,19315277.8496,0.6565,130207.5999,42.3703,6.346,15.8172
node-004,2024-01-01 13:48:00,0.1688,6.4103,18978277.1566,0.4836,193149.1909,42.7786,6.9906,15.896
node-005,2024-01-01 13:48:00,0.2157,8.8511,19588944.7884,0.7175,152472.9495,42.5142,8.8553,15.7642
node-006,2024-01-01 13:48:00,0.3138,0.0,18962090.7102,0.775,109219.6945,38.8452,6.9127,16.1123
node-007,2024-01-01 13:48:00,0.0794,6.4357,18587446.0884,0.5233,118137.4596,42.1543,8.0945,15.9925
node-008,2024-01-01 13:48:00,0.1973,7.185,18442589.8573,1.0896,133405.929,37.9154,6.1074,16.3251
node-009,2024-01-01 13:48:00,0.1012,0.2328,19347971.8982,0.7864,127831.2609,52.8298,9.1187,15.8245
node-010,2024-01-01 13:48:00,0.1457,5.1628,19718432.9558,0.6942,123990.7467,40.2264,8.065,15.5352
node-011,2024-01-01 13:48:00,0.0773,0.8305,19161277.4529,0.7481,72431.9432,49.4774,8.094,16.0893
node-012,2024-01-01 13:48:00,0.0953,13.8307,18756992.6524,0.9268,130910.1318,40.5816,7.9529,16.12
node-013,2024-01-01 13:48:00,0.0927,7.4299,20266230.3395,0.7041,134750.3857,46.447,6.0779,16.2547
node-014,2024-01-01 13:48:00,0.1365,0.6479,18590214.4136,0.7364,147729.1551,42.0124,5.0317,15.6272
node-015,2024-01-01 13:48:00,0.0,0.0,17995287.8443,0.2057,107194.8497,6.021,2.0064,48.0
node-016,2024-01-01 13:48:00,0.1074,0.0,19653524.4683,0.8507,169230.1529,50.5992,6.9821,15.9618
node-017,2024-01-01 13:48:00,0.1167,2.8685,19012735.8596,0.5974,96268.2945,45.0538,7.0148,15.8847
node-018,2024-01-01 13:48:00,0.1074,0.0,19460007.7805,0.9419,106827.302,40.3737,6.6608,16.2016
node-019,2024-01-01 13:48:00,0.2246,0.0,18247849.3347,0.9102,110349.1578,38.7877,5.8981,16.4483
node-020,2024-01-01 13:48:00,0.0794,0.0,19470237.8962,0.7438,109861.2846,45.4229,7.5906,15.9405
node-021,2024-01-01 13:48:00,0.2065,0.0,18587428.134,0.7073,109156.4976,36.5682,6.9635,16.0118
node-022,2024-01-01 13:48:00,0.0765,7.1837,20649174.5423,0.4838,126754.1473,37.9816,8.942,16.0947
node-023,2024-01-01 13:48:00,0.1203,7.0299,18705829.798,0.8031,107650.9631,51.8904,9.0429,15.8753
node-024,2024-01-01 13:48:00,0.0939,6.5068,20313147.3567,0.8119,108400.0149,41.5366,7.0532,16.2008
node-025,2024-01-01 13:48:00,0.1117,0.1047,19540359.1346,0.7011,124435.5201,46.0973,7.0615,16.1872
node-026,2024-01-01 13:48:00,0.132,0.0,20463091.3204,0.7888,107219.7423,39.8082,5.3441,15.8315
node-027,2024-01-01 13:48:00,0.1843,0.0,19011788.3818,0.7993,97041.3888,49.406,12.1134,15.9807
node-028,2024-01-01 13:48:00,0.012,0.0,18680751.3054,0.1915,102851.9138,6.7143,2.9137,48.0
node-029,2024-01-01 13:48:00,0.1183,15.098,19406205.2329,0.691,245816.8637,45.6341,11.0561,15.9807
node-000,2024-01-01 13:52:30,0.1019,0.0036,18920631.282,0.7872,131270.4693,45.0004,5.0381,16.4304
node-001,2024-01-01 13:52:30,0.02,0.3307,16583323.8329,0.1796,127425.5238,6.1406,1.9121,47.8991
node-002,2024-01-01 13:52:30,0.0823,11.7253,17429972.7059,1.0362,100504.734,45.5122,7.0117,16.1218
node-003,2024-01-01 13:52:30,0.0948,0.0,17667757.7153,0.8991,122924.4978,37.7091,6.0129,15.8872
node-004,2024-01-01 13:52:30,0.13,6.4217,17180005.8395,0.5962,162662.0982,45.1119,4.1011,16.0984
node-005,2024-01-01 13:52:30,0.1407,8.1915,17601537.8897,0.8119,137259.9665,45.3778,8.0574,15.7923
node-006,2024-01-01 13:52:30,0.1749,0.0,17410165.204,0.7859,118277.7463,39.5963,6.0166,15.9886
node-007,2024-01-01 13:52:30,0.1737,7.599,17053180.9332,0.9762,135181.1381,48.9406,7.9679,15.9957
node-008,2024-01-01 13:52:30,0.094,7.7481,17395060.9792,0.9304,130180.1629,40.1027,7.0125,16.325
node-009,2024-01-01 13:52:30,0.0926,0.7847,17785803.8843,1.003,121117.8044,49.8941,8.9975,16.1744
node-010,2024-01-01 13:52:30,0.0582,5.0521,17938882.3699,0.7964,131104.0415,43.1145,8.9843,16.387
node-011,2024-01-01 13:52:30,0.0903,1.3767,17408990.7237,0.8949,114723.5793,49.9809,7.0157,16.0258
node-012,2024-01-01 13:52:30,0.0871,13.1714,17215959.293,0.7906,112898.0673,44.2676,8.8984,15.8921
node-013,2024-01-01 13:52:30,0.0875,8.0511,18237844.7502,5.0211,157868.5449,45.4539,6.934,15.7576
node-014,2024-01-01 13:52:30,0.0869,0.0,16798245.5108,0.6162,118940.09,42.9148,6.0038,15.9659
node-015,2024-01-01 13:52:30,0.0,0.0509,16068771.3756,0.1962,120608.3357,6.8838,3.0472,48.0
node-016,2024-01-01 13:52:30,0.2342,0.0,17917021.5488,0.8016,154322.0705,51.5673,8.0276,15.7893
node-017,2024-01-01 13:52:30,0.1665,4.0361,17134430.9601,0.6185,122718.8611,37.3964,6.3323,15.6825
node-018,2024-01-01 13:52:30,0.1105,0.0,17242217.6209,0.9662,140480.4757,40.0232,6.0065,15.8794
node-019,2024-01-01 13:52:30,0.122,0.0,16211251.9044,0.8661,123865.6074,39.9499,4.899,15.5738
node-020,2024-01-01 13:52:30,0.1035,0.7196,17305334.7361,0.7051,125195.4548,45.2597,7.0493,15.9302
node-021,2024-01-01 13:52:30,0.0796,0.0,16910152.894,0.8705,128771.4497,41.543,5.9757,15.7528
node-022,2024-01-01 13:52:30,0.1185,5.6289,18878440.8729,0.6036,95785.0928,39.4434,6.0704,15.9293
node-023,2024-01-01 13:52:30,0.0561,7.2442,16874004.5016,0.9705,106523.374,47.5597,6.991,16.018
node-024,2024-01-01 13:52:30,0.0883,6.4523,17919761.7812,0.809,140792.4848,47.5057,8.0982,15.7621
node-025,2024-01-01 13:52:30,0.2237,0.0,17349492.6175,1.1266,124087.6746,50.314,10.1132,16.1103
node-026,2024-01-01 13:52:30,0.1806,0.3718,19262543.8671,0.6108,124470.8864,42.0699,5.9419,16.2783
node-027,2024-01-01 13:52:30,0.0801,0.0,17557581.9608,1.0635,107629.3609,50.655,9.0411,16.0171
node-028,2024-01-01 13:52:30,0.0,0.0,16780991.8002,0.2028,114675.0597,6.8043,3.0262,47.8253
node-029,2024-01-01 13:52:30,0.0834,14.4806,17185390.1673,0.8612,138535.8509,45.1478,5.3843,15.9996
node-000,2024-01-01 13:57:00,0.0983,0.5809,16874739.3313,0.7251,133910.8508,44.2699,6.9992,16.3242
node-001,2024-01-01 13:57:00,0.0356,0.0,14938391.4283,0.199,119077.2277,6.8769,3.9244,48.0
node-002,2024-01-01 13:57:00,0.1244,11.1996,15111563.8776,0.7857,143189.4627,46.0025,10.1003,15.9781
node-003,2024-01-01 13:57:00,0.0913,0.431,16015939.3611,1.2223,108957.849,41.2723,16.9317,16.0728
node-004,2024-01-01 13:57:00,0.2144,7.5941,15533103.906,0.5637,145331.9223,47.6373,9.0315,15.6404
node-005,2024-01-01 13:57:00,0.1117,8.6351,15926771.7617,0.8418,127649.3467,46.6925,9.0742,15.9484
node-006,2024-01-01 13:57:00,0.0746,1.0758,15775525.3287,1.3095,130076.3412,40.7322,4.9735,15.9228
node-007,2024-01-01 13:57:00,0.2287,7.3857,15191461.2228,0.7996,134992.4391,42.8521,7.8442,16.049
node-008,2024-01-01 13:57:00,0.1281,7.0492,14810858.8085,0.6828,117722.624,39.3093,7.0233,15.9425
node-009,2024-01-01 13:57:00,0.1499,0.2833,15548399.8501,2.749,94228.5336,54.3906,8.2958,16.0567
node-010,2024-01-01 13:57:00,0.0884,5.0252,16236310.2328,1.2945,129261.6631,48.9418,8.0279,16.1976
node-011,2024-01-01 13:57:00,0.0753,0.8899,15507000.0708,1.3999,130758.8987,50.9529,8.0529,15.8894
node-012,2024-01-01 13:57:00,0.1243,14.265,15565097.5948,1.0549,112773.2584,37.9951,9.9431,15.851
node-013,2024-01-01 13:57:00,0.2198,8.3475,16357805.9766,0.8342,186266.3698,41.7448,8.905,16.1024
node-014,2024-01-01 13:57:00,0.068,0.0,14796154.3073,0.6897,136123.513,45.6445,6.8863,15.8574
node-015,2024-01-01 13:57:00,0.0111,0.7207,14424817.5441,0.1952,137829.1028,5.99,3.0198,48.0
node-016,2024-01-01 13:57:00,0.0503,0.0,16109058.586,0.895,183476.5705,45.8095,10.9978,16.0922
node-017,2024-01-01 13:57:00,0.1678,5.734,15527800.5381,0.92,144480.9441,36.7864,7.9638,16.0325
node-018,2024-01-01 13:57:00,0.2136,0.2116,15994863.2557,1.7078,131604.5826,33.1135,6.0537,16.223
node-019,2024-01-01 13:57:00,0.0751,0.0,14824931.7318,0.985,130328.3302,38.6764,5.9568,15.8463
node-020,2024-01-01 13:57:00,0.0155,0.2215,15403901.3157,0.719,107401.3342,44.3178,9.0742,15.8381
node-021,2024-01-01 13:57:00,0.127,0.0,15460493.1128,0.5796,114069.6533,45.9909,7.3936,16.0057
node-022,2024-01-01 13:57:00,0.12,7.0935,16885462.7877,0.7756,116503.8149,40.4992,6.3503,16.0105
node-023,2024-01-01 13:57:00,0.0761,6.2748,15230934.6405,1.3008,132362.4231,49.0414,8.0775,16.4269
node-024,2024-01-01 13:57:00,0.1308,5.4594,16365858.8267,0.8131,126037.511,43.8316,9.7509,15.8502
node-025,2024-01-01 13:57:00,0.1121,0.6915,15728214.195,0.7699,118142.2261,51.0553,8.0854,16.0373
node-026,2024-01-01 13:57:00,0.0883,0.2079,17415084.4651,1.2068,123511.7868,39.9307,5.9854,16.0912
node-027,2024-01-01 13:57:00,0.0646,1.2149,15327516.6836,1.1901,127690.5731,48.8282,8.9925,16.1817
node-028,2024-01-01 13:57:00,0.0,0.0,14913035.541,0.8803,121485.0107,7.2774,3.9342,47.5689
node-029,2024-01-01 13:57:00,0.0512,15.6224,15740480.5011,0.597,163200.2293,46.9638,7.8665,16.161
node-000,2024-01-01 14:01:30,0.3611,0.2281,15127455.2429,5.4953,119915.0088,43.8895,7.9062,16.1918
node-001,2024-01-01 14:01:30,0.0,0.5349,13498301.3396,0.088,134319.6871,6.6338,3.8511,47.8839
node-002,2024-01-01 14:01:30,0.1221,10.9397,13421121.0284,0.8115,127165.2329,46.6656,7.8826,15.5455
node-003,2024-01-01 14:01:30,0.0983,0.0,14171947.713,1.277,119920.1244,42.894,7.0053,15.9342
node-004,2024-01-01 14:01:30,0.1079,7.5304,13572976.5673,0.7114,161162.7935,44.0371,6.8896,15.4822
node-005,2024-01-01 14:01:30,0.0722,8.6288,14405554.2514,1.5178,164770.5712,42.9959,6.9913,16.1615
node-006,2024-01-01 14:01:30,0.1501,0.0,14167184.0093,0.6003,139203.9883,39.9189,5.9527,16.2962
node-007,2024-01-01 14:01:30,0.1859,6.6643,13568809.8269,0.7575,136057.508,40.6998,5.9839,15.9326
node-008,2024-01-01 14:01:30,0.1302,6.7091,12929578.1919,0.7781,93335.7716,37.1688,6.0051,15.9367
node-009,2024-01-01 14:01:30,0.207,0.4154,14436911.1209,1.1059,127196.8803,45.8137,8.9384,16.1207
node-010,2024-01-01 14:01:30,0.0516,5.4502,14308679.2317,0.8046,122447.4452,41.512,6.9469,16.1585
node-011,2024-01-01 14:01:30,0.0309,0.4633,13962260.916,1.1005,130360.4234,48.1959,6.9157,15.9872
node-012,2024-01-01 14:01:30,0.1563,15.0017,13427938.0633,0.6851,125071.4584,44.6106,8.0191,16.029
node-013,2024-01-01 14:01:30,0.1987,8.3226,15364567.0559,1.4963,152021.1468,41.413,6.0641,15.8782
node-014,2024-01-01 14:01:30,0.0807,0.0,13280757.1075,1.0949,135838.5892,41.1641,6.8839,15.8875
node-015,2024-01-01 14:01:30,0.0,0.2162,12749764.8015,0.2305,121974.4073,6.5484,3.189,47.9948
node-016,2024-01-01 14:01:30,0.4106,0.0,14261258.7746,1.7892,156490.9671,50.3098,7.9987,16.2047
node-017,2024-01-01 14:01:30,0.0782,3.7368,13804352.1334,0.6565,127299.5037,38.1825,4.8983,16.1926
node-018,2024-01-01 14:01:30,0.1411,0.0,14145403.497,1.1064,124125.7896,38.1211,6.7159,15.6207
node-019,2024-01-01 14:01:30,0.0861,0.2483,13044861.7812,0.746,98850.5424,43.4579,5.9537,16.1529
node-020,2024-01-01 14:01:30,0.099,0.236,13945621.4783,0.9526,80606.7843,43.4974,8.2459,15.8349
node-021,2024-01-01 14:01:30,0.0921,0.0,13850387.2142,0.8603,93209.7098,34.766,5.0466,16.2345
node-022,2024-01-01 14:01:30,0.2608,6.8359,14894452.2425,0.5317,129243.8688,39.4445,4.9281,15.7435
node-023,2024-01-01 14:01:30,0.1448,7.4566,13606898.0396,0.941,122009.9723,47.2215,6.9546,16.2357
node-024,2024-01-01 14:01:30,0.0955,5.7663,14893838.1953,0.9583,136507.4826,37.1009,7.0764,16.0559
node-025,2024-01-01 14:01:30,0.0042,0.7635,14059821.8902,0.938,163825.0646,54.7054,13.4302,16.0103
node-026,2024-01-01 14:01:30,0.1274,0.0,15345541.2336,0.904,135283.4985,39.7823,16.0211,16.1283
node-027,2024-01-01 14:01:30,0.0803,0.6448,14117380.7177,0.9051,112828.782,49.0504,10.0107,16.4083
node-028,2024-01-01 14:01:30,0.0,0.0,13391829.8674,0.2085,121592.8807,5.8142,4.049,47.7288
node-029,2024-01-01 14:01:30,0.092,13.6619,13926061.0543,1.2109,170254.2582,41.4678,6.9549,15.8515
node-000,2024-01-01 14:06:00,0.0913,0.0,13666951.9195,0.995,108093.2585,41.9463,8.9568,15.6534
node-001,2024-01-01 14:06:00,0.0487,0.0802,11551178.5171,0.2109,137110.0412,5.8031,3.9519,48.0
node-002,2024-01-01 14:06:00,0.0062,10.1399,12066636.9429,0.8071,136618.2883,39.4943,8.1308,15.6553
node-003,2024-01-01 14:06:00,0.0975,0.2601,12424592.2065,1.3222,115121.5808,39.3955,8.0479,15.7602
node-004,2024-01-01 14:06:00,0.0796,6.0983,11916701.0679,0.599,106464.1096,41.4477,12.0094,16.1806
node-005,2024-01-01 14:06:00,0.1061,8.7024,12387244.0555,0.8034,119905.17,43.6357,12.0031,15.7127
node-006,2024-01-01 14:06:00,0.0983,0.0,12266323.6944,1.0218,134761.6012,40.1954,6.9611,16.0044
node-007,2024-01-01 14:06:00,0.1377,6.7229,11417314.3002,0.7937,136549.5172,46.4318,7.8181,15.9373
node-008,2024-01-01 14:06:00,0.1023,6.5824,11385981.4844,0.7825,128484.9379,38.2526,7.9123,16.0984
node-009,2024-01-01 14:06:00,0.0636,0.7344,12595294.0467,1.0162,139390.3462,49.5419,7.0517,16.4814
node-010,2024-01-01 14:06:00,0.0745,4.3909,12580775.5925,1.0476,118122.4433,42.7993,8.98,15.7272
node-011,2024-01-01 14:06:00,0.3274,0.0,12266295.9828,1.077,135709.2108,46.5405,8.5775,15.9383
node-012,2024-01-01 14:06:00,0.3425,13.7089,11753013.3162,1.0098,83714.8125,40.7032,11.8837,15.5974
node-013,2024-01-01 14:06:00,0.0504,7.207,13104669.9024,0.9166,159531.2608,44.8835,6.0016,16.2599
node-014,2024-01-01 14:06:00,0.0,0.2122,11312700.0524,0.808,100385.3177,39.7099,6.9301,15.7954
node-015,2024-01-01 14:06:00,0.0,0.5431,11041566.5041,0.0905,127674.5909,5.8947,1.9928,48.0
node-016,2024-01-01 14:06:00,0.0955,0.0,12887803.9069,0.9077,166586.9826,54.6954,11.1451,16.1419
node-017,2024-01-01 14:06:00,0.1721,3.31,12054492.3098,0.7915,128031.856,37.5867,6.0991,15.8912
node-018,2024-01-01 14:06:00,0.1228,0.0884,12297568.7364,1.0441,123705.0855,38.389,6.0512,16.1873
node-019,2024-01-01 14:06:00,0.1078,0.0,11430218.5179,0.7106,129340.855,40.1745,8.05,16.2438
node-020,2024-01-01 14:06:00,0.0945,0.9458,12373562.3828,1.0163,118226.5285,41.8562,6.0183,15.8069
node-021,2024-01-01 14:06:00,0.0786,0.0,11750346.47,0.6542,140283.9112,39.6087,9.3884,16.1772
node-022,2024-01-01 14:06:00,0.1324,6.8632,13330163.951,0.7011,127288.5896,48.2816,6.8686,15.9171
node-023,2024-01-01 14:06:00,0.4152,6.8666,12035445.8222,1.2868,135243.4311,48.6929,7.9498,16.0383
node-024,2024-01-01 14:06:00,0.0933,6.1737,13072777.4428,1.5092,124445.0282,41.6117,4.9761,15.8129
node-025,2024-01-01 14:06:00,0.1164,0.5429,12673638.0555,0.9958,124468.4026,46.0304,9.032,16.4487
node-026,2024-01-01 14:06:00,0.1252,0.0,13838326.0383,0.7406,134013.2162,41.0737,6.0017,16.0375
node-027,2024-01-01 14:06:00,0.3564,0.0927,12176338.6709,1.2578,123925.8064,52.5516,9.1202,15.9912
node-028,2024-01-01 14:06:00,0.0,0.0,11607825.4913,0.1758,112552.2582,5.6183,2.0326,48.0
node-029,2024-01-01 14:06:00,0.0977,15.2311,11838675.1498,0.9119,153455.4494,43.7207,5.0529,16.059
node-000,2024-01-01 14:10:30,0.1291,0.471,11941819.4064,0.9118,129693.9461,43.6401,7.8234,15.9772
node-001,2024-01-01 14:10:30,0.0,0.3215,10087571.0931,0.1758,131989.1576,6.2763,4.0198,48.0
node-002,2024-01-01 14:10:30,0.0893,10.9646,10754960.4612,0.9058,111936.8646,43.0453,10.0538,15.9779
node-003,2024-01-01 14:10:30,0.0704,0.0,10572956.8677,0.7203,142342.4052,36.332,7.3046,16.1148
node-004,2024-01-01 14:10:30,0.1433,7.2373,10178783.81,0.7007,135478.5885,44.8308,7.8608,16.0404
node-005,2024-01-01 14:10:30,0.1003,7.3874,10317983.6583,0.888,89980.8189,41.4302,10.0026,15.9676
node-006,2024-01-01 14:10:30,0.0644,0.241,10690889.3618,0.9172,134196.9398,34.719,5.32,16.1142
node-007,2024-01-01 14:10:30,0.0815,6.4803,9756636.976,0.775,130967.9456,42.3072,6.8972,16.2194
node-008,2024-01-01 14:10:30,0.0663,6.4846,10033784.5533,0.9344,123184.6916,38.6014,7.9482,16.4005
node-009,2024-01-01 14:10:30,0.1005,0.0467,10592632.1314,1.1029,145709.5256,50.0301,15.9278,15.9009
node-010,2024-01-01 14:10:30,0.0413,5.2007,10838727.2995,0.8139,145436.8653,44.8567,9.0681,16.2619
node-011,2024-01-01 14:10:30,0.0712,0.2065,10519252.4332,1.0167,113623.6302,49.8047,7.0431,15.9787
node-012,2024-01-01 14:10:30,0.0964,13.3336,10259610.5948,1.036,133676.4705,41.9154,5.8812,15.6846
node-013,2024-01-01 14:10:30,0.1104,7.5854,11152616.0389,0.8502,152630.0674,43.144,7.7934,16.241
node-014,2024-01-01 14:10:30,0.1106,0.0,9597698.936,0.7217,150056.5451,40.0867,6.0395,16.0013
node-015,2024-01-01 14:10:30,0.0,0.0,9096844.4195,0.2139,130721.9545,5.7375,8.0505,48.0
node-016,2024-01-01 14:10:30,0.4148,0.4808,10821988.6321,1.3198,135518.0831,50.8767,10.5287,15.9439
node-017,2024-01-01 14:10:30,0.2551,3.9478,10192234.7577,0.7149,129717.6198,46.7285,5.1124,16.2064
node-018,2024-01-01 14:10:30,0.0657,0.0,10388681.0489,1.0265,93225.345,40.6363,5.9658,16.0231
node-019,2024-01-01 14:10:30,0.0871,0.0,9412780.8402,1.0986,135668.3534,37.8438,6.9756,15.9173
node-020,2024-01-01 14:10:30,0.0642,0.0,10480377.5622,0.9363,132233.0063,44.2535,8.0176,16.1151
node-021,2024-01-01 14:10:30,0.1345,0.0,10165591.3834,1.0307,134720.2239,38.3922,6.0235,15.8135
node-022,2024-01-01 14:10:30,0.0805,7.4196,12043588.1729,1.1129,158409.7607,40.8456,9.9691,15.9976
node-023,2024-01-01 14:10:30,0.111,6.7189,10345192.8035,1.2889,149818.7935,40.186,8.0847,15.7578
node-024,2024-01-01 14:10:30,0.0507,5.5594,11649060.8311,0.8668,134775.4292,41.6365,6.9412,15.9317
node-025,2024-01-01 14:10:30,0.1438,0.0,10600302.5896,1.0042,115908.9347,47.1153,7.9994,15.9097
node-026,2024-01-01 14:10:30,0.1156,0.2749,11689076.5476,0.7623,100233.5254,38.1877,6.9168,16.2832
node-027,2024-01-01 14:10:30,0.1188,0.0,10192404.5873,1.0085,140562.4484,52.9054,5.9047,16.031
node-028,2024-01-01 14:10:30,0.0083,0.3004,9508932.5168,0.3798,139617.1988,6.9547,4.1669,48.0
node-029,2024-01-01 14:10:30,0.173,14.5892,10058587.1394,1.2176,139947.5521,44.2219,6.9789,15.9991
node-000,2024-01-01 14:15:00,0.0,0.5467,10580259.8431,1.6232,113660.3695,43.787,8.0058,15.9073
node-001,2024-01-01 14:15:00,0.0,0.0,8688998.7287,0.2002,100660.1946,6.1091,5.0431,48.0
node-002,2024-01-01 14:15:00,0.0931,11.0409,9621016.7389,0.8606,138491.174,44.6603,5.883,15.902
node-003,2024-01-01 14:15:00,0.058,0.0,9013467.0175,0.8146,126792.1774,41.7276,8.0017,15.2665
node-004,2024-01-01 14:15:00,0.0722,7.2133,8906832.1636,0.7075,160155.0094,43.0796,5.0339,16.235
node-005,2024-01-01 14:15:00,0.0824,8.5238,9587431.8965,0.9474,145418.5047,44.4702,5.9455,15.8517
node-006,2024-01-01 14:15:00,0.1085,0.0,9115405.0538,0.8855,88156.4199,38.3772,7.9852,16.0836
node-007,2024-01-01 14:15:00,0.2165,7.2376,8669350.1439,0.7572,112353.5824,43.7811,5.9079,16.2624
node-008,2024-01-01 14:15:00,0.0574,7.8382,9134518.6859,0.803,117865.8217,40.6555,7.1491,16.4175
node-009,2024-01-01 14:15:00,0.1169,0.0,9816572.9768,1.1075,139444.9034,50.2846,12.0304,16.1552
node-010,2024-01-01 14:15:00,0.068,5.0484,9683532.7292,0.9033,113671.1442,40.9019,9.0023,16.1681
node-011,2024-01-01 14:15:00,0.0579,0.1013,9541100.4061,1.017,136062.5655,45.8932,9.0715,15.6155
node-012,2024-01-01 14:15:00,0.1675,13.7897,9591313.8192,1.0891,141852.0204,43.747,6.996,16.1874
node-013,2024-01-01 14:15:00,0.0809,8.125,9788963.138,0.8876,159072.5666,48.2136,8.0316,15.8946
node-014,2024-01-01 14:15:00,0.1644,0.2367,8571653.4044,1.0041,135637.0189,36.3496,8.0152,16.3889
node-015,2024-01-01 14:15:00,0.0,0.0,8348249.4579,0.1731,124478.494,7.1664,3.899,48.0
node-016,2024-01-01 14:15:00,0.1085,0.6467,9797787.2023,1.1835,140493.8161,46.7278,11.055,15.9321
node-017,2024-01-01 14:15:00,0.0857,3.8112,9073631.0875,0.7062,115552.5896,39.0788,7.0138,16.4628
node-018,2024-01-01 14:15:00,0.0793,0.5717,9189421.4809,1.1977,132353.7272,40.0055,5.9896,16.2041
node-019,2024-01-01 14:15:00,0.1599,0.6224,9112026.2123,1.2013,117930.1447,41.3899,8.0701,15.7143
node-020,2024-01-01 14:15:00,0.1325,0.1862,9092675.0627,0.791,115044.0558,42.2382,4.8562,15.6193
node-021,2024-01-01 14:15:00,0.0606,0.4658,9490323.3045,0.8891,146468.4388,40.3927,9.0172,15.5099
node-022,2024-01-01 14:15:00,0.137,7.4866,10391310.5305,0.7098,87680.1643,40.6751,10.9995,16.0875
node-023,2024-01-01 14:15:00,0.064,7.056,9448381.0732,0.8984,148290.8158,49.8012,11.0863,16.1257
node-024,2024-01-01 14:15:00,0.1015,6.3007,9605066.2732,0.9516,116281.2762,41.6494,7.0415,15.8435
node-025,2024-01-01 14:15:00,0.1472,0.8475,9596984.9944,1.0121,117877.962,53.2865,8.0007,15.9215
node-026,2024-01-01 14:15:00,0.0871,0.2628,10713610.6974,0.9987,141459.5617,34.5684,6.0422,15.913
node-027,2024-01-01 14:15:00,0.0,0.0,9264602.4279,1.0454,130556.2502,49.6647,13.0969,16.2058
node-028,2024-01-01 14:15:00,0.0,0.0,8590154.8928,0.3233,127734.8077,6.8307,3.903,47.7331
node-029,2024-01-01 14:15:00,0.1174,15.5597,9495591.8938,0.8047,115711.7106,42.1177,7.0399,16.3091
node-000,2024-01-01 14:19:30,0.0411,1.1899,10514635.5636,0.8056,127256.0141,41.2284,7.9984,16.0141
node-001,2024-01-01 14:19:30,0.0289,0.005,8478452.7243,0.1962,118125.7782,7.3467,4.9538,47.8883
node-002,2024-01-01 14:19:30,0.1058,10.8157,9497105.853,1.0015,136554.2047,41.7671,7.0787,16.1905
node-003,2024-01-01 14:19:30,0.1316,0.0,9127328.6295,0.5882,114348.5216,37.1632,6.0219,15.9509
node-004,2024-01-01 14:19:30,0.1175,7.7924,8990748.0793,0.737,163550.7058,48.2658,6.087,15.8715
node-005,2024-01-01 14:19:30,0.0829,9.601,9275684.1202,0.9892,139319.6854,47.7946,12.0139,15.973
node-006,2024-01-01 14:19:30,0.0875,0.1027,9461030.7816,0.8908,133992.5094,37.2188,7.0728,16.0765
node-007,2024-01-01 14:19:30,0.1003,6.6097,8800623.7368,0.718,122167.552,44.2247,6.0587,15.6331
node-008,2024-01-01 14:19:30,0.1104,6.0596,9077808.193,0.7144,126645.8479,45.1341,7.0396,15.8379
node-009,2024-01-01 14:19:30,0.0722,0.0,9619640.2583,0.9743,135512.0233,48.335,11.769,15.8064
node-010,2024-01-01 14:19:30,0.1085,4.1583,9048117.6701,1.1107,95045.4407,42.7893,6.0321,15.7118
node-011,2024-01-01 14:19:30,0.2234,0.0,9230918.2009,0.7947,138687.6817,53.7845,4.9585,16.05
node-012,2024-01-01 14:19:30,0.1917,13.9688,9659260.6237,1.1917,131549.4899,39.9295,7.0172,15.877
node-013,2024-01-01 14:19:30,0.1037,8.5084,9493556.1557,0.8084,151933.7857,43.6309,8.8201,15.8511
node-014,2024-01-01 14:19:30,0.1055,0.0,9188229.372,0.9931,141166.9035,45.8883,6.9191,16.214
node-015,2024-01-01 14:19:30,0.0,0.5294,7703445.2156,0.2086,132290.0714,6.2337,3.095,47.8112
node-016,2024-01-01 14:19:30,0.0801,0.4423,9778123.8401,1.0976,163081.4086,50.1598,11.066,15.9602
node-017,2024-01-01 14:19:30,0.1124,4.8276,8883837.1806,0.6571,131927.6262,39.1767,6.9703,16.4234
node-018,2024-01-01 14:19:30,0.0951,1.0927,9002869.5745,1.1967,132992.1003,40.8808,4.9972,16.0751
node-019,2024-01-01 14:19:30,0.1959,0.0,8967330.0059,0.9616,123104.9212,45.2804,6.0561,15.8112
node-020,2024-01-01 14:19:30,0.0,0.0,8773456.4428,0.7123,108000.5534,42.7863,8.1509,15.8781
node-021,2024-01-01 14:19:30,0.1456,0.0,9401477.198,0.7014,126233.0615,35.4226,6.9491,16.2461
node-022,2024-01-01 14:19:30,0.1638,6.9297,10273771.4954,0.7567,113175.4521,40.6374,12.6797,16.2672
node-023,2024-01-01 14:19:30,0.1208,7.2864,9292557.0465,1.2955,169904.5922,52.0573,7.9477,16.1843
node-024,2024-01-01 14:19:30,0.0936,6.1179,9552352.5087,0.7349,151785.3618,39.5285,5.0201,16.116
node-025,2024-01-01 14:19:30,0.0626,0.0,9976239.0922,0.8826,107275.1914,49.4304,7.9483,15.8276
node-026,2024-01-01 14:19:30,0.0356,0.0,10518791.0963,0.7938,109763.5149,39.9,7.9872,15.8374
node-027,2024-01-01 14:19:30,0.0917,0.0,9079704.81,1.1958,113656.7023,46.8615,11.1391,15.8646
node-028,2024-01-01 14:19:30,0.0,0.0,8785829.8737,0.3041,135054.6282,6.1224,2.9207,47.8615
node-029,2024-01-01 14:19:30,0.1199,14.0081,9244260.0077,0.9952,141365.9161,45.3545,9.0303,16.209
node-000,2024-01-01 14:24:00,0.1326,0.0,10293290.8172,0.9839,132486.3249,43.1674,7.9195,15.5755
node-001,2024-01-01 14:24:00,0.0,0.0,8394275.094,0.1965,143466.5995,6.3781,2.9477,47.9937
node-002,2024-01-01 14:24:00,0.0985,9.3531,9483004.0522,0.9114,131179.7602,48.8125,8.9372,16.0799
node-003,2024-01-01 14:24:00,0.0738,0.0,9261383.2998,0.8335,129278.0402,38.363,8.8675,16.1877
node-004,2024-01-01 14:24:00,0.0893,7.6066,8745181.2875,0.5871,150740.1967,41.254,7.0093,16.1473
node-005,2024-01-01 14:24:00,0.0481,9.5784,9700283.028,0.8514,127082.2219,44.8619,5.0369,15.8513
node-006,2024-01-01 14:24:00,0.0779,0.0,8865178.9312,0.9807,131594.9033,40.3009,8.948,15.993
node-007,2024-01-01 14:24:00,0.1007,6.2874,8750869.5414,0.6843,130584.132,39.3607,8.8975,15.9924
node-008,2024-01-01 14:24:00,0.0937,6.8819,9228164.2807,0.8934,117457.7406,38.4462,7.9522,15.883
node-009,2024-01-01 14:24:00,0.2345,0.0,9719692.2218,2.5586,112786.2072,50.8447,8.0721,15.942
node-010,2024-01-01 14:24:00,0.0,4.9768,9261450.5873,0.7938,125405.9083,40.4219,10.7054,16.2994
node-011,2024-01-01 14:24:00,0.1473,1.0565,9387513.348,1.4193,128440.0452,51.0342,8.0396,16.039
node-012,2024-01-01 14:24:00,0.1344,13.5243,9317294.6374,1.1972,135980.8476,45.2451,9.9,16.007
node-013,2024-01-01 14:24:00,0.0989,7.7765,9999381.6693,1.598,145765.5482,42.6834,7.8702,16.01
node-014,2024-01-01 14:24:00,0.0788,0.0,8614943.2478,0.7913,135968.1953,40.4982,8.9696,16.3612
node-015,2024-01-01 14:24:00,0.0,0.4358,8036117.1198,0.2093,147620.4032,7.0294,3.1017,47.9667
node-016,2024-01-01 14:24:00,0.0782,0.0,9940855.1859,1.0513,167809.0035,50.0253,6.932,15.9109
node-017,2024-01-01 14:24:00,0.0725,3.5875,9054882.2348,1.1217,139106.4975,39.3729,7.0242,16.0507
node-018,2024-01-01 14:24:00,0.1837,0.0,9074381.9061,1.1693,130944.6094,37.5385,7.8747,16.2058
node-019,2024-01-01 14:24:00,0.1136,0.1052,8772689.7768,1.0954,125387.8593,39.8246,4.9987,15.6995
node-020,2024-01-01 14:24:00,0.1185,0.9102,8985882.066,0.9113,120447.1844,41.5912,7.8324,15.8558
node-021,2024-01-01 14:24:00,0.0,0.0,9591853.9856,0.6955,121923.9893,41.6209,5.8956,15.7197
node-022,2024-01-01 14:24:00,0.0853,6.5153,10334756.9418,0.6715,124107.066,44.4188,6.925,15.7998
node-023,2024-01-01 14:24:00,0.1333,6.2817,9449572.0954,0.9904,159812.5793,51.288,5.0059,16.2604
node-024,2024-01-01 14:24:00,0.0987,5.8556,9474043.8351,0.9231,137768.9397,44.2988,8.9291,16.2153
node-025,2024-01-01 14:24:00,0.0392,0.6503,9479585.9959,1.0046,98154.074,48.9872,6.9834,15.7518
node-026,2024-01-01 14:24:00,0.103,0.1296,10150520.7368,0.9166,127888.2448,40.986,5.9501,15.9311
node-027,2024-01-01 14:24:00,0.1628,0.0,9110961.803,0.8994,139879.9334,46.824,8.9224,16.0919
node-028,2024-01-01 14:24:00,0.0,0.0756,8466137.0213,0.2974,110745.1673,5.9873,1.3097,47.8166
node-029,2024-01-01 14:24:00,0.1353,14.9831,9124781.1641,0.7989,161342.8836,38.7281,7.9715,16.2457
node-000,2024-01-01 14:28:30,0.0824,0.2369,10715129.2594,0.9058,129191.9039,46.9018,9.0776,16.0561
node-001,2024-01-01 14:28:30,0.0,0.3398,8409433.4597,0.2002,122013.7564,6.8681,3.997,48.0
node-002,2024-01-01 14:28:30,0.1196,10.9167,9189172.785,1.0918,120293.9093,39.2974,7.0191,15.9104
node-003,2024-01-01 14:28:30,0.1266,0.0,9143690.984,0.8109,130907.2601,40.6091,7.0024,15.7912
node-004,2024-01-01 14:28:30,0.064,7.392,8331309.4865,0.5875,148749.4393,40.7642,7.8294,16.0995
node-005,2024-01-01 14:28:30,0.2933,9.3616,9088748.5331,0.9635,113483.4842,44.229,5.6568,16.0228
node-006,2024-01-01 14:28:30,0.1062,0.9964,9229564.5379,0.9179,142997.8055,39.3745,3.9537,16.267
node-007,2024-01-01 14:28:30,0.0788,6.9883,8449386.0434,0.9031,140547.5844,39.9528,6.079,16.0393
node-008,2024-01-01 14:28:30,0.1158,6.5331,8893251.542,0.9123,100314.7325,44.9186,7.5813,16.1447
node-009,2024-01-01 14:28:30,0.1075,0.6156,9343712.7727,0.8646,124571.7977,48.975,8.9962,16.188
node-010,2024-01-01 14:28:30,0.1086,4.6245,8959171.0436,0.9525,126259.2356,48.3645,8.9988,15.9782
node-011,2024-01-01 14:28:30,0.0836,0.0,9388955.9385,1.0094,132829.7331,48.6492,7.9648,15.8611
node-012,2024-01-01 14:28:30,0.1082,14.4116,9311046.7788,1.1057,117186.5623,43.0074,7.9905,16.2117
node-013,2024-01-01 14:28:30,0.1204,8.0871,10079466.2511,1.0015,176008.4063,44.7069,9.0996,16.0261
node-014,2024-01-01 14:28:30,0.1821,0.0,8951786.1289,0.7489,139284.3996,36.324,5.9768,15.9572
node-015,2024-01-01 14:28:30,0.0906,0.0,8042872.5212,0.2422,142985.0196,6.3488,4.0765,48.0
node-016,2024-01-01 14:28:30,0.0761,1.6318,9594534.8669,1.0623,179930.8569,46.9616,7.9683,16.1288
node-017,2024-01-01 14:28:30,0.0935,4.4076,8874156.2646,0.8937,130587.1446,40.422,6.9991,16.0822
node-018,2024-01-01 14:28:30,0.0829,0.0,8866045.5674,1.2839,119978.1086,40.0921,5.9232,16.416
node-019,2024-01-01 14:28:30,0.092,0.3178,8700023.0623,0.7226,136476.3865,49.213,7.1533,16.0427
node-020,2024-01-01 14:28:30,0.1448,0.0,8396396.1077,1.0169,108881.814,47.2933,5.9453,16.1172
node-021,2024-01-01 14:28:30,0.067,0.0,9302427.9862,0.8961,111379.5952,39.4419,7.9929,15.8041
node-022,2024-01-01 14:28:30,0.1058,7.0609,10452529.8264,0.6793,127188.5282,38.4111,6.1015,15.8212
node-023,2024-01-01 14:28:30,0.0704,6.8826,9464458.4037,1.0842,120157.9347,51.6998,7.9682,16.069
node-024,2024-01-01 14:28:30,0.1611,6.0032,9593985.3148,0.9132,126151.7301,44.7729,9.0281,16.2581
node-025,2024-01-01 14:28:30,0.2116,0.0,9518999.6016,1.0087,131262.7711,53.055,8.116,15.6398
node-026,2024-01-01 14:28:30,0.1588,0.2183,10008009.4274,0.7595,118643.9172,43.1634,8.046,16.4307
node-027,2024-01-01 14:28:30,0.0933,0.3097,8499540.2367,1.1178,132404.8088,49.5236,6.0297,16.0752
node-028,2024-01-01 14:28:30,0.0315,0.6547,8406668.0162,0.3178,109831.3897,6.2578,4.9787,47.8306
node-029,2024-01-01 14:28:30,0.0728,14.7147,9045872.984,0.9988,162132.2946,42.751,7.4321,15.9956
node-000,2024-01-01 14:33:00,0.1376,1.1871,10360371.5319,0.7957,126658.8108,44.2125,7.0976,15.9659
node-001,2024-01-01 14:33:00,0.0,0.0,8448418.4536,0.2246,117805.0294,6.5981,2.0959,48.0
node-002,2024-01-01 14:33:00,0.0779,10.4275,9381905.4437,0.8204,133558.1652,47.3988,8.7005,16.1207
node-003,2024-01-01 14:33:00,0.183,0.0,9169066.58,0.8096,109281.4116,39.5619,5.2013,15.8959
node-004,2024-01-01 14:33:00,0.1454,7.2183,8969749.662,0.7882,156069.6134,42.6307,13.9346,15.7327
node-005,2024-01-01 14:33:00,0.1657,8.9703,9321843.0315,0.8999,77232.021,43.9966,5.9596,15.722
node-006,2024-01-01 14:33:00,0.1072,0.7148,9056564.8948,1.6288,113248.8528,40.5279,8.9663,16.5126
node-007,2024-01-01 14:33:00,0.1045,6.8398,8787796.1575,0.7336,127828.1025,43.4669,6.0616,15.8248
node-008,2024-01-01 14:33:00,0.1766,7.7127,9020434.6008,0.7422,83501.8662,43.7555,6.9223,16.4002
node-009,2024-01-01 14:33:00,0.1051,0.0,9486152.0812,1.3943,116485.617,49.0665,12.82,16.1704
node-010,2024-01-01 14:33:00,0.2095,4.9628,9234389.1758,1.087,142326.3836,45.4925,8.9166,15.8812
node-011,2024-01-01 14:33:00,0.097,0.557,9128646.3706,1.1903,117430.4032,50.4984,7.0569,15.9981
node-012,2024-01-01 14:33:00,0.0916,12.9759,9452560.137,1.5154,142432.4203,41.6406,9.953,15.7336
node-013,2024-01-01 14:33:00,0.184,7.9804,9677850.5192,0.947,159368.2276,42.5677,8.0501,16.1505
node-014,2024-01-01 14:33:00,0.0,0.0806,8460846.2815,0.8059,140325.299,38.1773,8.5744,16.1356
node-015,2024-01-01 14:33:00,0.0181,0.0,8057992.8798,0.4001,138185.8416,6.0793,2.9502,47.5219
node-016,2024-01-01 14:33:00,0.1001,0.0,9440957.2971,1.0883,182812.5702,51.8482,6.9681,16.3095
node-017,2024-01-01 14:33:00,0.21,3.4778,8997768.7871,0.6327,122706.9484,45.2638,5.9924,16.0551
node-018,2024-01-01 14:33:00,0.0956,0.3858,9091599.8072,1.2007,129437.2284,41.9933,8.0867,16.1233
node-019,2024-01-01 14:33:00,0.1576,0.2662,8930920.5582,0.9089,136292.489,39.8479,11.9239,15.983
node-020,2024-01-01 14:33:00,0.159,0.0,8783553.8975,0.9057,98027.7809,46.1708,6.0777,15.7959
node-021,2024-01-01 14:33:00,0.1052,0.0,9545610.2184,0.7063,76170.2653,38.4804,7.8837,15.8821
node-022,2024-01-01 14:33:00,0.1236,7.0211,9967104.7512,0.6058,136586.8543,36.2353,9.9852,15.918
node-023,2024-01-01 14:33:00,0.2397,6.909,9381313.576,1.264,129539.9965,53.0393,10.9664,15.9042
node-024,2024-01-01 14:33:00,0.0919,5.2238,9324419.28,1.0852,129505.1745,43.6855,7.1087,15.9225
node-025,2024-01-01 14:33:00,0.1255,0.0,9581057.3932,1.0002,144167.6743,51.0127,8.9865,15.9573
node-026,2024-01-01 14:33:00,0.1067,0.289,10460384.5751,0.8092,133955.3701,45.6144,5.0632,15.973
node-027,2024-01-01 14:33:00,0.1068,0.0,9004734.7612,1.7945,125815.9392,54.1632,6.9205,16.2993
node-028,2024-01-01 14:33:00,0.0,0.0,8686237.7346,0.1937,121360.2131,5.7729,4.823,48.0
node-029,2024-01-01 14:33:00,0.1095,14.3187,9001410.9724,0.976,143415.9422,44.0932,6.9643,16.0119
node-000,2024-01-01 14:37:30,0.0809,0.0,10703847.251,1.0119,126791.9566,49.0992,8.987,15.6301
node-001,2024-01-01 14:37:30,0.0,0.0,8203806.4751,0.1967,132561.2095,6.3129,2.982,47.9554
node-002,2024-01-01 14:37:30,0.0817,10.5357,9184800.2299,1.6252,127073.3521,44.0347,6.9357,15.8708
node-003,2024-01-01 14:37:30,0.1961,0.0,8987640.3559,0.7055,127797.2603,42.6773,6.057,15.8939
node-004,2024-01-01 14:37:30,0.062,6.9667,8354141.7932,0.8424,145407.4582,45.9115,6.8767,16.2656
node-005,2024-01-01 14:37:30,0.1995,9.5294,9465377.3949,0.9666,113157.1683,45.1678,7.9551,15.6175
node-006,2024-01-01 14:37:30,0.1955,0.0,9011509.3714,0.9996,132888.4773,43.5218,8.0573,16.2474
node-007,2024-01-01 14:37:30,0.0747,6.6825,8394175.7393,0.872,142425.2341,41.9246,10.0351,15.9114
node-008,2024-01-01 14:37:30,0.1417,7.3704,9102691.2788,0.9056,143383.2529,38.2067,4.9983,16.0402
node-009,2024-01-01 14:37:30,0.2234,0.0377,9574224.599,0.9885,167011.6824,47.8447,9.0046,16.0719
node-010,2024-01-01 14:37:30,0.1024,4.9425,8872709.3535,0.9065,157563.6065,42.6001,7.48,16.1133
node-011,2024-01-01 14:37:30,0.1694,0.0212,9227466.1229,0.8957,121322.3106,43.8669,8.0168,16.0202
node-012,2024-01-01 14:37:30,0.1846,13.9984,9073280.7637,0.8162,137027.908,43.6052,17.9911,16.005
node-013,2024-01-01 14:37:30,0.0221,8.29,9279776.7462,1.0026,157340.7456,47.1245,5.9298,16.2726
node-014,2024-01-01 14:37:30,0.1832,0.0937,8949193.6945,0.7239,114475.0813,37.8999,8.0591,15.9274
node-015,2024-01-01 14:37:30,0.0,0.1945,7578607.3597,0.2346,113192.8563,6.7832,3.7329,47.7757
node-016,2024-01-01 14:37:30,0.3016,0.0,9638920.9406,0.886,133062.7149,49.4802,8.899,16.1222
node-017,2024-01-01 14:37:30,0.2188,3.7117,8746200.9671,0.6973,116871.0428,44.0745,7.0757,15.8054
node-018,2024-01-01 14:37:30,0.1155,0.3209,8924345.9205,1.3098,144361.1694,42.8836,7.239,15.9424
node-019,2024-01-01 14:37:30,0.3105,0.0,8802221.253,5.2256,121514.7268,41.3311,7.0061,16.0917
node-020,2024-01-01 14:37:30,0.1157,0.0,8695965.3785,1.6189,84012.8038,46.7054,8.5335,15.7925
node-021,2024-01-01 14:37:30,0.1241,0.0,9112204.5264,0.9078,81471.9596,41.1941,6.049,15.9285
node-022,2024-01-01 14:37:30,0.0878,7.1008,10148126.6455,0.7109,114424.364,39.3297,5.9445,16.0561
node-023,2024-01-01 14:37:30,0.0956,6.9346,9314930.21,0.9971,134347.3504,51.1107,7.9839,16.0865
node-024,2024-01-01 14:37:30,0.1043,6.1764,9328490.7937,0.9918,166346.7633,42.4912,7.91,15.9166
node-025,2024-01-01 14:37:30,0.0851,0.0,9469916.0626,1.12,135326.3106,53.842,13.0113,16.0364
node-026,2024-01-01 14:37:30,0.0,0.0,10042388.8253,0.6867,139228.2085,42.2542,7.414,16.1839
node-027,2024-01-01 14:37:30,0.196,0.0,8448308.1752,6.5056,136214.5171,53.0484,6.9498,16.0294
node-028,2024-01-01 14:37:30,0.0,0.0,8153696.0665,0.2006,151545.1456,7.0697,2.5984,48.0
node-029,2024-01-01 14:37:30,0.1974,14.5949,9196666.5038,1.0968,144508.4721,41.5225,6.909,15.9816
node-000,2024-01-01 14:42:00,0.1048,1.0952,10324046.5044,0.931,124912.2908,44.047,5.0972,16.1306
node-001,2024-01-01 14:42:00,0.0,0.0,8364443.0577,0.2325,143138.6116,6.0062,2.954,48.0
node-002,2024-01-01 14:42:00,0.0975,10.0602,9150029.291,0.9999,123520.9183,45.072,9.0667,16.1833
node-003,2024-01-01 14:42:00,0.0785,0.0,8932371.94,0.9861,121427.316,43.0314,6.9742,15.9292
node-004,2024-01-01 14:42:00,0.1373,6.7622,8125399.9148,0.8256,167333.505,42.9369,8.9878,16.0956
node-005,2024-01-01 14:42:00,0.098,9.1799,8903508.6519,1.107,122749.7322,42.6204,9.1051,15.6346
node-006,2024-01-01 14:42:00,0.0828,0.0,8958269.2278,1.4084,126732.0902,38.6817,6.0082,15.9715
node-007,2024-01-01 14:42:00,0.068,7.4387,8511316.7914,0.6916,121120.4057,42.3067,5.5392,15.8377
node-008,2024-01-01 14:42:00,0.127,6.7625,8961705.0984,0.794,126663.1123,40.7762,12.0,16.2738
node-009,2024-01-01 14:42:00,0.1292,0.0,9212930.4799,0.804,120253.9619,45.61,9.1336,16.1057
node-010,2024-01-01 14:42:00,0.1476,4.7228,9277532.3079,1.1204,126591.1081,44.5803,10.022,16.4671
node-011,2024-01-01 14:42:00,0.0783,0.0,8847291.8607,1.1987,115865.6301,52.8513,6.5673,15.8185
node-012,2024-01-01 14:42:00,0.0783,14.3565,9039491.9889,0.7781,112492.707,44.0967,7.5766,16.1692
node-013,2024-01-01 14:42:00,0.0417,8.0791,9656521.7391,1.0181,158368.7892,39.2738,13.0934,16.221
node-014,2024-01-01 14:42:00,0.2528,0.0,8550624.3608,0.9261,139801.293,48.0422,6.916,15.9102
node-015,2024-01-01 14:42:00,0.0,0.0781,7858969.6119,0.2721,99680.4244,6.0427,3.0908,48.0
node-016,2024-01-01 14:42:00,0.0266,0.1537,9272097.4841,1.1136,155842.4769,52.0851,8.0043,16.1733
node-017,2024-01-01 14:42:00,0.1548,4.0036,8931600.7892,1.2105,123018.9038,39.7669,5.8017,15.9863
node-018,2024-01-01 14:42:00,0.0884,0.0,8936498.7669,1.1191,125678.3141,39.6248,6.0166,16.0957
node-019,2024-01-01 14:42:00,0.1021,0.0,8739976.0783,0.6093,131085.8933,39.668,6.0151,16.0984
node-020,2024-01-01 14:42:00,0.0835,0.0,8729072.074,0.9055,130666.8867,47.6943,9.9908,15.9101
node-021,2024-01-01 14:42:00,0.3199,0.0,8997478.9896,0.6963,124656.9145,42.0628,7.0624,15.9858
node-022,2024-01-01 14:42:00,0.128,6.0542,10126492.9368,0.801,124607.7556,42.2966,6.9741,16.2107
node-023,2024-01-01 14:42:00,0.1312,7.0379,9441018.1942,0.888,108048.6075,49.5558,7.9701,16.0848
node-024,2024-01-01 14:42:00,0.1109,6.8465,9080598.8905,0.7964,108862.8131,44.3593,7.0565,16.4126
node-025,2024-01-01 14:42:00,0.1873,0.0,9054400.4033,1.197,230270.5538,49.8273,7.1184,15.6722
node-026,2024-01-01 14:42:00,0.1064,0.4024,9987957.8864,0.7962,110405.7478,44.5751,7.0353,16.3886
node-027,2024-01-01 14:42:00,0.0959,0.0,8724628.8022,0.9594,129109.0565,51.9118,9.0459,15.9472
node-028,2024-01-01 14:42:00,0.0,0.0,8304023.8541,0.3253,119767.8565,6.2529,2.9695,47.7203
node-029,2024-01-01 14:42:00,0.1227,15.0829,9125491.2916,1.0202,163752.9726,42.6888,7.8703,16.2655
node-000,2024-01-01 14:46:30,0.2145,0.0,10346170.2047,0.7877,131858.0634,51.2745,6.0022,15.9045
node-001,2024-01-01 14:46:30,0.0144,0.0913,8339781.2175,0.1921,118819.0755,6.4668,5.9292,48.0
node-002,2024-01-01 14:46:30,0.1115,11.1955,8939499.0511,1.1953,94027.952,40.2411,6.9307,16.3808
node-003,2024-01-01 14:46:30,0.2497,0.0,8674930.4732,0.8463,135421.3391,42.699,5.9792,16.1579
node-004,2024-01-01 14:46:30,0.1487,6.6656,8448500.725,0.8769,162518.8495,42.7317,7.001,15.7815
node-005,2024-01-01 14:46:30,0.6615,8.3708,9221680.5845,1.1384,132165.5226,45.0166,9.0151,16.0883
node-006,2024-01-01 14:46:30,0.0798,0.0,8693685.4651,0.8535,136715.2487,40.0355,9.0545,15.9933
node-007,2024-01-01 14:46:30,0.7507,5.956,8436171.2835,0.7053,106479.4841,40.5258,5.9828,16.423
node-008,2024-01-01 14:46:30,0.3854,7.4428,8928893.281,1.0137,141401.0708,40.2481,5.9081,16.205
node-009,2024-01-01 14:46:30,0.1147,0.3743,9479794.4378,1.0055,133462.489,45.3153,9.0736,16.2236
node-010,2024-01-01 14:46:30,0.1149,4.8206,8669389.4908,0.8817,146452.1192,41.6538,5.9347,16.0122
node-011,2024-01-01 14:46:30,0.1471,0.0,9079057.6931,1.007,118953.3446,52.2546,7.9717,16.0819
node-012,2024-01-01 14:46:30,0.1145,13.8385,8830917.489,0.9174,129219.4375,42.3,7.8922,15.6579
node-013,2024-01-01 14:46:30,0.1942,7.7448,9282950.1854,0.9404,145576.0008,42.4802,10.1614,15.8711
node-014,2024-01-01 14:46:30,0.1573,0.2005,8560330.8436,1.218,146480.6206,37.9385,8.3895,16.1046
node-015,2024-01-01 14:46:30,0.0,1.4934,7569228.4042,0.1944,120021.0921,6.3993,1.9962,47.9511
node-016,2024-01-01 14:46:30,0.3008,0.6454,9136377.3008,0.9909,138628.9985,55.7011,6.6882,15.5396
node-017,2024-01-01 14:46:30,0.1257,3.9121,8847419.1708,0.9021,98671.1213,41.5547,9.053,16.2165
node-018,2024-01-01 14:46:30,0.0814,0.9999,8976943.83,1.1943,121728.7727,45.4675,10.9823,15.9299
node-019,2024-01-01 14:46:30,0.0831,0.0,8605941.4298,0.8073,135165.9846,42.5921,7.0936,16.0826
node-020,2024-01-01 14:46:30,0.0221,0.0736,8277256.5246,1.1065,129843.1817,45.3253,7.9955,16.0244
node-021,2024-01-01 14:46:30,0.1807,0.1268,9326592.0716,0.8368,133188.1959,41.2323,5.9769,16.457
node-022,2024-01-01 14:46:30,0.1016,7.2096,10100242.9726,0.6402,102796.0252,39.0782,8.9912,15.9434
node-023,2024-01-01 14:46:30,0.3363,7.3832,8996708.8041,0.8996,126352.2953,52.8092,8.9838,15.8575
node-024,2024-01-01 14:46:30,0.0535,5.7796,9089389.2245,0.8023,136864.3577,43.6791,8.1421,16.1074
node-025,2024-01-01 14:46:30,0.2869,0.6745,9640079.928,1.6564,128051.4223,47.1515,6.0823,15.8333
node-026,2024-01-01 14:46:30,0.1599,0.8023,9999660.5993,0.6659,125848.4215,39.9445,6.8381,15.6846
node-027,2024-01-01 14:46:30,0.2045,0.0,8424089.0629,0.9891,114213.1385,51.4536,8.0483,15.9475
node-028,2024-01-01 14:46:30,0.0387,0.0,7878390.0047,0.3194,112199.055,6.2318,1.8931,48.0
node-029,2024-01-01 14:46:30,0.1147,14.9044,8982367.7559,0.7985,130485.5139,44.9708,7.0571,15.8909
node-000,2024-01-01 14:51:00,0.1197,0.4529,9878329.0852,0.0024,178321.7385,0.0,9.066,16.0854
node-001,2024-01-01 14:51:00,0.0,0.3301,8037172.7527,0.0208,106027.6245,0.0,3.0285,48.0
node-002,2024-01-01 14:51:00,0.0,0.1946,129926.0856,0.0349,116179.1475,0.1643,0.0465,16.1443
node-003,2024-01-01 14:51:00,0.1025,0.0,8514805.5262,0.0101,124175.1096,0.1622,5.0213,15.8901
node-004,2024-01-01 14:51:00,0.0981,0.4837,8122226.689,0.0,151947.0246,0.6693,7.6572,15.9711
node-005,2024-01-01 14:51:00,0.092,0.0,8835904.471,0.0041,134152.4846,0.0,7.9719,15.9172
node-006,2024-01-01 14:51:00,0.1737,0.138,8583548.5932,0.0043,114134.2108,0.2233,6.9693,15.8213
node-007,2024-01-01 14:51:00,0.0723,0.0,8300519.1154,0.0,144712.1194,0.0,9.9762,15.5254
node-008,2024-01-01 14:51:00,0.1374,0.0,9134963.6626,0.0,141289.1122,0.6352,7.8829,15.8892
node-009,2024-01-01 14:51:00,0.0962,0.0,9174897.8594,0.0,122318.1384,0.3156,6.9885,16.0881
node-010,2024-01-01 14:51:00,0.1601,0.0,8868777.6062,0.0067,120343.0481,0.0,7.0254,16.4637
node-011,2024-01-01 14:51:00,0.084,0.0662,8783759.1886,0.0,92253.1895,0.4766,7.0365,16.2872
node-012,2024-01-01 14:51:00,0.0266,0.1332,0.0,0.0056,134315.7414,0.1289,0.0,16.3882
node-013,2024-01-01 14:51:00,0.0743,0.0,9281568.5534,0.014,175983.883,0.0992,7.9207,15.7609
node-014,2024-01-01 14:51:00,0.1182,0.0,8607363.963,0.0038,133709.296,0.0,7.9451,16.1626
node-015,2024-01-01 14:51:00,0.0092,0.0,7701076.3799,0.024,104786.1598,0.3815,2.9152,48.0
node-016,2024-01-01 14:51:00,0.008,0.0,9572588.5533,0.0187,136465.9157,0.0,8.8953,16.1411
node-017,2024-01-01 14:51:00,0.0525,0.0,8687151.0228,0.0074,94415.9051,0.3963,10.9589,15.7611
node-018,2024-01-01 14:51:00,0.0969,0.7662,8977540.0678,0.0079,135601.3329,0.1536,5.9749,15.9562
node-019,2024-01-01 14:51:00,0.0075,0.0,0.0,0.0016,0.0,0.0,0.0,0.0536
node-020,2024-01-01 14:51:00,0.1094,0.0549,8737537.4532,0.0,133029.5025,0.1177,10.9302,15.956
node-021,2024-01-01 14:51:00,0.1077,0.0,9117489.9502,0.0099,118085.3934,0.2187,7.8944,15.9414
node-022,2024-01-01 14:51:00,0.1193,0.2725,9938130.7997,0.0115,102478.6662,0.0744,6.0019,15.9941
node-023,2024-01-01 14:51:00,0.1364,1.2963,9337136.0675,0.0073,134046.1434,0.0077,8.7885,16.0175
node-024,2024-01-01 14:51:00,0.0977,0.3627,9127627.7307,0.0,111951.3711,0.7118,7.073,16.0202
node-025,2024-01-01 14:51:00,0.1386,0.0,9090885.6274,0.0111,171082.0622,0.0917,8.7748,15.9037
node-026,2024-01-01 14:51:00,0.0,0.4387,10277278.6581,0.0,139039.3275,0.0,6.0277,16.075
node-027,2024-01-01 14:51:00,0.0798,1.3519,8286006.5975,0.0075,117690.3912,0.0,13.9772,15.7465
node-028,2024-01-01 14:51:00,0.0,0.0,7771974.0097,0.0,135554.2776,0.5235,3.8024,48.0
node-029,2024-01-01 14:51:00,0.091,0.4462,8854647.7387,0.0,150262.2908,0.4968,9.0925,16.2411
node-000,2024-01-01 14:55:30,0.0,1.0295,0.0,0.0176,0.0,0.0138,0.0558,0.0
node-001,2024-01-01 14:55:30,0.0,0.0,319941.402,0.0069,0.0,0.1594,0.0,0.0
node-002,2024-01-01 14:55:30,0.0277,0.3585,0.0,0.0328,217.649,0.1405,0.0,0.0
node-003,2024-01-01 14:55:30,0.0108,0.0,216749.6072,0.0,1684.503,0.0,0.0,0.0791
node-004,2024-01-01 14:55:30,0.0,0.378,81366.3324,0.0,742.3989,0.2478,0.0,0.0
node-005,2024-01-01 14:55:30,0.0352,0.0,23975.3429,0.0,0.0,0.0,0.0,0.0944
node-006,2024-01-01 14:55:30,0.0099,0.0,0.0,0.0,0.0,0.0,0.1074,0.2323
node-007,2024-01-01 14:55:30,0.0,0.0,41607.4172,0.0016,888.4478,0.1339,0.0701,0.1304
node-008,2024-01-01 14:55:30,0.0,0.351,302921.6228,0.0182,0.0,0.6363,0.0,0.0
node-009,2024-01-01 14:55:30,0.028,0.0,0.0,0.0,1039.0048,0.0603,0.0,0.0
node-010,2024-01-01 14:55:30,0.0,0.0,0.0,0.0,915.9245,0.0,0.0,0.0
node-011,2024-01-01 14:55:30,0.008,1.0185,55704.964,0.0,29.0363,0.0,0.0398,0.0
node-012,2024-01-01 14:55:30,0.0095,0.0,65300.2871,0.0042,714.1301,0.2235,0.0,0.0
node-013,2024-01-01 14:55:30,0.012,0.2333,0.0,0.0301,2000.1585,0.177,0.0,0.0
node-014,2024-01-01 14:55:30,0.0,0.0,0.0,0.0064,0.0,0.065,0.0485,0.0592
node-015,2024-01-01 14:55:30,0.014,0.0,42075.5873,0.0001,0.0,0.0,0.0,0.055
node-016,2024-01-01 14:55:30,0.0133,0.0,240471.1946,0.0041,0.0,0.0,0.0,0.0
node-017,2024-01-01 14:55:30,0.0089,0.0,9967.7927,0.008,4480.5435,0.0,0.0561,0.1025
node-018,2024-01-01 14:55:30,0.0,0.5011,177544.0848,0.0,0.0,0.0682,0.1349,0.3915
node-019,2024-01-01 14:55:30,0.0019,0.0,142673.0918,0.0114,0.0,0.208,0.0543,0.3256
node-020,2024-01-01 14:55:30,0.0,0.0,258672.0342,0.0,2695.5887,0.0,0.0,0.0
node-021,2024-01-01 14:55:30,0.0,0.1084,134002.2859,0.0274,425.911,0.0,0.026,0.0
node-022,2024-01-01 14:55:30,0.0383,0.2087,0.0,0.022,0.0,0.1792,0.0,0.0
node-023,2024-01-01 14:55:30,0.0,0.0,0.0,0.0,504.5471,0.0409,0.0,0.0
node-024,2024-01-01 14:55:30,0.0,0.0,0.0,0.0,0.0,0.0,0.0489,0.0
node-025,2024-01-01 14:55:30,0.0,0.0,0.0,0.0034,505.9091,0.1015,0.0725,0.4309
node-026,2024-01-01 14:55:30,0.0,0.0,0.0,0.0,0.0,0.0,0.0456,0.1971
node-027,2024-01-01 14:55:30,0.0,0.0,184720.7323,0.0068,0.0,0.0,0.0372,0.0
node-028,2024-01-01 14:55:30,0.0,0.0,198027.4851,0.0,0.0,0.085,0.0464,0.1362
node-029,2024-01-01 14:55:30,0.016,0.0,0.0,0.0,408.2665,0.3555,0.0697,0.2353
node-000,2024-01-01 15:00:00,0.0,0.6595,0.0,0.0048,0.0,0.0384,0.0337,0.0
node-001,2024-01-01 15:00:00,0.0558,0.8783,33053.2164,0.0,182.5736,0.5487,0.0398,0.0
node-002,2024-01-01 15:00:00,0.0,0.0,0.0,0.0,263.9254,0.0,0.0,0.0
node-003,2024-01-01 15:00:00,0.0002,0.0,71557.4261,0.0099,0.0,0.0,0.0,0.0
node-004,2024-01-01 15:00:00,0.0,0.631,0.0,0.0,0.0,0.0,0.1147,0.0409
node-005,2024-01-01 15:00:00,0.0,0.0,35485.8746,0.0024,645.6688,0.0548,0.0631,0.0
node-006,2024-01-01 15:00:00,0.0,0.0,170961.9268,0.0,759.6554,0.4536,0.0721,0.1509
node-007,2024-01-01 15:00:00,0.0336,0.6609,229392.9753,0.0056,265.2426,0.0,0.0059,0.0111
node-008,2024-01-01 15:00:00,0.0366,0.0,0.0,0.0116,0.0,0.1567,0.0223,0.0383
node-009,2024-01-01 15:00:00,0.0,0.204,35815.2109,0.0327,0.0,0.0,0.0,0.1355
node-010,2024-01-01 15:00:00,0.0264,0.2323,26264.5547,0.0037,3944.4119,0.4818,0.0,0.0
node-011,2024-01-01 15:00:00,0.0,0.3388,2704.4757,0.0259,254.0975,0.0,0.0459,0.0348
node-012,2024-01-01 15:00:00,0.0105,0.0,116210.5637,0.0044,778.7219,0.0145,0.0,0.3618
node-013,2024-01-01 15:00:00,0.0559,0.0,0.0,0.0,0.0,0.5393,0.0,0.1647
node-014,2024-01-01 15:00:00,0.0,0.9277,0.0,0.0,0.0,0.0,0.0259,0.0
node-015,2024-01-01 15:00:00,0.0152,1.0503,455.0944,0.0,1066.8026,0.0,0.0738,0.0
node-016,2024-01-01 15:00:00,0.0084,0.8228,94871.9604,0.0048,0.0,0.0,0.0269,0.2759
node-017,2024-01-01 15:00:00,0.0234,0.0,237486.3131,0.0076,0.0,0.0,0.0,0.5985
node-018,2024-01-01 15:00:00,0.0295,0.0,0.0,0.0106,425.982,0.1618,0.0422,0.0
node-019,2024-01-01 15:00:00,0.0142,0.0641,146347.1686,0.0,1955.1183,0.0,0.0,0.0
node-020,2024-01-01 15:00:00,0.062,0.0,0.0,0.0,209.5773,0.0,0.0069,0.0
node-021,2024-01-01 15:00:00,0.0,0.0,250991.6254,0.0104,1893.1922,0.0,0.0935,0.2954
node-022,2024-01-01 15:00:00,0.0021,0.0,93492.0215,0.0285,0.0,0.1798,0.0123,0.1532
node-023,2024-01-01 15:00:00,0.0075,0.0,0.0,0.0128,0.0,0.2768,0.0084,0.0
node-024,2024-01-01 15:00:00,0.0101,0.2678,0.0,0.0047,40.915,0.0,0.0,0.0
node-025,2024-01-01 15:00:00,0.0,0.3017,0.0,0.0187,0.0,0.3364,0.0247,0.0484
node-026,2024-01-01 15:00:00,0.0317,0.0,0.0,0.0036,97.3616,0.0,0.0,0.0085
node-027,2024-01-01 15:00:00,0.0216,0.0,0.0,0.0,503.0141,0.8302,0.0219,0.0548
node-028,2024-01-01 15:00:00,0.0,0.0,174946.2949,0.0085,0.0,0.2617,0.0,0.0
node-029,2024-01-01 15:00:00,0.0,0.1324,146814.5837,0.0,61.3613,0.7578,0.138,0.0
node-000,2024-01-01 15:04:30,0.0,0.0,285352.7328,1.0874,265.2459,43.2282,0.0854,0.1345
node-001,2024-01-01 15:04:30,0.0371,0.0553,0.0,0.2349,377.3149,7.304,2.8728,0.0
node-002,2024-01-01 15:04:30,0.1453,12.299,8898759.9683,1.0369,124498.5088,46.0033,7.9573,16.1904
node-003,2024-01-01 15:04:30,0.152,0.0,0.0,0.7995,0.0,41.3243,0.0,0.0
node-004,2024-01-01 15:04:30,0.1686,7.0656,0.0,0.7922,1190.4124,42.7907,9.9977,0.2721
node-005,2024-01-01 15:04:30,0.2126,8.804,0.0,0.9084,0.0,45.0439,0.0,0.0
node-006,2024-01-01 15:04:30,0.0379,0.0851,408853.0797,1.0069,0.0,33.9713,0.0,0.0406
node-007,2024-01-01 15:04:30,0.0818,6.7885,305597.3647,0.5967,0.0,46.8432,0.0,0.0993
node-008,2024-01-01 15:04:30,0.2857,6.1496,8439430.0214,0.9127,152789.165,37.2594,5.4463,16.3613
node-009,2024-01-01 15:04:30,0.1306,0.3679,35371.4875,0.9498,0.0,49.3668,8.083,0.1611
node-010,2024-01-01 15:04:30,0.1427,4.8664,55467.3333,0.8784,989.6331,39.185,0.1326,0.0
node-011,2024-01-01 15:04:30,0.111,0.2675,93764.0122,1.4135,992.3613,50.6665,9.3463,0.0
node-012,2024-01-01 15:04:30,0.1318,13.3422,9246378.6039,0.8094,115206.2722,45.0011,6.0826,16.005
node-013,2024-01-01 15:04:30,0.1665,8.3926,0.0,0.9153,1492.9093,44.4416,0.038,0.0
node-014,2024-01-01 15:04:30,0.1158,0.3499,8336913.7883,0.5097,136933.5608,40.2416,8.4087,15.7258
node-015,2024-01-01 15:04:30,0.0861,0.0,69400.5148,0.1992,0.0,6.8146,0.0,0.0
node-016,2024-01-01 15:04:30,0.1238,0.0,0.0,0.9861,0.0,53.8766,9.1573,0.0
node-017,2024-01-01 15:04:30,0.106,4.9342,19724.0783,0.8707,482.9464,43.596,8.3066,0.1915
node-018,2024-01-01 15:04:30,0.1446,0.5407,197820.5267,1.1104,0.0,36.1937,0.0,0.3383
node-019,2024-01-01 15:04:30,0.1514,0.0,8195314.1481,1.0218,134393.6897,47.3117,13.7784,15.7699
node-020,2024-01-01 15:04:30,0.0,0.5724,280944.6255,1.0904,0.0,44.54,0.0231,0.2377
node-021,2024-01-01 15:04:30,0.1935,0.0,8997907.2604,0.743,0.0,41.0429,8.4756,16.0929
node-022,2024-01-01 15:04:30,0.1079,6.476,64715.0065,0.646,106.523,38.2062,9.5228,0.0
node-023,2024-01-01 15:04:30,0.1338,6.5188,9262727.4468,1.0862,2300.4694,50.7072,6.21,0.0
node-024,2024-01-01 15:04:30,0.0363,5.8647,0.0,0.9297,0.0,49.8304,0.0,0.0544
node-025,2024-01-01 15:04:30,0.1747,0.0,0.0,1.0983,697.3119,48.7286,8.0099,0.0
node-026,2024-01-01 15:04:30,0.0009,0.3299,63433.5111,0.76,0.0,40.0821,0.0153,0.0
node-027,2024-01-01 15:04:30,0.091,0.0,0.0,0.9116,2087.5268,50.8058,8.301,0.0872
node-028,2024-01-01 15:04:30,0.0,0.1868,263350.4686,0.2852,2325.1285,6.7062,0.0,0.4966
node-029,2024-01-01 15:04:30,0.1186,14.9928,8655516.6813,0.5833,0.0,44.485,9.2899,0.0
node-000,2024-01-01 15:09:00,0.1058,0.0,9908520.2125,1.1851,145059.9212,44.2024,6.0465,15.8145
node-001,2024-01-01 15:09:00,0.0229,0.3225,7870525.7456,0.2107,124273.4874,7.2492,3.573,47.9637
node-002,2024-01-01 15:09:00,0.0835,10.9835,8620817.214,0.8888,122835.8821,41.5426,18.0975,15.9331
node-003,2024-01-01 15:09:00,0.079,0.0,8994533.2568,0.6793,104680.7749,45.9223,11.0193,15.5762
node-004,2024-01-01 15:09:00,0.0516,6.8522,7918798.2517,0.6952,159122.1251,45.8543,5.8902,16.1765
node-005,2024-01-01 15:09:00,0.0132,8.9093,8640202.9895,0.927,128603.8233,46.5435,7.0356,16.0532
node-006,2024-01-01 15:09:00,0.1724,0.0,8564377.9967,0.9997,135548.8047,33.0549,6.0767,15.719
node-007,2024-01-01 15:09:00,0.0792,6.7701,8090125.3535,0.765,132077.163,45.7044,7.1273,15.7897
node-008,2024-01-01 15:09:00,0.1823,6.8834,8706767.0532,0.8395,117226.0356,39.9646,7.1528,15.9584
node-009,2024-01-01 15:09:00,0.1077,0.0,8627236.0984,1.0371,113712.6949,53.1299,11.0832,15.7249
node-010,2024-01-01 15:09:00,0.093,5.1573,8584521.5523,1.0792,130960.1525,44.4899,6.0231,16.188
node-011,2024-01-01 15:09:00,0.1258,0.0,8960806.5013,1.4991,120431.5677,51.8339,7.9487,16.2554
node-012,2024-01-01 15:09:00,0.1057,13.8562,9036297.6804,0.9148,120840.4654,39.8499,7.9525,15.7409
node-013,2024-01-01 15:09:00,0.1386,8.5584,9158725.9751,0.8972,148677.2031,44.2708,7.694,15.8805
node-014,2024-01-01 15:09:00,0.1408,0.4789,8682272.1723,0.916,123779.1036,39.1992,6.554,16.0085
node-015,2024-01-01 15:09:00,0.0127,0.8188,7478483.9464,0.1829,93983.6687,6.6377,4.0938,48.0
node-016,2024-01-01 15:09:00,0.0303,0.0,9026254.0981,1.0891,169244.1488,51.3566,9.0322,15.6646
node-017,2024-01-01 15:09:00,0.169,3.7455,8399908.3322,0.9088,123760.8625,41.7868,4.8859,16.1751
node-018,2024-01-01 15:09:00,0.1305,0.1001,8949424.6974,1.0132,141986.3767,39.3556,7.0437,16.2846
node-019,2024-01-01 15:09:00,0.0877,0.2337,8198661.4463,0.7546,144738.9716,41.4173,5.9894,16.1843
node-020,2024-01-01 15:09:00,0.0269,0.9214,8440298.2453,0.8938,105624.9998,44.442,6.8569,15.7566
node-021,2024-01-01 15:09:00,0.3952,0.0,8955941.1502,2.4034,133541.8762,41.6926,8.0468,16.1677
node-022,2024-01-01 15:09:00,0.0777,6.6189,9464723.4763,1.1019,117132.7806,33.1667,6.0804,15.8095
node-023,2024-01-01 15:09:00,0.0543,7.3202,8902165.0663,1.7037,97034.8249,45.8103,9.0182,15.7646
node-024,2024-01-01 15:09:00,0.1993,6.4711,8813441.7911,1.1897,135198.3149,46.4178,7.0533,16.0479
node-025,2024-01-01 15:09:00,0.1294,0.051,9227858.8041,0.9947,131613.0547,47.1028,8.9654,16.2747
node-026,2024-01-01 15:09:00,0.1008,0.0,9894688.3019,0.8153,114974.0668,42.3935,11.9944,16.1436
node-027,2024-01-01 15:09:00,0.0886,0.0,8261771.7461,0.9776,99885.4081,46.0333,8.0241,15.7963
node-028,2024-01-01 15:09:00,0.0398,0.0504,8072260.3192,0.2839,86320.1493,5.8341,5.9194,48.0
node-029,2024-01-01 15:09:00,0.1295,14.8135,8553014.876,0.717,149520.8071,39.5977,11.9927,15.914
node-000,2024-01-01 15:13:30,0.1104,0.0,9760194.2786,1.0076,126476.9214,41.6148,7.9315,16.481
node-001,2024-01-01 15:13:30,0.0337,0.0,8123473.9424,0.2019,132472.9967,6.5351,5.0853,48.0
node-002,2024-01-01 15:13:30,0.09,12.1871,8744170.7979,1.5792,137544.309,44.1929,7.9339,16.0303
node-003,2024-01-01 15:13:30,0.1731,0.0,8707842.0922,0.8025,122057.999,39.652,6.1006,16.1554
node-004,2024-01-01 15:13:30,0.0878,6.6806,8113616.761,0.8901,152607.1897,44.857,6.2848,15.7798
node-005,2024-01-01 15:13:30,0.107,9.3248,8717507.7198,0.8799,135435.299,45.346,8.9927,16.1805
node-006,2024-01-01 15:13:30,0.0237,0.0,8783572.641,1.1182,72649.8187,38.3617,5.0592,15.7702
node-007,2024-01-01 15:13:30,0.0892,6.7183,8093869.738,0.7937,99210.6811,44.7077,10.9546,15.9074
node-008,2024-01-01 15:13:30,0.102,6.7902,8627669.6833,0.8239,126343.6833,40.1418,16.9702,16.1296
node-009,2024-01-01 15:13:30,0.0884,0.3023,9047302.1239,4.006,116463.3013,51.8874,6.039,15.9738
node-010,2024-01-01 15:13:30,0.1371,4.6138,8659655.1878,0.9013,119911.9591,44.0231,8.9761,16.1102
node-011,2024-01-01 15:13:30,0.3046,0.4972,8653761.6658,1.4598,128497.5547,40.3864,11.0251,15.907
node-012,2024-01-01 15:13:30,0.2202,13.9409,8393264.6905,1.0172,131615.882,46.8979,7.9434,16.1922
node-013,2024-01-01 15:13:30,0.0748,8.2039,8973241.6775,1.4978,138108.5087,50.3186,6.9756,15.8021
node-014,2024-01-01 15:13:30,0.2119,0.297,8397971.3936,0.864,128828.3918,39.1756,6.0593,16.4327
node-015,2024-01-01 15:13:30,0.021,0.0003,7686776.3767,0.2029,140561.3658,6.6412,4.062,48.0
node-016,2024-01-01 15:13:30,0.3109,0.0,9137708.8015,0.8609,146518.9861,47.2708,6.9357,15.8288
node-017,2024-01-01 15:13:30,0.0826,3.9289,8675917.4952,0.8936,124946.712,44.6161,5.0963,15.9751
node-018,2024-01-01 15:13:30,0.1442,0.0,8864063.784,0.943,126458.9167,42.3674,8.9869,15.8825
node-019,2024-01-01 15:13:30,0.0,1.3636,8036699.5018,0.7868,135197.7734,40.5467,8.2108,16.0696
node-020,2024-01-01 15:13:30,0.1486,0.0,8031555.1946,0.8192,132644.7193,47.2008,7.1088,15.7593
node-021,2024-01-01 15:13:30,0.095,0.0,8712319.8431,0.7427,121342.1499,44.3617,6.9322,15.877
node-022,2024-01-01 15:13:30,0.1448,6.2217,9774193.6264,0.6766,115788.162,42.632,4.9205,15.812
node-023,2024-01-01 15:13:30,0.0812,7.5179,8585706.0992,1.1056,125654.444,48.6433,6.9235,16.2971
node-024,2024-01-01 15:13:30,0.0898,6.8123,8682724.6891,1.0469,120801.6732,48.9877,6.0477,15.9833
node-025,2024-01-01 15:13:30,0.0821,0.0,9193595.3843,1.0414,116470.6346,46.6186,7.859,15.483
node-026,2024-01-01 15:13:30,0.0665,0.1174,9807334.7942,0.7006,129782.112,42.5923,6.0538,15.91
node-027,2024-01-01 15:13:30,0.0331,0.0,8015418.2901,0.8862,124450.1346,44.3159,9.0287,15.7701
node-028,2024-01-01 15:13:30,0.0,0.0,8013570.7112,0.281,127548.6355,5.8984,3.1363,48.0
node-029,2024-01-01 15:13:30,0.0586,15.5769,8622298.861,0.7242,155507.3417,42.915,7.9891,16.0878
node-000,2024-01-01 15:18:00,0.1003,0.0,9617788.7168,0.9148,135781.5105,44.1254,10.0082,15.5227
node-001,2024-01-01 15:18:00,0.0031,0.0,8325729.0959,0.2902,118029.4281,6.1318,1.9334,47.6775
node-002,2024-01-01 15:18:00,0.1089,11.3207,8859283.509,0.938,133086.4995,41.7532,10.0425,16.2659
node-003,2024-01-01 15:18:00,0.1275,0.5409,8437511.6799,0.9531,112668.3558,38.7683,8.0413,16.2902
node-004,2024-01-01 15:18:00,0.1065,6.76,7855456.508,0.5967,186364.1415,46.433,6.9233,16.0143
node-005,2024-01-01 15:18:00,0.1551,8.3889,8597784.398,0.8001,137025.4255,49.5002,6.2295,16.0042
node-006,2024-01-01 15:18:00,0.181,0.6416,8472328.5906,1.0278,128319.5097,47.5038,6.0478,16.2133
node-007,2024-01-01 15:18:00,0.1859,7.4824,8385295.2502,0.707,118122.3633,39.1327,8.0213,16.0885
node-008,2024-01-01 15:18:00,0.0754,7.2891,8464578.7433,0.6896,118371.0016,39.0057,7.8653,16.1616
node-009,2024-01-01 15:18:00,0.0812,0.0,8936460.9925,1.0926,112759.6926,49.454,7.0972,16.2916
node-010,2024-01-01 15:18:00,0.1953,5.4656,8741570.7242,1.0025,118850.2443,43.0561,9.2305,16.0372
node-011,2024-01-01 15:18:00,0.1986,0.3395,8830981.8671,0.9856,120869.2582,51.9989,7.268,15.7414
node-012,2024-01-01 15:18:00,0.1068,12.9447,8758121.0967,0.7092,147899.8581,42.4518,8.3745,15.9646
node-013,2024-01-01 15:18:00,0.0374,7.8752,8764831.7356,0.9915,159735.1728,46.5364,7.0546,16.2553
node-014,2024-01-01 15:18:00,0.1883,0.0511,8432389.6635,1.0308,139884.2495,39.8456,5.9781,15.9064
node-015,2024-01-01 15:18:00,0.0011,0.0,7955448.87,0.2148,142145.9507,6.8695,3.8496,47.7389
node-016,2024-01-01 15:18:00,0.2796,0.6738,8864850.0991,1.8387,166316.6532,53.0469,10.0261,15.8141
node-017,2024-01-01 15:18:00,0.1124,3.97,8302146.1024,0.7926,138701.4304,39.7081,5.7942,16.1582
node-018,2024-01-01 15:18:00,0.115,0.0283,8626871.0319,1.0973,124942.9155,38.3287,4.9843,16.1946
node-019,2024-01-01 15:18:00,0.0606,0.3799,7880097.951,0.7264,125255.1286,37.6027,8.1188,15.6612
node-020,2024-01-01 15:18:00,0.0977,0.0028,8443424.4705,0.9077,126806.6033,44.7993,7.0521,15.3279
node-021,2024-01-01 15:18:00,0.0667,0.257,8832185.8465,0.7323,139649.7927,39.4784,5.1014,15.8254
node-022,2024-01-01 15:18:00,0.1289,6.908,9430953.9315,0.6062,129684.3541,43.5561,6.8894,16.3728
node-023,2024-01-01 15:18:00,0.1161,7.3241,8782864.3767,1.0095,120372.9961,49.3461,4.988,16.1403
node-024,2024-01-01 15:18:00,0.1,5.8697,8688416.1155,6.8131,135782.495,43.9333,9.9041,15.9984
node-025,2024-01-01 15:18:00,0.1857,0.7779,8962838.2466,0.9892,126938.2607,46.987,7.9892,15.6278
node-026,2024-01-01 15:18:00,0.0883,0.0622,9585497.0352,0.8754,107934.5756,41.0196,5.9505,16.2747
node-027,2024-01-01 15:18:00,0.081,0.0,8256486.6852,1.0211,119328.8249,52.7644,8.0229,15.6763
node-028,2024-01-01 15:18:00,0.0,0.0,7795481.32,0.209,131762.4631,6.7795,2.9453,47.4343
node-029,2024-01-01 15:18:00,0.1226,14.4545,8643314.1837,0.8781,165067.7873,40.8462,6.6541,16.3233
node-000,2024-01-01 15:22:30,0.1152,0.0,9764252.2236,0.9084,139800.286,45.5968,7.7142,15.9075
node-001,2024-01-01 15:22:30,0.0014,0.7923,7732122.0682,0.2054,194367.3911,6.7098,2.9888,47.9676
node-002,2024-01-01 15:22:30,0.1008,10.7618,8860727.7299,1.2476,135174.1121,45.7508,6.9929,15.6507
node-003,2024-01-01 15:22:30,0.0622,0.3128,8352888.8,0.8558,112123.6195,41.1911,5.8807,15.5046
node-004,2024-01-01 15:22:30,0.0,7.0546,7991689.6434,0.8777,158130.3307,44.6997,6.1176,15.9328
node-005,2024-01-01 15:22:30,0.0876,8.7764,8814591.8511,1.0673,119093.0755,46.1771,10.0226,15.8106
node-006,2024-01-01 15:22:30,0.1802,0.2394,8578585.9222,0.9231,115867.7247,39.5336,4.0288,16.0302
node-007,2024-01-01 15:22:30,0.0852,7.4824,8048124.527,0.7252,134392.1784,46.593,3.9002,15.9337
node-008,2024-01-01 15:22:30,0.133,7.6466,8550235.3608,0.9163,123055.6109,44.4112,6.9833,15.9816
node-009,2024-01-01 15:22:30,0.0947,0.0,8607844.3168,2.7846,137613.9026,47.0353,8.8005,15.9123
node-010,2024-01-01 15:22:30,0.0063,4.9786,8460260.4905,0.8029,106979.9137,45.6464,9.0528,15.48
node-011,2024-01-01 15:22:30,0.1094,0.369,8693862.8221,1.206,118979.9311,48.627,7.0411,16.1629
node-012,2024-01-01 15:22:30,0.104,14.8047,8697191.592,1.0935,144127.9128,43.7088,7.9104,15.7666
node-013,2024-01-01 15:22:30,0.0934,7.1383,8974740.2954,0.9692,165085.2086,45.3607,6.979,15.6722
node-014,2024-01-01 15:22:30,0.0802,0.9818,8346742.777,0.7787,126987.7833,41.1091,4.974,15.7999
node-015,2024-01-01 15:22:30,0.0,0.422,7479195.2704,0.1824,130801.7086,6.1256,2.9588,48.0
node-016,2024-01-01 15:22:30,0.1137,0.0,9076394.2801,1.0231,178995.2399,47.4894,6.3722,15.9401
node-017,2024-01-01 15:22:30,0.0905,4.1155,8298968.4066,0.8529,137737.8516,40.2947,4.8734,15.8578
node-018,2024-01-01 15:22:30,0.0282,0.0,8736579.7075,1.1122,126891.4943,36.8781,10.056,16.3096
node-019,2024-01-01 15:22:30,0.2023,0.3939,7892782.4455,0.908,142199.2269,50.7953,8.0543,15.9668
node-020,2024-01-01 15:22:30,0.1269,0.0,8332731.5659,0.8853,124234.7031,43.4707,10.0471,15.9904
node-021,2024-01-01 15:22:30,0.2315,0.1555,8660414.6563,0.8947,122560.0285,41.8892,7.0742,16.2996
node-022,2024-01-01 15:22:30,0.1686,6.6436,9698238.0823,0.6045,125594.8216,41.1734,5.0087,16.4283
node-023,2024-01-01 15:22:30,0.0765,7.5617,8924387.5719,1.0003,133940.4732,51.9687,11.9379,16.3587
node-024,2024-01-01 15:22:30,0.0775,5.9582,8772190.3745,0.9991,121896.2895,44.3977,6.4415,15.6597
node-025,2024-01-01 15:22:30,0.0406,0.4967,9269236.1441,1.0486,170755.1468,43.7574,6.9553,16.4829
node-026,2024-01-01 15:22:30,0.1817,0.0,9823511.8094,0.7399,134771.2657,41.4406,10.0069,16.0943
node-027,2024-01-01 15:22:30,0.1295,0.3315,8245005.2173,1.2982,137273.7586,53.7962,5.0904,15.8338
node-028,2024-01-01 15:22:30,0.0107,0.7923,7814826.8468,0.2133,123931.881,6.1256,4.0042,48.0
node-029,2024-01-01 15:22:30,0.0698,15.335,8724175.968,0.9841,159740.1845,40.9634,13.0426,16.1256
node-000,2024-01-01 15:27:00,0.1424,0.0,9365209.9448,0.7901,143508.0239,45.2225,6.9453,15.7699
node-001,2024-01-01 15:27:00,0.0,0.2549,7845714.8878,0.1956,123477.4457,6.8998,3.0354,47.975
node-002,2024-01-01 15:27:00,0.0964,11.6069,8584535.5766,1.3231,119383.8199,49.1719,9.0795,15.9377
node-003,2024-01-01 15:27:00,0.1592,0.0,8768162.8688,1.1754,125451.9611,38.9383,11.8822,15.7998
node-004,2024-01-01 15:27:00,0.1133,7.0014,7957443.4225,0.8177,127488.6386,48.2782,7.0809,15.4594
node-005,2024-01-01 15:27:00,0.0953,9.0959,8702909.4814,0.8168,109809.248,44.2609,8.9803,16.0263
node-006,2024-01-01 15:27:00,0.1236,0.0275,8582968.1371,0.9295,118863.6363,36.4209,5.0545,15.8321
node-007,2024-01-01 15:27:00,0.1231,7.2672,7851006.3927,1.3022,132824.8066,47.8073,9.8989,16.0762
node-008,2024-01-01 15:27:00,0.219,7.3939,8317884.6311,0.8129,113852.8393,39.3977,5.7005,15.9792
node-009,2024-01-01 15:27:00,0.1512,0.0057,9036715.8657,0.8984,146212.252,48.2782,9.1066,16.0819
node-010,2024-01-01 15:27:00,0.0591,5.3694,8945191.7815,0.8268,111627.7118,45.5182,8.8365,16.0153
node-011,2024-01-01 15:27:00,0.042,0.0,8730982.4027,1.0609,139731.7126,44.3251,8.7917,15.8372
node-012,2024-01-01 15:27:00,0.1118,12.6257,8636075.4395,1.1936,128631.7218,39.8402,8.9794,16.3589
node-013,2024-01-01 15:27:00,0.1194,8.9438,8966690.4861,0.8256,148863.3624,44.715,9.1097,16.2464
node-014,2024-01-01 15:27:00,0.09,0.0,8324822.314,0.9236,125593.8786,39.7942,5.9607,16.0169
node-015,2024-01-01 15:27:00,0.0,0.0853,7331908.8572,0.1771,145333.245,5.8678,3.9786,48.0
node-016,2024-01-01 15:27:00,0.1651,0.2667,8916865.9058,1.2226,146857.1724,50.0659,5.9913,16.0485
node-017,2024-01-01 15:27:00,0.1161,4.4817,8144684.6964,0.9912,128747.9662,40.0123,6.9885,16.2698
node-018,2024-01-01 15:27:00,0.0571,0.0,8461885.59,1.6166,139667.3165,37.6049,5.9449,15.9806
node-019,2024-01-01 15:27:00,0.2125,0.0,8414351.5989,1.1326,119465.5667,38.5222,7.7404,16.0237
node-020,2024-01-01 15:27:00,0.0,0.2381,8274273.2232,0.7864,99889.259,45.6298,10.0499,16.3451
node-021,2024-01-01 15:27:00,0.1421,0.2763,8971885.0586,0.8564,80938.0579,40.3371,8.0145,15.9143
node-022,2024-01-01 15:27:00,0.1089,7.1067,9498518.8766,0.7899,119327.0016,43.3639,8.0264,15.8951
node-023,2024-01-01 15:27:00,0.0601,6.6052,8744087.0413,0.8943,125892.977,53.8072,10.3239,15.956
node-024,2024-01-01 15:27:00,0.1255,6.4719,8898297.853,0.9969,125714.9955,44.5804,7.0155,16.0084
node-025,2024-01-01 15:27:00,0.0965,0.0,8796614.1286,0.9847,128286.183,47.7219,8.4004,16.024
node-026,2024-01-01 15:27:00,0.1093,0.0,9771658.0228,1.3068,124290.2172,41.0447,9.0416,16.1996
node-027,2024-01-01 15:27:00,0.2845,0.8503,8256762.1243,1.1043,127795.7769,53.5717,8.3156,16.0417
node-028,2024-01-01 15:27:00,0.0,0.0,7725263.1197,0.2615,130756.5965,6.6989,1.8757,47.8565
node-029,2024-01-01 15:27:00,0.1082,14.8182,8303881.8141,0.6983,170621.145,44.0355,7.9249,16.0432
node-000,2024-01-01 15:31:30,0.0694,1.1365,9741606.2739,0.7909,108047.2116,47.7726,7.9779,16.0197
node-001,2024-01-01 15:31:30,0.0,1.4629,7779873.0452,0.1835,117079.5991,5.2943,4.0612,47.8958
node-002,2024-01-01 15:31:30,0.0466,10.8298,8525125.064,0.9434,117789.0348,45.9355,8.4322,16.189
node-003,2024-01-01 15:31:30,0.1325,0.2142,8448755.8229,0.9981,121405.4044,40.343,4.955,16.3864
node-004,2024-01-01 15:31:30,0.1407,6.7363,8051970.6906,0.7021,113007.232,43.4703,5.9913,16.08
node-005,2024-01-01 15:31:30,0.0878,9.4282,8723833.093,1.0179,129760.3298,43.3888,7.0312,15.7549
node-006,2024-01-01 15:31:30,0.1717,0.3724,8573128.6205,1.0161,118854.0453,42.1216,7.1625,16.2639
node-007,2024-01-01 15:31:30,0.0978,6.7239,8480396.7156,0.9028,131434.8257,42.7821,8.8662,16.2952
node-008,2024-01-01 15:31:30,0.0957,7.639,8288068.6367,0.9187,133683.5028,41.8187,6.9108,15.7621
node-009,2024-01-01 15:31:30,0.1376,0.0,9141574.5687,0.9465,115512.1942,49.3367,10.0559,16.0536
node-010,2024-01-01 15:31:30,0.0987,4.9801,8791045.9002,0.9525,113611.0061,41.4932,7.935,15.253
node-011,2024-01-01 15:31:30,0.1334,0.1368,8765992.7737,1.319,121084.1608,47.8099,6.9989,15.9948
node-012,2024-01-01 15:31:30,0.1017,13.7657,8642839.1739,0.734,95309.2728,48.4614,6.9328,16.05
node-013,2024-01-01 15:31:30,0.0666,8.6257,9125484.1897,0.7196,178932.5214,45.0282,8.1028,15.5963
node-014,2024-01-01 15:31:30,0.0772,0.0,8346577.4244,1.0491,90300.4162,37.5109,6.0798,15.8328
node-015,2024-01-01 15:31:30,0.0,0.0,7523927.4644,0.1954,128996.6003,6.5627,4.0301,48.0
node-016,2024-01-01 15:31:30,0.1553,0.5548,8817710.2507,0.923,175355.1129,49.571,7.8409,15.9494
node-017,2024-01-01 15:31:30,0.1082,4.3672,8555192.0839,1.0084,114794.3886,37.6083,7.8942,15.9436
node-018,2024-01-01 15:31:30,0.3097,0.0,8444374.744,0.9196,106786.6426,41.9812,6.1478,16.0402
node-019,2024-01-01 15:31:30,0.1197,0.0,8036898.7444,0.7073,126066.8692,40.2331,9.8966,15.9293
node-020,2024-01-01 15:31:30,0.1024,0.3577,8307831.7383,0.9338,134549.9022,43.7217,7.0145,16.19
node-021,2024-01-01 15:31:30,0.0691,0.6912,8294370.7968,0.8062,150585.1045,44.5443,6.2256,15.6832
node-022,2024-01-01 15:31:30,0.2004,7.8172,9437396.5699,0.6071,123553.0966,37.4971,5.4301,15.9756
node-023,2024-01-01 15:31:30,0.086,6.6091,8426761.829,1.4942,118895.9964,52.9142,11.9441,15.9197
node-024,2024-01-01 15:31:30,0.1066,4.8219,8605180.5343,0.8857,144544.0011,43.3437,6.7072,16.1994
node-025,2024-01-01 15:31:30,0.1064,0.4811,8868905.9105,0.9106,133959.7984,53.6514,8.0823,16.1692
node-026,2024-01-01 15:31:30,0.1048,0.816,9828652.2997,1.0881,101425.8278,40.1258,11.0442,16.0841
node-027,2024-01-01 15:31:30,0.1877,0.0665,8205069.1991,1.4044,129162.4477,50.82,5.9675,16.1483
node-028,2024-01-01 15:31:30,0.0,0.3297,7962420.9698,0.2947,127884.9296,6.432,5.0677,47.8484
node-029,2024-01-01 15:31:30,0.2298,14.1423,8767843.2586,4.6067,157730.6343,45.5075,6.0271,16.0706
node-000,2024-01-01 15:36:00,0.0736,0.0,9404234.0083,1.3118,122479.3202,43.7837,7.004,15.8104
node-001,2024-01-01 15:36:00,0.0,0.0,7641223.0107,0.2322,128292.2127,6.1432,3.9873,48.0
node-002,2024-01-01 15:36:00,0.095,10.848,8637179.6438,0.8738,133588.3734,43.541,9.0383,16.1996
node-003,2024-01-01 15:36:00,0.1112,0.1796,8243903.3676,1.0984,133975.6837,37.2307,8.108,15.7139
node-004,2024-01-01 15:36:00,0.21,8.2164,7666977.6636,0.8706,180294.4905,45.3261,7.0656,15.7429
node-005,2024-01-01 15:36:00,0.0634,7.9686,8356558.0235,1.3762,135702.5197,46.8254,6.8834,16.2415
node-006,2024-01-01 15:36:00,0.0226,0.012,8323364.6636,1.337,123989.7834,37.9587,4.9682,15.7504
node-007,2024-01-01 15:36:00,0.2502,6.7031,8272289.223,0.8943,99325.5015,44.6343,7.0681,15.7774
node-008,2024-01-01 15:36:00,0.2027,7.2738,8439893.4761,0.7769,134924.3914,42.4748,9.0019,16.3102
node-009,2024-01-01 15:36:00,0.1088,0.0,8623068.0799,0.9103,130445.9888,46.8765,10.0017,15.9874
node-010,2024-01-01 15:36:00,0.0986,5.2923,8567575.2097,4.0165,128464.8066,46.954,6.2231,15.6484
node-011,2024-01-01 15:36:00,0.2223,0.2009,8461705.5193,1.4557,92777.9339,49.4061,12.9707,16.2229
node-012,2024-01-01 15:36:00,0.1045,14.163,8574068.7404,1.0049,89938.297,43.9095,5.0259,15.6789
node-013,2024-01-01 15:36:00,0.0607,8.599,8764936.466,1.0057,136136.511,44.0615,7.0163,15.9748
node-014,2024-01-01 15:36:00,0.0916,0.1319,8099397.0977,0.9024,139732.8048,39.8994,8.98,16.0052
node-015,2024-01-01 15:36:00,0.0139,0.3131,7368389.0155,0.18,107756.7356,6.2148,3.7757,48.0
node-016,2024-01-01 15:36:00,0.1547,0.8675,8865864.1123,1.0172,158571.9178,43.0173,10.9149,15.9652
node-017,2024-01-01 15:36:00,0.1005,3.8956,8193672.1873,0.5889,112172.9319,41.9418,8.0188,16.2312
node-018,2024-01-01 15:36:00,0.1369,0.0,8488069.7935,1.006,132526.326,41.0898,5.9661,15.9479
node-019,2024-01-01 15:36:00,0.179,0.2993,8468966.5294,0.8427,113624.4128,44.2601,6.0011,16.1718
node-020,2024-01-01 15:36:00,0.0817,0.5776,8102663.5062,1.5114,123772.5406,48.9904,7.582,15.987
node-021,2024-01-01 15:36:00,0.2002,0.0,8680307.9019,0.7557,132714.48,41.3203,5.874,15.8367
node-022,2024-01-01 15:36:00,0.1202,6.9542,9440541.2322,0.7034,105757.5563,42.2101,9.9575,15.817
node-023,2024-01-01 15:36:00,0.0889,6.7789,8886827.6587,0.893,107699.596,53.6255,8.0441,16.0329
node-024,2024-01-01 15:36:00,0.1192,5.1385,8455724.7197,0.8732,115279.4505,44.6425,6.07,16.0775
node-025,2024-01-01 15:36:00,0.1415,0.4829,8695546.1109,1.226,108331.8238,55.4327,8.022,16.0262
node-026,2024-01-01 15:36:00,0.0571,0.0,9401240.7032,0.8364,122177.8655,43.0661,7.6772,16.5444
node-027,2024-01-01 15:36:00,0.0297,0.526,8004330.3939,1.0043,89472.3662,50.3699,9.1445,15.8275
node-028,2024-01-01 15:36:00,0.0,0.0,7823807.9953,0.2047,101703.498,6.4307,2.9612,48.0
node-029,2024-01-01 15:36:00,0.1232,15.7101,8506207.5589,0.8468,164776.0762,43.4363,7.0409,16.0969
node-000,2024-01-01 15:40:30,0.2009,0.327,9355516.1744,0.8838,111934.6321,44.9733,7.0056,16.3981
node-001,2024-01-01 15:40:30,0.0234,0.021,7875438.2392,0.1986,138161.825,6.2135,3.9412,48.0
node-002,2024-01-01 15:40:30,0.1848,11.232,8790667.6088,0.9203,122271.1505,43.7328,4.5817,16.4357
node-003,2024-01-01 15:40:30,0.1068,1.4261,8441431.2819,0.7443,140080.753,40.8901,8.3838,16.0285
node-004,2024-01-01 15:40:30,0.0838,7.4089,8000487.8016,0.6947,139090.7457,45.3146,7.0146,16.2625
node-005,2024-01-01 15:40:30,0.0929,8.9536,8484054.8743,1.1204,115360.4473,38.4611,7.5964,15.6454
node-006,2024-01-01 15:40:30,0.0793,0.0,8290755.8524,0.9828,125754.054,39.0856,8.2505,15.7284
node-007,2024-01-01 15:40:30,0.126,6.7289,8056832.7865,0.7132,136228.5469,43.3791,5.1524,15.8572
node-008,2024-01-01 15:40:30,0.0821,6.9325,8310692.1729,0.7945,113026.9066,41.2305,7.7398,15.9894
node-009,2024-01-01 15:40:30,0.1078,0.0,8977762.2179,0.8743,147744.358,50.8241,7.9287,16.1943
node-010,2024-01-01 15:40:30,0.1101,5.6783,8646622.6907,0.802,141511.0445,42.0192,7.1527,15.7009
node-011,2024-01-01 15:40:30,0.1142,0.0,8385813.4637,0.964,126410.6146,49.9209,10.0103,15.9791
node-012,2024-01-01 15:40:30,0.0836,13.1044,8742945.815,0.803,138190.8541,44.2534,7.1098,15.9456
node-013,2024-01-01 15:40:30,0.1056,8.0263,8549770.3544,1.2019,149631.7731,45.5456,6.1136,15.8902
node-014,2024-01-01 15:40:30,0.1135,0.0,8354627.9589,0.8411,127044.1859,38.2553,7.1759,15.947
node-015,2024-01-01 15:40:30,0.0286,0.0,7408805.5858,0.2154,125008.6534,6.7778,3.9897,48.0
node-016,2024-01-01 15:40:30,0.0785,1.1789,8853769.2375,1.1938,164025.2515,51.1814,11.7332,16.0575
node-017,2024-01-01 15:40:30,0.0864,3.75,8102346.0631,0.7727,141440.7373,38.2041,5.1945,15.8789
node-018,2024-01-01 15:40:30,0.12,0.0,8372505.4403,1.1263,93751.3002,40.1743,7.932,16.5793
node-019,2024-01-01 15:40:30,0.2337,0.0,8210016.2072,1.0681,113025.1508,43.4765,6.8966,16.0894
node-020,2024-01-01 15:40:30,0.2107,0.0,8164599.7006,1.3132,155595.3628,48.1362,7.919,16.1424
node-021,2024-01-01 15:40:30,0.1103,0.489,8605722.6155,0.7147,139589.8038,43.0125,5.8904,16.2887
node-022,2024-01-01 15:40:30,0.0935,7.4249,9334554.0943,1.2055,127582.7586,44.4414,6.3998,16.0788
node-023,2024-01-01 15:40:30,0.0997,6.92,8941718.1725,1.0366,129860.8856,52.9859,7.8689,16.0001
node-024,2024-01-01 15:40:30,0.265,6.4236,8563016.5917,1.09,132704.1613,45.7784,6.7361,16.0687
node-025,2024-01-01 15:40:30,0.0917,0.621,9209628.1673,1.0065,144571.428,54.1347,7.1639,16.2074
node-026,2024-01-01 15:40:30,0.1651,0.0,9702085.2069,0.6213,99858.2429,45.6832,4.2796,16.1513
node-027,2024-01-01 15:40:30,0.0986,0.0,8253663.7627,0.8152,130307.1465,48.8584,8.2916,16.0235
node-028,2024-01-01 15:40:30,0.0639,0.0,7688476.0675,0.2021,118124.9226,6.6001,3.8039,48.0
node-029,2024-01-01 15:40:30,0.1736,15.0439,8360590.3076,1.2497,155277.8129,43.9249,8.0802,15.7107
node-000,2024-01-01 15:45:00,0.1016,0.0,9668981.8066,1.0681,115206.1005,43.3584,5.9365,16.0242
node-001,2024-01-01 15:45:00,0.021,0.5562,7650716.0072,0.2113,126620.732,6.6691,3.2631,47.9016
node-002,2024-01-01 15:45:00,0.089,10.9984,8474066.189,0.8505,118575.6814,38.1911,5.0316,15.5251
node-003,2024-01-01 15:45:00,0.2197,0.0,8309435.2609,0.6819,111792.1793,39.705,8.0684,16.0518
node-004,2024-01-01 15:45:00,0.0745,7.3254,7425037.1923,0.6847,168286.8149,42.8996,9.0027,16.1562
node-005,2024-01-01 15:45:00,0.0723,8.5946,8637947.7698,0.7875,143426.9097,41.7726,7.9743,16.2299
node-006,2024-01-01 15:45:00,0.1447,0.0,8483752.354,0.7771,130752.7192,41.7537,7.2022,15.7967
node-007,2024-01-01 15:45:00,0.2085,6.3796,8352564.3801,0.6877,133589.759,46.7492,7.0428,15.8738
node-008,2024-01-01 15:45:00,0.0815,7.4666,8464698.1458,0.7882,139430.1368,36.7372,8.996,16.3303
node-009,2024-01-01 15:45:00,0.0608,0.5208,8561351.1458,1.0968,120755.0725,53.3209,8.0705,16.1371
node-010,2024-01-01 15:45:00,0.1463,4.8683,8289046.7675,1.1001,121868.2471,43.7576,6.9681,16.2608
node-011,2024-01-01 15:45:00,0.0638,0.8576,8520182.0735,0.9004,145857.5426,45.5001,11.998,15.9498
node-012,2024-01-01 15:45:00,0.1446,13.1748,8769981.312,0.9,129408.0209,48.9854,10.0379,16.102
node-013,2024-01-01 15:45:00,0.0916,8.2246,8673083.0878,0.8471,162532.1048,42.6761,7.7748,15.8088
node-014,2024-01-01 15:45:00,0.2088,0.0,8229601.2015,1.0038,134280.1865,41.0162,6.6838,16.1448
node-015,2024-01-01 15:45:00,0.0,0.365,7633418.3371,0.225,121917.5285,6.9046,2.9774,47.816
node-016,2024-01-01 15:45:00,0.1868,0.2587,8885190.8594,1.1041,171203.2475,52.299,6.9974,15.8986
node-017,2024-01-01 15:45:00,0.0735,2.72,8145878.687,0.7552,116009.9643,40.994,9.0097,16.0596
node-018,2024-01-01 15:45:00,0.1759,0.2084,8412481.9149,1.0068,110431.6705,36.483,6.9896,15.9012
node-019,2024-01-01 15:45:00,0.0656,0.0,8163003.0872,0.8866,162250.9,40.2173,7.5107,16.2292
node-020,2024-01-01 15:45:00,0.106,0.108,8139975.9778,0.906,88429.4131,48.1857,9.0096,15.955
node-021,2024-01-01 15:45:00,0.0159,0.0,8657063.8595,0.7962,91056.0816,35.7866,5.9627,15.8876
node-022,2024-01-01 15:45:00,0.0989,7.5685,9721156.6801,0.7952,122786.0434,38.6272,9.0148,15.8875
node-023,2024-01-01 15:45:00,0.0874,6.5947,8876141.4302,0.9125,133421.8015,49.1601,8.1449,15.7581
node-024,2024-01-01 15:45:00,0.1831,6.4551,8739583.4842,0.9958,140585.5347,43.6018,8.5251,15.6924
node-025,2024-01-01 15:45:00,0.0433,0.8769,8938660.146,1.0855,125207.3211,49.7377,8.0293,16.0036
node-026,2024-01-01 15:45:00,0.1057,0.9156,9873150.3792,0.9162,160275.8468,39.335,7.0404,16.2321
node-027,2024-01-01 15:45:00,0.0762,0.7666,8386676.3025,1.2435,133542.9763,49.1006,7.9582,16.0794
node-028,2024-01-01 15:45:00,0.0063,1.0205,8056069.8585,0.2018,156552.0147,7.095,3.0544,48.0
node-029,2024-01-01 15:45:00,0.1286,13.4441,8316859.9521,0.6965,136011.128,50.4376,8.9857,15.9894
node-000,2024-01-01 15:49:30,0.1024,0.0,9739711.7738,0.8902,135358.7795,44.9424,7.0197,16.1215
node-001,2024-01-01 15:49:30,0.0,0.0,7748273.2372,0.1872,122226.2432,5.9553,3.0005,47.9222
node-002,2024-01-01 15:49:30,0.1657,10.1717,8967652.0969,0.977,140485.2567,52.553,5.9827,15.8284
node-003,2024-01-01 15:49:30,0.0759,0.2926,8543796.7334,0.9935,109224.604,40.7224,6.1014,16.0135
node-004,2024-01-01 15:49:30,0.102,6.6722,7739986.4932,0.5967,196026.8771,47.1713,8.9152,16.0057
node-005,2024-01-01 15:49:30,0.0,9.3142,8992121.8769,0.9123,134155.0607,43.8983,11.0959,15.9289
node-006,2024-01-01 15:49:30,0.3935,0.0,7989675.245,0.8769,125851.4021,39.6445,6.9964,15.8722
node-007,2024-01-01 15:49:30,0.0274,7.9517,8070637.222,0.79,96241.5152,42.2597,7.008,15.9987
node-008,2024-01-01 15:49:30,0.0998,6.9616,8251140.8409,0.6928,115645.6747,39.2933,7.0818,16.0271
node-009,2024-01-01 15:49:30,0.1239,0.2231,8718174.139,0.8993,138555.7552,52.8552,7.984,15.9492
node-010,2024-01-01 15:49:30,0.0722,4.9385,8586301.6479,1.4233,118460.6462,40.3537,5.9872,16.0576
node-011,2024-01-01 15:49:30,0.0687,0.0811,8662405.6618,0.7764,152599.1685,51.2065,8.9814,16.054
node-012,2024-01-01 15:49:30,0.1213,13.421,8777072.6165,1.0965,108097.8309,44.5815,7.9951,16.2693
node-013,2024-01-01 15:49:30,0.1409,7.0765,8790848.4126,0.9225,151531.3865,37.0985,13.0258,15.6879
node-014,2024-01-01 15:49:30,0.1096,0.0,8381238.6597,0.8918,118191.194,38.0985,6.9332,16.1327
node-015,2024-01-01 15:49:30,0.0,0.1374,7094353.6684,0.2014,131085.8167,6.2946,2.9756,47.9842
node-016,2024-01-01 15:49:30,0.051,0.2907,8751503.8505,1.0295,165528.3475,48.5003,7.0128,16.1199
node-017,2024-01-01 15:49:30,0.1079,4.0101,8381287.7299,0.7954,117687.1218,44.2661,3.9898,15.9404
node-018,2024-01-01 15:49:30,0.0709,0.2937,8290043.0999,0.8829,138002.6273,41.5093,7.0104,16.0268
node-019,2024-01-01 15:49:30,0.1339,0.0,8134122.5867,0.7963,123787.4355,41.266,6.8734,15.9742
node-020,2024-01-01 15:49:30,0.167,0.2631,7922069.2593,1.0978,131760.2007,44.2442,7.02,15.8009
node-021,2024-01-01 15:49:30,0.0182,0.0,8724186.337,0.8775,141716.8214,44.8613,3.9258,15.7961
node-022,2024-01-01 15:49:30,0.0,7.5969,9421828.0471,0.7048,136043.3986,40.6395,8.9762,15.7454
node-023,2024-01-01 15:49:30,0.0938,7.1175,8560226.1084,1.2377,142505.8959,50.0658,7.0219,16.2118
node-024,2024-01-01 15:49:30,0.1251,6.1221,8457999.8738,0.8336,117005.6071,46.0855,6.0706,16.1247
node-025,2024-01-01 15:49:30,0.105,0.0995,8830463.7169,1.2008,144364.3455,45.6431,7.3523,16.4076
node-026,2024-01-01 15:49:30,0.2931,0.5705,9337585.9117,0.7024,125464.5921,39.9089,9.074,16.0557
node-027,2024-01-01 15:49:30,0.1084,0.0,7943882.7676,1.1415,99865.107,50.954,9.1459,16.2967
node-028,2024-01-01 15:49:30,0.0,0.5061,7805954.0706,0.2219,125275.8904,6.4293,3.0103,48.0
node-029,2024-01-01 15:49:30,0.1076,15.3714,8243866.2867,0.9417,171166.4725,45.7651,4.9648,15.9771
node-000,2024-01-01 15:54:00,0.1149,0.1758,9675300.4918,0.9124,142298.8335,46.084,10.9773,16.1086
node-001,2024-01-01 15:54:00,0.0,0.0449,7581778.4689,0.1959,131386.2063,6.4478,1.9303,47.9982
node-002,2024-01-01 15:54:00,0.1036,11.1148,8587625.0917,0.7927,109138.5556,44.3215,7.019,16.4195
node-003,2024-01-01 15:54:00,0.1191,0.0,8405530.299,0.9155,131603.1028,39.5921,6.0036,16.0771
node-004,2024-01-01 15:54:00,0.1094,7.0594,7774724.9353,0.9237,164399.9645,43.4593,9.0415,15.999
node-005,2024-01-01 15:54:00,0.1327,9.4516,8519302.9963,1.102,119964.883,43.64,6.1932,16.1346
node-006,2024-01-01 15:54:00,0.1245,0.1952,8208496.6214,0.8016,117755.4316,40.7596,8.026,15.7547
node-007,2024-01-01 15:54:00,0.1469,7.2828,8312793.5772,0.9029,117294.5871,42.064,4.9114,16.2098
node-008,2024-01-01 15:54:00,0.1132,6.9405,8430512.3211,0.6741,145487.0375,40.2019,6.7695,16.01
node-009,2024-01-01 15:54:00,0.117,0.0,8536570.0245,1.1013,117909.5157,48.6949,9.0245,15.6287
node-010,2024-01-01 15:54:00,0.1262,4.6607,8386986.7256,1.0483,131965.0655,45.3505,7.073,15.9885
node-011,2024-01-01 15:54:00,0.1428,0.2224,8442828.3431,1.3176,105885.3023,51.3848,7.9712,15.9078
node-012,2024-01-01 15:54:00,0.0291,13.8064,8816206.7644,1.1146,116501.1906,43.0635,8.1506,16.1325
node-013,2024-01-01 15:54:00,0.0,7.1695,9075769.8046,0.7781,142935.7352,42.7188,7.9491,15.9501
node-014,2024-01-01 15:54:00,0.2764,1.5467,8303706.1912,0.694,129219.7467,38.3847,6.0182,16.008
node-015,2024-01-01 15:54:00,0.0,0.0,7517274.8395,0.2112,148640.3733,7.3532,3.9476,48.0
node-016,2024-01-01 15:54:00,0.0669,0.0,8621769.7879,1.1934,155283.7308,51.1128,5.9574,16.1334
node-017,2024-01-01 15:54:00,0.1047,3.9369,8150369.0288,0.8111,107245.6584,39.6706,10.4662,15.9769
node-018,2024-01-01 15:54:00,0.1169,0.0,8402118.7502,1.0304,129504.533,38.9516,6.12,16.5556
node-019,2024-01-01 15:54:00,0.2084,0.0,8222162.3547,1.1043,125579.8781,39.138,6.0946,15.9694
node-020,2024-01-01 15:54:00,0.0745,0.0,8234066.3208,0.9309,136003.0413,44.9077,7.0192,16.0981
node-021,2024-01-01 15:54:00,0.1117,0.0,8708682.7692,0.9522,132551.8006,40.115,6.8205,15.9273
node-022,2024-01-01 15:54:00,0.1072,6.3232,9476841.6834,0.9996,119621.6301,40.8046,5.9331,15.9122
node-023,2024-01-01 15:54:00,0.1095,7.3041,8626051.8763,1.1938,138576.7337,48.1874,9.0481,16.1002
node-024,2024-01-01 15:54:00,0.1006,5.2586,8793027.1371,0.7911,130227.6551,42.7823,9.8561,15.8173
node-025,2024-01-01 15:54:00,0.1855,0.0,9040770.6834,1.0096,112053.2288,48.4089,9.105,15.9495
node-026,2024-01-01 15:54:00,0.1279,0.0,9498378.5194,0.8333,122481.3096,38.7262,8.0392,16.1706
node-027,2024-01-01 15:54:00,0.0822,0.0,7883826.0373,1.2038,108747.5833,51.1129,7.9736,15.8711
node-028,2024-01-01 15:54:00,0.0208,0.0,7476430.6552,0.2918,83483.6212,6.5833,3.9329,47.6086
node-029,2024-01-01 15:54:00,0.0807,14.3332,7961994.6112,0.7568,158378.3393,41.2341,9.0608,15.9661
node-000,2024-01-01 15:58:30,0.1275,0.0,9563162.3943,0.9064,124155.6352,42.4777,7.8844,15.743
node-001,2024-01-01 15:58:30,0.0,0.2844,7382985.301,0.1836,95779.6435,5.8877,3.8292,48.0
node-002,2024-01-01 15:58:30,0.0874,11.0373,8603537.604,1.206,113208.1823,43.4229,7.8536,15.7995
node-003,2024-01-01 15:58:30,0.2905,0.0,8292018.5192,0.7886,92256.6732,43.3697,6.3594,16.1444
node-004,2024-01-01 15:58:30,0.1339,7.2724,7977949.3057,0.5469,172456.1238,42.5869,7.0666,15.9337
node-005,2024-01-01 15:58:30,0.0358,8.8072,8491158.4821,0.9001,136566.7262,45.717,7.9052,16.2827
node-006,2024-01-01 15:58:30,0.1082,0.0,8197654.5575,0.8126,94481.164,34.9014,5.6005,16.1398
node-007,2024-01-01 15:58:30,0.0522,6.6488,7859273.8892,0.9212,131661.0464,49.0063,7.9901,16.2111
node-008,2024-01-01 15:58:30,0.1199,7.2511,8432593.8988,0.7408,135476.3723,41.8064,4.9929,15.7325
node-009,2024-01-01 15:58:30,0.1223,0.176,8180755.6674,1.0659,153319.915,51.088,7.9795,16.0441
node-010,2024-01-01 15:58:30,0.0307,4.8816,8494886.1139,0.9108,100953.7225,43.1028,8.9511,15.4399
node-011,2024-01-01 15:58:30,0.1123,0.3771,8113992.3929,0.6854,112662.8997,48.7274,8.9705,15.5257
node-012,2024-01-01 15:58:30,0.0764,13.6709,8590520.5634,0.7918,125434.2111,43.8547,6.9806,16.0971
node-013,2024-01-01 15:58:30,0.12,8.2821,8798560.7082,0.8869,154911.9705,42.6977,6.985,16.0896
node-014,2024-01-01 15:58:30,0.1229,0.0,8192054.9437,0.6804,133151.729,40.8912,10.9843,15.6993
node-015,2024-01-01 15:58:30,0.0039,0.0,7418561.6173,0.2144,135318.7884,6.2063,2.9686,48.0
node-016,2024-01-01 15:58:30,0.0879,0.0,8901657.7121,1.0951,141530.0102,49.8173,8.0801,16.1098
node-017,2024-01-01 15:58:30,0.1087,4.2303,8413526.1043,0.8057,113992.4986,42.3998,7.9442,15.775
node-018,2024-01-01 15:58:30,0.1311,0.0,8529212.0344,1.3047,128611.3498,43.6872,8.0763,16.3807
node-019,2024-01-01 15:58:30,0.0063,0.0,8132014.4804,0.6902,119524.176,41.175,5.0588,15.8345
node-020,2024-01-01 15:58:30,0.1115,0.0,7768854.6665,1.0555,130989.7416,42.0659,6.085,15.6619
node-021,2024-01-01 15:58:30,0.1498,0.1082,8386065.2432,0.7858,131896.7045,39.5432,4.9486,16.5808
node-022,2024-01-01 15:58:30,0.1432,7.4264,9494835.3844,0.6194,92187.3693,42.6939,7.9556,15.7005
node-023,2024-01-01 15:58:30,0.1133,7.6644,8623894.9497,1.0148,131145.0803,50.0586,8.0678,15.8439
node-024,2024-01-01 15:58:30,0.1095,5.2929,8525652.8967,1.0808,110892.0994,48.0381,7.1085,15.7125
node-025,2024-01-01 15:58:30,0.1395,0.0,8925111.0913,1.4122,130022.1858,51.1358,10.0159,16.0962
node-026,2024-01-01 15:58:30,0.0973,0.0,9841040.6561,0.7668,123946.2835,44.2102,8.9218,15.7403
node-027,2024-01-01 15:58:30,0.1811,0.0,8431168.7309,0.9794,120622.1055,51.346,9.0165,15.8418
node-028,2024-01-01 15:58:30,0.0,0.0,7527996.9647,0.2976,118610.2543,6.7607,4.054,48.0
node-029,2024-01-01 15:58:30,0.1407,14.8408,8556453.9817,0.7825,173854.0511,45.4953,11.0027,15.757
node-000,2024-01-01 16:03:00,0.1503,0.3216,9297253.1824,0.917,137146.9805,41.6941,8.1245,15.5245
node-001,2024-01-01 16:03:00,0.0223,0.0,7821154.4986,0.1104,113866.646,6.0149,3.9617,47.93
node-002,2024-01-01 16:03:00,0.07,11.2074,8740484.7406,1.1807,130568.92,45.0213,6.0091,15.6848
node-003,2024-01-01 16:03:00,0.0858,0.0,8232732.7887,0.786,96023.2834,40.2433,6.0167,15.9369
node-004,2024-01-01 16:03:00,0.0825,6.7537,7493180.4338,0.8216,173653.4304,44.2253,9.3467,15.865
node-005,2024-01-01 16:03:00,0.1342,9.6445,8440298.768,1.0735,126536.2276,42.9734,8.0716,16.1163
node-006,2024-01-01 16:03:00,0.0986,0.0409,8353128.3287,0.9011,131317.7837,43.8394,5.0857,15.6124
node-007,2024-01-01 16:03:00,0.1388,7.4166,8261130.9717,0.7991,132205.2691,45.0084,7.8798,16.1383
node-008,2024-01-01 16:03:00,0.2484,7.2389,8119266.4254,0.7041,95734.152,40.7793,6.8097,16.2269
node-009,2024-01-01 16:03:00,0.0709,1.0385,8450767.4668,4.1995,122688.4348,50.9859,11.0314,15.8956
node-010,2024-01-01 16:03:00,0.1026,4.6024,8523621.916,1.0255,117755.126,40.386,8.0663,15.6471
node-011,2024-01-01 16:03:00,0.1437,0.0,8601370.0221,1.0115,132540.7784,49.5201,7.9639,16.0598
node-012,2024-01-01 16:03:00,0.1721,13.0022,8395458.9128,0.9444,144976.3476,42.8019,7.9606,16.0252
node-013,2024-01-01 16:03:00,0.0886,7.3927,8635437.1101,0.8139,191744.5883,45.9816,8.1152,15.8848
node-014,2024-01-01 16:03:00,0.1102,0.0,8206434.4444,0.9888,116000.5074,33.9766,7.9943,16.2069
node-015,2024-01-01 16:03:00,0.0,0.3431,7465763.9604,0.1249,112770.1834,6.2221,2.8911,47.8299
node-016,2024-01-01 16:03:00,0.2156,0.7611,8575957.3527,1.2987,148691.5194,48.5562,6.0358,15.9925
node-017,2024-01-01 16:03:00,0.1207,4.7241,8125870.4595,0.8778,124127.7161,39.2509,7.9568,16.1854
node-018,2024-01-01 16:03:00,0.0816,0.0,8521696.6693,1.5063,127582.3136,36.8049,4.9909,15.7285
node-019,2024-01-01 16:03:00,0.1018,0.0,8199466.6744,0.8768,103521.7068,41.173,6.9506,15.9101
node-020,2024-01-01 16:03:00,0.168,0.2597,8242201.9144,0.7962,141309.1868,43.3787,6.8547,16.2191
node-021,2024-01-01 16:03:00,0.0728,0.0,8653579.7257,0.5992,132610.6304,39.0425,6.0366,15.9381
node-022,2024-01-01 16:03:00,0.1945,6.0467,9195832.366,0.7942,141212.9919,41.3714,6.9537,16.0657
node-023,2024-01-01 16:03:00,0.0393,6.4739,8887129.5627,0.9766,116151.257,54.7715,9.1568,16.1192
node-024,2024-01-01 16:03:00,0.105,6.0592,8477695.2297,1.2274,123555.3529,42.6833,8.1027,15.7155
node-025,2024-01-01 16:03:00,0.0736,0.0,8768680.4997,0.9999,87789.0031,55.3763,10.0326,15.9726
node-026,2024-01-01 16:03:00,0.1662,0.0763,9612122.4577,0.8723,131813.6829,38.9521,8.968,15.9488
node-027,2024-01-01 16:03:00,0.1524,0.1167,8270686.6151,1.4096,139625.4104,51.6142,10.1528,15.9327
node-028,2024-01-01 16:03:00,0.0719,0.0,6932075.6342,0.2039,116424.942,6.573,4.0686,48.0
node-029,2024-01-01 16:03:00,0.1122,15.1184,8300803.827,0.8871,149950.2479,49.3734,7.9636,16.1212
node-000,2024-01-01 16:07:30,0.0616,0.3068,9371982.1216,0.7907,78032.369,47.1222,7.041,16.0891
node-001,2024-01-01 16:07:30,0.0015,0.2237,7591206.0202,0.1904,119559.9428,6.796,3.9805,47.7386
node-002,2024-01-01 16:07:30,0.0876,11.7709,8602856.7351,1.1957,149921.4108,43.414,8.7129,15.6715
node-003,2024-01-01 16:07:30,0.1638,0.0,8118121.0742,0.8861,112538.757,40.7622,9.0339,16.1333
node-004,2024-01-01 16:07:30,0.0995,7.1822,7659178.131,1.2009,159581.2595,46.0573,11.0378,15.9446
node-005,2024-01-01 16:07:30,0.0725,8.9792,8365234.0532,0.8461,116137.4351,44.8858,15.1683,16.2551
node-006,2024-01-01 16:07:30,0.0764,0.0,8330014.7382,0.8323,125007.7173,38.6145,10.9446,16.156
node-007,2024-01-01 16:07:30,0.0989,6.951,7853817.2156,0.8958,124265.4539,44.3665,6.5357,15.726
node-008,2024-01-01 16:07:30,0.2038,7.2184,8410717.8834,1.2958,139381.1679,42.4258,7.9886,16.0667
node-009,2024-01-01 16:07:30,0.0818,0.0,8405599.0356,1.0011,125221.4167,54.441,8.9339,16.0148
node-010,2024-01-01 16:07:30,0.14,4.3316,8492763.1717,0.8992,118442.7071,42.196,5.9359,16.0874
node-011,2024-01-01 16:07:30,0.178,0.0,8322974.5889,0.9151,118980.9941,46.5067,8.9055,15.885
node-012,2024-01-01 16:07:30,0.0172,13.9363,8602659.1244,0.7969,126039.9832,39.0069,5.3575,15.9661
node-013,2024-01-01 16:07:30,0.0841,7.7229,8676994.9468,0.8245,165474.3924,45.9358,10.11,15.8584
node-014,2024-01-01 16:07:30,0.0978,0.0,8181404.1679,0.6672,130647.0749,39.6943,8.9787,16.0635
node-015,2024-01-01 16:07:30,0.0232,0.5431,7432989.7181,0.1139,101546.7754,5.8876,4.0317,47.9265
node-016,2024-01-01 16:07:30,0.0938,0.0,8985588.2976,1.006,158024.9871,51.8008,9.1451,15.8303
node-017,2024-01-01 16:07:30,0.3019,4.1324,8161806.4328,0.7133,133669.3485,39.9954,6.9725,16.0543
node-018,2024-01-01 16:07:30,0.0836,0.0,7985536.1793,1.1022,114775.3314,44.6187,6.9017,16.0006
node-019,2024-01-01 16:07:30,0.1379,0.1251,8182216.2892,0.9444,124341.5755,38.2504,6.9815,16.2624
node-020,2024-01-01 16:07:30,0.069,0.0388,8055076.384,0.9111,128965.6977,47.6186,7.0525,16.118
node-021,2024-01-01 16:07:30,0.2751,0.9277,8408386.5113,0.8578,146778.7999,38.1487,5.9147,16.091
node-022,2024-01-01 16:07:30,0.0,7.1429,9592445.8778,0.5756,119390.0083,39.6237,9.9165,15.9996
node-023,2024-01-01 16:07:30,0.0985,6.9705,8429101.9469,1.188,103990.8123,52.906,10.9251,16.1504
node-024,2024-01-01 16:07:30,0.0684,6.9899,8720914.0657,0.8141,112335.0725,42.4872,9.627,16.0292
node-025,2024-01-01 16:07:30,0.0,0.6223,8394339.4441,1.0517,129974.8853,47.1683,14.0081,16.3355
node-026,2024-01-01 16:07:30,0.0537,0.0067,9631348.4907,0.6026,115734.9151,37.3655,7.0617,15.8403
node-027,2024-01-01 16:07:30,0.1705,0.1263,7884020.2981,1.6136,133440.5463,52.8688,9.1668,16.3245
node-028,2024-01-01 16:07:30,0.0045,0.0,7008171.739,0.2154,148568.4559,5.8472,4.0241,47.9377
node-029,2024-01-01 16:07:30,0.1261,14.6479,8079169.3912,0.8039,178162.4558,43.9176,6.1073,15.657
node-000,2024-01-01 16:12:00,0.1664,0.4395,9087094.8587,1.208,126698.1336,41.5098,7.6365,15.6714
node-001,2024-01-01 16:12:00,0.0,0.0,7866261.1599,0.2234,137779.4793,6.9241,3.0578,47.883
node-002,2024-01-01 16:12:00,0.1488,11.0002,8806508.2511,0.9137,108797.189,42.4381,6.0674,15.9116
node-003,2024-01-01 16:12:00,0.0662,0.0,8375852.8998,0.6897,132063.9036,40.5444,6.4667,16.0103
node-004,2024-01-01 16:12:00,0.104,7.2346,7923483.9106,1.3041,163149.0756,45.148,6.9822,16.4271
node-005,2024-01-01 16:12:00,0.1209,9.6456,8712236.7406,1.494,126967.9868,48.3679,6.0451,15.7182
node-006,2024-01-01 16:12:00,0.0216,0.0,8437974.8831,0.8971,112984.7705,43.8202,7.0405,15.7658
node-007,2024-01-01 16:12:00,0.1073,7.1187,7942859.0502,0.9044,118804.9274,44.7587,9.0621,16.1263
node-008,2024-01-01 16:12:00,0.0829,7.143,7938404.9587,0.6149,104243.6592,43.8729,8.0024,16.1033
node-009,2024-01-01 16:12:00,0.1425,0.2871,8506279.3619,0.9941,151875.756,49.4253,8.0019,16.0317
node-010,2024-01-01 16:12:00,0.0326,4.2239,8095558.5392,0.8944,140551.4078,42.7854,8.9949,16.1331
node-011,2024-01-01 16:12:00,0.1348,0.0913,8339419.6927,0.9959,83065.9296,49.7414,8.022,16.0367
node-012,2024-01-01 16:12:00,0.1343,13.8211,8766591.8451,0.9987,143807.6249,40.4613,7.8742,15.7452
node-013,2024-01-01 16:12:00,0.0793,8.0647,8580214.6065,1.0812,160685.8343,43.0875,7.9515,16.1816
node-014,2024-01-01 16:12:00,0.1813,0.0,8059959.7818,0.791,117322.0476,38.7742,6.9818,15.8353
node-015,2024-01-01 16:12:00,0.0147,0.0,7204245.0975,0.1866,103644.7046,6.0965,2.1246,47.8862
node-016,2024-01-01 16:12:00,0.0712,0.0,8540804.5145,1.0733,143674.7896,46.6303,7.0161,15.9597
node-017,2024-01-01 16:12:00,0.0605,3.8064,8182982.3856,0.8055,117231.4922,42.5863,7.0493,15.8712
node-018,2024-01-01 16:12:00,0.0949,0.5901,8176359.4438,0.8956,117828.6742,35.3304,5.0037,15.7662
node-019,2024-01-01 16:12:00,0.0836,0.0,7763897.5761,0.7844,109231.929,38.8937,10.0859,15.8648
node-020,2024-01-01 16:12:00,0.1284,0.2873,8041952.9422,0.8998,131054.3628,44.2294,7.5489,15.6094
node-021,2024-01-01 16:12:00,0.0844,0.0,8643147.6328,0.7071,121478.0794,44.7253,5.9535,15.7576
node-022,2024-01-01 16:12:00,0.1906,8.0046,9676551.2775,0.682,129955.6643,43.5363,6.9023,16.3816
node-023,2024-01-01 16:12:00,0.1101,6.9769,8500145.7006,1.058,109147.8477,48.5604,9.0139,16.0258
node-024,2024-01-01 16:12:00,0.1233,6.3827,8429066.5903,0.9971,127639.9607,45.3006,7.0235,15.6148
node-025,2024-01-01 16:12:00,0.121,0.397,8764629.9525,1.3176,135586.3339,43.6194,11.0927,15.9386
node-026,2024-01-01 16:12:00,0.1106,0.9511,9788809.3706,0.9462,110274.5762,40.6442,5.4985,16.1773
node-027,2024-01-01 16:12:00,0.0883,0.3254,8079248.8921,0.976,136359.0587,50.1398,10.0337,15.8678
node-028,2024-01-01 16:12:00,0.0,0.0,6810934.7697,0.1991,117053.7058,6.3108,3.9421,48.0
node-029,2024-01-01 16:12:00,0.1027,14.5917,8489386.099,0.7215,165465.7188,46.1789,7.895,15.6498
node-000,2024-01-01 16:16:30,0.0968,0.0,9284205.0834,0.7079,121840.5788,42.6081,7.9447,15.9707
node-001,2024-01-01 16:16:30,0.0,0.0,7329611.9041,0.1686,102041.7749,6.8119,3.1413,47.8498
node-002,2024-01-01 16:16:30,0.1284,10.6052,8497825.3526,0.905,84960.1047,43.1494,5.01,16.3845
node-003,2024-01-01 16:16:30,0.1229,0.0,8445658.5784,0.7219,135205.2656,35.8744,5.9749,15.8341
node-004,2024-01-01 16:16:30,0.1071,7.5425,7373847.1731,0.718,183573.1801,47.6455,7.9817,16.3043
node-005,2024-01-01 16:16:30,0.1975,10.2422,8393585.3312,1.1943,142336.6113,44.1162,7.1352,16.0176
node-006,2024-01-01 16:16:30,0.127,0.4015,8135215.9059,1.3001,103449.3806,42.3404,3.935,15.9589
node-007,2024-01-01 16:16:30,0.1191,6.9559,7814990.313,0.6785,132136.2772,44.2815,6.0875,15.991
node-008,2024-01-01 16:16:30,0.0846,6.9252,8193912.5721,0.7037,125122.9621,40.3852,7.646,15.9494
node-009,2024-01-01 16:16:30,0.1112,0.6358,8391832.5306,1.059,135322.8251,46.4031,8.1427,15.4647
node-010,2024-01-01 16:16:30,0.1209,5.0036,8055193.2142,0.9245,111312.5682,44.9439,10.0711,15.6897
node-011,2024-01-01 16:16:30,0.1151,0.0,8344053.9991,1.0223,127147.1877,49.1744,9.0885,15.8336
node-012,2024-01-01 16:16:30,0.1189,14.3212,8480686.634,1.0472,127578.9143,47.2492,6.2225,15.7787
node-013,2024-01-01 16:16:30,0.1002,7.11,8947442.1696,1.3884,162495.0253,43.0777,6.0593,15.9682
node-014,2024-01-01 16:16:30,0.1431,0.0,8215278.0827,0.8094,129753.1769,36.8251,6.0362,16.0871
node-015,2024-01-01 16:16:30,0.0,0.3299,7083198.2499,0.1995,126169.6655,7.0091,6.0197,48.0
node-016,2024-01-01 16:16:30,0.1145,0.5234,8616913.0136,1.0198,169292.3609,49.3812,8.9947,15.8045
node-017,2024-01-01 16:16:30,0.0906,3.6613,8168579.681,0.9245,126844.5087,36.3501,5.9411,16.0289
node-018,2024-01-01 16:16:30,0.1076,0.0,8164846.3837,0.9994,136581.9493,33.7055,7.9477,15.9732
node-019,2024-01-01 16:16:30,0.1292,0.0,7944430.8673,0.9018,138656.4187,39.3406,5.9096,15.8079
node-020,2024-01-01 16:16:30,0.0804,0.5156,7951960.9369,1.6315,121753.2119,46.1404,7.0232,15.8231
node-021,2024-01-01 16:16:30,0.1041,0.0,8797179.5921,0.674,136384.3159,40.1958,6.0097,15.5103
node-022,2024-01-01 16:16:30,0.2077,7.5264,9436861.186,0.6399,110997.4365,38.9351,5.9992,16.0219
node-023,2024-01-01 16:16:30,0.3111,7.2638,8343617.134,0.9172,129807.9632,50.5236,8.9089,15.8103
node-024,2024-01-01 16:16:30,0.1095,6.8749,8995162.834,1.0424,101392.6339,43.4236,6.9335,15.9315
node-025,2024-01-01 16:16:30,0.0908,0.0,8759572.1918,1.2003,125576.0923,52.4823,6.8185,16.2424
node-026,2024-01-01 16:16:30,0.1492,0.0,9550866.3055,0.7953,134643.9545,38.2569,5.964,15.9632
node-027,2024-01-01 16:16:30,0.0871,0.0,8145841.1909,1.1765,118073.2608,51.4463,7.7947,16.3119
node-028,2024-01-01 16:16:30,0.0,0.0,6941242.7505,0.2154,125971.8414,5.9896,4.1511,48.0
node-029,2024-01-01 16:16:30,0.0852,15.547,7997698.9032,0.7972,114023.2504,45.341,8.7677,15.9962
node-000,2024-01-01 16:21:00,0.1065,0.4817,9391041.7946,0.9128,116904.9445,45.9937,7.0863,16.0431
node-001,2024-01-01 16:21:00,0.0,0.0,7222621.6611,0.204,97404.6548,6.701,4.0012,48.0
node-002,2024-01-01 16:21:00,0.1086,11.3654,8726811.5241,0.8989,121641.1006,45.2053,11.0581,15.7511
node-003,2024-01-01 16:21:00,0.1198,0.7405,8122833.2155,0.7338,153996.0331,41.2264,5.9388,16.0583
node-004,2024-01-01 16:21:00,0.041,7.3514,7640668.7849,0.6013,184814.0868,43.5755,7.9224,16.1403
node-005,2024-01-01 16:21:00,0.0722,9.1528,8620220.9898,0.8849,161134.7806,41.0237,12.0678,16.0927
node-006,2024-01-01 16:21:00,0.192,0.0,8167218.5438,0.9386,139640.0102,41.8448,7.118,15.7315
node-007,2024-01-01 16:21:00,0.0898,6.6835,7827944.8828,1.1284,96713.8616,42.4761,6.9565,15.7872
node-008,2024-01-01 16:21:00,0.195,7.4184,8314793.3679,0.504,122086.8978,37.3899,9.9685,16.276
node-009,2024-01-01 16:21:00,0.0929,0.089,8496387.3484,0.9715,117788.6883,47.7881,8.0613,15.8934
node-010,2024-01-01 16:21:00,0.0426,5.2145,8342937.8434,1.0912,94854.4783,47.0859,9.0355,16.0257
node-011,2024-01-01 16:21:00,0.0,0.8176,8370816.031,1.382,110232.1872,50.4972,11.9736,15.9265
node-012,2024-01-01 16:21:00,0.0915,14.4011,8539874.9898,1.01,117215.9334,43.8469,7.0108,16.1369
node-013,2024-01-01 16:21:00,0.0914,8.693,8533563.7832,0.9169,153719.3267,48.6565,9.5147,15.3725
node-014,2024-01-01 16:21:00,0.1066,0.0331,8160783.9103,0.9332,122949.9073,37.3815,5.139,15.9312
node-015,2024-01-01 16:21:00,0.059,0.0,7146934.4838,0.201,119059.146,6.5358,3.9897,47.957
node-016,2024-01-01 16:21:00,0.3187,0.0,8602137.8822,1.3921,173820.0778,51.0449,12.9431,16.4375
node-017,2024-01-01 16:21:00,0.0676,3.2047,8201934.5092,0.7941,100955.3283,36.5923,8.0038,16.2706
node-018,2024-01-01 16:21:00,0.0723,0.0,8595958.0366,1.1502,135193.3395,37.1093,6.0328,16.0646
node-019,2024-01-01 16:21:00,0.1372,0.0,7758355.4941,0.8446,141476.4003,41.4923,6.0469,15.8961
node-020,2024-01-01 16:21:00,0.1906,0.0002,8018800.8687,0.9177,130240.8056,44.9211,7.9708,15.8458
node-021,2024-01-01 16:21:00,0.054,0.3884,8481298.7404,0.7965,130611.1145,39.4594,7.9287,15.8044
node-022,2024-01-01 16:21:00,0.0761,7.6171,9493721.8251,1.1952,96307.8248,40.2956,6.7981,15.9042
node-023,2024-01-01 16:21:00,0.0794,6.9681,8677842.9932,0.9668,107091.6978,44.0887,7.0018,15.8045
node-024,2024-01-01 16:21:00,0.1297,6.4614,8221522.7557,1.0036,104833.3314,44.9906,6.4175,16.0098
node-025,2024-01-01 16:21:00,0.177,0.043,8827936.9998,0.912,144398.1717,48.7808,10.111,16.1481
node-026,2024-01-01 16:21:00,0.0277,0.0,9731650.0227,0.8217,127298.9185,44.0022,5.9895,16.1158
node-027,2024-01-01 16:21:00,0.0923,0.0,8139072.3248,0.687,177249.9337,52.3248,10.0471,16.134
node-028,2024-01-01 16:21:00,0.0681,0.5676,6368972.3721,0.2859,78098.8119,6.5834,6.0632,47.8066
node-029,2024-01-01 16:21:00,0.0971,15.4538,8076920.6851,0.8133,170157.4429,45.4221,5.9945,16.1695
node-000,2024-01-01 16:25:30,0.2003,0.0,9515186.8703,1.2293,125814.7452,43.7956,8.0454,16.0792
node-001,2024-01-01 16:25:30,0.0172,1.0536,7078147.6878,0.1942,126163.9704,6.4337,4.0509,47.9164
node-002,2024-01-01 16:25:30,0.0273,10.4116,8719958.0454,0.9201,128391.9048,43.9208,4.0811,15.966
node-003,2024-01-01 16:25:30,0.0776,0.0,7949690.1091,0.6949,123893.4859,42.3709,5.0007,16.1305
node-004,2024-01-01 16:25:30,0.1423,6.7245,7517457.6252,0.9032,123288.1174,45.4368,5.4864,15.4618
node-005,2024-01-01 16:25:30,0.1225,9.4563,8495083.1802,0.7061,88594.6985,44.2356,6.9737,15.8315
node-006,2024-01-01 16:25:30,0.1133,0.2021,8454349.2527,1.3807,126905.9562,41.8592,7.1995,16.0321
node-007,2024-01-01 16:25:30,0.0851,7.6301,7791539.0717,0.7013,134451.3851,46.0126,6.0675,15.8754
node-008,2024-01-01 16:25:30,0.0938,6.6226,8179622.6752,0.7355,135244.019,40.5305,8.0096,15.9898
node-009,2024-01-01 16:25:30,0.1053,0.1618,8598334.2208,1.05,131791.6289,49.3873,9.0721,16.0455
node-010,2024-01-01 16:25:30,0.0514,4.8767,8129991.2186,0.9546,157572.7765,44.2538,8.044,15.8123
node-011,2024-01-01 16:25:30,0.1097,0.0,8168641.4313,1.3937,122019.5161,53.5285,8.9494,16.2708
node-012,2024-01-01 16:25:30,0.1044,14.0957,8121139.7902,0.9775,127857.7419,42.7367,5.1024,15.7617
node-013,2024-01-01 16:25:30,0.0856,7.9001,8545133.9419,1.0088,161798.2012,45.554,8.0423,15.6788
node-014,2024-01-01 16:25:30,0.1188,0.0,8236653.0249,0.6853,129363.373,43.8776,10.0496,15.7578
node-015,2024-01-01 16:25:30,0.0079,0.0,7005395.3439,0.0847,135946.8488,5.7381,3.5725,48.0
node-016,2024-01-01 16:25:30,0.1422,0.2604,8754469.6761,1.1705,162596.5058,51.5405,8.9773,15.7963
node-017,2024-01-01 16:25:30,0.0656,3.6449,8078065.3653,0.7909,113946.446,43.8452,6.0324,15.6951
node-018,2024-01-01 16:25:30,0.0981,0.0,7994747.9368,1.3187,83985.8487,40.4781,4.8724,15.8266
node-019,2024-01-01 16:25:30,0.251,0.2781,7995937.8071,0.9395,110118.2345,44.8797,10.6427,16.0227
node-020,2024-01-01 16:25:30,0.0624,0.3761,7758370.401,1.2066,126322.9278,42.5185,7.4986,15.8327
node-021,2024-01-01 16:25:30,0.1542,0.0473,8701759.9438,0.5837,156811.5816,45.7315,5.9376,16.1448
node-022,2024-01-01 16:25:30,0.0533,6.9025,9362185.4923,0.6864,128967.0226,45.5314,8.0632,15.8411
node-023,2024-01-01 16:25:30,0.074,6.8526,8697078.9212,1.1143,141142.7732,49.5332,7.9834,16.082
node-024,2024-01-01 16:25:30,0.0,5.6433,8689841.7724,0.888,144597.3719,43.6794,5.9384,15.62
node-025,2024-01-01 16:25:30,0.0279,0.0,8461625.8824,0.9165,101037.8452,51.8473,12.1023,16.0865
node-026,2024-01-01 16:25:30,0.1228,0.4369,9330635.1056,0.6632,106901.0538,37.9639,7.8761,16.0149
node-027,2024-01-01 16:25:30,0.1752,0.2109,7916287.214,1.2626,85321.2837,53.5505,8.0413,16.1653
node-028,2024-01-01 16:25:30,0.0,0.0,5994371.3617,0.2914,123046.9551,6.21,5.1454,48.0
node-029,2024-01-01 16:25:30,0.0302,15.3026,8144307.0171,0.6248,156018.1841,41.4775,13.0584,16.1002
node-000,2024-01-01 16:30:00,0.1018,0.0,9372549.9437,1.0073,132084.1178,46.0864,7.0094,15.8661
node-001,2024-01-01 16:30:00,0.0256,0.212,7138435.9148,0.1998,128581.5559,6.0929,2.9035,47.8943
node-002,2024-01-01 16:30:00,0.1522,10.619,8569828.6441,0.8783,126682.0851,44.3244,7.4734,15.7061
node-003,2024-01-01 16:30:00,0.1721,0.0,8320988.9469,0.6545,124031.1511,42.164,6.0965,15.9888
node-004,2024-01-01 16:30:00,0.0975,6.9945,7510571.8788,0.6942,172264.2485,45.9548,6.0376,16.1683
node-005,2024-01-01 16:30:00,0.1003,8.0721,8195771.2077,0.9817,111583.0658,40.3713,7.0034,15.6281
node-006,2024-01-01 16:30:00,0.0976,0.2545,8270922.6021,0.7586,134066.3105,40.4748,4.0256,15.6363
node-007,2024-01-01 16:30:00,0.2301,7.5065,7834058.2601,0.6977,142450.0157,43.4428,6.3813,16.2357
node-008,2024-01-01 16:30:00,0.0878,6.547,8196013.5639,0.6982,101730.2142,38.9461,4.0382,15.9107
node-009,2024-01-01 16:30:00,0.1007,0.1734,8481500.8747,1.3958,154872.049,48.6451,8.0613,16.1954
node-010,2024-01-01 16:30:00,0.1546,4.9483,8527771.7053,0.9725,116881.8101,43.7901,7.0796,16.0231
node-011,2024-01-01 16:30:00,0.0768,0.0101,8356995.9365,0.7995,124814.9889,48.413,10.2251,16.0588
node-012,2024-01-01 16:30:00,0.0,14.5315,8264471.8568,0.9794,123291.6545,43.3697,8.8871,15.8903
node-013,2024-01-01 16:30:00,0.1153,8.2625,8500185.6046,0.9909,169097.8773,41.1882,9.9893,15.9093
node-014,2024-01-01 16:30:00,0.065,0.3477,8334766.5676,1.3097,104022.7874,43.8833,5.0288,15.6509
node-015,2024-01-01 16:30:00,0.0193,0.0,6573083.59,0.1766,125302.5882,6.4055,2.0017,47.8389
node-016,2024-01-01 16:30:00,0.0888,0.198,8260197.7118,1.4162,165653.3355,49.475,15.0274,15.9328
node-017,2024-01-01 16:30:00,0.0841,3.5014,8279899.979,0.7013,135068.9589,42.7785,5.0245,15.9822
node-018,2024-01-01 16:30:00,0.165,0.0773,8132654.7932,1.0199,117107.1181,40.8448,8.956,15.7074
node-019,2024-01-01 16:30:00,0.1796,0.0,7950079.6039,0.9358,135254.0493,41.1488,2.9476,16.0871
node-020,2024-01-01 16:30:00,0.1082,1.0806,8034454.1259,1.1171,142734.5194,46.9439,8.9517,15.9902
node-021,2024-01-01 16:30:00,0.0983,1.1899,8551502.0695,0.6603,126290.3462,47.7382,5.276,16.5022
node-022,2024-01-01 16:30:00,0.1323,7.777,9503080.5688,1.0072,114164.0316,37.8578,4.1827,15.8972
node-023,2024-01-01 16:30:00,0.1092,6.581,8594479.0709,1.0052,128193.8602,50.6223,10.0239,15.9395
node-024,2024-01-01 16:30:00,0.059,5.1761,8533812.15,0.8018,120235.7871,42.4145,5.9377,16.102
node-025,2024-01-01 16:30:00,0.1423,0.0,8638228.1626,0.9957,145103.2013,50.2569,7.0731,15.868
node-026,2024-01-01 16:30:00,0.0908,0.6322,9558800.6286,0.98,152336.1067,43.2608,7.0516,16.0617
node-027,2024-01-01 16:30:00,0.0181,0.0,8088968.1307,1.1035,118563.1356,50.5931,7.8869,15.7528
node-028,2024-01-01 16:30:00,0.0,0.0,5984153.3322,0.2913,137493.7622,6.8683,3.0433,48.0
node-029,2024-01-01 16:30:00,0.1143,14.596,8208648.1408,0.8585,166461.9255,45.4796,7.9057,16.2066
node-000,2024-01-01 16:34:30,0.0219,0.0,9668842.1653,0.9434,126914.0129,43.2113,8.1539,16.1764
node-001,2024-01-01 16:34:30,0.0,0.0,6721361.1774,0.1971,102502.247,6.5553,3.2446,47.9048
node-002,2024-01-01 16:34:30,0.1153,11.1982,8124773.9486,0.8089,125149.3826,43.0524,6.0483,16.3052
node-003,2024-01-01 16:34:30,0.0469,0.5361,8392081.0677,0.9926,126877.9155,38.1357,6.1716,15.9046
node-004,2024-01-01 16:34:30,0.0846,7.0663,7469704.4774,1.5966,149282.6575,39.1758,6.0855,15.7352
node-005,2024-01-01 16:34:30,0.1961,9.7708,8314394.0918,1.0582,127574.8792,44.4572,8.2601,15.9284
node-006,2024-01-01 16:34:30,0.0995,0.1811,8228201.6044,1.2846,119395.9847,40.5612,5.8364,16.4363
node-007,2024-01-01 16:34:30,0.12,6.715,7714551.6938,0.692,119208.7277,41.3807,8.0926,16.1144
node-008,2024-01-01 16:34:30,0.0748,7.3922,8011835.7016,1.1429,127873.1568,42.319,4.8513,16.1033
node-009,2024-01-01 16:34:30,0.0654,0.0,8603728.8339,1.0841,121413.1132,49.9727,8.5114,16.1567
node-010,2024-01-01 16:34:30,0.0876,4.217,8696286.4914,0.8942,125279.0538,39.6966,7.0352,15.974
node-011,2024-01-01 16:34:30,0.0829,0.0,8424865.1351,1.0881,137024.7078,49.1824,8.7891,15.8483
node-012,2024-01-01 16:34:30,0.2495,14.873,8095746.4705,0.8909,114494.376,40.9198,8.9351,15.9019
node-013,2024-01-01 16:34:30,0.0637,8.0682,8350027.732,1.1138,167244.6281,41.3155,8.3799,16.1861
node-014,2024-01-01 16:34:30,0.0807,0.0398,7996912.7939,0.6275,122524.4975,37.0876,8.5368,15.9065
node-015,2024-01-01 16:34:30,0.0387,0.9046,6273899.0539,0.2124,102303.5921,6.2511,2.7095,48.0
node-016,2024-01-01 16:34:30,0.0502,0.0,9040828.1361,1.0215,157094.1839,50.3742,8.9558,15.6248
node-017,2024-01-01 16:34:30,0.1599,3.8197,7972383.0887,1.0172,138886.1703,43.7353,8.3362,16.0135
node-018,2024-01-01 16:34:30,0.1316,1.5369,8002144.5355,1.1803,97115.5545,38.8459,6.1021,16.3653
node-019,2024-01-01 16:34:30,0.0,0.1046,7880358.989,0.7981,125302.487,39.8122,6.9753,15.9846
node-020,2024-01-01 16:34:30,0.099,0.0,7681011.853,0.8028,127384.7437,40.9018,6.8496,15.8946
node-021,2024-01-01 16:34:30,0.128,0.0,8315111.2027,0.8184,152043.5431,39.3268,6.7982,15.6787
node-022,2024-01-01 16:34:30,0.0898,7.0687,9411300.8447,0.8625,122384.9894,41.3262,6.1449,15.8215
node-023,2024-01-01 16:34:30,0.0881,7.6966,8366280.9446,0.9333,105832.9409,50.1633,8.9617,15.8706
node-024,2024-01-01 16:34:30,0.0553,4.7328,8355684.7948,0.9532,126241.2844,39.4571,10.9908,16.0186
node-025,2024-01-01 16:34:30,0.0935,0.0,8718027.0893,1.0114,126141.8858,50.9762,7.6758,15.8645
node-026,2024-01-01 16:34:30,0.0364,0.378,9758079.5975,0.7271,122202.8509,40.4581,6.696,16.1182
node-027,2024-01-01 16:34:30,0.0823,0.0,7962971.5217,0.7932,120940.0358,50.7385,7.7701,15.5645
node-028,2024-01-01 16:34:30,0.0338,0.0,5842363.3703,0.1803,116681.0463,6.7984,2.9435,48.0
node-029,2024-01-01 16:34:30,0.0487,14.9335,8074259.3006,0.6239,161897.8091,48.5587,8.1445,16.0727
node-000,2024-01-01 16:39:00,0.0989,0.1487,9204046.698,0.7502,138888.1906,42.4173,9.007,15.6271
node-001,2024-01-01 16:39:00,0.0134,0.4038,6696423.211,0.2081,100505.3106,6.103,2.9943,47.6403
node-002,2024-01-01 16:39:00,0.0806,10.8076,8486661.5329,1.019,115095.5862,44.4868,5.9483,15.7842
node-003,2024-01-01 16:39:00,0.143,0.0,8147005.5459,0.8954,124394.9597,42.1575,7.9748,15.984
node-004,2024-01-01 16:39:00,0.0536,6.6347,7427560.3547,0.8918,150211.1402,44.3719,8.9782,16.0928
node-005,2024-01-01 16:39:00,0.1166,8.3181,8454496.1098,0.8964,127245.6947,44.7605,6.0499,16.2159
node-006,2024-01-01 16:39:00,0.0596,0.0,8057846.9937,0.8916,112815.6188,40.4646,4.9898,15.9531
node-007,2024-01-01 16:39:00,0.0938,6.561,8092980.7637,0.7575,149668.1143,42.0714,7.0133,16.152
node-008,2024-01-01 16:39:00,0.0771,6.173,8310030.9952,0.7097,118080.9182,42.2042,6.3973,15.7384
node-009,2024-01-01 16:39:00,0.058,0.0,8518997.0469,0.9125,103226.3237,51.1804,8.0107,15.9362
node-010,2024-01-01 16:39:00,0.2249,6.1628,8407061.4262,0.8844,169824.26,48.5458,11.0524,15.8776
node-011,2024-01-01 16:39:00,0.1319,0.0,8402454.4327,1.3266,82821.737,46.1145,7.9806,15.933
node-012,2024-01-01 16:39:00,0.1238,14.0816,8300864.177,0.9008,111433.1981,41.9637,11.0836,15.7304
node-013,2024-01-01 16:39:00,0.1006,8.3051,8423782.1999,0.9119,181484.7192,43.4672,5.9707,16.117
node-014,2024-01-01 16:39:00,0.1023,0.0,8332216.7428,0.6728,124659.4872,37.494,8.1276,15.9471
node-015,2024-01-01 16:39:00,0.0536,0.0,6338838.3106,0.2137,120736.097,6.0766,3.011,47.8059
node-016,2024-01-01 16:39:00,0.1308,0.2099,8568893.2695,1.1009,143156.6307,49.1912,9.0354,16.0804
node-017,2024-01-01 16:39:00,0.0912,4.3447,8246397.3519,0.8207,91861.6069,38.5905,7.9691,15.8226
node-018,2024-01-01 16:39:00,0.3567,0.6223,8323657.7291,0.9979,124624.61,40.2328,7.0852,16.112
node-019,2024-01-01 16:39:00,0.1175,0.0,7956426.7542,0.8023,119957.9299,41.0484,6.8121,15.917
node-020,2024-01-01 16:39:00,0.07,0.0,8049852.9033,0.91,141952.637,43.2688,9.078,15.6757
node-021,2024-01-01 16:39:00,0.1025,0.6967,8529195.8134,0.63,119285.9902,39.0177,5.9902,15.9757
node-022,2024-01-01 16:39:00,0.0736,6.4821,9270510.5396,0.8547,106332.4112,36.4159,4.0846,15.9696
node-023,2024-01-01 16:39:00,0.2614,7.4159,8443098.2848,1.1069,121630.3151,52.5887,9.5143,16.1256
node-024,2024-01-01 16:39:00,0.1229,5.0384,8574278.9293,0.8907,117629.6138,43.0582,9.0765,16.0722
node-025,2024-01-01 16:39:00,0.0,0.0,8424791.8752,1.0117,141563.0447,50.9509,8.8033,16.0027
node-026,2024-01-01 16:39:00,0.1049,0.0,9708055.1951,0.7816,121914.3966,39.0378,7.0263,16.1064
node-027,2024-01-01 16:39:00,0.0947,0.0,8129564.7207,1.3205,136877.0316,46.2298,8.3956,15.8675
node-028,2024-01-01 16:39:00,0.0,1.1352,6189354.7585,0.1789,126338.2596,6.254,2.9669,47.7166
node-029,2024-01-01 16:39:00,0.1157,14.8149,8099771.7041,0.702,157176.7772,49.3767,7.1812,15.4447
node-000,2024-01-01 16:43:30,0.0726,0.0,9630878.3425,1.3775,123071.3683,45.8816,10.9399,16.276
node-001,2024-01-01 16:43:30,0.058,0.3873,6413979.6795,0.2027,99089.8512,6.4208,3.9587,48.0
node-002,2024-01-01 16:43:30,0.1138,11.0604,8438334.6953,1.0093,136053.6321,44.5017,4.4946,15.8117
node-003,2024-01-01 16:43:30,0.3162,0.6418,8296469.3377,0.6962,88319.4884,39.2049,6.9463,15.8465
node-004,2024-01-01 16:43:30,0.0927,6.7769,7193844.7807,0.6853,155175.0351,48.7134,8.0363,16.1432
node-005,2024-01-01 16:43:30,0.1152,8.967,8292490.6041,0.9108,110771.1681,40.1983,10.0882,15.9146
node-006,2024-01-01 16:43:30,0.0644,0.401,8241861.9405,1.0911,121956.8344,37.3199,12.0032,16.256
node-007,2024-01-01 16:43:30,0.0916,7.0544,7923777.6663,0.9045,154379.2761,43.3807,8.2396,16.1122
node-008,2024-01-01 16:43:30,0.1775,7.1084,8160084.0717,0.7993,123332.0405,38.2581,11.0325,15.9483
node-009,2024-01-01 16:43:30,0.1147,0.0,8536027.1253,0.9965,78286.3176,53.3351,9.9974,15.8566
node-010,2024-01-01 16:43:30,0.0857,5.4733,8460610.1395,0.7997,114632.7775,44.7564,14.9932,16.1799
node-011,2024-01-01 16:43:30,0.1108,0.0,8063783.7452,1.5326,122037.9368,48.1409,7.3383,15.6847
node-012,2024-01-01 16:43:30,0.1247,13.4925,8414860.4017,1.4963,126773.8232,42.4499,6.9649,15.8346
node-013,2024-01-01 16:43:30,0.0711,8.1252,8114615.1941,0.9071,155952.1455,45.712,8.994,15.779
node-014,2024-01-01 16:43:30,0.0976,0.5219,8217681.4567,0.9901,129301.8023,44.4974,4.0882,15.8694
node-015,2024-01-01 16:43:30,0.0,0.0984,6360054.638,0.1794,130980.9365,7.1923,3.9267,47.5927
node-016,2024-01-01 16:43:30,0.1444,0.2272,8484705.461,0.8948,141650.3057,51.8944,9.9099,16.0606
node-017,2024-01-01 16:43:30,0.1331,4.1429,7891049.6858,0.7795,114850.26,41.0541,6.9792,16.1856
node-018,2024-01-01 16:43:30,0.1081,0.0,8214863.6459,1.5014,147870.2126,43.1461,6.1912,15.8464
node-019,2024-01-01 16:43:30,0.071,0.3837,7775853.2014,0.9867,136786.2628,39.572,5.9959,15.8017
node-020,2024-01-01 16:43:30,0.0684,0.0,7963725.2874,0.802,114490.0763,46.3924,7.0675,15.5433
node-021,2024-01-01 16:43:30,0.0883,0.4515,8658899.2323,0.7022,124189.262,38.8209,7.4203,16.2252
node-022,2024-01-01 16:43:30,0.1047,6.9582,9493936.5944,0.6824,126847.7054,39.6704,4.9601,16.0092
node-023,2024-01-01 16:43:30,0.186,6.9009,8325961.8078,1.2946,126949.69,54.4391,7.0377,16.0383
node-024,2024-01-01 16:43:30,0.0883,6.2204,8354451.2013,0.9213,110418.2973,43.9479,7.0368,15.869
node-025,2024-01-01 16:43:30,0.3019,1.3213,8558984.3341,1.0087,134601.9258,53.4271,10.0389,16.1318
node-026,2024-01-01 16:43:30,0.1287,0.2674,9717346.2885,0.5767,126827.3851,39.9302,7.0454,15.9099
node-027,2024-01-01 16:43:30,0.1272,0.4199,7765411.7471,1.2548,116325.3486,53.6196,6.9321,16.0339
node-028,2024-01-01 16:43:30,0.0755,0.0919,5907999.6459,0.2974,117616.7982,6.7397,3.9736,47.6592
node-029,2024-01-01 16:43:30,0.0614,15.5148,8294509.0416,0.8974,132203.4537,45.605,5.0254,16.1152
node-000,2024-01-01 16:48:00,0.2555,0.4177,9189825.5296,0.8866,117017.2558,44.279,7.0214,15.6988
node-001,2024-01-01 16:48:00,0.0,0.1676,6395774.2947,0.2123,114438.6186,7.4678,4.0277,48.0
node-002,2024-01-01 16:48:00,0.0865,11.0198,8239844.4651,0.7244,142471.9753,39.043,7.9682,16.2303
node-003,2024-01-01 16:48:00,0.2782,0.4472,7847566.6884,0.9997,125517.2535,36.7513,10.682,15.8365
node-004,2024-01-01 16:48:00,0.0247,6.6098,7490618.9101,0.6463,148780.7499,45.6818,5.9383,16.4002
node-005,2024-01-01 16:48:00,0.9747,8.8924,8568399.6543,0.8171,112783.2434,44.459,14.0059,16.2396
node-006,2024-01-01 16:48:00,0.3273,0.0,7970288.0774,0.7925,128654.4079,42.6018,3.2806,16.0055
node-007,2024-01-01 16:48:00,0.3448,7.5458,7775490.576,0.6985,123993.9073,41.3195,7.0546,15.8108
node-008,2024-01-01 16:48:00,0.0627,6.4027,7802129.7123,0.7992,127417.2027,40.0721,7.0741,16.3174
node-009,2024-01-01 16:48:00,0.0911,0.0,8290657.6148,2.2774,145814.1317,49.236,8.1389,15.9125
node-010,2024-01-01 16:48:00,0.2262,4.966,8138032.9441,0.9427,124836.3108,44.4413,8.8043,16.0001
node-011,2024-01-01 16:48:00,0.1027,0.0,8337347.6186,0.9053,113382.5039,48.8312,8.9593,16.3907
node-012,2024-01-01 16:48:00,0.1207,13.7621,8450632.5579,0.6762,149611.1919,44.2864,6.1294,16.1152
node-013,2024-01-01 16:48:00,0.3308,7.8266,8719707.1236,0.7782,174596.2003,41.6508,5.9149,16.5074
node-014,2024-01-01 16:48:00,0.2029,0.0,7980273.0994,0.8016,141308.9785,37.5718,12.0077,16.1213
node-015,2024-01-01 16:48:00,0.0094,0.0,6430377.5505,0.1933,139533.5876,5.8932,2.5867,47.8712
node-016,2024-01-01 16:48:00,0.1523,0.0,8683200.8321,1.0946,194065.5677,46.6315,7.3292,16.097
node-017,2024-01-01 16:48:00,0.1085,3.394,8262659.4048,0.6723,119672.8038,41.6888,7.91,16.158
node-018,2024-01-01 16:48:00,0.1394,0.0,8141894.7369,1.174,141208.8511,40.7177,6.73,15.6288
node-019,2024-01-01 16:48:00,0.1049,0.54,7643567.2652,0.6659,120432.5287,41.8039,8.059,16.0564
node-020,2024-01-01 16:48:00,0.2048,0.0,7900013.8887,0.9418,125541.0834,45.1105,7.0265,16.01
node-021,2024-01-01 16:48:00,0.1278,0.0,8200719.5377,0.7958,131219.9366,37.7762,4.9603,15.9179
node-022,2024-01-01 16:48:00,0.1019,6.6377,9041188.9425,0.7721,135405.6901,39.1448,5.9667,15.7057
node-023,2024-01-01 16:48:00,0.0545,6.8962,8520550.8637,0.9608,148683.1611,46.2686,9.0586,16.3634
node-024,2024-01-01 16:48:00,0.2127,5.514,8300900.0374,0.9903,122044.7856,48.6576,5.9556,16.0018
node-025,2024-01-01 16:48:00,0.2453,0.0,8633822.3121,1.5358,90226.7866,51.7412,10.0343,15.8333
node-026,2024-01-01 16:48:00,0.0452,0.0,9873517.3309,0.834,121273.9053,38.8466,6.045,16.0453
node-027,2024-01-01 16:48:00,0.2132,0.0,8010670.3938,1.0009,137876.0391,50.3006,8.9132,16.1176
node-028,2024-01-01 16:48:00,0.0074,0.2114,5909917.5519,0.1855,133147.2841,6.3214,3.045,48.0
node-029,2024-01-01 16:48:00,0.1218,14.9483,7864751.8682,0.6947,144297.684,38.5295,7.9408,15.9712
node-000,2024-01-01 16:52:30,0.1532,0.0,9504530.3007,0.9957,154161.859,40.6085,7.9543,15.9232
node-001,2024-01-01 16:52:30,0.0,0.1831,6138286.9491,0.1844,127377.2424,6.6159,3.8691,47.8818
node-002,2024-01-01 16:52:30,0.1184,10.9724,8534197.9,0.9993,118478.881,44.5721,8.0307,15.8931
node-003,2024-01-01 16:52:30,0.1021,0.0102,7737930.6886,1.0077,115830.3601,39.3471,7.9784,16.055
node-004,2024-01-01 16:52:30,0.0801,5.7819,7539007.9741,1.0152,170115.5591,43.8168,8.0254,15.9792
node-005,2024-01-01 16:52:30,0.056,8.7033,8208385.0363,0.7728,128617.4092,40.7908,8.6293,15.9586
node-006,2024-01-01 16:52:30,0.1456,0.0,8008369.346,0.9887,106522.8941,41.3928,4.9484,16.3761
node-007,2024-01-01 16:52:30,0.0958,7.8909,7474324.1918,0.8849,124605.9125,46.7629,8.0373,15.7578
node-008,2024-01-01 16:52:30,0.1296,7.1542,7722603.1691,0.8101,122424.8468,39.0806,8.4897,15.9688
node-009,2024-01-01 16:52:30,0.2098,0.0,8789100.7791,1.0025,117465.6115,53.1987,10.0486,15.8636
node-010,2024-01-01 16:52:30,0.1098,4.4225,8100455.1837,0.9055,113045.1964,43.4788,11.125,16.2484
node-011,2024-01-01 16:52:30,0.1498,0.0,8011707.3417,1.0517,114238.262,52.3796,9.9846,15.7287
node-012,2024-01-01 16:52:30,0.1068,14.4395,8488673.8005,0.7694,119969.6695,43.8981,7.9799,16.1774
node-013,2024-01-01 16:52:30,0.0749,7.5482,8172163.4903,1.4036,173480.7546,38.5315,8.0116,16.2021
node-014,2024-01-01 16:52:30,0.181,0.0,7858279.3381,1.2001,121119.4401,39.1906,8.016,15.8808
node-015,2024-01-01 16:52:30,0.0,0.0,6249458.3495,0.1996,144199.2247,5.6942,5.0514,47.6821
node-016,2024-01-01 16:52:30,0.1222,0.0,8493604.2574,0.9667,134604.0063,52.889,7.9072,16.522
node-017,2024-01-01 16:52:30,0.044,3.0728,8025135.5101,0.9984,134842.5774,39.5437,7.0828,16.2096
node-018,2024-01-01 16:52:30,0.116,0.2322,8311646.908,1.505,122806.1214,36.5859,4.8589,15.9217
node-019,2024-01-01 16:52:30,0.098,0.0,7948079.114,0.8871,118788.9144,42.8618,9.0108,16.1048
node-020,2024-01-01 16:52:30,0.1141,0.227,7851081.9679,0.8969,137231.7758,44.6291,9.9309,16.0462
node-021,2024-01-01 16:52:30,0.0762,0.0815,8253318.9409,0.9145,125479.0986,41.9071,7.0078,16.1802
node-022,2024-01-01 16:52:30,0.376,8.3605,9593408.7045,0.6036,133496.1124,38.7339,5.0032,16.1398
node-023,2024-01-01 16:52:30,0.1365,6.8757,8381094.0745,1.2722,123417.88,50.5178,6.8069,15.779
node-024,2024-01-01 16:52:30,0.0824,6.2663,8578149.8501,1.0502,95925.871,45.6715,5.8809,15.8517
node-025,2024-01-01 16:52:30,0.1093,0.8281,8539552.2733,0.902,136095.5535,54.1096,6.5339,16.2223
node-026,2024-01-01 16:52:30,0.118,0.0,9561495.9472,0.6236,133284.645,42.4121,6.9948,15.9383
node-027,2024-01-01 16:52:30,0.0863,0.5232,8216660.2078,1.0615,141301.5826,49.1109,15.9899,15.7962
node-028,2024-01-01 16:52:30,0.0,0.0,5668194.1783,0.3084,124211.8373,6.7952,2.9951,48.0
node-029,2024-01-01 16:52:30,0.0781,14.1749,8109909.6442,0.7079,126461.3114,42.6793,7.261,16.2825
node-000,2024-01-01 16:57:00,0.0362,0.0,9187982.2433,0.9653,133457.4541,43.7684,12.0793,16.1507
node-001,2024-01-01 16:57:00,0.05,0.0,6476437.6811,0.1865,123179.8028,7.0975,3.0127,48.0
node-002,2024-01-01 16:57:00,0.1912,10.1745,8651038.1668,0.9093,127812.2742,44.3335,7.9678,15.9123
node-003,2024-01-01 16:57:00,0.1103,0.0154,8175155.5369,1.2893,119511.1516,41.2533,5.9598,15.8211
node-004,2024-01-01 16:57:00,0.0279,7.5111,7174551.5522,0.622,146295.4669,45.2352,7.0311,16.1244
node-005,2024-01-01 16:57:00,0.0708,8.3641,7986127.9105,0.9568,129972.2955,47.1857,4.912,15.9944
node-006,2024-01-01 16:57:00,0.1067,0.0,8349095.9074,1.0163,146971.8146,42.7697,7.0169,15.7509
node-007,2024-01-01 16:57:00,0.0882,7.1346,7739907.4531,0.6859,135283.3325,45.5935,6.1535,16.1102
node-008,2024-01-01 16:57:00,0.0621,7.5894,8217634.6749,0.7496,94576.3905,36.568,9.8665,16.039
node-009,2024-01-01 16:57:00,0.1154,0.0,8661231.6528,1.4151,120122.5229,49.6212,7.9083,15.9899
node-010,2024-01-01 16:57:00,0.0953,5.698,8113247.7519,0.8917,99198.415,43.5725,9.0634,15.8999
node-011,2024-01-01 16:57:00,0.0837,0.0,8228041.7334,0.9292,141901.635,50.9943,6.9601,15.6413
node-012,2024-01-01 16:57:00,0.0892,14.0136,8603702.9686,0.9187,135760.0884,43.2615,8.0354,15.7218
node-013,2024-01-01 16:57:00,0.1089,8.1327,8265911.7569,1.0295,158761.2022,43.9873,6.4499,15.9634
node-014,2024-01-01 16:57:00,0.111,0.0,8540470.662,0.8988,126437.5182,37.6163,8.2987,16.0423
node-015,2024-01-01 16:57:00,0.026,0.4104,6005824.2368,0.2006,109434.7624,5.6789,6.876,47.9019
node-016,2024-01-01 16:57:00,0.0,0.3776,8635330.2127,1.112,162932.2954,51.3194,9.0458,16.2246
node-017,2024-01-01 16:57:00,0.1073,3.9599,8057222.0698,0.7137,120862.1236,41.7961,5.104,15.9535
node-018,2024-01-01 16:57:00,0.087,0.0,8101728.1412,1.2925,114187.9897,40.3065,7.9172,15.9473
node-019,2024-01-01 16:57:00,0.0549,0.0,7982927.5119,0.8065,125053.7828,39.2032,5.0917,15.6015
node-020,2024-01-01 16:57:00,0.0871,0.0,7937192.7851,1.0983,126623.5795,45.6822,6.9397,15.9896
node-021,2024-01-01 16:57:00,0.1751,0.339,8410431.8429,0.8571,144277.5189,40.4065,7.1061,15.758
node-022,2024-01-01 16:57:00,0.1698,7.0038,9508875.4635,0.8037,130903.543,43.7063,5.6373,16.3173
node-023,2024-01-01 16:57:00,0.1039,7.0986,8484310.3677,0.995,118417.9216,51.495,11.9557,16.3114
node-024,2024-01-01 16:57:00,0.1033,6.2194,8536136.9555,1.1088,116206.3291,45.2614,8.2286,15.7692
node-025,2024-01-01 16:57:00,0.1615,0.6092,8739768.0085,1.27,117145.5024,54.1309,9.0164,16.1329
node-026,2024-01-01 16:57:00,0.0825,0.996,9528769.3327,0.8207,109420.89,39.5012,5.9623,16.27
node-027,2024-01-01 16:57:00,0.0628,0.04,7854043.2031,0.8924,161764.5651,51.4069,11.1536,16.4588
node-028,2024-01-01 16:57:00,0.0297,0.2674,5714627.6774,0.211,119158.66,6.3718,3.0578,48.0
node-029,2024-01-01 16:57:00,0.1052,14.8979,8169922.9158,0.9433,145643.1,43.0281,6.9441,16.1873
node-000,2024-01-01 17:01:30,0.198,0.2899,9004975.2614,1.0339,128535.863,38.7398,9.9558,15.9107
node-001,2024-01-01 17:01:30,0.0441,0.5708,6009832.4083,0.1924,129480.3302,6.6729,2.953,47.967
node-002,2024-01-01 17:01:30,0.1013,11.4048,8279533.9692,0.9071,127261.3511,42.2984,6.0131,16.0392
node-003,2024-01-01 17:01:30,0.0754,0.9001,8015779.8969,1.0892,131164.3595,46.568,8.9862,16.196
node-004,2024-01-01 17:01:30,0.1113,6.2789,7235166.6403,0.899,125712.6011,44.7027,11.8027,16.258
node-005,2024-01-01 17:01:30,0.1206,10.009,8160514.402,1.7938,93360.4873,45.9841,6.9461,16.0191
node-006,2024-01-01 17:01:30,0.1852,0.933,7915828.9598,0.8913,110573.3608,37.9272,5.8224,15.6981
node-007,2024-01-01 17:01:30,0.1328,7.2163,7810108.8593,0.8685,127846.1495,50.4512,6.1345,15.5919
node-008,2024-01-01 17:01:30,0.0093,6.8584,8009944.8977,0.6069,113023.3115,42.4412,7.9884,15.7808
node-009,2024-01-01 17:01:30,0.1206,0.0,8566145.958,1.0947,120232.2619,52.6377,8.06,15.7759
node-010,2024-01-01 17:01:30,0.0932,4.2934,7979359.5259,1.0946,121844.7626,44.1558,8.9983,16.2315
node-011,2024-01-01 17:01:30,0.0581,0.0,8384490.5181,1.4618,110357.7226,48.0958,6.9205,16.1339
node-012,2024-01-01 17:01:30,0.091,13.9169,8355903.1511,0.9004,94340.1174,39.9799,6.9603,16.0159
node-013,2024-01-01 17:01:30,0.0632,7.6217,8229450.2212,1.3975,178192.7681,43.2069,6.9018,15.7598
node-014,2024-01-01 17:01:30,0.089,0.6926,8092953.6876,0.9792,111509.7275,40.2143,5.9876,15.9217
node-015,2024-01-01 17:01:30,0.0,0.0,5842751.9723,0.1794,154011.9516,5.8476,2.1873,48.0
node-016,2024-01-01 17:01:30,0.108,0.3194,8435835.3899,0.9654,158033.5781,51.1124,7.0056,16.1987
node-017,2024-01-01 17:01:30,0.0866,3.6272,7866646.6488,0.7632,114578.42,50.3503,6.0053,16.316
node-018,2024-01-01 17:01:30,0.0687,0.0,8012072.0545,0.9944,132870.7883,38.2792,5.9018,16.4151
node-019,2024-01-01 17:01:30,0.1628,0.0,8118558.3452,0.9036,117796.7779,40.0048,6.188,16.0604
node-020,2024-01-01 17:01:30,0.0822,0.5097,7992146.4213,0.8882,100046.0649,45.2879,6.9175,16.1041
node-021,2024-01-01 17:01:30,0.1233,0.5271,8526189.606,0.8875,124624.45,38.5299,9.9284,16.1119
node-022,2024-01-01 17:01:30,0.1383,6.8198,9346378.5343,0.6602,129376.5329,39.8502,6.0157,16.3342
node-023,2024-01-01 17:01:30,0.1565,7.2678,8658677.2326,1.0124,121442.5809,48.8229,9.0183,15.9651
node-024,2024-01-01 17:01:30,0.1284,6.1922,8132617.268,0.8942,127856.2638,40.5906,9.1206,15.8862
node-025,2024-01-01 17:01:30,0.1112,0.2229,8657041.1315,0.9484,110420.6099,48.693,7.1682,16.2164
node-026,2024-01-01 17:01:30,0.0589,0.0,9471948.3169,1.2685,119968.2844,39.2479,6.0911,16.0761
node-027,2024-01-01 17:01:30,0.0054,0.2861,7873382.7709,1.1806,131459.5272,50.131,8.9443,16.0172
node-028,2024-01-01 17:01:30,0.0,0.0,5692026.4739,0.294,114739.2994,6.5935,2.7432,47.8298
node-029,2024-01-01 17:01:30,0.0665,14.7815,8032448.105,1.0256,157348.8902,43.8417,8.0291,16.0854
node-000,2024-01-01 17:06:00,0.0888,0.6547,9168271.485,1.396,119403.1506,44.1377,7.1163,16.0185
node-001,2024-01-01 17:06:00,0.0,0.0,6309593.7655,0.2082,117883.9274,6.9868,1.8995,47.9436
node-002,2024-01-01 17:06:00,0.1217,10.8439,8197201.1474,0.8772,122374.9843,44.971,8.311,15.8404
node-003,2024-01-01 17:06:00,0.0238,0.0,7831350.8754,1.1989,127365.0395,38.2303,8.0668,15.9907
node-004,2024-01-01 17:06:00,0.3319,6.868,7459494.6671,0.8043,147298.3366,43.2898,5.0143,16.1431
node-005,2024-01-01 17:06:00,0.1755,9.2494,8492618.0431,1.0191,126181.6332,48.2262,12.9844,16.0821
node-006,2024-01-01 17:06:00,0.0895,0.0,8162871.8553,1.4989,130233.5404,41.8398,7.0834,16.4096
node-007,2024-01-01 17:06:00,0.1267,7.0884,7916289.4067,0.6886,112124.4406,41.376,7.9463,16.0558
node-008,2024-01-01 17:06:00,0.044,6.8194,7794242.7524,0.9003,118679.9937,41.169,8.0127,15.8746
node-009,2024-01-01 17:06:00,0.1001,0.3342,8259472.0474,0.9007,136095.6068,47.4979,8.9126,15.8218
node-010,2024-01-01 17:06:00,0.1573,5.2834,7972909.5486,1.3249,135649.165,41.7743,7.0678,15.9864
node-011,2024-01-01 17:06:00,0.1613,0.2947,8179380.8917,1.4581,106608.1021,49.3765,8.6558,16.1041
node-012,2024-01-01 17:06:00,0.0,14.6478,8320781.2871,0.9159,132796.6493,41.1331,7.7772,15.9661
node-013,2024-01-01 17:06:00,0.0503,7.803,8090041.1037,1.0847,148599.462,45.3388,7.0887,15.8669
node-014,2024-01-01 17:06:00,0.1628,0.4011,7961932.6893,0.8994,112724.6977,35.9325,5.106,16.002
node-015,2024-01-01 17:06:00,0.033,0.5031,5847236.2486,0.2138,86289.4229,6.3378,2.9242,48.0
node-016,2024-01-01 17:06:00,0.0704,0.0,8242544.7068,1.0017,181509.8989,48.4226,7.9652,16.1502
node-017,2024-01-01 17:06:00,0.1724,3.7831,7788799.0154,0.8898,140671.4961,39.3912,6.9639,16.1332
node-018,2024-01-01 17:06:00,0.0999,0.0,8105830.637,1.1897,116556.701,34.9373,3.9655,15.5027
node-019,2024-01-01 17:06:00,0.1099,0.0,7755235.1437,0.6293,173500.0635,44.4671,8.0109,16.1936
node-020,2024-01-01 17:06:00,0.0725,0.0,7853630.5294,1.4918,115573.2683,48.8608,3.961,16.1106
node-021,2024-01-01 17:06:00,0.1268,0.244,8175878.2302,0.8071,135942.06,42.0623,5.9333,15.8441
node-022,2024-01-01 17:06:00,0.1288,6.5629,8915771.5811,0.8085,116567.8949,44.2735,6.8432,16.0954
node-023,2024-01-01 17:06:00,0.1921,6.8062,8538089.8797,0.9081,114438.984,51.099,12.0114,16.025
node-024,2024-01-01 17:06:00,0.0309,6.0807,8221396.1345,1.0687,138951.7931,46.9629,10.0855,15.9415
node-025,2024-01-01 17:06:00,0.133,0.0,8567931.1669,0.9827,116190.25,53.6532,6.9712,15.1945
node-026,2024-01-01 17:06:00,0.0795,0.0,9391586.6929,0.7889,130384.9198,38.7533,6.058,16.0534
node-027,2024-01-01 17:06:00,0.1216,0.414,7912087.5453,1.0471,103459.2738,50.6163,8.0797,15.904
node-028,2024-01-01 17:06:00,0.0,0.0,5666360.3141,0.3018,123886.3567,6.1462,3.9884,47.814
node-029,2024-01-01 17:06:00,0.0783,15.6354,7699372.5817,0.9035,163421.4436,47.2262,6.1182,16.1817
node-000,2024-01-01 17:10:30,0.1008,0.0,9089442.6556,0.9083,129275.8512,39.8381,10.6906,15.9177
node-001,2024-01-01 17:10:30,0.0,0.4227,6077134.3658,0.0971,110282.8645,6.3814,4.9393,48.0
node-002,2024-01-01 17:10:30,0.1019,11.338,8687893.0699,0.9096,120598.793,46.0491,6.1279,15.6407
node-003,2024-01-01 17:10:30,0.1109,0.0,8073547.4832,0.5682,134752.0852,38.7121,6.3679,16.1919
node-004,2024-01-01 17:10:30,0.0943,7.5866,7237702.341,0.7838,157256.7799,44.752,6.9222,15.9585
node-005,2024-01-01 17:10:30,0.3897,9.0382,8535774.8509,0.8653,130398.3055,43.2845,6.113,15.9469
node-006,2024-01-01 17:10:30,0.1288,0.0,8127718.4592,0.856,109739.5931,42.7791,7.3643,15.8949
node-007,2024-01-01 17:10:30,0.1189,7.5472,7696743.5552,1.0877,131112.0547,40.6274,6.006,15.8957
node-008,2024-01-01 17:10:30,0.1326,7.0706,8026866.0276,0.6986,120809.8821,39.8499,5.9355,15.2454
node-009,2024-01-01 17:10:30,0.1874,0.4194,8205564.1012,1.0315,115258.6183,51.5514,6.0183,15.6358
node-010,2024-01-01 17:10:30,0.0724,4.9822,8027730.154,1.1222,118753.1864,54.6279,6.0613,16.514
node-011,2024-01-01 17:10:30,0.0094,0.0,8044087.2794,0.9958,112141.7021,53.2128,8.0756,15.881
node-012,2024-01-01 17:10:30,0.0928,14.632,8005393.1332,0.8938,122539.4788,44.5146,5.0151,16.0963
node-013,2024-01-01 17:10:30,0.1009,8.2028,8447532.0295,0.8798,147806.237,43.7744,6.9953,16.0736
node-014,2024-01-01 17:10:30,0.101,0.0,8162814.4602,0.8868,131372.1071,39.0926,6.0172,15.8569
node-015,2024-01-01 17:10:30,0.0,0.4197,5869818.6464,0.2123,112858.9342,5.9802,2.966,48.0
node-016,2024-01-01 17:10:30,0.1321,0.0,8409305.5366,1.0495,138856.7887,51.6812,8.8172,15.859
node-017,2024-01-01 17:10:30,0.1018,4.207,8056855.1783,0.6,127419.3944,41.6261,8.8981,15.9366
node-018,2024-01-01 17:10:30,0.2223,0.0,8183010.9183,1.1034,113107.5428,49.6483,6.0231,16.1113
node-019,2024-01-01 17:10:30,0.1504,0.0,7690012.0363,0.6887,116870.4456,43.3654,8.1322,16.2658
node-020,2024-01-01 17:10:30,0.0808,0.5688,7646408.4838,0.8107,143489.1339,48.7975,10.9691,15.6815
node-021,2024-01-01 17:10:30,0.0819,0.0,8247579.3221,0.6863,125449.1268,39.168,7.986,15.916
node-022,2024-01-01 17:10:30,0.1039,6.6699,9175884.3337,1.0239,115075.2803,40.6359,6.9539,15.4651
node-023,2024-01-01 17:10:30,0.0,7.6586,8197480.1811,0.6986,128204.4276,49.7981,8.9112,16.0511
node-024,2024-01-01 17:10:30,0.0995,5.5752,8600860.2859,0.931,126896.1222,44.473,7.9711,15.8964
node-025,2024-01-01 17:10:30,0.1235,0.0,8647162.1645,1.0992,114394.1138,51.8115,13.98,15.7587
node-026,2024-01-01 17:10:30,0.211,0.0,9650628.1329,0.9174,140044.2126,40.6248,5.4816,15.785
node-027,2024-01-01 17:10:30,0.0478,0.0,8130524.1387,1.0829,161055.0378,50.8784,5.9884,16.2284
node-028,2024-01-01 17:10:30,0.0,0.0,5508598.7742,0.1873,127965.4017,5.7688,1.9766,48.0
node-029,2024-01-01 17:10:30,0.0987,15.2728,7895237.617,1.1086,172001.773,45.0358,8.0374,15.856
node-000,2024-01-01 17:15:00,0.1187,0.0,9069785.6797,1.1949,124110.649,44.1478,5.9541,16.3253
node-001,2024-01-01 17:15:00,0.0,0.0735,6104124.9087,0.1882,127872.0345,6.5294,3.9713,47.8415
node-002,2024-01-01 17:15:00,0.0888,11.8936,8349296.5665,0.9034,142794.1312,43.1111,6.9716,16.1993
node-003,2024-01-01 17:15:00,0.1234,0.022,7995046.041,1.0528,112710.9224,44.2697,7.9327,16.0946
node-004,2024-01-01 17:15:00,0.1,6.7293,7622508.1414,0.6165,150736.3283,40.2441,5.0664,16.2137
node-005,2024-01-01 17:15:00,0.0807,8.7543,8014723.6924,1.525,124116.6694,40.0029,5.007,15.8209
node-006,2024-01-01 17:15:00,0.0426,0.8035,8103276.4183,1.4318,134334.3787,42.008,10.0034,15.8628
node-007,2024-01-01 17:15:00,0.1134,6.6802,7606832.1813,0.6212,120069.0035,42.0392,6.9315,16.206
node-008,2024-01-01 17:15:00,0.101,6.3844,7764028.4878,0.8842,74771.4104,38.3552,6.6302,16.4804
node-009,2024-01-01 17:15:00,0.0769,0.0,8600564.3794,1.0551,129243.2553,49.9264,9.0232,15.7906
node-010,2024-01-01 17:15:00,0.108,4.6004,7923063.4424,1.0439,130028.3258,43.7582,8.055,16.1191
node-011,2024-01-01 17:15:00,0.0933,0.0,8099219.9982,1.2817,118544.9996,48.3206,8.0296,15.7332
node-012,2024-01-01 17:15:00,0.0743,13.5077,8218787.2874,1.1018,136468.0892,46.3621,6.0966,16.0221
node-013,2024-01-01 17:15:00,0.1535,8.0724,8498058.0519,0.9839,149879.1907,43.9465,14.9899,15.8914
node-014,2024-01-01 17:15:00,0.0785,0.849,8021691.1019,0.7145,126681.0943,39.4284,8.9271,15.9419
node-015,2024-01-01 17:15:00,0.0,0.0,5921265.2409,0.1107,129913.0527,7.6175,2.9164,48.0
node-016,2024-01-01 17:15:00,0.0731,0.819,8457280.1724,1.9137,176262.5362,48.4814,7.8629,16.324
node-017,2024-01-01 17:15:00,0.09,3.9379,7980820.4392,0.78,97726.4836,38.6409,6.0685,15.8342
node-018,2024-01-01 17:15:00,0.0932,0.8038,8317164.5636,1.517,111661.8234,39.9593,9.0582,15.647
node-019,2024-01-01 17:15:00,0.1274,0.0,7958124.0755,0.7334,104915.9519,42.9129,9.6726,15.9881
node-020,2024-01-01 17:15:00,0.0,0.0,7910606.9992,1.339,116216.4306,42.4303,7.034,16.1214
node-021,2024-01-01 17:15:00,0.216,0.0,8459380.6334,0.5476,108382.1759,38.3742,8.1529,15.8452
node-022,2024-01-01 17:15:00,0.0832,6.7576,9086183.5188,0.6179,104467.9552,41.2957,7.0438,16.0075
node-023,2024-01-01 17:15:00,0.1283,5.8533,8163187.5559,1.0147,136597.0633,46.0237,8.6033,15.8175
node-024,2024-01-01 17:15:00,0.1344,5.6467,8203956.7498,0.8872,136899.7999,38.7532,6.0558,16.0817
node-025,2024-01-01 17:15:00,0.2009,0.0,8396499.309,0.9836,96591.9499,45.9488,7.0075,15.7085
node-026,2024-01-01 17:15:00,0.0741,0.4275,9697468.8002,0.7264,121501.392,39.9753,6.0595,16.0391
node-027,2024-01-01 17:15:00,0.1126,0.0,8071560.9151,0.9265,123872.0361,52.3522,8.3304,16.1618
node-028,2024-01-01 17:15:00,0.0,0.5187,5855353.8178,0.2076,157721.7369,6.6266,2.9952,47.6942
node-029,2024-01-01 17:15:00,0.1423,14.5956,7678399.1135,0.7839,148785.4816,45.4381,7.7232,15.7607
node-000,2024-01-01 17:19:30,0.1434,1.1037,9072115.2619,0.7777,90665.2965,44.1002,5.9594,15.9285
node-001,2024-01-01 17:19:30,0.064,0.0,6168530.9036,0.2161,129586.2213,7.3834,2.9499,47.617
node-002,2024-01-01 17:19:30,0.1614,11.4599,8725158.2651,0.9482,126886.7655,43.9298,5.9601,16.2544
node-003,2024-01-01 17:19:30,0.1109,0.2319,7867375.1702,1.1921,118540.1625,42.7974,4.902,15.8405
node-004,2024-01-01 17:19:30,0.0978,7.9578,7417724.2779,0.6971,144051.842,42.9792,5.9698,16.2949
node-005,2024-01-01 17:19:30,0.0947,8.5073,8203468.2474,1.0969,147859.0776,44.3355,9.8528,16.1619
node-006,2024-01-01 17:19:30,0.1003,0.0,8209073.0633,0.9117,120557.3027,42.4943,3.5761,15.6601
node-007,2024-01-01 17:19:30,0.1799,6.7723,7665576.9079,0.7149,136871.313,42.7564,6.8741,15.8455
node-008,2024-01-01 17:19:30,0.1125,7.271,8113978.9415,0.8612,130364.661,39.3696,6.9373,15.9024
node-009,2024-01-01 17:19:30,0.1753,0.4596,8293080.474,1.0141,130482.1003,48.5943,7.7032,15.8161
node-010,2024-01-01 17:19:30,0.1512,4.2092,7975051.4853,1.1831,105533.3093,44.839,8.9893,15.8448
node-011,2024-01-01 17:19:30,0.139,0.0,8529958.3915,1.2943,128841.7224,52.0584,6.8828,15.8991
node-012,2024-01-01 17:19:30,0.1212,14.1385,7996006.118,0.8098,129597.6528,46.1584,9.049,16.0226
node-013,2024-01-01 17:19:30,0.0639,7.3148,8280414.6897,0.9077,172849.5572,42.5051,6.9022,15.4859
node-014,2024-01-01 17:19:30,0.1848,0.0,7967560.5708,0.6854,135688.4979,41.9288,5.9152,15.9833
node-015,2024-01-01 17:19:30,0.0914,0.9864,5736672.4122,0.1005,118828.9261,6.654,3.0778,47.8614
node-016,2024-01-01 17:19:30,0.1021,0.3985,8141400.0206,1.0735,166921.085,53.1277,9.0862,15.8818
node-017,2024-01-01 17:19:30,0.1121,4.191,7743010.9368,0.6338,124911.8202,41.7728,5.9839,15.6316
node-018,2024-01-01 17:19:30,0.0847,0.0347,8262971.617,1.0672,115710.9251,38.221,8.051,15.9643
node-019,2024-01-01 17:19:30,0.1003,0.2806,8035071.624,0.7038,123614.7769,38.3327,4.8967,16.2341
node-020,2024-01-01 17:19:30,0.1209,0.0,8053035.1992,0.8071,139398.9136,47.121,4.9752,16.0289
node-021,2024-01-01 17:19:30,0.1123,0.401,8283863.3989,0.6537,127523.9061,41.2238,7.6838,15.8382
node-022,2024-01-01 17:19:30,0.1405,6.6211,8942418.1763,1.15,126382.2358,41.8165,8.0288,15.846
node-023,2024-01-01 17:19:30,0.1126,6.1722,8463511.5411,0.9083,131090.4956,52.4571,9.94,15.8239
node-024,2024-01-01 17:19:30,0.1154,6.3195,8008422.3873,0.913,118095.9058,40.2768,10.7371,15.6725
node-025,2024-01-01 17:19:30,0.2362,0.0394,8609362.8815,0.8908,132171.3003,50.1255,9.0144,16.3454
node-026,2024-01-01 17:19:30,0.195,0.202,9804100.0977,0.6359,120337.6476,44.0128,7.9643,15.8475
node-027,2024-01-01 17:19:30,0.0625,0.0,7690352.0417,1.0744,131076.1893,50.7488,10.0301,15.7088
node-028,2024-01-01 17:19:30,0.0069,0.0818,5596238.142,0.2106,120276.5171,7.4578,2.9053,47.5115
node-029,2024-01-01 17:19:30,0.1803,14.9004,7627448.8607,0.9792,157985.7921,47.7989,6.937,15.6344
node-000,2024-01-01 17:24:00,0.0,0.0,9159987.9456,0.7859,114212.5587,44.4614,8.0196,16.1252
node-001,2024-01-01 17:24:00,0.0047,0.5189,6595261.8385,0.1934,117460.2479,7.9127,3.9899,47.8394
node-002,2024-01-01 17:24:00,0.1001,11.5195,8436426.8725,0.8756,129841.4848,47.1944,6.0178,15.9782
node-003,2024-01-01 17:24:00,0.2502,0.0,7824404.0295,0.7703,141312.5167,38.5443,7.6886,16.508
node-004,2024-01-01 17:24:00,0.1357,7.6023,7488038.404,0.7154,151679.1151,46.3395,10.0011,16.1555
node-005,2024-01-01 17:24:00,0.08,9.0719,8486035.0831,0.9002,134703.6353,47.068,7.0389,16.0022
node-006,2024-01-01 17:24:00,0.0872,0.0,8046264.7966,0.9307,115283.8575,41.0392,6.0427,16.413
node-007,2024-01-01 17:24:00,0.1841,6.9332,7513203.2845,0.728,116918.261,46.1154,8.0168,16.1268
node-008,2024-01-01 17:24:00,0.0762,6.438,7857893.7219,0.6767,131122.6441,35.9179,12.0752,15.9741
node-009,2024-01-01 17:24:00,0.1419,0.3013,8479572.7693,1.3013,123657.3089,49.0239,10.0407,15.3816
node-010,2024-01-01 17:24:00,0.1762,4.7297,7974856.6161,0.899,125800.0724,43.8837,7.5634,15.863
node-011,2024-01-01 17:24:00,0.1769,0.0,8256496.1489,0.9959,111942.8425,51.9867,9.0195,15.983
node-012,2024-01-01 17:24:00,0.1417,14.661,8378997.6492,0.9928,140335.48,44.5124,5.0949,16.3636
node-013,2024-01-01 17:24:00,0.0657,8.1522,8406364.0052,0.9974,127223.2836,45.0832,4.8976,16.1148
node-014,2024-01-01 17:24:00,0.1149,0.0,7785572.8548,0.6932,119161.245,38.8756,7.0124,16.1315
node-015,2024-01-01 17:24:00,0.0012,0.3681,5721805.1346,0.189,126807.6821,6.0896,3.5427,48.0
node-016,2024-01-01 17:24:00,0.0442,0.9059,8250440.2203,1.0593,138533.7453,50.2592,7.0141,16.0003
node-017,2024-01-01 17:24:00,0.071,4.0576,8140521.8671,0.7149,98561.8189,38.6391,6.8737,15.6701
node-018,2024-01-01 17:24:00,0.1934,0.3133,7813061.0865,1.1161,137142.1142,39.3116,8.1283,15.8196
node-019,2024-01-01 17:24:00,0.1426,0.0,7632705.1315,0.9077,124894.5846,44.4226,6.9893,15.8338
node-020,2024-01-01 17:24:00,0.1284,0.0,7991850.9159,0.9035,127532.3647,44.4748,5.9452,16.0234
node-021,2024-01-01 17:24:00,0.0588,0.6019,8523986.5272,0.9249,135969.3883,37.8045,6.8806,16.0486
node-022,2024-01-01 17:24:00,0.1244,6.4626,9047084.8045,0.6857,115886.4814,39.2361,6.9772,16.1096
node-023,2024-01-01 17:24:00,0.083,6.1331,8441852.141,1.1128,128941.6539,48.0316,7.0879,16.0574
node-024,2024-01-01 17:24:00,0.103,5.8109,8436308.343,0.778,128278.6473,44.0854,10.0084,15.9238
node-025,2024-01-01 17:24:00,0.113,0.0,8607525.5825,0.9969,106087.9185,50.2555,14.0337,16.204
node-026,2024-01-01 17:24:00,0.0952,0.0,9696922.2957,0.8235,144994.7855,38.8142,8.431,16.1718
node-027,2024-01-01 17:24:00,0.0978,0.0675,7644531.4825,1.5954,88341.3024,55.7943,8.9442,15.8939
node-028,2024-01-01 17:24:00,0.0,0.0,5564960.893,0.2025,108839.6984,6.5634,2.9144,47.7676
node-029,2024-01-01 17:24:00,0.1044,14.6792,7813111.8032,0.8855,153896.0178,47.209,10.088,16.1572
node-000,2024-01-01 17:28:30,0.1542,0.0,9085908.6101,0.7816,119344.1847,44.4821,9.9131,15.9472
node-001,2024-01-01 17:28:30,0.015,0.0,6684539.1618,0.2096,96974.6162,6.6321,2.9692,47.6032
node-002,2024-01-01 17:28:30,0.0542,10.5158,8441247.8761,0.9116,114478.2338,48.0215,9.0404,15.639
node-003,2024-01-01 17:28:30,0.2485,0.4668,8032633.4525,0.7912,108732.196,42.1817,5.0652,16.2957
node-004,2024-01-01 17:28:30,0.0789,6.3501,7394748.9399,0.709,162406.3179,45.4779,8.8734,15.7412
node-005,2024-01-01 17:28:30,0.1367,8.6811,8235287.7239,1.2491,117358.5616,43.628,6.9488,16.4115
node-006,2024-01-01 17:28:30,0.0886,0.515,7819545.4481,0.8909,121416.206,39.3141,6.877,15.9644
node-007,2024-01-01 17:28:30,0.105,6.6006,7621240.2483,0.6963,137071.5543,40.3875,5.0148,16.2118
node-008,2024-01-01 17:28:30,0.1372,6.8784,7973514.515,0.9135,118125.6223,38.8772,6.9829,15.9738
node-009,2024-01-01 17:28:30,0.2028,0.0,8304472.3412,0.9005,99225.0026,51.7994,9.892,15.9694
node-010,2024-01-01 17:28:30,0.0,5.3129,7950709.2258,0.8951,114780.5085,44.2645,7.9804,15.6983
node-011,2024-01-01 17:28:30,0.106,0.3864,8197498.6068,0.8802,124541.6568,55.4125,12.9549,15.8516
node-012,2024-01-01 17:28:30,0.2557,13.5931,8177060.4194,0.9672,125812.0554,47.9436,8.1406,15.7967
node-013,2024-01-01 17:28:30,0.0825,7.7673,8310046.7891,1.0005,137103.9637,48.309,9.0215,15.8497
node-014,2024-01-01 17:28:30,0.1247,0.0,8012964.9312,0.8103,137035.5771,44.0871,6.133,15.8144
node-015,2024-01-01 17:28:30,0.0,0.0,5907020.693,0.174,135700.2617,6.8318,3.1608,48.0
node-016,2024-01-01 17:28:30,0.0725,0.4827,8002456.8775,1.0015,167375.8095,53.4527,6.9449,16.1933
node-017,2024-01-01 17:28:30,0.1425,4.1261,8185590.5631,0.775,115931.8419,42.3162,7.2939,15.7102
node-018,2024-01-01 17:28:30,0.0842,0.5227,8231938.8073,1.2061,122545.9417,40.2708,5.8438,16.2602
node-019,2024-01-01 17:28:30,0.0353,0.1364,8096300.5412,0.8007,116825.95,37.6559,6.0495,15.9418
node-020,2024-01-01 17:28:30,0.0748,0.0,8019845.0034,1.3285,126291.5441,45.8326,9.9246,16.188
node-021,2024-01-01 17:28:30,0.0942,0.6744,8389471.3369,0.6908,122120.6267,41.2411,6.0381,15.962
node-022,2024-01-01 17:28:30,0.0976,7.0004,9181455.5828,0.6439,131260.8907,39.2513,11.0615,16.1776
node-023,2024-01-01 17:28:30,0.1162,6.8966,8310742.2778,0.9271,122582.0147,54.3196,10.0703,16.0823
node-024,2024-01-01 17:28:30,0.095,5.6613,8182355.4086,0.9065,109278.5959,37.3675,10.1255,16.1157
node-025,2024-01-01 17:28:30,0.1,0.0,8476737.5793,1.5076,130034.8416,55.6906,8.059,16.1321
node-026,2024-01-01 17:28:30,0.1191,0.5274,9402919.3901,0.671,129975.3125,39.2742,7.9883,15.8456
node-027,2024-01-01 17:28:30,0.0979,0.8656,7517308.0815,1.1894,130973.8472,45.8998,7.1533,16.17
node-028,2024-01-01 17:28:30,0.0029,0.3617,5840078.4845,0.2974,133402.4405,6.3236,2.9318,47.948
node-029,2024-01-01 17:28:30,0.1135,14.5881,8057747.5896,0.9908,156398.9619,45.4833,8.0136,16.0719
node-000,2024-01-01 17:33:00,0.0565,1.3138,9052368.6118,0.9214,133395.5049,47.0387,5.9065,16.4467
node-001,2024-01-01 17:33:00,0.0103,0.0,6307718.4229,0.2025,111030.4842,5.9293,3.9815,47.9768
node-002,2024-01-01 17:33:00,0.1563,10.95,8256693.7084,1.3051,147613.3429,40.1104,9.9507,16.242
node-003,2024-01-01 17:33:00,0.1413,0.0575,8144255.0689,0.7311,109957.9477,37.7348,7.9729,15.9278
node-004,2024-01-01 17:33:00,0.0885,7.1559,7017866.4353,1.3304,148313.856,45.9865,8.0271,15.9011
node-005,2024-01-01 17:33:00,0.0,9.1466,8134316.7273,1.1969,116917.2999,44.0297,6.04,16.248
node-006,2024-01-01 17:33:00,0.0754,0.525,7722611.1596,0.9846,122381.6439,44.8117,8.9273,15.9344
node-007,2024-01-01 17:33:00,0.1142,6.7664,7766700.0834,1.1008,141990.522,42.8869,7.029,15.8172
node-008,2024-01-01 17:33:00,0.1266,6.5112,8206763.372,0.8051,110229.5064,43.8646,8.0823,15.6881
node-009,2024-01-01 17:33:00,0.1244,0.1396,8312691.0518,1.4508,121416.9095,53.2354,9.0014,16.243
node-010,2024-01-01 17:33:00,0.01,5.1485,8028299.8446,0.7977,107406.5869,45.2727,9.0714,16.3834
node-011,2024-01-01 17:33:00,0.0812,0.0,8062262.8805,0.9427,127497.4169,49.0331,8.9651,16.1002
node-012,2024-01-01 17:33:00,0.0613,14.3521,7894177.7762,0.8515,126492.6807,48.3101,5.9678,16.245
node-013,2024-01-01 17:33:00,0.0648,7.8694,8271003.6247,0.8917,162430.5211,45.1761,9.3688,15.8739
node-014,2024-01-01 17:33:00,0.1102,0.8723,8083233.3216,0.8092,129558.2284,44.9927,6.0313,15.8587
node-015,2024-01-01 17:33:00,0.0,0.5826,5926190.7587,0.1773,118730.9664,6.44,5.0158,48.0
node-016,2024-01-01 17:33:00,0.1158,0.4882,8183124.8596,0.9745,215316.7963,48.5295,6.9222,16.007
node-017,2024-01-01 17:33:00,0.1261,4.5679,7893545.3311,0.7489,115414.349,39.9673,9.0776,16.1345
node-018,2024-01-01 17:33:00,0.1097,0.6989,8187219.0477,1.1193,134357.502,37.4231,8.9546,15.85
node-019,2024-01-01 17:33:00,0.1356,0.0,7930642.1085,0.8396,122216.1612,39.9274,6.0732,15.912
node-020,2024-01-01 17:33:00,0.0687,0.235,7648255.7934,0.7764,125263.1549,43.6003,7.9848,15.8588
node-021,2024-01-01 17:33:00,0.0918,0.0,8193178.465,0.621,123886.994,41.0592,10.9777,15.7799
node-022,2024-01-01 17:33:00,0.0874,6.7444,9111802.6981,0.7755,132794.73,37.5721,5.9127,15.7069
node-023,2024-01-01 17:33:00,0.0794,6.3324,8232911.8691,0.9996,130190.7238,53.592,10.9258,16.0138
node-024,2024-01-01 17:33:00,0.0938,6.1565,8090643.4495,1.4152,102165.2131,37.722,6.9443,15.8536
node-025,2024-01-01 17:33:00,0.1315,0.8384,8307783.9759,1.0137,98880.7225,49.0337,9.1059,16.0388
node-026,2024-01-01 17:33:00,0.1666,0.2316,9626330.5773,0.7428,128058.8483,40.5363,5.0175,16.0863
node-027,2024-01-01 17:33:00,0.1195,0.263,7834886.2334,1.1808,119118.8691,56.2838,8.877,16.4274
node-028,2024-01-01 17:33:00,0.0233,0.0,5470751.5256,0.296,139166.6938,6.3258,4.9403,47.7137
node-029,2024-01-01 17:33:00,0.0479,15.1533,7817436.8943,0.8235,165805.2598,44.4382,5.9485,16.1732
node-000,2024-01-01 17:37:30,0.1235,0.2965,8905259.1948,0.8115,129934.0567,39.0978,11.9987,16.0974
node-001,2024-01-01 17:37:30,0.0389,0.0,5919882.9597,0.1203,109294.094,7.1099,4.9354,47.9452
node-002,2024-01-01 17:37:30,0.0806,12.0656,8591065.3428,1.0523,125685.3533,44.2942,7.95,16.1144
node-003,2024-01-01 17:37:30,0.1128,0.0353,7681107.5383,0.6061,123459.6241,36.2586,6.0319,16.1729
node-004,2024-01-01 17:37:30,0.1617,6.8598,7302171.2717,0.7107,163333.6686,42.9239,7.746,15.9635
node-005,2024-01-01 17:37:30,0.1088,8.9125,8358190.221,0.9252,80082.0028,41.2468,8.9707,16.0806
node-006,2024-01-01 17:37:30,0.1857,0.0,7569244.0555,0.8918,110799.2664,41.9566,4.9531,15.8218
node-007,2024-01-01 17:37:30,0.1278,7.3368,7455648.0497,1.3998,119073.4143,44.1202,8.0099,15.7959
node-008,2024-01-01 17:37:30,0.1207,6.208,7822320.2708,0.8226,117772.8072,39.2943,8.9858,16.419
node-009,2024-01-01 17:37:30,0.0974,0.0,8189998.9413,2.6763,117200.4816,47.0366,19.9291,16.0579
node-010,2024-01-01 17:37:30,0.1224,5.2532,8195665.9529,0.8754,120003.4809,44.2117,6.9949,16.0256
node-011,2024-01-01 17:37:30,0.1037,0.3656,8040240.691,0.9643,108844.1271,53.2998,7.9531,15.771
node-012,2024-01-01 17:37:30,0.0768,13.8361,8019057.3509,0.8835,110741.5017,42.6316,10.0021,15.9254
node-013,2024-01-01 17:37:30,0.0951,7.0744,8268278.4104,0.8989,144854.0608,39.8204,5.9813,16.0444
node-014,2024-01-01 17:37:30,0.0669,0.0,7374821.725,0.7955,93910.959,37.7988,6.0844,16.0968
node-015,2024-01-01 17:37:30,0.0208,0.0,6310787.2698,0.1916,113890.6342,6.217,3.0295,47.8839
node-016,2024-01-01 17:37:30,0.0769,0.412,8316456.4746,0.9967,167867.8346,52.5037,13.0935,15.9169
node-017,2024-01-01 17:37:30,0.154,4.1504,7843863.3375,0.7734,108275.7621,39.2235,5.9155,15.7737
node-018,2024-01-01 17:37:30,0.1608,0.0,7962097.9249,1.006,207696.2611,37.5437,6.9161,16.0963
node-019,2024-01-01 17:37:30,0.145,0.2519,7778849.2356,0.7904,120805.7936,39.7627,8.5968,16.3823
node-020,2024-01-01 17:37:30,0.1538,0.0,7977790.1879,0.986,128568.7307,44.255,5.5596,16.1726
node-021,2024-01-01 17:37:30,0.0196,0.5279,8323042.1906,1.0786,117369.9582,41.6544,7.9141,16.1913
node-022,2024-01-01 17:37:30,0.0582,7.0227,9182217.1584,0.6606,117359.5863,40.2371,5.0158,15.9102
node-023,2024-01-01 17:37:30,0.1853,7.0939,8336639.6402,1.2411,125720.4206,49.6699,8.9884,15.9809
node-024,2024-01-01 17:37:30,0.0937,5.7482,8311326.7706,1.0981,113745.9337,45.0414,7.9493,15.9559
node-025,2024-01-01 17:37:30,0.1278,0.5515,8371902.8604,0.9791,143231.2978,51.4601,7.0396,16.2102
node-026,2024-01-01 17:37:30,0.3229,0.2137,9712168.399,0.6756,132007.4718,41.5318,7.0369,16.1609
node-027,2024-01-01 17:37:30,0.0816,0.0,7811955.2555,1.2635,112490.0189,54.3605,8.0484,15.8711
node-028,2024-01-01 17:37:30,0.0086,0.6403,5325849.8313,0.2031,151467.1252,6.4497,3.4699,47.5597
node-029,2024-01-01 17:37:30,0.1376,15.2495,7424081.0688,0.8129,156063.7712,48.4623,6.0893,16.2278
node-000,2024-01-01 17:42:00,0.0741,0.2313,8920284.7817,0.9999,106664.6902,44.7869,6.0977,16.2855
node-001,2024-01-01 17:42:00,0.0239,0.2604,6270025.4281,0.22,131238.8514,6.2882,3.0779,47.8488
node-002,2024-01-01 17:42:00,0.1195,11.0506,8162166.5745,0.9223,124183.8747,48.3643,11.1166,15.8662
node-003,2024-01-01 17:42:00,0.1751,0.5199,7766521.8248,1.12,122017.0224,42.0386,5.0008,16.0435
node-004,2024-01-01 17:42:00,0.1155,5.928,7234100.5073,0.7982,158464.9523,44.0517,9.8698,16.4194
node-005,2024-01-01 17:42:00,0.0472,8.2722,8139701.5337,1.9067,118546.863,39.94,6.8749,15.7512
node-006,2024-01-01 17:42:00,0.1131,0.187,8017936.4026,0.7995,131611.9137,38.3012,5.9215,16.0317
node-007,2024-01-01 17:42:00,0.0826,7.068,7644948.1152,0.6371,127875.4643,45.455,6.6907,16.1575
node-008,2024-01-01 17:42:00,0.1079,6.8914,7713287.5303,0.8004,129734.3634,38.4284,8.877,15.8031
node-009,2024-01-01 17:42:00,0.0598,0.1235,8240715.6978,0.9978,126223.3321,53.8195,11.0208,16.0023
node-010,2024-01-01 17:42:00,0.223,5.5657,7720296.1253,1.0227,119076.6239,45.8275,6.0054,15.663
node-011,2024-01-01 17:42:00,0.0514,0.7214,8210742.2502,1.319,84657.3559,48.4743,9.4078,16.3297
node-012,2024-01-01 17:42:00,0.0603,13.7236,8299522.3244,0.9042,120291.5939,42.5497,7.1081,15.8503
node-013,2024-01-01 17:42:00,0.0802,7.4949,8336362.2066,0.8108,144216.7143,43.5377,7.0064,16.5665
node-014,2024-01-01 17:42:00,0.2233,0.0,8056331.0169,0.7894,135625.383,37.7726,7.0339,15.7441
node-015,2024-01-01 17:42:00,0.0,0.8704,5761951.1928,0.1792,109617.6719,6.328,4.049,47.9885
node-016,2024-01-01 17:42:00,0.252,0.0,8154594.7166,1.0013,155331.6273,51.2395,8.9993,15.9735
node-017,2024-01-01 17:42:00,0.1798,4.3685,7573131.9774,0.886,137555.8389,35.9476,5.9503,16.0225
node-018,2024-01-01 17:42:00,0.1244,0.0,7943114.2118,1.1233,125269.6203,33.8908,7.9649,16.2318
node-019,2024-01-01 17:42:00,0.0738,0.0,7879029.9423,0.7274,119617.7439,42.208,8.0069,16.1255
node-020,2024-01-01 17:42:00,0.114,0.0,7908495.5756,1.0911,131083.5989,45.9292,6.9701,15.9543
node-021,2024-01-01 17:42:00,0.1466,0.0,8137594.7293,0.8175,139249.7694,40.4074,8.1277,16.3286
node-022,2024-01-01 17:42:00,0.2238,7.681,9541275.3973,0.7796,125236.6056,41.1068,6.8721,15.4466
node-023,2024-01-01 17:42:00,0.1032,6.5507,8207016.0432,0.9853,112743.9022,52.4338,7.9073,15.9182
node-024,2024-01-01 17:42:00,0.0972,6.3382,8335350.6624,1.5112,128088.4148,42.0745,5.9794,15.8857
node-025,2024-01-01 17:42:00,0.0443,0.0,8286583.6268,1.619,122231.6452,47.562,7.0695,15.7047
node-026,2024-01-01 17:42:00,0.1271,0.0768,9790285.9845,1.2022,71595.332,38.9462,9.949,15.8536
node-027,2024-01-01 17:42:00,0.1292,0.0,7530682.2461,0.8912,117059.3784,56.7047,10.0717,15.7164
node-028,2024-01-01 17:42:00,0.0,0.0,5629992.8518,0.3053,116416.0265,7.54,4.1003,47.9046
node-029,2024-01-01 17:42:00,0.1101,14.3462,7473785.9664,0.8047,154372.9001,39.0264,6.9992,15.9545
