nodeId,timestamp,cpu_wio,mem_free,Missed Buffers_P1,cpu_user,bytes_out,proc_run,bytes_in,pkts_out
node-000,2024-01-01 20:14:00,0.195,9144144.3637,0.0639,1.2307,139966.7137,13.8571,6193224.1525,949.3711
node-001,2024-01-01 20:14:00,0.1171,9552730.8043,0.8547,1.1023,124934.2014,7.978,6182639.4632,915.9549
node-002,2024-01-01 20:14:00,0.1087,9396392.654,0.0,1.449,123124.8606,7.0184,6245483.0897,962.3918
node-003,2024-01-01 20:14:00,0.101,10873524.9848,0.0,0.8047,139050.6942,5.9585,6156387.4814,938.1845
node-004,2024-01-01 20:14:00,0.0819,9214674.362,0.0,1.0908,113601.5019,9.0243,6188195.8939,960.8685
node-005,2024-01-01 20:14:00,0.1187,8268541.4924,0.0,0.8962,114226.9635,9.044,6235853.7061,952.8404
node-006,2024-01-01 20:14:00,0.0,9438416.2272,0.0,0.2011,88450.3011,2.9062,6208660.8491,898.8675
node-007,2024-01-01 20:14:00,0.3361,8686929.619,0.0,0.6031,191292.0248,5.0041,6146176.3651,958.3316
node-008,2024-01-01 20:14:00,0.1146,9131566.9974,0.0,0.7777,114688.2264,5.9724,6280253.055,909.5725
node-009,2024-01-01 20:14:00,0.1053,9849441.708,0.0523,0.7996,89457.9147,7.0011,6324439.7807,956.5638
node-010,2024-01-01 20:14:00,0.0842,9181413.628,0.1233,1.2926,117776.445,7.1353,6180830.3031,954.7476
node-011,2024-01-01 20:14:00,0.497,8673286.5177,0.0768,1.5747,97563.3203,9.0094,6177578.6911,967.9465
node-012,2024-01-01 20:14:00,0.1265,8256719.1722,0.0821,1.106,119456.225,6.9057,6428215.5281,947.3376
node-013,2024-01-01 20:14:00,0.116,9290823.1526,0.2905,0.999,153259.1578,0.1314,23747.5772,962.203
node-014,2024-01-01 20:14:00,0.0933,10780996.3119,0.0,0.8817,94600.7362,6.9847,6185754.7307,915.6693
node-015,2024-01-01 20:14:00,0.0,8408744.8169,0.0,0.1898,99902.5158,5.0217,6302884.7166,921.6626
node-016,2024-01-01 20:14:00,0.0169,8529969.3381,0.5561,0.8996,128225.8524,8.9548,6269259.2452,952.1199
node-017,2024-01-01 20:14:00,0.24,10422018.9119,0.6577,0.6465,161866.7124,6.1614,6222641.8132,949.6091
node-018,2024-01-01 20:14:00,0.1052,9132204.1714,0.0,1.3123,132059.1135,16.022,6197294.8688,942.8339
node-019,2024-01-01 20:14:00,0.1022,9656248.7706,0.3083,0.9846,114628.9072,5.0312,6164308.6594,952.5272
node-020,2024-01-01 20:14:00,0.2092,8950417.2671,0.0,1.3333,137592.7028,7.9719,6196850.8909,958.3803
node-021,2024-01-01 20:14:00,0.0,9754003.2336,0.9397,1.5532,117115.0122,6.9964,6295907.2141,967.8891
node-022,2024-01-01 20:14:00,0.0705,9327283.7531,0.0,0.9668,123499.8853,6.9323,6191911.1325,953.2281
node-023,2024-01-01 20:14:00,0.0,8681450.1951,0.0,0.7039,131799.0111,7.0127,6293079.2687,896.2248
node-024,2024-01-01 20:14:00,0.1125,8644025.6051,0.0,0.5929,122861.82,7.9678,6321171.221,961.8641
node-025,2024-01-01 20:14:00,0.1056,10354048.1065,0.0823,0.6151,131488.0849,4.9952,6316442.2812,940.3412
node-026,2024-01-01 20:14:00,0.0,9860293.739,0.6229,0.202,120178.4289,2.9097,6321275.7416,920.3544
node-027,2024-01-01 20:14:00,0.0834,8800130.4317,0.9314,0.9672,114132.6273,8.034,6279376.8963,959.4477
node-028,2024-01-01 20:14:00,0.1142,9778843.1701,0.3679,0.8128,126889.7785,6.9776,6175143.2879,904.6216
node-029,2024-01-01 20:14:00,0.1027,9017977.2441,0.0,0.6844,119778.9008,10.1024,6193378.5653,953.976
node-030,2024-01-01 20:14:00,0.192,8889593.5209,0.5744,0.6958,125726.3177,6.8337,6250090.1823,955.4272
node-031,2024-01-01 20:14:00,0.0,28975293.3917,0.0,0.6521,1332.4792,0.0,83286.9399,5.4765
node-032,2024-01-01 20:14:00,0.0727,8631531.1686,0.6699,1.3051,112151.6545,6.8686,6168790.3572,959.7369
node-033,2024-01-01 20:14:00,0.1106,9017616.9484,0.3648,0.908,120744.9687,9.9916,6119835.3946,944.8224
node-034,2024-01-01 20:14:00,0.0109,8227677.3907,0.0,0.1976,119351.5744,2.8904,6142537.2504,909.6145
node-035,2024-01-01 20:14:00,0.0743,10129601.9375,0.5687,0.7753,81053.9386,4.9035,6334825.2498,930.4794
node-036,2024-01-01 20:14:00,0.091,9641448.1551,0.0,0.876,131804.1277,7.8588,6173030.1197,944.2677
node-037,2024-01-01 20:14:00,0.0836,9293126.5772,0.1618,0.5857,121422.4875,9.9127,6224371.2934,955.3774
node-038,2024-01-01 20:14:00,0.0954,8647674.9675,0.5861,1.0428,128877.8201,8.1114,6245949.8657,947.3776
node-039,2024-01-01 20:14:00,0.1052,9845773.7969,0.3012,0.7022,111523.7567,8.999,6235550.5089,977.4352
node-040,2024-01-01 20:14:00,0.0,9507648.8354,0.5697,0.2162,147881.9892,2.4665,6100868.9654,887.0575
node-041,2024-01-01 20:14:00,0.0013,9079649.3741,0.0,7.1125,106536.4457,5.9048,6262534.7386,951.3877
node-042,2024-01-01 20:14:00,0.0719,9753907.1235,0.0,0.9892,120328.4059,7.0308,6193864.9987,913.2517
node-043,2024-01-01 20:14:00,0.0901,9985465.0723,0.0,0.6966,125256.8896,5.9523,6250127.8423,968.5146
node-044,2024-01-01 20:14:00,0.0969,9543149.3395,0.0292,0.9915,131474.1405,9.0194,6273236.7046,929.3469
node-045,2024-01-01 20:14:00,0.0864,8953990.8197,0.6222,0.913,119833.0841,11.9274,6165248.7963,950.2855
node-046,2024-01-01 20:14:00,0.0802,8450654.553,0.0,0.7024,98286.058,7.9355,6341595.5215,955.2669
node-047,2024-01-01 20:14:00,0.2111,8652795.9811,0.0,0.7457,158022.8779,8.9631,6232157.97,940.6705
node-048,2024-01-01 20:14:00,0.0029,9647396.8075,0.6981,0.5105,130109.0605,6.9928,6316395.1932,912.8732
node-049,2024-01-01 20:14:00,0.0,8465405.682,0.0,0.2061,106655.4705,3.0965,6183189.7076,880.1444
node-050,2024-01-01 20:14:00,0.0024,8347774.2086,0.4581,0.0987,119419.3213,2.9374,6454603.0741,905.8266
node-051,2024-01-01 20:14:00,0.1165,8869215.0213,0.1395,1.6815,151016.4497,8.907,6271806.3628,973.4805
node-052,2024-01-01 20:14:00,0.0746,9173483.3303,0.0,0.9922,111218.7575,8.1344,6155238.2401,935.8255
node-053,2024-01-01 20:14:00,0.0827,9495617.8365,0.3483,1.1762,127970.0915,8.9578,6173546.182,944.1869
node-054,2024-01-01 20:14:00,0.0896,9326732.6206,0.2664,1.8856,126971.2039,9.0321,6200159.3857,918.5178
node-055,2024-01-01 20:14:00,0.0966,9334169.2006,0.3456,1.091,122885.8244,10.0265,6247185.2072,960.3177
node-056,2024-01-01 20:14:00,0.191,9631534.9961,0.0,0.6859,118954.2866,6.8135,6173661.8662,949.2816
node-057,2024-01-01 20:14:00,0.0,7484130.3874,0.0,1.2043,129100.404,7.931,6262704.6682,928.4394
node-058,2024-01-01 20:14:00,0.0774,9798387.5831,1.346,1.2167,154521.8147,8.9758,6165629.5953,957.8272
node-059,2024-01-01 20:14:00,0.2,9228395.951,0.0,1.0122,146144.2378,6.975,6207941.3524,923.691
node-060,2024-01-01 20:14:00,0.1235,8899953.355,0.0,0.7063,106447.2188,6.8849,6272573.7816,928.113
node-061,2024-01-01 20:14:00,0.1206,9235996.1969,0.1108,0.8024,121279.6898,16.1453,6231342.1668,933.542
node-062,2024-01-01 20:14:00,0.0737,9238700.5444,0.0,0.6987,114786.4468,8.942,6220913.6294,962.1799
node-063,2024-01-01 20:14:00,0.0133,8771467.7844,0.0,0.9105,122521.8852,10.1196,6217253.9616,954.0495
node-064,2024-01-01 20:14:00,0.1203,8868948.0189,0.0,0.9966,92300.4715,7.0667,6176778.4969,945.5872
node-065,2024-01-01 20:14:00,0.0695,8978658.4887,0.0,1.0146,125224.6295,5.0728,6181295.6854,941.3701
node-066,2024-01-01 20:14:00,0.0918,9237686.917,0.7204,0.948,107720.2384,7.9058,6246887.8133,947.3673
node-067,2024-01-01 20:14:00,0.0965,8932588.9228,0.0,1.017,88379.0252,4.8502,6150184.8065,939.0097
node-068,2024-01-01 20:14:00,0.0965,9514339.7636,0.0,1.0974,95825.0644,8.1028,6226334.5828,940.0817
node-069,2024-01-01 20:14:00,0.119,8755881.3619,14.8869,0.6076,114739.0536,10.1341,6268054.8819,962.7796
node-070,2024-01-01 20:14:00,0.0,8610662.4193,0.6031,0.895,106002.8811,7.9637,6232095.9108,940.2356
node-071,2024-01-01 20:14:00,0.1123,8746961.4694,0.0,0.9722,89759.2904,7.9094,6218353.3405,941.5052
node-072,2024-01-01 20:14:00,0.0237,106318938.0721,0.0,0.1782,127584.3413,2.9094,6097041.3448,892.2599
node-073,2024-01-01 20:14:00,0.103,9255434.7214,0.0,0.9762,130785.1308,7.0552,6185402.4412,963.7765
node-074,2024-01-01 20:14:00,0.136,8634951.3297,0.0,0.8155,118490.4825,5.8981,6156755.9371,958.5794
node-075,2024-01-01 20:14:00,0.091,9789454.6679,0.0,0.8,116113.864,6.9263,6206448.7699,922.7733
node-076,2024-01-01 20:14:00,0.0,9614257.9019,0.3476,0.2013,126779.9108,4.0558,6016763.0382,906.9091
node-077,2024-01-01 20:14:00,0.0766,8808404.5273,0.0,0.9127,109551.2821,6.8819,6249774.1576,961.388
node-078,2024-01-01 20:14:00,0.0899,9647356.4714,0.0,0.8917,126229.16,8.3295,6170975.1446,953.6469
node-079,2024-01-01 20:14:00,0.0987,8910016.745,0.0515,0.8887,109634.3805,10.018,6132671.6232,936.0124
node-080,2024-01-01 20:14:00,0.1146,9261181.7524,0.1929,0.7989,120677.5546,6.9234,6201229.7547,950.4834
node-081,2024-01-01 20:14:00,0.1087,9212000.874,0.0,0.7158,170757.8071,5.9734,6179231.3742,956.4949
node-082,2024-01-01 20:14:00,0.0074,7936361.0247,0.0,0.248,107267.0035,3.9944,6320593.7162,916.5852
node-083,2024-01-01 20:14:00,0.0979,8994028.8925,0.0,1.1077,129135.7534,13.053,6228769.1272,970.1968
node-084,2024-01-01 20:14:00,0.0858,9252046.9788,0.0,0.796,93351.7089,9.031,6409160.9322,954.1884
node-085,2024-01-01 20:14:00,0.0559,9624697.0188,0.0,0.6994,109668.6525,8.021,6263555.6765,967.7433
node-086,2024-01-01 20:14:00,0.1013,8974247.6514,0.6111,0.7478,118129.2525,11.0452,6205918.875,947.326
node-087,2024-01-01 20:14:00,0.1854,9736708.4707,0.0,0.9307,104730.3164,9.0426,6295062.1282,940.9252
node-088,2024-01-01 20:14:00,0.1062,9158931.3184,0.0,0.6158,113618.0395,4.1232,6277513.2682,939.2636
node-089,2024-01-01 20:14:00,0.1075,8577158.8035,0.5945,1.322,126154.6086,8.0702,6153313.0274,942.5942
node-090,2024-01-01 20:14:00,0.0954,10477504.0623,0.6198,1.0845,114552.6521,7.0901,6170931.3323,926.4994
node-091,2024-01-01 20:14:00,0.1033,9515559.8089,0.0,1.1033,95126.4557,9.0104,6296804.5563,956.0298
node-092,2024-01-01 20:14:00,0.0761,10258235.0488,1.1981,0.5951,134124.5009,5.0458,6200737.6857,914.4754
node-093,2024-01-01 20:14:00,0.0984,10338518.2903,0.1422,0.7099,127403.2389,4.9855,6091544.4488,911.8275
node-094,2024-01-01 20:14:00,0.0958,8898508.101,0.0,0.9998,129316.8686,8.9214,6169723.7503,963.9496
node-095,2024-01-01 20:14:00,0.0933,9144918.5435,0.0,0.9795,129058.6925,8.094,6306928.1315,966.1563
node-096,2024-01-01 20:14:00,0.1037,9997385.906,0.0,0.796,121531.5308,9.9511,6166192.5435,936.3558
node-097,2024-01-01 20:14:00,0.0954,8831320.8702,1.2134,0.9826,114335.0185,6.9323,6134438.8497,965.691
node-098,2024-01-01 20:14:00,0.0757,9463177.6454,0.0379,1.0018,123548.6517,7.9653,6162888.3091,935.9845
node-099,2024-01-01 20:14:00,0.1071,8816325.5205,0.0,0.9916,103561.9367,9.984,6300425.9711,950.2631
node-100,2024-01-01 20:14:00,0.1957,9708777.6643,0.0,1.002,157450.6019,7.0922,6235034.8342,923.0083
node-101,2024-01-01 20:14:00,0.0,7634650.5656,0.0,0.2006,128477.4606,3.9222,6128783.0482,904.4711
node-102,2024-01-01 20:14:00,0.0796,9578115.4704,0.4213,0.9849,108490.3071,6.8876,6244827.4769,951.6732
node-103,2024-01-01 20:14:00,0.012,8767136.1889,1.0174,0.9028,122566.3331,6.0203,6253074.73,929.4441
node-104,2024-01-01 20:14:00,0.0701,9019275.9934,0.0,0.8776,127448.6203,7.9547,6159778.0043,957.5874
node-105,2024-01-01 20:14:00,0.2305,9477192.9067,0.0,2.5239,158563.7972,5.9858,6159993.2677,939.8293
node-106,2024-01-01 20:14:00,0.0,8378421.3599,0.6184,0.193,120783.7458,3.194,6456697.7895,907.206
node-107,2024-01-01 20:14:00,0.1993,8518976.2169,0.0,0.9846,118153.4882,7.8674,6164089.0004,942.4649
node-108,2024-01-01 20:14:00,0.1334,10636228.5312,0.0,0.7034,126625.7307,7.932,6176923.7653,935.4829
node-109,2024-01-01 20:14:00,0.101,9319930.8548,0.0328,0.6874,83220.3481,6.0825,6249496.1639,916.7714
node-110,2024-01-01 20:14:00,0.1218,9133275.938,0.7503,0.6968,109404.8238,5.9529,6197143.2851,914.9594
node-111,2024-01-01 20:14:00,0.1131,10598435.0559,0.3461,1.0169,133894.0433,9.9692,6110387.4215,961.027
node-112,2024-01-01 20:14:00,0.1128,8916594.4513,0.0,0.6962,99963.7173,4.8632,6139984.7233,903.4548
node-113,2024-01-01 20:14:00,0.1005,8916704.4817,0.1362,1.0392,111198.5697,11.0516,6181680.3658,956.0119
node-114,2024-01-01 20:14:00,0.1113,8844557.0711,0.0,0.7906,157433.0768,8.9488,6139852.9115,923.2802
node-115,2024-01-01 20:14:00,0.0967,9338028.9938,0.0,0.9903,107798.2831,4.9642,6208655.3059,950.3236
node-116,2024-01-01 20:14:00,0.1059,9011018.9107,0.7169,0.9756,128437.7712,8.9732,6255146.4869,952.5829
node-117,2024-01-01 20:14:00,0.2129,9102201.9586,0.0,1.5059,122430.9916,7.1056,6181533.799,941.8848
node-118,2024-01-01 20:14:00,0.0868,8719774.4105,0.205,0.8978,103843.5994,6.9458,6235720.5322,958.6906
node-119,2024-01-01 20:14:00,0.082,10501218.1567,0.3893,0.8109,134358.8211,4.0497,6151014.3772,937.3923
node-000,2024-01-01 20:15:00,0.0929,9331649.7554,0.0,0.8921,152690.3947,8.0314,6211506.1138,941.8844
node-001,2024-01-01 20:15:00,0.0775,8837963.9012,0.5071,1.1079,140742.614,5.991,6229129.8595,914.2655
node-002,2024-01-01 20:15:00,0.2013,9319719.3024,0.0,0.962,118943.1368,9.0692,6213601.3087,978.6253
node-003,2024-01-01 20:15:00,0.0904,10243198.8557,0.0,0.7069,116911.9866,7.5374,6229196.8473,928.5368
node-004,2024-01-01 20:15:00,0.2275,9339766.8577,0.4344,5.6499,119429.0616,9.0654,6179288.8478,946.1407
node-005,2024-01-01 20:15:00,0.0991,7852071.8303,0.0,1.5211,101559.8797,8.039,6248234.0306,940.8235
node-006,2024-01-01 20:15:00,0.005,9632985.842,0.1901,0.205,111233.2385,4.0497,6312670.7237,888.0061
node-007,2024-01-01 20:15:00,0.0066,8082706.4116,0.0,0.8871,161793.1421,7.8722,6205935.678,963.5319
node-008,2024-01-01 20:15:00,0.0897,8766447.132,0.1718,1.1559,122723.3827,6.0087,6303193.7176,917.7138
node-009,2024-01-01 20:15:00,0.1218,9803570.7676,0.0715,1.0341,132218.0566,6.0642,6209216.5332,968.676
node-010,2024-01-01 20:15:00,0.0967,9208545.8462,0.1061,1.4151,122107.3892,6.9252,6248715.9448,950.3607
node-011,2024-01-01 20:15:00,0.115,8753916.8547,0.0,0.8626,126297.8561,9.0693,6213847.0639,964.915
node-012,2024-01-01 20:15:00,0.4057,8319870.723,0.0,1.0685,140593.2858,7.9987,6264542.5779,946.5798
node-013,2024-01-01 20:15:00,0.0981,9231487.3547,0.0,0.8882,142052.8894,0.0,1216.6691,947.9399
node-014,2024-01-01 20:15:00,0.114,10778230.2722,0.0,0.7671,108879.3661,7.6366,6234465.1362,933.436
node-015,2024-01-01 20:15:00,0.005,8331040.018,0.0,0.095,111167.6611,5.0953,6120910.5767,883.9456
node-016,2024-01-01 20:15:00,0.0954,8956582.2781,0.7787,0.8094,114185.413,6.9403,6160774.7619,956.6712
node-017,2024-01-01 20:15:00,0.102,10194988.6274,0.0,0.7188,168704.8846,4.9915,6306567.0689,927.9518
node-018,2024-01-01 20:15:00,0.3235,9398179.1143,0.3922,1.2825,113207.27,7.9357,6151371.352,915.4324
node-019,2024-01-01 20:15:00,0.1044,9687476.274,0.0496,1.0757,130035.9633,7.0427,6257023.1088,965.4402
node-020,2024-01-01 20:15:00,0.1028,9095381.615,0.1952,1.0718,152342.0997,7.1487,6286406.9066,951.4074
node-021,2024-01-01 20:15:00,0.1976,10007401.5659,0.4262,1.5972,144960.4914,7.9713,6222631.4996,977.5702
node-022,2024-01-01 20:15:00,0.0799,9285530.9648,0.3686,1.4258,119460.2433,7.9341,6329037.8376,940.2178
node-023,2024-01-01 20:15:00,0.014,8954316.0022,0.0,0.7099,115322.8352,7.8996,6326308.4653,926.5618
node-024,2024-01-01 20:15:00,0.1075,8898977.1247,0.8606,0.8781,121394.0723,8.0264,6111355.2165,940.5646
node-025,2024-01-01 20:15:00,0.028,10157953.4165,0.0,0.8196,134917.7492,4.8328,6153409.9196,929.7
node-026,2024-01-01 20:15:00,0.0,9919571.3901,0.0,0.2247,102224.2566,3.0401,6224678.2305,882.2424
node-027,2024-01-01 20:15:00,0.0895,9004454.5796,0.1972,1.2166,126607.8498,8.0423,6164467.1691,943.2356
node-028,2024-01-01 20:15:00,0.1158,9924366.9709,0.0,0.9755,128782.3145,5.9836,6196332.4197,909.9689
node-029,2024-01-01 20:15:00,0.0952,9184032.9705,0.0,1.2183,119633.0418,7.9857,6183416.9015,962.971
node-030,2024-01-01 20:15:00,0.2125,8646657.9558,0.0,0.6031,136790.9813,6.9849,6262060.6367,950.7892
node-031,2024-01-01 20:15:00,0.105,29092570.901,0.2448,0.0,1603.3639,0.0,130319.7429,6.3669
node-032,2024-01-01 20:15:00,0.1917,8957024.1209,0.1542,1.0838,96147.8057,6.9541,6132847.7431,945.9729
node-033,2024-01-01 20:15:00,0.0076,9179374.9026,0.0382,0.8998,131492.296,9.0104,6195082.1778,950.6629
node-034,2024-01-01 20:15:00,0.0072,8238954.6067,0.0167,0.2038,83651.6647,3.0742,6246286.5768,869.9069
node-035,2024-01-01 20:15:00,0.1126,10303330.6374,0.0188,0.7959,123750.8791,7.9954,6207977.7505,922.9419
node-036,2024-01-01 20:15:00,0.0989,9305319.2437,0.0,1.1001,106693.704,8.9727,6186175.654,945.4514
node-037,2024-01-01 20:15:00,0.1925,9626062.4058,0.0,0.9333,120600.6438,6.0131,6227946.6855,949.5657
node-038,2024-01-01 20:15:00,0.3079,8600446.8974,0.8142,0.8489,120693.9065,5.99,6168874.9552,935.2701
node-039,2024-01-01 20:15:00,0.1028,9875029.3843,1.3753,0.6843,117874.6236,8.0041,6181508.6471,953.8204
node-040,2024-01-01 20:15:00,0.0105,9489898.4371,0.19,0.1996,176522.5309,1.9594,6251894.2926,903.355
node-041,2024-01-01 20:15:00,0.113,9622065.9524,0.5547,0.7023,125869.5865,6.116,6235183.4068,949.8213
node-042,2024-01-01 20:15:00,0.0974,9212285.466,0.0,0.8895,135676.011,5.0597,6261442.9518,909.3028
node-043,2024-01-01 20:15:00,0.1022,10147897.9182,0.0,0.6019,112849.3912,8.9996,6236198.6621,936.0584
node-044,2024-01-01 20:15:00,0.122,9130094.6143,0.0,1.035,97447.241,6.9629,6187529.7635,946.8691
node-045,2024-01-01 20:15:00,0.1214,9158704.56,0.0,0.8742,122498.8674,9.8835,6184893.1162,931.4946
node-046,2024-01-01 20:15:00,0.1175,8853561.0684,0.0,1.0864,133310.0574,9.0082,6240268.3211,954.6298
node-047,2024-01-01 20:15:00,0.2039,8832946.1568,0.7157,0.9836,118851.4483,4.9219,6224168.6274,931.0867
node-048,2024-01-01 20:15:00,0.1123,9675797.8587,0.0,0.7187,139482.2179,6.0258,6255982.9532,927.2372
node-049,2024-01-01 20:15:00,0.0049,7939741.8662,0.0,0.2374,114021.7506,5.0677,6225252.788,900.8814
node-050,2024-01-01 20:15:00,0.0,7664856.6167,0.3382,0.088,124454.0797,3.9144,6237719.2316,934.0926
node-051,2024-01-01 20:15:00,0.0921,9145643.8079,0.0,1.6835,162643.0067,8.9424,6308061.2562,975.076
node-052,2024-01-01 20:15:00,0.0988,9641619.1663,0.0,0.7087,133651.0578,4.9626,6213752.2481,920.0252
node-053,2024-01-01 20:15:00,0.0995,9772170.8707,0.0,1.0202,120586.7783,11.0659,6216466.5654,927.2861
node-054,2024-01-01 20:15:00,0.0361,9010356.3705,0.6356,0.91,137107.6437,7.473,6182178.5649,924.4887
node-055,2024-01-01 20:15:00,0.0918,8833322.9797,0.4409,0.6782,115802.9176,8.0074,6255152.7446,956.4674
node-056,2024-01-01 20:15:00,0.2107,9327581.7729,0.0,0.6943,148468.7862,7.0046,6110568.4364,956.8748
node-057,2024-01-01 20:15:00,0.2003,6974790.6783,0.0,1.2928,134827.3373,5.9215,6115909.9412,927.1259
node-058,2024-01-01 20:15:00,0.1178,9371526.7202,0.0916,0.9479,159201.3947,8.9968,6195977.2558,967.7162
node-059,2024-01-01 20:15:00,0.1097,9424257.6527,0.0,0.8252,187819.4487,4.9951,6156835.9603,923.7889
node-060,2024-01-01 20:15:00,0.0919,8906643.4286,0.4808,0.7324,145173.4715,7.0388,6230502.5968,934.6972
node-061,2024-01-01 20:15:00,0.0756,9727900.1151,0.1731,0.8612,150901.6847,7.0403,6473726.3343,944.4244
node-062,2024-01-01 20:15:00,0.0722,8951328.3924,0.1665,0.7811,149359.9025,8.0104,6169231.2223,963.2244
node-063,2024-01-01 20:15:00,0.1045,9288783.1846,1.0148,0.9712,115453.6161,12.9075,6173366.3671,934.7547
node-064,2024-01-01 20:15:00,0.0996,8802759.4291,0.4413,1.0469,118895.3641,8.5419,6206057.4702,968.6022
node-065,2024-01-01 20:15:00,0.0936,8933391.8774,0.0,1.0061,130361.0026,7.0695,6296593.8164,957.8565
node-066,2024-01-01 20:15:00,0.1902,9198018.8241,0.0,1.7017,145194.872,9.0358,6217628.5506,941.1848
node-067,2024-01-01 20:15:00,0.1133,8560577.0766,0.3314,0.7183,133131.9153,10.6508,6225893.5641,937.0397
node-068,2024-01-01 20:15:00,0.0937,9058299.049,0.0173,1.0844,130978.1495,10.9963,6184103.8049,956.2161
node-069,2024-01-01 20:15:00,0.1045,8996567.1227,13.0562,0.9743,114907.7359,9.9988,6241137.5676,954.9564
node-070,2024-01-01 20:15:00,0.1079,8885609.7076,0.0,1.5213,137257.7853,14.0826,6166506.3225,936.1381
node-071,2024-01-01 20:15:00,0.0867,8867327.4089,0.0,1.1956,121145.2121,5.9686,6221243.0218,927.7126
node-072,2024-01-01 20:15:00,0.0,106856513.2646,0.0745,0.2031,127343.9607,2.9255,6173765.4172,899.3136
node-073,2024-01-01 20:15:00,0.1003,8756764.4192,0.0012,1.185,120929.5571,7.1142,6153590.9744,966.3695
node-074,2024-01-01 20:15:00,0.2138,9377465.1574,0.5128,0.8782,115632.9241,5.8721,6300702.8295,952.6539
node-075,2024-01-01 20:15:00,0.1059,10174059.1116,0.5075,0.7525,114952.5752,7.98,6191566.9556,938.7342
node-076,2024-01-01 20:15:00,0.0018,9721113.3138,0.0,0.2168,103939.9568,4.002,6175058.6071,875.3964
node-077,2024-01-01 20:15:00,0.108,8408240.2285,0.3284,0.8953,139180.5689,9.0285,6153149.7149,980.407
node-078,2024-01-01 20:15:00,0.0939,9010150.7004,0.0,0.8918,126149.165,5.9992,6353447.1302,971.4713
node-079,2024-01-01 20:15:00,0.0929,8815107.7641,0.0,1.497,106211.0625,10.9704,6259531.9004,943.9771
node-080,2024-01-01 20:15:00,0.0949,9166308.5368,0.0468,0.8171,120490.8679,9.0186,6248387.1205,933.2207
node-081,2024-01-01 20:15:00,0.0,9166355.743,0.1183,0.4907,160575.1993,7.87,6096435.766,923.9162
node-082,2024-01-01 20:15:00,0.1026,8406206.0411,0.0,0.1735,107324.4333,3.9531,6194824.7322,908.9895
node-083,2024-01-01 20:15:00,0.092,8768248.9831,0.0,0.9998,117775.982,12.8281,6261703.8139,942.63
node-084,2024-01-01 20:15:00,0.1178,9179446.3001,0.3068,0.9157,145961.1177,8.1724,6170391.7746,984.4669
node-085,2024-01-01 20:15:00,0.0886,9211150.7003,1.6154,0.7199,108673.4103,7.0455,6204461.2702,937.7164
node-086,2024-01-01 20:15:00,0.3168,8888600.5035,0.0,0.8176,102880.1013,7.0607,6213249.5514,957.1391
node-087,2024-01-01 20:15:00,0.1692,9986677.0864,0.0,1.0007,100603.6619,9.031,6188987.6878,951.7497
node-088,2024-01-01 20:15:00,0.1299,9290319.9801,0.0,0.8633,122214.8964,9.0838,6102667.0921,941.8653
node-089,2024-01-01 20:15:00,0.1431,8982988.5589,0.0,1.3547,107327.6224,8.7978,6316880.2897,945.9107
node-090,2024-01-01 20:15:00,0.1035,10707954.6951,1.0176,0.8406,164368.726,6.8765,6125006.9895,920.6197
node-091,2024-01-01 20:15:00,0.071,9322748.6214,0.0,0.973,133182.1231,8.9461,6153271.1102,941.098
node-092,2024-01-01 20:15:00,0.0941,10095641.887,0.0,0.6875,112317.8114,6.5957,6336070.8435,914.9751
node-093,2024-01-01 20:15:00,0.1308,10084126.7322,0.0,0.4963,115952.6524,4.0887,6325089.4018,900.869
node-094,2024-01-01 20:15:00,0.0944,9081092.9435,0.4966,1.0572,107713.4972,6.9434,6365216.0878,947.4226
node-095,2024-01-01 20:15:00,0.1202,8875072.8008,0.791,1.0038,136721.3814,8.0253,6265665.4874,960.1886
node-096,2024-01-01 20:15:00,0.1004,10190945.2791,1.1595,0.8297,118824.9589,10.0469,6378489.6995,940.2021
node-097,2024-01-01 20:15:00,0.1009,8787195.6445,0.0,0.9688,144731.5443,9.0004,6163290.5407,979.9742
node-098,2024-01-01 20:15:00,0.0977,9687923.4417,0.3547,0.8144,113296.5808,8.9929,6218429.6757,939.9521
node-099,2024-01-01 20:15:00,0.0935,8539265.9966,0.0,1.2702,122072.2729,8.9286,6229220.1294,969.7043
node-100,2024-01-01 20:15:00,0.5205,9366359.4626,0.6216,4.9011,141720.8269,12.9938,6232751.0409,923.9587
node-101,2024-01-01 20:15:00,0.01,8120139.4084,0.0,0.2031,96423.924,4.069,6240465.0396,888.8055
node-102,2024-01-01 20:15:00,0.1033,9450892.0874,0.3396,0.9214,132198.4999,7.0674,6216108.1791,959.5772
node-103,2024-01-01 20:15:00,0.109,8557260.9467,0.0,0.6905,121047.115,5.8282,6228147.7791,934.77
node-104,2024-01-01 20:15:00,0.0979,9096532.0211,0.2965,1.0594,125673.5038,7.955,6225405.4667,940.2699
node-105,2024-01-01 20:15:00,0.3973,9350652.5391,0.8646,5.0947,139014.1034,7.9553,6173719.3056,943.4704
node-106,2024-01-01 20:15:00,0.0063,8744309.3001,0.0,0.2885,113589.8551,2.0523,6436860.7202,907.6022
node-107,2024-01-01 20:15:00,0.1073,8133668.5028,0.3627,1.0048,117778.6812,8.1055,6249969.4939,951.7832
node-108,2024-01-01 20:15:00,0.0942,10404509.1517,0.3888,0.6865,118110.1568,5.9526,6369383.8705,945.0499
node-109,2024-01-01 20:15:00,0.3297,9351814.2396,0.7359,0.6955,114688.5652,5.947,6171521.8985,914.822
node-110,2024-01-01 20:15:00,0.0983,8976460.565,0.0,0.69,118696.2156,6.9741,6132624.1553,926.583
node-111,2024-01-01 20:15:00,0.1818,9884180.5823,0.0,0.952,128698.6807,5.1137,6170256.0763,949.6262
node-112,2024-01-01 20:15:00,0.1159,8233103.7926,0.0,1.0087,112566.6958,9.1164,6385715.8261,924.6838
node-113,2024-01-01 20:15:00,0.0828,8716590.0794,1.2734,1.0894,115449.8889,7.9387,6335536.5061,946.5484
node-114,2024-01-01 20:15:00,0.0929,9101541.0957,0.0,0.7974,156694.1956,9.0494,6200557.6482,930.6524
node-115,2024-01-01 20:15:00,0.2954,9548721.0949,0.0,0.8983,150448.1948,8.9737,6305746.6683,964.0805
node-116,2024-01-01 20:15:00,0.0997,8978673.0228,0.5129,1.1413,134054.4336,6.9246,6226269.8279,943.9318
node-117,2024-01-01 20:15:00,0.183,8985749.5213,0.0,1.4871,118672.0866,8.6241,6195427.3416,940.0087
node-118,2024-01-01 20:15:00,0.0883,8892237.4802,0.1436,1.0946,138266.5801,7.0708,6227810.3666,951.0695
node-119,2024-01-01 20:15:00,0.1046,10535368.5019,0.0,0.9331,120152.2178,7.8551,6122889.9672,949.1244
node-000,2024-01-01 20:16:00,0.1002,8935337.7521,0.3867,1.2241,152796.5939,8.069,6193388.9294,938.1441
node-001,2024-01-01 20:16:00,0.1255,8796416.9737,0.0,1.134,139526.0664,6.0188,6168812.7742,903.5631
node-002,2024-01-01 20:16:00,0.0922,9205445.786,0.2791,1.0045,123303.3876,9.7861,6222408.4762,969.0529
node-003,2024-01-01 20:16:00,0.0743,9949570.9892,0.0,0.8322,108205.9103,7.9831,6243425.4549,948.3784
node-004,2024-01-01 20:16:00,0.1891,8866894.945,0.6479,6.6967,116889.5674,9.9779,6132858.8902,951.0112
node-005,2024-01-01 20:16:00,0.1055,8028194.2794,0.6852,0.9207,138073.6635,7.9968,6232298.013,941.2166
node-006,2024-01-01 20:16:00,0.0,9381703.6904,0.0286,0.1965,106716.9635,4.7893,6184603.8506,877.4031
node-007,2024-01-01 20:16:00,0.1165,8863246.2163,0.3181,0.9149,170216.5585,8.0126,6303012.0237,961.9593
node-008,2024-01-01 20:16:00,0.1929,9051583.4626,0.0,0.828,125381.3426,6.0071,6286048.4917,917.8224
node-009,2024-01-01 20:16:00,0.0848,9361231.559,0.5611,1.1226,134110.1199,6.775,6211545.2127,974.9226
node-010,2024-01-01 20:16:00,0.0892,9182744.7143,0.0,1.8063,133125.7681,6.9303,6135857.2316,942.157
node-011,2024-01-01 20:16:00,0.2188,8651567.7382,0.3466,1.1481,133282.6599,5.0917,6217211.7171,948.0675
node-012,2024-01-01 20:16:00,0.2028,8766360.5396,0.0,1.0765,128682.0172,7.2052,6243646.3977,958.6908
node-013,2024-01-01 20:16:00,0.185,8965737.6418,0.0342,1.5143,140661.0754,0.0148,0.0,957.2172
node-014,2024-01-01 20:16:00,0.156,10520003.6668,0.2522,1.1029,130442.7669,7.9833,6242301.2795,926.761
node-015,2024-01-01 20:16:00,0.0273,8037203.1683,0.0,0.1825,98903.5023,6.0653,6190397.5192,903.2135
node-016,2024-01-01 20:16:00,0.0649,8881203.7027,0.6637,0.7746,118662.6935,6.9868,6221269.361,955.9452
node-017,2024-01-01 20:16:00,0.0998,10021997.4624,0.0,0.5945,146555.3488,4.9087,6116140.9288,932.4917
node-018,2024-01-01 20:16:00,0.1153,9131810.8006,0.0,1.304,124115.2126,9.1036,6255606.5308,930.6619
node-019,2024-01-01 20:16:00,0.1875,9157119.9069,0.0,0.9659,112491.1707,8.0873,6295148.6167,957.3258
node-020,2024-01-01 20:16:00,0.1041,9283654.4419,1.7405,1.4668,218567.5367,6.9324,6262165.1727,987.8639
node-021,2024-01-01 20:16:00,0.1093,9336241.7948,0.0,1.1842,133334.0407,9.507,6230274.1824,961.2603
node-022,2024-01-01 20:16:00,0.0888,9517831.7134,0.0,0.8185,82619.6945,7.9449,6207821.4498,969.0685
node-023,2024-01-01 20:16:00,0.0062,8705744.1088,0.0,0.9232,114766.3632,5.0426,6264413.5631,931.2131
node-024,2024-01-01 20:16:00,0.0779,8893266.6361,0.0,0.882,132826.1844,10.9841,6196003.125,940.0546
node-025,2024-01-01 20:16:00,0.1093,10344814.2324,0.0,1.3114,121351.1468,4.8742,6232665.0162,928.4816
node-026,2024-01-01 20:16:00,0.0,9677807.2079,0.0,0.1888,135111.8765,5.0333,6266285.7576,893.667
node-027,2024-01-01 20:16:00,0.106,8894381.4993,0.6043,0.9721,121783.259,4.9627,6278819.6198,934.7265
node-028,2024-01-01 20:16:00,0.0989,10068292.0329,0.5933,0.8265,104128.9974,7.6428,6215166.9799,913.0714
node-029,2024-01-01 20:16:00,0.0916,9051703.4828,1.2685,1.005,147962.3123,8.1381,6156359.1138,945.0512
node-030,2024-01-01 20:16:00,0.0866,8580619.2241,0.0,0.7739,118838.7094,8.9686,6234784.6968,958.8383
node-031,2024-01-01 20:16:00,0.0,29030282.7498,0.7235,0.0,3756.22,0.0107,3960.7356,19.1138
node-032,2024-01-01 20:16:00,0.0857,8914518.0538,0.0,1.1594,112688.9997,7.6111,6282547.7268,961.5541
node-033,2024-01-01 20:16:00,0.1595,9363627.9081,0.0,0.9007,88519.0257,8.9308,6193342.4657,945.9713
node-034,2024-01-01 20:16:00,0.0,8213241.066,0.5927,0.0938,113275.4025,4.95,6202758.8027,895.7267
node-035,2024-01-01 20:16:00,0.1146,10179521.4744,0.0,0.7423,116067.5366,6.4028,6221968.8241,921.7656
node-036,2024-01-01 20:16:00,0.0975,9461081.7016,0.0,1.0008,102729.9782,6.033,6188560.4107,944.01
node-037,2024-01-01 20:16:00,0.1924,9039880.8628,0.379,1.0776,132846.3109,6.0353,6187696.3011,947.4979
node-038,2024-01-01 20:16:00,0.2167,8608219.5663,0.0,0.8145,124806.512,7.898,6281096.1835,938.3995
node-039,2024-01-01 20:16:00,0.0827,9751182.6833,0.0,1.495,119995.8751,8.1029,6260186.717,957.6956
node-040,2024-01-01 20:16:00,0.0,10223995.3239,1.3697,0.1901,149859.0486,3.9655,6173624.3535,879.82
node-041,2024-01-01 20:16:00,0.0974,9014815.3823,0.0,0.8112,125764.6556,5.9728,6150116.2614,974.0436
node-042,2024-01-01 20:16:00,0.1985,8897516.4337,0.0,0.7958,129413.715,7.0102,6163583.4212,918.5861
node-043,2024-01-01 20:16:00,0.1124,9884628.6109,0.2195,0.4085,131378.564,6.9903,6239594.2454,942.3666
node-044,2024-01-01 20:16:00,0.0933,9274917.316,0.0505,0.9957,153706.6991,6.9503,6169089.2538,943.3307
node-045,2024-01-01 20:16:00,0.0905,8975119.0685,0.2453,1.016,120359.6266,9.8749,6345593.6633,952.0151
node-046,2024-01-01 20:16:00,0.0964,8940643.4194,0.4367,1.015,137401.6885,7.9934,6200253.1653,962.6997
node-047,2024-01-01 20:16:00,0.114,8757171.4613,1.2506,0.8125,130328.0822,3.9577,6092343.6849,935.056
node-048,2024-01-01 20:16:00,0.1102,9381426.6299,0.0,0.6661,127809.2284,5.9793,6176533.7695,939.8644
node-049,2024-01-01 20:16:00,0.0,7998518.8643,0.3832,0.2111,123668.5427,5.0326,6368150.5606,895.2364
node-050,2024-01-01 20:16:00,0.0134,7968494.4256,0.0,0.2212,132915.2499,4.0268,6176868.4407,903.2796
node-051,2024-01-01 20:16:00,0.0919,9243141.3506,0.0,1.6833,139874.8241,8.9727,6291325.7781,985.8493
node-052,2024-01-01 20:16:00,0.0927,9385072.3764,0.0,1.2053,119168.6272,5.107,6258093.7432,937.8685
node-053,2024-01-01 20:16:00,0.0738,9653526.1632,0.3915,1.3481,117208.2578,11.1478,6294670.0545,947.5457
node-054,2024-01-01 20:16:00,0.1127,8585678.4959,0.0,0.9125,132905.7502,6.9568,6292711.2815,951.7428
node-055,2024-01-01 20:16:00,0.1228,8977262.4659,0.0,0.7177,115497.9663,7.8945,6235392.4988,955.8224
node-056,2024-01-01 20:16:00,0.0937,9682130.1548,0.0,0.7063,106994.6638,6.8856,6209903.4172,947.7401
node-057,2024-01-01 20:16:00,0.2252,7283890.3633,0.0,1.521,138129.7944,6.6696,6204189.777,941.9252
node-058,2024-01-01 20:16:00,0.1025,9273782.491,0.0,1.4272,170452.3944,8.0616,6343197.8447,953.3346
node-059,2024-01-01 20:16:00,0.0598,9235032.2355,0.771,1.4877,126063.2286,5.9621,6384095.3698,940.5038
node-060,2024-01-01 20:16:00,0.1223,8437904.6954,0.0,0.7834,128453.0339,3.9633,6219265.4399,929.135
node-061,2024-01-01 20:16:00,0.1435,9492124.8457,0.0,1.2854,133425.6303,7.0361,6313472.9297,961.8223
node-062,2024-01-01 20:16:00,0.1112,9651284.9501,0.0,0.8063,148535.5083,8.0138,6230219.9329,939.1155
node-063,2024-01-01 20:16:00,0.119,9080000.5925,0.1839,1.3948,111136.7643,8.978,6263430.4275,950.7742
node-064,2024-01-01 20:16:00,0.0662,9011406.0162,0.0,1.0919,128327.1055,9.0503,6152414.3823,956.9792
node-065,2024-01-01 20:16:00,0.119,9194738.4481,0.1386,1.1427,138621.7319,7.03,6181520.2112,962.04
node-066,2024-01-01 20:16:00,0.0767,8952397.8658,0.0,1.0076,127894.3425,8.9716,6139844.0603,934.9514
node-067,2024-01-01 20:16:00,0.0,9041490.9004,0.0,1.2894,130252.7628,12.0818,6300819.4202,934.1544
node-068,2024-01-01 20:16:00,0.095,9280839.028,0.0,0.9904,114437.7291,10.9477,6323076.0417,942.6126
node-069,2024-01-01 20:16:00,0.1215,9196564.7817,12.7449,1.1099,78180.3989,7.0821,6170107.5688,953.2542
node-070,2024-01-01 20:16:00,0.1048,9045929.9049,0.1964,1.1238,124890.2881,13.9783,6150096.8524,941.9293
node-071,2024-01-01 20:16:00,0.1043,9065775.592,0.3864,0.6241,114701.1943,7.0336,6167473.9241,969.8257
node-072,2024-01-01 20:16:00,0.0,106265477.7484,0.8297,0.29,99990.0909,4.133,6356498.0992,886.1488
node-073,2024-01-01 20:16:00,0.2051,9306899.4315,0.0,0.7576,135543.4496,7.1011,6291528.236,952.9908
node-074,2024-01-01 20:16:00,0.0997,8577327.9418,0.9486,0.7023,128601.8455,10.9569,6214681.8606,953.2973
node-075,2024-01-01 20:16:00,0.1006,9802251.8083,0.0,0.784,118489.5471,4.9418,6265689.5832,930.223
node-076,2024-01-01 20:16:00,0.0156,10089922.0271,0.0,0.1975,118437.0279,3.9586,6152701.9698,896.8138
node-077,2024-01-01 20:16:00,0.1151,8823309.3131,0.4647,0.9878,129717.8878,6.9895,6311451.5146,939.3493
node-078,2024-01-01 20:16:00,0.1005,9171825.8693,0.0,0.9007,132225.5115,7.9643,6130394.9121,965.9407
node-079,2024-01-01 20:16:00,0.0665,8817128.0713,0.0,0.9656,131060.85,9.9032,6249343.4666,948.3579
node-080,2024-01-01 20:16:00,0.0931,9285413.5251,0.0,1.5222,124878.6348,9.0513,6190709.9329,954.6126
node-081,2024-01-01 20:16:00,0.0856,8824729.8108,0.6812,0.6003,144151.1395,5.8656,6247636.7749,921.7894
node-082,2024-01-01 20:16:00,0.0,8230523.2024,0.2541,0.2122,95385.0809,1.9085,6178113.1379,900.9745
node-083,2024-01-01 20:16:00,0.0899,9018750.6836,0.7529,2.0176,134150.3863,9.0347,6176033.806,938.9281
node-084,2024-01-01 20:16:00,0.0987,9471927.3075,0.0,0.9777,137248.7184,9.1125,6276368.903,961.2451
node-085,2024-01-01 20:16:00,0.117,9017774.7983,0.5572,1.0257,114422.3975,7.9497,6217217.1496,956.8207
node-086,2024-01-01 20:16:00,0.1131,8802108.9843,1.8452,0.8705,136348.8248,8.1324,6205054.9374,963.3808
node-087,2024-01-01 20:16:00,0.1265,9484826.767,0.5356,1.1372,134322.547,7.862,6176440.4235,950.3355
node-088,2024-01-01 20:16:00,0.1074,8941928.4578,0.0402,0.995,123129.1689,5.0457,6220575.4721,953.0505
node-089,2024-01-01 20:16:00,0.0995,8907026.2549,0.0,1.416,114743.2161,8.9692,6211994.573,952.1734
node-090,2024-01-01 20:16:00,0.102,11130164.1857,0.0385,0.714,144064.2145,11.1362,6199153.5914,928.1701
node-091,2024-01-01 20:16:00,0.1144,9701507.7128,0.0,1.3005,120086.8675,6.8423,6197664.4002,957.7671
node-092,2024-01-01 20:16:00,0.2678,10022921.1133,0.2552,1.0498,116733.4299,7.1032,6272911.3552,910.3048
node-093,2024-01-01 20:16:00,0.0983,9887381.0044,0.3782,0.7456,122501.9505,5.4856,6251431.3547,903.4417
node-094,2024-01-01 20:16:00,0.0736,8731394.5095,0.0,1.0594,108603.9667,4.9614,6206524.0184,960.5126
node-095,2024-01-01 20:16:00,0.1884,8417315.0185,0.0,0.8914,129700.9544,6.0999,6295680.1014,957.1581
node-096,2024-01-01 20:16:00,0.093,10282898.0805,0.6423,0.9554,105071.3484,6.9432,6217602.1808,951.537
node-097,2024-01-01 20:16:00,0.0874,9212582.2998,0.179,1.0055,125129.1236,11.15,6200384.6345,950.6562
node-098,2024-01-01 20:16:00,0.0906,9144045.2246,0.4055,0.8015,83187.6673,8.9803,6156250.7459,953.2677
node-099,2024-01-01 20:16:00,0.1157,8757408.0403,0.0,1.0138,142693.6511,7.3135,6221196.4655,962.5899
node-100,2024-01-01 20:16:00,0.2921,8976934.0591,0.0,3.1999,156756.1844,13.0092,6299240.6874,922.4681
node-101,2024-01-01 20:16:00,0.0039,7963829.3254,0.0,0.2024,118469.83,4.0593,6266023.9079,901.7675
node-102,2024-01-01 20:16:00,0.1033,8798953.4992,0.0,0.9553,124220.7945,9.8805,6368265.4552,949.2544
node-103,2024-01-01 20:16:00,0.1013,8863089.38,0.2887,1.1821,116867.9952,6.1064,6263583.3608,930.5781
node-104,2024-01-01 20:16:00,0.1027,8880318.0932,0.0,1.3043,122768.031,7.8675,6247711.5931,956.1588
node-105,2024-01-01 20:16:00,0.2162,9070080.5212,0.0,1.6161,160670.0651,8.0515,6156627.9015,960.382
node-106,2024-01-01 20:16:00,0.0091,8183436.9405,0.0,0.2083,156979.2255,2.1691,6211931.5602,910.0502
node-107,2024-01-01 20:16:00,0.0792,8540300.6798,0.0,1.3863,84384.352,7.9968,6294860.9949,958.8826
node-108,2024-01-01 20:16:00,0.1779,10747856.8689,0.2776,1.2012,129719.4432,5.9992,6130617.6515,936.7934
node-109,2024-01-01 20:16:00,0.1824,9314509.9947,0.0,1.2158,113939.8023,7.0012,6218113.9666,909.5329
node-110,2024-01-01 20:16:00,0.1803,9410966.5606,0.3672,1.2941,147224.9624,7.0127,6181269.6763,909.6631
node-111,2024-01-01 20:16:00,0.2472,10392619.0885,0.0,0.9903,88396.6951,7.9613,6310729.617,948.3686
node-112,2024-01-01 20:16:00,0.1538,8700571.14,0.5475,0.9331,119072.0398,9.0001,6233560.0005,952.9003
node-113,2024-01-01 20:16:00,0.0937,8710443.9777,0.0,1.0196,120766.2391,8.0633,6221844.1621,939.5806
node-114,2024-01-01 20:16:00,0.1048,8876826.3326,0.2013,1.0875,159440.796,8.0308,6336948.6263,928.3956
node-115,2024-01-01 20:16:00,0.1478,9363412.9734,0.813,0.9842,120540.7303,9.0064,6250644.9464,936.7848
node-116,2024-01-01 20:16:00,0.0976,9035111.1896,0.0,0.873,130465.7726,8.3066,6228772.3568,948.6529
node-117,2024-01-01 20:16:00,0.0997,9195121.7495,0.3351,1.7998,117200.0096,8.9332,6180071.8991,961.2371
node-118,2024-01-01 20:16:00,0.2016,8953516.1435,0.0,0.9913,138461.4547,7.0105,6255190.5604,940.1924
node-119,2024-01-01 20:16:00,0.1153,10526422.8536,0.0,0.7191,120877.4132,11.9811,6214541.5881,959.7103
node-000,2024-01-01 20:17:00,0.1189,8726302.0505,0.6174,0.9701,168453.2097,8.0395,6198100.0912,946.214
node-001,2024-01-01 20:17:00,0.0963,8619257.4088,0.0,0.9947,122540.95,4.9359,6301493.1873,928.1646
node-002,2024-01-01 20:17:00,0.104,9249411.2415,0.0,0.9325,147335.2463,9.9478,6153907.0582,975.1649
node-003,2024-01-01 20:17:00,0.1088,10091110.7536,0.0,0.6539,125526.3438,8.1041,6205387.8762,931.3382
node-004,2024-01-01 20:17:00,0.1341,9697746.566,0.3939,0.9355,116509.9933,10.9995,6221667.2908,953.9452
node-005,2024-01-01 20:17:00,0.2955,7993903.6851,0.0,0.8918,124905.7282,8.0988,6206647.2384,944.1358
node-006,2024-01-01 20:17:00,0.0,9819348.5996,0.0,0.1997,135533.1911,5.0531,6228226.6201,893.0108
node-007,2024-01-01 20:17:00,0.0972,8651097.6381,1.2783,0.8567,152738.0545,11.9937,6233325.9958,971.9483
node-008,2024-01-01 20:17:00,0.0938,9196512.9304,0.4816,0.8734,112460.9625,5.906,6226500.7065,902.2922
node-009,2024-01-01 20:17:00,0.1449,9395437.8728,0.0,1.0422,123256.7916,7.8646,6226914.8763,961.1765
node-010,2024-01-01 20:17:00,0.1042,9522440.0538,0.1285,1.4451,101022.162,10.8791,6270662.7433,947.1683
node-011,2024-01-01 20:17:00,0.0811,8532156.0434,0.0,0.8344,129366.5119,9.9385,6217230.965,945.4149
node-012,2024-01-01 20:17:00,0.2102,8479732.66,0.0,0.9017,105345.3842,6.9464,6244299.6904,928.8547
node-013,2024-01-01 20:17:00,0.1988,9256385.5282,0.3388,1.1178,149550.689,0.0,22846.785,955.2164
node-014,2024-01-01 20:17:00,0.1258,10664484.8743,0.0169,0.6861,129537.6377,4.0452,6154691.2322,931.4646
node-015,2024-01-01 20:17:00,0.0265,8446609.5495,0.0,0.2151,118618.3773,1.9772,6175367.12,883.84
node-016,2024-01-01 20:17:00,0.0011,8199212.6805,0.6172,0.8197,120883.6735,7.9189,6232283.9145,961.1642
node-017,2024-01-01 20:17:00,0.1768,10142591.999,0.0,0.6947,185903.9881,8.1764,6248343.5048,945.1307
node-018,2024-01-01 20:17:00,0.1692,9305279.2645,0.1489,1.1434,98464.8977,9.7132,6185817.9135,932.0624
node-019,2024-01-01 20:17:00,0.2173,9067622.8336,0.0,0.992,117973.1504,9.5704,6175210.0516,958.9373
node-020,2024-01-01 20:17:00,0.1034,9215216.0294,0.1981,0.9877,159871.0136,8.8871,6266635.7274,952.1532
node-021,2024-01-01 20:17:00,0.1146,9660489.0762,0.0,1.2866,126803.6473,9.9941,6213000.2696,964.7802
node-022,2024-01-01 20:17:00,0.1139,9246316.6671,1.1501,0.9581,131713.0223,8.0252,6181233.0258,957.6195
node-023,2024-01-01 20:17:00,0.1092,8590695.0359,0.0,0.6174,96656.0637,6.5939,6208512.6887,914.867
node-024,2024-01-01 20:17:00,0.0705,8337300.1744,0.0,0.8744,142035.1203,8.9361,6209089.743,938.8558
node-025,2024-01-01 20:17:00,0.1076,10971495.0242,0.1351,0.6995,126576.3061,6.9528,6215257.1271,919.5243
node-026,2024-01-01 20:17:00,0.0,9494998.4579,0.0,0.1793,132663.6413,1.9816,6159951.8622,902.3722
node-027,2024-01-01 20:17:00,0.1085,8920696.4568,0.0,0.9875,134695.0045,7.0222,6208280.8439,940.7157
node-028,2024-01-01 20:17:00,0.1396,9784678.7294,0.0,1.0671,147051.2602,7.931,6323252.3037,905.6229
node-029,2024-01-01 20:17:00,0.0915,9190781.8163,0.0,0.8048,112705.0671,7.9469,6322730.0713,958.3824
node-030,2024-01-01 20:17:00,0.0073,9126502.975,0.5307,0.8107,120196.4957,6.9051,6214208.2324,955.2857
node-031,2024-01-01 20:17:00,0.0014,28854368.4338,0.0,0.0052,0.0,0.0639,9599.8118,17.8792
node-032,2024-01-01 20:17:00,0.0995,9233376.0541,0.0,1.0946,171875.1946,8.0751,6318355.074,965.6885
node-033,2024-01-01 20:17:00,0.1056,8905211.2363,0.3595,0.8481,123247.1746,9.0525,6174035.8296,947.7639
node-034,2024-01-01 20:17:00,0.0,8251345.1036,0.0,0.1974,132052.0321,4.1333,6364352.0696,890.7106
node-035,2024-01-01 20:17:00,0.0338,10303065.5708,0.2426,0.7011,120882.421,6.0163,6176934.0358,909.1194
node-036,2024-01-01 20:17:00,0.1068,9021086.1103,0.0,1.2146,110784.5578,6.8047,6327088.9421,952.7696
node-037,2024-01-01 20:17:00,0.0997,9118452.9768,0.0,0.9127,86936.9466,3.089,6273413.8712,970.2936
node-038,2024-01-01 20:17:00,0.1977,8343042.412,0.0,0.8001,108425.9747,7.8948,6153336.1013,920.0128
node-039,2024-01-01 20:17:00,0.1026,10460732.661,0.755,0.6858,110757.3701,8.7097,6216142.9496,938.4159
node-040,2024-01-01 20:17:00,0.0,9558485.9938,0.0,0.203,142922.0196,3.9946,6153887.5722,890.1249
node-041,2024-01-01 20:17:00,0.0859,9081316.24,0.0,0.9913,126490.1901,9.9558,6219298.203,944.9732
node-042,2024-01-01 20:17:00,0.1032,9317291.1782,0.0,0.7696,136111.0524,7.5994,6222140.444,905.389
node-043,2024-01-01 20:17:00,0.0983,9852762.0113,0.0,0.5471,107194.3935,7.5319,6175210.7737,930.4294
node-044,2024-01-01 20:17:00,0.1206,9120595.6618,0.1223,0.8918,136021.9188,7.0353,6382779.5811,929.8393
node-045,2024-01-01 20:17:00,0.1084,9210214.6399,0.0,1.0435,140945.9208,7.9629,6280619.2274,942.5246
node-046,2024-01-01 20:17:00,0.0895,8595631.7485,0.0659,1.0058,131951.5411,7.3454,6360256.5924,959.5078
node-047,2024-01-01 20:17:00,0.2958,8346335.9169,0.0,0.8129,106693.9113,4.038,6315238.9893,930.6982
node-048,2024-01-01 20:17:00,0.1368,9494799.8693,0.8516,0.6682,88490.3543,6.9265,6163947.8302,920.0658
node-049,2024-01-01 20:17:00,0.0012,7705180.3688,0.0,0.2012,103799.1272,3.8766,6026078.3726,910.1044
node-050,2024-01-01 20:17:00,0.0,8382905.7116,0.0,0.2042,130901.3808,2.1085,6173871.5534,891.435
node-051,2024-01-01 20:17:00,0.0899,8791979.3337,0.0,1.2795,154332.2064,7.0436,6273224.4692,957.6795
node-052,2024-01-01 20:17:00,0.1263,9558830.3698,0.0,0.5175,105765.4221,6.1344,6211069.0731,927.1745
node-053,2024-01-01 20:17:00,0.0931,9602565.9216,0.6477,1.1878,139058.1091,11.0423,6232870.9961,956.6165
node-054,2024-01-01 20:17:00,0.1151,8651872.87,0.1214,1.1919,131008.7136,8.0479,6254022.9655,920.798
node-055,2024-01-01 20:17:00,0.0884,8934222.2906,0.5228,0.7149,122946.6178,9.1548,6223344.55,959.8964
node-056,2024-01-01 20:17:00,0.1146,9532761.4613,0.0175,0.7287,96140.3026,9.0281,6176877.7213,932.372
node-057,2024-01-01 20:17:00,0.2364,7316567.055,0.0,1.1507,129771.2493,6.9336,6184564.3715,929.477
node-058,2024-01-01 20:17:00,0.1093,9447724.029,0.0,0.9355,138026.5523,7.9833,6162887.4099,943.5377
node-059,2024-01-01 20:17:00,0.1289,9630805.2216,0.1513,0.9269,132685.8636,5.0434,6165090.5515,940.2303
node-060,2024-01-01 20:17:00,0.1054,8881420.4944,0.0,0.6761,119627.3395,7.0686,6179514.8106,927.2372
node-061,2024-01-01 20:17:00,0.2052,9469055.8355,0.0,0.8925,149463.624,7.5414,6271125.871,953.4589
node-062,2024-01-01 20:17:00,0.1028,9002008.8405,0.0,0.7123,122131.0389,8.0102,6255757.841,951.4755
node-063,2024-01-01 20:17:00,0.1136,8718256.121,0.0544,1.0776,83426.8946,10.4896,6163565.5138,936.1208
node-064,2024-01-01 20:17:00,0.0794,9441407.8286,0.0,1.0896,128281.2288,7.942,6172030.1973,957.6237
node-065,2024-01-01 20:17:00,0.0772,9036015.5814,0.4914,0.9819,140784.6119,6.0341,6307765.3837,958.891
node-066,2024-01-01 20:17:00,0.117,9029879.9878,0.0,1.1805,107406.0078,7.1152,6246599.3051,956.341
node-067,2024-01-01 20:17:00,0.1024,8402170.5746,0.0,0.8767,121492.6376,6.9342,6237896.4238,949.3999
node-068,2024-01-01 20:17:00,0.1107,9758000.8352,0.8519,1.0095,112276.0567,8.0346,6219307.1478,951.4546
node-069,2024-01-01 20:17:00,0.1148,8468378.8847,14.6993,1.0207,146258.5793,8.0133,6209739.3268,957.3463
node-070,2024-01-01 20:17:00,0.0992,8566719.3562,0.6634,0.6977,127269.0256,9.9442,6314057.7516,936.8006
node-071,2024-01-01 20:17:00,0.11,9312034.6206,0.0,0.7931,119609.0601,6.2755,6260585.8423,958.4628
node-072,2024-01-01 20:17:00,0.0253,106590679.095,0.3647,0.3002,93475.6203,2.9501,6192261.2331,912.9069
node-073,2024-01-01 20:17:00,0.0768,8931341.7662,0.0,0.8006,94013.5953,7.0369,6224468.2652,941.7794
node-074,2024-01-01 20:17:00,0.132,8954580.9037,0.0,0.6752,118119.628,4.0016,6164519.7409,953.7186
node-075,2024-01-01 20:17:00,0.1165,10163983.8194,0.0,0.7314,119466.4896,6.3915,6194078.5673,936.6083
node-076,2024-01-01 20:17:00,0.0047,9724635.8433,0.0,0.1686,115821.0446,2.9698,6101662.6099,904.4935
node-077,2024-01-01 20:17:00,0.103,8651217.4956,0.0,0.993,133781.799,7.0148,6225359.6294,965.264
node-078,2024-01-01 20:17:00,0.0,9010570.9569,0.4806,0.9322,110104.9876,9.0932,6257172.1984,946.0005
node-079,2024-01-01 20:17:00,0.0914,9143787.9788,0.0,0.9527,117496.0589,10.7335,6194472.5205,946.8823
node-080,2024-01-01 20:17:00,0.0876,9266672.2901,0.0,0.9922,130431.2825,9.0118,6135709.641,941.507
node-081,2024-01-01 20:17:00,0.113,9176745.7135,0.0,0.6968,144869.2416,6.6137,6298364.336,949.4447
node-082,2024-01-01 20:17:00,0.0172,8008409.4179,0.0,0.1871,116667.6354,3.0157,6212459.8986,895.263
node-083,2024-01-01 20:17:00,0.104,9115400.5715,0.0,1.0211,115677.2916,9.0118,6176989.8785,948.4867
node-084,2024-01-01 20:17:00,0.0997,9435203.5112,0.382,0.9122,137694.3423,8.9901,6255683.0443,961.5806
node-085,2024-01-01 20:17:00,0.1093,9193479.6705,0.0,0.909,115777.2869,8.0215,6277416.416,933.1822
node-086,2024-01-01 20:17:00,0.1021,8887129.8782,0.0,0.8108,135321.4335,7.1432,6302641.8923,950.3338
node-087,2024-01-01 20:17:00,0.2466,9034309.2684,0.3359,1.3242,135470.7019,5.9966,6241666.7615,952.9985
node-088,2024-01-01 20:17:00,0.1043,9189337.2643,1.1828,0.7339,115132.1086,8.7073,6218975.2204,940.1375
node-089,2024-01-01 20:17:00,0.0938,9122338.8064,0.7569,1.4791,144962.1069,15.0833,6207181.9926,945.4547
node-090,2024-01-01 20:17:00,0.1134,11032658.5949,1.2528,0.5994,178116.7679,7.1312,6174609.6821,917.5265
node-091,2024-01-01 20:17:00,0.1029,9128861.0553,0.7637,0.8806,132000.2562,8.1259,6207127.3383,948.6698
node-092,2024-01-01 20:17:00,0.1749,9932892.1712,0.0,0.7486,112105.7808,8.9689,6247281.242,908.418
node-093,2024-01-01 20:17:00,0.0975,10619594.4823,0.5303,0.6846,81660.3206,6.0521,6174866.9143,920.895
node-094,2024-01-01 20:17:00,0.1037,8993114.0589,0.0,1.1128,227246.2052,6.0098,6233503.8489,963.4061
node-095,2024-01-01 20:17:00,0.0804,8955593.7468,0.0,0.8163,151502.6069,4.8747,6161685.471,964.8234
node-096,2024-01-01 20:17:00,0.1137,10158773.0635,0.0,0.7743,119563.6444,5.0658,6235915.7037,942.3673
node-097,2024-01-01 20:17:00,0.1172,9458784.1702,0.0,1.0106,120465.938,6.0661,6149226.1673,958.1339
node-098,2024-01-01 20:17:00,0.1036,9400960.0299,0.4934,0.9081,121093.861,9.0323,6210264.031,931.9393
node-099,2024-01-01 20:17:00,0.0987,8747794.0577,0.3929,1.0179,123612.7596,6.903,6209004.3196,962.3662
node-100,2024-01-01 20:17:00,0.3165,8976679.6807,0.0,3.2106,159949.1662,6.9639,6199034.4388,926.3343
node-101,2024-01-01 20:17:00,0.0188,7971426.3183,0.3185,0.196,112251.8433,2.9733,6221277.3144,897.6532
node-102,2024-01-01 20:17:00,0.0865,8914513.4475,1.1394,0.9894,111838.8817,8.7163,6185585.3383,958.4548
node-103,2024-01-01 20:17:00,0.0902,8819940.6228,0.0339,0.9191,135413.265,7.0527,6216994.5138,924.9612
node-104,2024-01-01 20:17:00,0.1004,8669518.7063,0.0,1.1894,116673.2505,9.0477,6256235.5374,949.2923
node-105,2024-01-01 20:17:00,0.0927,9413038.3491,0.0,0.9701,193918.1084,7.9431,6169700.0777,959.8532
node-106,2024-01-01 20:17:00,0.006,8341527.2718,0.0,0.1849,85495.1161,3.058,6172655.9066,868.7662
node-107,2024-01-01 20:17:00,0.114,8396761.6894,0.172,1.3911,130747.7441,9.9935,6154598.531,947.6322
node-108,2024-01-01 20:17:00,0.0904,10689191.3105,0.5169,0.9009,116348.3474,7.0682,6184886.8703,935.1827
node-109,2024-01-01 20:17:00,0.1992,8805813.4804,1.1216,0.6934,115059.2572,7.6951,6229075.0093,911.4264
node-110,2024-01-01 20:17:00,0.0985,8685980.0467,1.3135,0.8007,132682.9634,11.0761,6404922.8939,937.0599
node-111,2024-01-01 20:17:00,0.0817,10385962.3245,0.187,0.9814,104705.6137,5.9655,6171556.1665,959.0785
node-112,2024-01-01 20:17:00,0.0036,8390125.4748,0.0,0.699,159525.362,8.9943,6134109.3101,938.7175
node-113,2024-01-01 20:17:00,0.1165,8900790.1571,0.1964,1.0468,137097.2341,6.9371,6279371.1832,944.0715
node-114,2024-01-01 20:17:00,0.0251,8866793.9939,1.3007,0.8488,167527.5689,8.014,6238660.3618,932.308
node-115,2024-01-01 20:17:00,0.1058,9793377.6706,0.7684,0.9412,128922.1145,8.9642,6231617.2767,946.1798
node-116,2024-01-01 20:17:00,0.0963,9075559.1847,0.5601,1.393,76834.6841,8.9466,6304650.9188,937.7805
node-117,2024-01-01 20:17:00,0.0998,9053284.3805,0.6013,1.1947,116480.9908,6.9405,6189497.8536,946.9829
node-118,2024-01-01 20:17:00,0.0932,9689217.8918,0.0,0.9091,134192.3323,7.0708,6281083.9586,943.7296
node-119,2024-01-01 20:17:00,0.0891,10598604.9517,0.0,0.7979,139310.9859,8.7088,6256533.8933,936.1617
node-000,2024-01-01 20:18:00,0.0903,9061192.9084,0.0,0.9989,160201.5162,8.1736,6229892.2125,935.821
node-001,2024-01-01 20:18:00,0.1099,9072977.5483,0.1711,0.9405,113705.8225,4.9534,6219927.1285,898.1201
node-002,2024-01-01 20:18:00,0.1056,9252173.8921,0.0,1.0031,111666.5552,8.0032,6263787.5492,961.6021
node-003,2024-01-01 20:18:00,0.0978,10152555.091,0.0,0.7316,140817.2427,9.0352,6286356.796,936.1769
node-004,2024-01-01 20:18:00,0.115,9224728.1381,0.0,0.8998,92397.6108,7.9188,6289723.6603,965.0182
node-005,2024-01-01 20:18:00,0.1023,8232296.3503,0.6722,1.191,130368.0054,6.9174,6198048.3348,949.1277
node-006,2024-01-01 20:18:00,0.0,9768104.4748,0.2084,0.1935,129588.2671,3.956,6535956.8741,882.2081
node-007,2024-01-01 20:18:00,0.1141,8817953.0264,0.4862,0.7017,131734.4215,8.9446,6305080.6855,954.6738
node-008,2024-01-01 20:18:00,0.096,8698554.677,0.0,0.5995,135726.5762,7.9315,6129524.2049,922.0466
node-009,2024-01-01 20:18:00,0.0914,9622001.7281,0.3582,0.8712,129254.3559,8.0614,6391849.3175,965.6687
node-010,2024-01-01 20:18:00,0.1785,9278033.7713,0.7225,1.4394,87476.3826,6.9464,6222507.3637,948.9058
node-011,2024-01-01 20:18:00,0.1798,8844734.3744,0.3985,0.8732,115520.1289,8.4881,6261915.0579,957.6746
node-012,2024-01-01 20:18:00,0.1999,9186573.5872,0.0,0.8632,116823.8496,7.0238,6150094.744,942.0912
node-013,2024-01-01 20:18:00,0.1542,9430438.1172,0.0,1.0568,173186.9379,0.164,0.0,941.9674
node-014,2024-01-01 20:18:00,0.1042,10811592.5593,0.7431,0.8126,122176.0994,5.8868,6151261.9236,931.5562
node-015,2024-01-01 20:18:00,0.0,8924521.9042,0.3767,0.1861,121681.1596,5.0624,6238279.3331,887.5676
node-016,2024-01-01 20:18:00,0.0055,8855723.5788,0.2837,0.9285,124944.8162,6.058,6189794.1489,969.2468
node-017,2024-01-01 20:18:00,0.118,10369950.1545,0.0,0.7441,178845.841,5.0138,6232884.3141,928.2213
node-018,2024-01-01 20:18:00,0.0527,9320712.4118,0.6623,1.1972,110533.4803,10.0046,6236485.6981,935.9397
node-019,2024-01-01 20:18:00,0.0713,9282989.7054,0.0,1.0799,116746.2506,10.0782,6354289.5373,966.114
node-020,2024-01-01 20:18:00,0.0905,9207124.9164,0.2652,0.9933,143499.7762,8.0675,6223239.3384,943.6499
node-021,2024-01-01 20:18:00,0.0868,9488211.1715,0.5975,1.5942,115252.0229,7.9775,6249182.5592,954.0779
node-022,2024-01-01 20:18:00,0.0991,9153997.7694,0.0,0.895,120134.5052,8.7544,6143575.2071,951.5132
node-023,2024-01-01 20:18:00,0.1083,8916200.1903,0.1548,0.7529,128331.0844,7.0222,6217187.7029,921.528
node-024,2024-01-01 20:18:00,0.1051,8627250.7477,0.5949,0.6012,103356.3665,7.9545,6221551.8113,946.98
node-025,2024-01-01 20:18:00,0.0871,10735086.4227,0.5179,0.738,91372.8627,7.5911,6228244.5942,929.4188
node-026,2024-01-01 20:18:00,0.0,9584234.7998,0.298,0.2269,113562.7134,2.954,6402022.608,891.8237
node-027,2024-01-01 20:18:00,0.0777,9213179.1889,0.0,0.8754,140734.4758,8.4025,6345640.1983,932.9676
node-028,2024-01-01 20:18:00,0.099,9999975.292,0.1817,0.8618,133539.5786,7.9757,6162048.8882,910.0354
node-029,2024-01-01 20:18:00,0.1044,9155693.4184,0.0,0.7175,141714.7577,6.8326,6176414.2022,935.1225
node-030,2024-01-01 20:18:00,0.1274,8580787.4077,0.0,0.9903,120523.5142,7.7704,6211936.4849,957.6134
node-031,2024-01-01 20:18:00,0.0426,29190130.3471,1.2904,0.0045,8572.9708,0.0,0.0,0.0
node-032,2024-01-01 20:18:00,0.1087,9181135.0004,0.0,0.9047,149287.9679,11.937,6248078.7645,946.2825
node-033,2024-01-01 20:18:00,0.1111,8975499.7352,0.3553,0.9767,114400.0973,8.9196,6196687.1834,939.9962
node-034,2024-01-01 20:18:00,0.0068,8330824.4076,0.0,0.1936,113153.0543,3.8856,6208042.5184,887.5002
node-035,2024-01-01 20:18:00,0.0963,10845332.6053,0.1808,1.0127,129597.9348,7.0083,6163069.4884,912.7881
node-036,2024-01-01 20:18:00,0.1049,9033951.3599,0.4519,0.9398,132759.6417,7.0591,6232148.7052,965.1024
node-037,2024-01-01 20:18:00,0.0844,9648181.528,0.0,0.7887,133805.6918,8.0291,6162113.842,954.4002
node-038,2024-01-01 20:18:00,0.0759,8245522.6961,0.0,1.099,140716.8333,4.934,6236759.185,937.6368
node-039,2024-01-01 20:18:00,0.0,10133237.6551,0.0,0.6988,115736.2567,8.9069,6207329.0839,943.9537
node-040,2024-01-01 20:18:00,0.0,9624897.8682,0.3432,0.2164,153663.0786,4.6789,6342716.9216,887.9619
node-041,2024-01-01 20:18:00,0.1128,8848709.4204,0.0,1.1551,143941.0068,8.0373,6200646.3491,960.4313
node-042,2024-01-01 20:18:00,0.0874,8736543.648,0.0,0.8517,92803.5109,8.0227,6348588.4788,912.0381
node-043,2024-01-01 20:18:00,0.1122,10050069.15,0.0959,0.6027,122873.3245,8.0689,6283559.0488,953.3521
node-044,2024-01-01 20:18:00,0.0804,8834494.1945,0.0,0.94,119404.1752,6.9198,6188261.5021,950.135
node-045,2024-01-01 20:18:00,0.1195,9095543.6369,0.0,0.9859,100089.2691,9.0328,6228950.6947,932.1227
node-046,2024-01-01 20:18:00,0.129,8555976.1708,0.1521,1.0054,111143.669,7.0766,6192767.9093,951.6478
node-047,2024-01-01 20:18:00,0.0817,8381688.9586,0.3142,0.8461,90639.154,6.0583,6288431.6044,938.0183
node-048,2024-01-01 20:18:00,0.1215,9174886.981,0.2762,0.9648,133604.7635,7.824,6219291.4755,926.8574
node-049,2024-01-01 20:18:00,0.0,7763571.1333,0.3531,0.1037,149682.9885,4.0862,6180817.3523,891.0655
node-050,2024-01-01 20:18:00,0.0,7955481.009,0.0,0.2156,109897.6482,5.0299,6232048.265,903.3191
node-051,2024-01-01 20:18:00,0.0882,9037248.3313,0.0,1.316,144780.0382,9.9385,6215033.045,965.0257
node-052,2024-01-01 20:18:00,0.1086,9669992.544,0.0,0.6999,125455.4635,6.072,6369633.0552,948.5853
node-053,2024-01-01 20:18:00,0.0673,9589785.2211,0.0,0.9946,99752.8482,8.9827,6285993.5278,957.327
node-054,2024-01-01 20:18:00,0.1906,9079209.1758,0.0,1.294,107316.3268,9.9818,6222399.5154,925.2953
node-055,2024-01-01 20:18:00,0.0926,9051882.2163,0.0,0.9001,120161.2115,8.0908,6361052.1138,973.9574
node-056,2024-01-01 20:18:00,0.1084,9610021.6215,0.215,0.7053,111509.196,9.0113,6346551.0289,942.9908
node-057,2024-01-01 20:18:00,0.1116,7370398.4655,0.3286,1.2149,106350.5994,8.0933,6204296.5124,943.2447
node-058,2024-01-01 20:18:00,0.208,9565522.5977,0.4318,1.119,163156.1641,7.9709,6352936.2136,970.6292
node-059,2024-01-01 20:18:00,0.1148,9040465.7412,0.7195,0.9549,116096.1361,4.9472,6185349.0453,941.7858
node-060,2024-01-01 20:18:00,0.1262,8833801.2955,0.0,0.7817,133549.7964,6.5133,6259067.1445,924.5793
node-061,2024-01-01 20:18:00,0.0309,9295132.8232,0.8556,1.6075,103396.5419,8.0213,6255254.7884,949.3098
node-062,2024-01-01 20:18:00,0.1014,9618713.2524,0.1524,0.6895,105116.2088,6.9851,6233764.9775,953.2565
node-063,2024-01-01 20:18:00,0.1959,8638985.6422,0.0613,1.0419,112700.2664,11.0387,6186345.7793,945.9444
node-064,2024-01-01 20:18:00,0.0063,8886688.9963,0.0,1.014,112841.4518,6.9648,6192335.7029,956.7916
node-065,2024-01-01 20:18:00,0.1074,8768167.1033,0.0,1.1272,101292.4338,6.8877,6182930.7996,965.4116
node-066,2024-01-01 20:18:00,0.1113,9046153.9436,0.389,1.0031,130168.6543,8.025,6220262.0063,948.8708
node-067,2024-01-01 20:18:00,0.1669,8872331.7111,0.4737,0.8012,115540.2096,6.9393,6170874.7101,940.1124
node-068,2024-01-01 20:18:00,0.1028,9350855.007,0.0,0.988,113179.9866,9.0305,6203551.0361,947.0859
node-069,2024-01-01 20:18:00,0.0925,8426494.4306,14.3709,0.9814,124093.5332,10.0205,6214576.9862,969.9535
node-070,2024-01-01 20:18:00,0.1042,8468975.7031,0.0,1.1058,118357.1917,8.0308,6144036.0767,956.3819
node-071,2024-01-01 20:18:00,0.1356,9096265.5498,0.0,0.9386,114741.8748,5.7762,6192471.4641,947.7562
node-072,2024-01-01 20:18:00,0.0153,106344723.1602,0.0,0.1843,118890.2921,1.9965,6143458.7177,906.7109
node-073,2024-01-01 20:18:00,0.1069,8955139.7788,0.0,0.7309,124629.5079,4.9083,6155176.5004,957.7091
node-074,2024-01-01 20:18:00,0.0826,9007651.806,0.0,0.7115,121775.2207,5.047,6240274.7831,960.2837
node-075,2024-01-01 20:18:00,0.0925,10319348.4055,0.5486,1.1186,123635.2403,6.9319,6231927.2433,948.2048
node-076,2024-01-01 20:18:00,0.0134,9496832.1797,0.0,0.1917,157155.7556,3.0675,6322052.0563,867.6854
node-077,2024-01-01 20:18:00,0.1025,9195463.759,0.7987,1.502,130231.5866,6.4065,6191176.4088,971.0669
node-078,2024-01-01 20:18:00,0.0704,9199287.3317,0.0,1.0657,114520.3338,9.0072,6181569.7175,983.9097
node-079,2024-01-01 20:18:00,0.1175,9314487.4207,1.3457,0.9614,129380.5417,11.0352,6234100.0266,960.7289
node-080,2024-01-01 20:18:00,0.135,9117809.3487,0.8787,1.0778,100062.6167,12.9812,6278791.0121,946.2191
node-081,2024-01-01 20:18:00,0.1015,8951303.2051,0.0,0.4964,157229.6559,7.005,6199797.1088,942.4247
node-082,2024-01-01 20:18:00,0.0,8419128.3706,0.0,0.2132,124844.2735,4.6019,6227783.2905,907.1739
node-083,2024-01-01 20:18:00,0.0938,8911992.3267,0.582,1.1086,131431.3499,6.9035,6291602.967,946.3693
node-084,2024-01-01 20:18:00,0.0861,9663851.8492,0.4462,0.894,132959.2346,7.9449,6247848.227,948.3776
node-085,2024-01-01 20:18:00,0.0961,8971518.0989,0.0,0.913,124162.6278,8.1149,6264067.1966,941.3248
node-086,2024-01-01 20:18:00,0.1425,8833457.3375,0.0,0.9952,140971.2893,7.0191,6265848.0674,928.0167
node-087,2024-01-01 20:18:00,0.1649,9232274.4036,0.0,0.8999,124710.3618,7.9364,6254842.0965,966.1892
node-088,2024-01-01 20:18:00,0.1136,8980541.0028,0.0,0.7945,128455.0359,9.9589,6297913.0546,944.4422
node-089,2024-01-01 20:18:00,0.1309,8965705.4364,3.219,1.4051,132156.7753,7.9364,6255070.3822,944.5049
node-090,2024-01-01 20:18:00,0.0973,10356060.6016,0.65,0.7471,156320.126,4.971,6281482.6728,919.8084
node-091,2024-01-01 20:18:00,0.1561,9603282.8576,0.0,1.3117,140351.0808,7.8662,6192170.2918,944.843
node-092,2024-01-01 20:18:00,0.145,10257904.9356,0.4032,0.7834,120142.3837,5.0806,6248907.0514,928.147
node-093,2024-01-01 20:18:00,0.163,10487013.7084,0.9949,0.7137,137922.6548,6.9866,6184791.2276,900.9731
node-094,2024-01-01 20:18:00,0.0932,9003965.5468,0.0,1.084,110082.6003,6.8223,6253560.546,964.991
node-095,2024-01-01 20:18:00,0.1184,9027491.4901,0.3049,5.1964,133077.4212,6.5642,6228704.5504,965.842
node-096,2024-01-01 20:18:00,0.1337,10146424.0551,0.3358,0.9943,121787.4998,8.1282,6134770.4672,950.2816
node-097,2024-01-01 20:18:00,0.107,9093719.4616,0.6252,0.9976,147920.5742,7.5074,6192524.4169,953.7101
node-098,2024-01-01 20:18:00,0.1726,9450824.4586,0.0294,1.2136,134933.5234,7.9839,6128372.7725,958.759
node-099,2024-01-01 20:18:00,0.1024,8483278.5953,0.0,0.9555,124630.9756,10.9784,6199099.0201,941.0936
node-100,2024-01-01 20:18:00,0.2698,9425936.9789,0.9259,3.1857,129816.3386,9.0161,6332623.3633,932.363
node-101,2024-01-01 20:18:00,0.0,7658591.7069,0.2565,0.2076,144597.3472,3.3608,6126070.7626,906.4433
node-102,2024-01-01 20:18:00,0.2271,9418007.1213,0.0,0.9021,122575.3255,7.9989,6260529.0836,982.5255
node-103,2024-01-01 20:18:00,0.0767,8474720.3832,0.0,0.9188,117285.2948,4.0364,6206586.4343,927.1214
node-104,2024-01-01 20:18:00,0.1098,8451264.0564,0.0,1.3113,113393.3025,6.034,6267380.5986,952.0201
node-105,2024-01-01 20:18:00,0.1211,9191041.55,0.4475,0.8987,158101.4692,7.0092,6317990.648,967.1898
node-106,2024-01-01 20:18:00,0.0184,8874584.8927,0.0,0.3105,140553.1598,1.9513,6323759.3384,891.9744
node-107,2024-01-01 20:18:00,0.1119,8200609.743,0.5999,0.9179,119406.5281,7.0117,6200631.535,938.5688
node-108,2024-01-01 20:18:00,0.0887,10334293.8212,0.9932,0.8909,126717.0009,5.947,6193111.2505,922.2578
node-109,2024-01-01 20:18:00,0.0,9142143.2658,0.654,0.8079,127363.9733,8.0557,6155172.0538,912.0729
node-110,2024-01-01 20:18:00,0.0973,9191707.8532,1.1732,0.9114,77237.296,8.0296,6252494.607,899.4083
node-111,2024-01-01 20:18:00,0.0889,10052568.5726,0.0,0.9473,115614.615,6.1713,6204666.8033,968.3269
node-112,2024-01-01 20:18:00,0.0078,8237445.6962,0.0,0.7139,135426.1009,14.9919,6187675.1351,939.7298
node-113,2024-01-01 20:18:00,0.1008,8299950.0392,0.0,1.083,133397.9293,6.937,6364241.7645,928.8047
node-114,2024-01-01 20:18:00,0.0661,8923300.3226,0.3682,0.9122,159926.4572,7.9904,6212101.0695,926.2768
node-115,2024-01-01 20:18:00,0.1205,9046388.2449,0.1548,0.8177,121224.3343,5.0888,6161392.2874,934.5595
node-116,2024-01-01 20:18:00,0.0958,8950995.8699,1.6193,1.0149,135868.1217,13.0594,6250182.052,949.391
node-117,2024-01-01 20:18:00,0.1039,9147233.5829,0.0,1.1968,120774.1246,6.8907,6191863.8395,939.8139
node-118,2024-01-01 20:18:00,0.1414,9167185.8835,0.0,0.8906,117032.0651,8.8617,6113210.8223,937.6276
node-119,2024-01-01 20:18:00,0.1171,10428919.1583,0.0,0.9808,108671.1854,7.1541,6272731.2275,937.0804
node-000,2024-01-01 20:19:00,0.1414,9607251.9994,0.0,1.4977,152920.0589,8.0249,6149995.4197,947.8797
node-001,2024-01-01 20:19:00,0.1041,8872205.07,0.0,0.8833,114794.1449,5.0912,6218743.746,904.4152
node-002,2024-01-01 20:19:00,0.1199,9254686.8517,0.0,0.9627,132552.1665,9.0548,6218654.2861,948.6627
node-003,2024-01-01 20:19:00,0.0985,10040641.3648,0.2991,0.9562,123193.3639,8.1327,6191697.939,934.0062
node-004,2024-01-01 20:19:00,0.1035,9566138.7825,0.046,1.4834,129824.9445,8.009,6236479.4985,957.6396
node-005,2024-01-01 20:19:00,0.0907,8326784.0719,0.051,0.981,120243.8966,6.0509,6220760.2919,951.7756
node-006,2024-01-01 20:19:00,0.034,9586434.8399,1.1601,0.1995,77459.7324,4.0879,6272791.9332,888.6872
node-007,2024-01-01 20:19:00,0.0757,8605491.6055,0.1728,0.7118,156174.1536,7.8356,6259745.2265,949.9943
node-008,2024-01-01 20:19:00,0.2038,9001813.9854,0.0,1.1088,119036.0511,7.9911,6230779.6653,925.797
node-009,2024-01-01 20:19:00,0.0842,9664356.6935,0.7818,1.3012,132353.1992,6.0045,6231982.7175,949.5933
node-010,2024-01-01 20:19:00,0.0063,9453674.8905,0.7634,1.307,126697.9932,6.995,6264422.1664,968.362
node-011,2024-01-01 20:19:00,0.164,8441486.6145,0.0,0.8717,109350.1067,7.0271,6216991.3299,948.4788
node-012,2024-01-01 20:19:00,0.119,8581572.3355,0.9919,1.0345,134828.3446,4.9607,6282116.629,942.6681
node-013,2024-01-01 20:19:00,0.1325,9072651.9537,1.0233,1.0086,164294.999,0.0,27165.4651,980.8383
node-014,2024-01-01 20:19:00,0.1,10521095.9183,0.572,1.1241,77889.95,7.0521,6158486.2782,939.432
node-015,2024-01-01 20:19:00,0.0,8325042.9684,0.0,0.1977,128449.1689,3.8829,6340662.2294,914.5035
node-016,2024-01-01 20:19:00,0.0055,8792455.7547,0.0,1.3105,123386.4128,8.0678,6358347.2316,954.8323
node-017,2024-01-01 20:19:00,0.105,10391802.5844,0.2198,1.4017,162014.3202,5.0641,6218218.7968,950.7028
node-018,2024-01-01 20:19:00,0.0572,9689945.347,0.7679,1.415,111924.5562,9.9718,6364015.6493,948.8128
node-019,2024-01-01 20:19:00,0.1251,9583445.6063,0.0,0.9325,132004.2635,5.0126,6115378.9211,976.0154
node-020,2024-01-01 20:19:00,0.1041,9240413.9464,0.1594,0.918,116800.8911,10.2807,6313330.6521,965.6938
node-021,2024-01-01 20:19:00,0.1021,9928588.9929,0.0,1.3351,118425.3405,8.1391,6174570.6316,962.005
node-022,2024-01-01 20:19:00,0.0987,9257208.2588,0.2076,0.7995,137477.6084,9.0237,6153746.6033,955.1989
node-023,2024-01-01 20:19:00,0.1176,8727404.6985,0.5794,0.6983,131600.302,8.0483,6248954.1229,919.1485
node-024,2024-01-01 20:19:00,0.1051,8567946.4354,0.7373,0.7006,138817.4418,9.0233,6418423.7338,956.535
node-025,2024-01-01 20:19:00,0.0074,10435233.0614,0.0,0.7864,123709.0048,8.0405,6250492.5232,919.6947
node-026,2024-01-01 20:19:00,0.0,9818740.9715,0.0,0.1999,116391.1246,3.9584,6181876.223,874.5314
node-027,2024-01-01 20:19:00,0.0882,9004368.8274,0.3167,1.2033,84692.5702,9.0217,6185320.771,934.9116
node-028,2024-01-01 20:19:00,0.1194,9551967.1403,0.0,0.8592,133921.9852,14.9414,6211762.0812,924.8655
node-029,2024-01-01 20:19:00,0.0943,9241363.8852,0.0,0.7395,132396.0113,7.9439,6224479.6519,946.5133
node-030,2024-01-01 20:19:00,0.0795,9037974.6901,0.8946,0.7123,140583.711,7.8659,6208566.0564,955.6856
node-031,2024-01-01 20:19:00,0.011,28814645.2615,0.0,0.7086,8507.7744,0.0286,108445.9462,16.5809
node-032,2024-01-01 20:19:00,0.1451,9654695.55,0.0,1.0029,107609.9143,7.9971,6213383.367,948.7296
node-033,2024-01-01 20:19:00,0.0,9187935.3325,0.0,1.0013,137667.0756,7.9162,6289225.2842,966.2455
node-034,2024-01-01 20:19:00,0.0039,8172468.8686,0.4242,0.0973,140058.5813,5.089,6375893.8884,913.6206
node-035,2024-01-01 20:19:00,0.207,10178637.7378,0.0,0.9136,95082.0988,8.156,6152885.4136,927.3196
node-036,2024-01-01 20:19:00,0.091,9474256.1907,0.0,1.4999,130636.5327,7.993,6195398.7465,953.7517
node-037,2024-01-01 20:19:00,0.1123,9305225.8329,0.8734,0.8096,112056.1927,7.3477,6218077.5134,949.5355
node-038,2024-01-01 20:19:00,0.0925,8848025.7021,0.0,0.7962,119787.3339,6.0554,6287905.1909,930.2844
node-039,2024-01-01 20:19:00,0.1036,10186063.0382,0.0,0.5872,115650.3289,8.1525,6241085.0005,949.9387
node-040,2024-01-01 20:19:00,0.0114,9176283.7096,0.8732,0.3155,156899.8876,4.9992,6226493.5882,898.1945
node-041,2024-01-01 20:19:00,0.0958,9291595.6802,0.0,0.7808,160135.5848,7.0019,6321742.8707,953.5832
node-042,2024-01-01 20:19:00,0.1213,8786093.0041,0.0,0.8048,125480.9322,5.9856,6261453.3576,900.39
node-043,2024-01-01 20:19:00,0.0805,10192855.7158,0.0,0.5806,129912.0045,7.006,6149458.7164,944.1843
node-044,2024-01-01 20:19:00,0.1025,9013023.4912,0.1944,1.1118,113020.2548,12.0251,6119441.2856,945.4801
node-045,2024-01-01 20:19:00,0.1013,9103697.8797,0.0,0.9861,114548.5955,7.761,6219879.3038,932.3805
node-046,2024-01-01 20:19:00,0.2022,9319330.308,0.0538,0.9266,122531.7384,9.0949,6193261.1714,953.5212
node-047,2024-01-01 20:19:00,0.1137,8773491.0556,0.1337,0.8151,125071.0143,6.9927,6274866.2794,936.0346
node-048,2024-01-01 20:19:00,0.1074,9360865.6335,0.7893,0.5925,108495.6941,7.9778,6217992.9967,923.8261
node-049,2024-01-01 20:19:00,0.0,7858586.2854,0.5232,0.1555,126463.7148,3.9984,6505789.0849,896.2364
node-050,2024-01-01 20:19:00,0.0093,7660162.4617,0.0,0.2173,127164.7531,4.0473,6204301.4885,896.6931
node-051,2024-01-01 20:19:00,0.0954,8763266.4931,0.0,1.4022,187502.8554,8.6015,6256577.9081,959.9509
node-052,2024-01-01 20:19:00,0.0867,8666779.1281,0.5128,0.6981,128450.2306,6.0672,6228724.2173,937.1461
node-053,2024-01-01 20:19:00,0.0822,9230241.4734,0.1067,1.0317,114275.6863,10.8531,6256343.0626,948.879
node-054,2024-01-01 20:19:00,0.0048,8913137.0113,0.0411,0.8316,125107.9995,7.145,6192365.2419,924.6401
node-055,2024-01-01 20:19:00,0.0976,8489450.3497,0.0492,0.9264,121138.3907,6.9253,6196674.6355,963.394
node-056,2024-01-01 20:19:00,0.0983,9474319.6694,0.307,0.7478,141727.3078,9.1005,6196881.2954,947.7706
node-057,2024-01-01 20:19:00,0.1304,6873471.6721,0.0,1.2722,130095.0026,9.9414,6191325.8092,927.9499
node-058,2024-01-01 20:19:00,0.1147,9452068.0926,0.0,1.2899,171057.2241,7.0221,6185845.7008,960.7165
node-059,2024-01-01 20:19:00,0.0518,9352315.5799,0.4179,0.9238,98553.9588,7.9694,6145936.5952,938.9121
node-060,2024-01-01 20:19:00,0.0845,8716061.262,0.0,0.8131,132063.149,5.8517,6224426.8385,922.7333
node-061,2024-01-01 20:19:00,0.1324,9277506.9212,0.8922,1.0004,131627.377,8.1173,6216541.9505,950.3779
node-062,2024-01-01 20:19:00,0.0732,9424496.3198,0.1546,0.6945,107628.0556,6.9482,6310365.9752,944.1782
node-063,2024-01-01 20:19:00,0.1124,8908052.6859,1.1977,1.2781,123049.1583,9.9433,6279419.8548,943.7204
node-064,2024-01-01 20:19:00,0.022,9021591.0302,0.0175,1.0068,108275.4686,7.3543,6245813.5899,975.2136
node-065,2024-01-01 20:19:00,0.1106,8975156.966,0.0,0.9702,114681.6371,6.0444,6183539.3265,957.8906
node-066,2024-01-01 20:19:00,0.0967,9470241.8159,0.0,0.9255,113998.5855,7.0678,6212456.2867,945.5743
node-067,2024-01-01 20:19:00,0.1469,8783620.3721,0.0,0.8966,103557.6423,6.488,6218546.7242,942.4559
node-068,2024-01-01 20:19:00,0.0999,8995106.545,0.0,0.9113,135357.6045,8.543,6286352.8382,964.7725
node-069,2024-01-01 20:19:00,0.0,8744129.4707,14.3389,1.4834,123915.0561,10.003,6201491.6697,968.9879
node-070,2024-01-01 20:19:00,0.0191,8867685.3155,0.6812,0.8891,92975.2756,5.8883,6219280.7073,959.0189
node-071,2024-01-01 20:19:00,0.0857,8809087.2585,0.5421,0.7534,89997.2,8.1381,6147977.3059,956.4647
node-072,2024-01-01 20:19:00,0.0,106176460.7243,0.0,0.215,129913.5055,0.9636,6235879.3239,895.2313
node-073,2024-01-01 20:19:00,0.105,8413698.4129,0.0,0.7951,111439.2401,5.5645,6157739.0402,950.0334
node-074,2024-01-01 20:19:00,0.1132,8986797.7365,0.0,0.8156,89625.5966,6.5333,6192648.3167,954.0243
node-075,2024-01-01 20:19:00,0.0914,10100591.9235,0.0919,1.1446,113622.1255,7.0168,6220223.6817,933.7698
node-076,2024-01-01 20:19:00,0.0,9586744.3793,0.0,0.2159,108867.3329,3.6318,6204885.4728,877.7901
node-077,2024-01-01 20:19:00,0.107,9194491.8959,0.0,0.9439,93235.9631,6.087,6250495.2767,950.9678
node-078,2024-01-01 20:19:00,0.1276,8970961.4151,0.0,0.9589,114682.784,8.9928,6204976.6626,954.683
node-079,2024-01-01 20:19:00,0.1033,9123653.7924,0.0,1.2964,124990.1102,14.0625,6218565.0609,960.6871
node-080,2024-01-01 20:19:00,0.1175,8995358.7982,0.2677,1.0423,121831.8868,9.9011,6266203.2653,943.2082
node-081,2024-01-01 20:19:00,0.0492,9123112.0434,0.0,0.7135,183108.9344,5.9083,6308917.1142,955.1969
node-082,2024-01-01 20:19:00,0.0,7785088.8674,0.0,0.2096,116251.33,5.9673,6269063.2797,894.956
node-083,2024-01-01 20:19:00,0.1087,9079943.358,0.7704,0.8865,69970.998,6.9456,6183461.706,947.3293
node-084,2024-01-01 20:19:00,0.1058,9018285.3866,0.3415,1.2178,100740.7145,7.9208,6223923.8932,949.4186
node-085,2024-01-01 20:19:00,0.0936,9358209.4853,0.0,1.0115,124420.7723,5.832,6217404.7463,940.421
node-086,2024-01-01 20:19:00,0.0922,8883676.3046,0.0,0.9974,125998.9212,9.0552,6242798.5392,943.9848
node-087,2024-01-01 20:19:00,0.107,9505963.1758,0.4391,0.992,147469.6502,8.063,6259917.681,959.8848
node-088,2024-01-01 20:19:00,0.0952,9276724.8617,0.0753,0.8982,111970.949,8.0157,6216708.6199,942.7576
node-089,2024-01-01 20:19:00,0.0828,9562169.0026,0.0,1.3069,125348.7908,8.7669,6299504.8821,955.8036
node-090,2024-01-01 20:19:00,0.098,10541788.3749,0.0,0.8307,102252.763,4.8844,6208014.2499,920.7489
node-091,2024-01-01 20:19:00,0.1038,9223848.3223,0.0,1.2184,120764.7546,7.9296,6232978.6036,941.1413
node-092,2024-01-01 20:19:00,0.0759,10497572.6613,1.8005,0.91,143339.2126,5.9149,6220485.0478,914.7849
node-093,2024-01-01 20:19:00,0.1525,10082734.1184,0.0,0.9509,124300.1595,6.9696,6155111.8274,901.458
node-094,2024-01-01 20:19:00,0.1105,9674865.3266,0.0,1.1057,112792.7379,6.7988,6265515.566,947.4392
node-095,2024-01-01 20:19:00,0.1053,8432313.5435,0.0,6.3098,82851.0028,8.0134,6218483.4403,973.0596
node-096,2024-01-01 20:19:00,0.0801,10163306.7455,0.0,1.0937,136568.0777,8.0358,6243897.4743,950.2698
node-097,2024-01-01 20:19:00,0.0861,8960854.6049,0.0,0.9801,107371.3677,8.1408,6404402.1207,959.4843
node-098,2024-01-01 20:19:00,0.1975,9084634.6026,0.0,1.2194,116911.2076,8.9985,6303252.8355,941.9503
node-099,2024-01-01 20:19:00,0.1177,9114975.5027,0.0,0.8082,126901.1679,7.0365,6208421.1575,945.6436
node-100,2024-01-01 20:19:00,0.0881,9334785.7821,0.0,0.7902,167957.9472,6.8413,6306412.9,930.1019
node-101,2024-01-01 20:19:00,0.0,7411119.7988,0.0,0.1994,89076.7415,4.012,6159231.0906,896.6953
node-102,2024-01-01 20:19:00,0.0845,9086824.4368,0.8325,1.015,135032.7103,5.9034,6167122.107,961.5567
node-103,2024-01-01 20:19:00,0.0988,8610143.1872,0.9898,0.8059,125181.3014,5.8543,6323832.6804,960.7298
node-104,2024-01-01 20:19:00,0.0648,8359250.3484,0.1357,1.1571,117042.0061,6.1235,6248095.5988,949.2356
node-105,2024-01-01 20:19:00,0.111,9224308.8949,0.0,1.1014,139073.9365,9.0232,6223756.674,964.981
node-106,2024-01-01 20:19:00,0.0033,8882517.9944,0.0,0.3046,113786.7951,3.0581,6073819.8457,874.0906
node-107,2024-01-01 20:19:00,0.1061,8543277.9798,0.0,1.0196,140542.9806,8.8482,6234751.5352,938.4934
node-108,2024-01-01 20:19:00,0.0935,10372974.5186,0.3864,0.8954,94676.8855,7.5126,6178884.8876,933.0381
node-109,2024-01-01 20:19:00,0.1068,9033356.3388,0.3616,0.8899,131041.8694,7.9421,6346528.8612,928.9428
node-110,2024-01-01 20:19:00,0.1092,9004814.2765,0.7739,0.5889,107587.5088,10.9796,6228949.655,913.0386
node-111,2024-01-01 20:19:00,0.1162,9784455.7298,0.5788,1.0183,143532.2003,5.9927,6223963.1369,962.4199
node-112,2024-01-01 20:19:00,0.1136,8480398.4118,0.0,0.9332,83836.9134,9.604,6179581.016,958.342
node-113,2024-01-01 20:19:00,0.1066,8828552.2766,0.0,1.1487,114907.8524,8.0368,6257106.3703,941.8022
node-114,2024-01-01 20:19:00,0.0942,9272989.6173,0.0,0.7085,157508.3218,8.1405,6231780.8354,935.9704
node-115,2024-01-01 20:19:00,0.0967,9405067.7758,0.7949,1.0023,118914.5393,6.0228,6200994.3594,939.3147
node-116,2024-01-01 20:19:00,0.1839,8965004.1344,1.0701,1.3659,104905.8681,6.96,6280794.2297,950.9522
node-117,2024-01-01 20:19:00,0.1324,9223739.6581,0.0,1.5355,110246.2127,7.0778,6423859.3065,958.6014
node-118,2024-01-01 20:19:00,0.1001,9261228.2586,0.0,0.9833,99043.5067,7.9689,6208559.3051,938.4346
node-119,2024-01-01 20:19:00,0.1066,10495280.5546,0.0,0.7088,106829.3511,5.9811,6184385.8811,961.0092
node-000,2024-01-01 20:20:00,0.1824,9347048.334,0.0,1.2093,146249.6363,9.0086,6306071.9956,960.6264
node-001,2024-01-01 20:20:00,0.0656,8517517.8366,0.124,1.1843,101477.3565,4.9367,6213963.6328,908.4593
node-002,2024-01-01 20:20:00,0.1452,8941384.6964,0.7328,0.9975,114327.9817,8.4735,6261880.4864,957.1014
node-003,2024-01-01 20:20:00,0.2101,10105544.8578,0.0,1.0958,126781.2345,6.9728,6140333.3084,932.4917
node-004,2024-01-01 20:20:00,0.095,9493347.1482,0.7466,1.7994,126440.4036,8.0032,6241437.0481,951.7526
node-005,2024-01-01 20:20:00,0.1953,8122219.2252,0.0,0.9752,98134.618,6.455,6201393.4716,955.7735
node-006,2024-01-01 20:20:00,0.0022,9526450.9455,0.1787,0.1828,104837.7176,4.0802,6200986.5435,908.7071
node-007,2024-01-01 20:20:00,0.0796,8905585.9218,0.0,0.6903,177553.2941,7.0968,6248307.9639,960.4997
node-008,2024-01-01 20:20:00,0.0929,9353645.2553,0.0,0.7829,94954.9488,7.865,6275958.8731,916.7071
node-009,2024-01-01 20:20:00,0.2111,8983456.5433,0.0,0.9927,121759.5466,7.1576,6117412.1071,957.8448
node-010,2024-01-01 20:20:00,0.0,9604583.6326,0.0,1.3037,114793.9001,6.8961,6198913.4003,954.9503
node-011,2024-01-01 20:20:00,0.1006,8790517.6341,0.0,0.7378,177233.8996,11.0433,6260811.8857,951.322
node-012,2024-01-01 20:20:00,0.1131,8688304.4898,0.0,0.642,118598.6655,5.0347,6374281.0536,941.8915
node-013,2024-01-01 20:20:00,0.1866,9064582.3041,0.0,1.716,238654.0391,0.0,0.0,961.5073
node-014,2024-01-01 20:20:00,0.091,10108455.3567,0.0,0.5953,136150.7473,6.8868,6259076.382,927.5897
node-015,2024-01-01 20:20:00,0.0048,8800116.21,0.4927,0.2071,115694.9703,2.9368,6368692.3807,910.6247
node-016,2024-01-01 20:20:00,0.1064,8606726.3435,0.0,1.1172,117183.5726,8.0194,6285897.2073,960.6263
node-017,2024-01-01 20:20:00,0.0573,10070456.1389,0.155,1.4052,150581.7664,4.8565,6253954.5572,929.1343
node-018,2024-01-01 20:20:00,0.1541,9388853.8655,0.043,1.0901,129631.0302,6.9623,6243159.5832,935.208
node-019,2024-01-01 20:20:00,0.1073,9327559.1714,0.0,0.993,119263.3267,6.9842,6189530.9108,955.8835
node-020,2024-01-01 20:20:00,0.0965,9265223.7894,0.0623,0.998,151354.5712,13.1037,6200857.2349,950.1602
node-021,2024-01-01 20:20:00,0.0766,9229975.8185,0.0,1.3557,177206.3063,8.4849,6205476.3229,974.2137
node-022,2024-01-01 20:20:00,0.0688,9294821.2964,0.5112,0.799,115362.8616,13.0679,6255694.2441,953.2366
node-023,2024-01-01 20:20:00,0.1054,8503796.1764,0.0,0.695,139947.0285,8.8913,6294003.4384,923.2617
node-024,2024-01-01 20:20:00,0.094,8472278.4239,0.0,0.7199,112807.9282,7.9973,6237795.5098,955.3098
node-025,2024-01-01 20:20:00,0.05,10656883.738,0.0,0.8061,123850.6352,7.0034,6339462.1463,942.3185
node-026,2024-01-01 20:20:00,0.0101,9713071.3051,0.4485,0.2273,112210.4605,3.0071,6014565.0047,899.6827
node-027,2024-01-01 20:20:00,0.0806,8876240.1189,0.0,1.1696,124135.338,8.0176,6193615.1383,955.8056
node-028,2024-01-01 20:20:00,0.1823,10033163.8684,0.0,0.8694,137397.8648,12.2737,6239777.3249,911.0384
node-029,2024-01-01 20:20:00,0.0848,9362961.9268,0.572,0.681,125330.6528,8.1206,6235539.4765,941.8803
node-030,2024-01-01 20:20:00,0.1418,9127748.6071,0.9788,0.729,127229.4373,6.051,6265032.9753,957.7961
node-031,2024-01-01 20:20:00,0.0,29044146.2344,0.351,0.668,625.1866,0.0777,0.0,6.6859
node-032,2024-01-01 20:20:00,0.092,8984377.4264,0.0,0.7891,99730.2668,8.3756,6234758.2257,960.4421
node-033,2024-01-01 20:20:00,0.1685,9514820.0771,0.0,0.6901,125319.5965,8.0247,6168106.0099,970.621
node-034,2024-01-01 20:20:00,0.0,8045997.424,0.0716,0.0908,103016.2698,3.0841,6074906.3754,865.1292
node-035,2024-01-01 20:20:00,0.1048,10275872.0637,1.0594,1.1352,126636.9391,7.0481,6297472.5812,936.9256
node-036,2024-01-01 20:20:00,0.0908,9017754.7399,0.9663,0.8936,87593.549,4.897,6243680.4549,956.1279
node-037,2024-01-01 20:20:00,0.1225,9231739.9815,0.5256,1.006,127147.4445,6.9822,6189027.3224,975.6936
node-038,2024-01-01 20:20:00,0.0904,8424403.8096,0.0034,0.5147,130755.0655,6.096,6283625.9428,945.2785
node-039,2024-01-01 20:20:00,0.0887,9681621.5114,0.617,0.6886,129089.8286,5.9951,6344486.3122,967.6808
node-040,2024-01-01 20:20:00,0.0,9719682.325,0.0,0.2587,148877.239,4.0226,6319467.0253,898.1744
node-041,2024-01-01 20:20:00,0.0959,8896033.0239,0.5917,1.2907,104880.5234,6.9684,6181100.3827,967.7397
node-042,2024-01-01 20:20:00,0.1013,9133410.9709,0.8771,0.7714,121950.5241,7.0619,6223226.8217,915.7861
node-043,2024-01-01 20:20:00,0.1033,9901520.3393,0.9263,0.5668,116540.4074,5.9877,6246355.5166,950.8289
node-044,2024-01-01 20:20:00,0.0972,8851098.0357,0.1996,1.0309,108604.8237,13.0802,6227407.2159,934.9327
node-045,2024-01-01 20:20:00,0.1055,9443864.1924,0.0,0.8025,126885.3812,7.1442,6288317.8057,938.9334
node-046,2024-01-01 20:20:00,0.087,9282856.5912,0.0,1.0299,120992.5033,7.997,6320915.6203,956.3167
node-047,2024-01-01 20:20:00,0.1017,8371146.9663,0.0,1.1065,117096.6202,3.9247,6179217.0825,974.0637
node-048,2024-01-01 20:20:00,0.1452,9197350.5583,0.0,0.5857,135739.4626,6.0129,6207632.5856,908.1922
node-049,2024-01-01 20:20:00,0.0199,8071568.9308,0.0,0.1993,127796.6829,4.0473,6072345.2649,940.7899
node-050,2024-01-01 20:20:00,0.0131,7546844.3623,0.0845,0.1927,129430.2678,4.0536,6165704.8251,911.5469
node-051,2024-01-01 20:20:00,0.1376,8673612.955,0.0,1.643,111760.1105,6.9544,6200287.8615,951.3706
node-052,2024-01-01 20:20:00,0.0924,9089956.6155,0.4268,0.7709,121616.8249,6.0573,6181694.4167,925.8004
node-053,2024-01-01 20:20:00,0.1003,9106706.5427,0.0752,0.897,130009.4786,9.9568,6245772.4256,938.741
node-054,2024-01-01 20:20:00,0.1209,8733009.5206,0.6197,0.8458,127134.9344,4.0582,6189299.8095,923.5184
node-055,2024-01-01 20:20:00,0.0781,8434220.7936,0.8189,1.2902,106122.9366,7.5833,6211190.3193,977.0268
node-056,2024-01-01 20:20:00,0.0923,9244077.5366,0.0,0.6896,120134.9773,13.9805,6226061.7575,953.395
node-057,2024-01-01 20:20:00,0.0717,7222118.2957,0.0,1.2228,122863.5717,8.6932,6171431.0495,930.6434
node-058,2024-01-01 20:20:00,0.1079,9358148.7992,0.9012,1.1168,155631.0448,8.0239,6188218.4054,956.7924
node-059,2024-01-01 20:20:00,0.1163,9623571.3014,0.0,1.0509,135024.2853,8.0279,6243790.8417,936.0683
node-060,2024-01-01 20:20:00,0.0611,8997155.6412,0.0,0.7932,117415.3371,8.9589,6276342.2898,928.7893
node-061,2024-01-01 20:20:00,0.1055,9482216.9649,0.5588,0.912,111229.6861,8.0772,6222900.6085,939.7042
node-062,2024-01-01 20:20:00,0.1296,9107624.0668,0.8889,0.5755,113537.3767,12.1046,6209981.5794,965.9664
node-063,2024-01-01 20:20:00,0.1385,9303903.5589,0.4724,1.2936,106323.2634,8.9296,6236365.044,941.8219
node-064,2024-01-01 20:20:00,0.0705,9141396.274,0.0,0.9876,121639.1735,7.9923,6127675.8109,955.5906
node-065,2024-01-01 20:20:00,0.1039,8992240.7526,0.0,0.9142,133246.9026,6.0538,6183601.6222,955.7742
node-066,2024-01-01 20:20:00,0.1196,9253143.4572,0.6739,0.8815,141405.6529,6.9743,6118319.4518,939.4295
node-067,2024-01-01 20:20:00,0.0975,8412450.6883,0.5595,0.8274,128273.5199,6.0738,6195147.9878,947.1389
node-068,2024-01-01 20:20:00,0.1062,9678937.299,0.0,0.7959,123898.517,8.0751,6230256.4747,959.942
node-069,2024-01-01 20:20:00,0.0699,8350248.8219,15.0316,0.8666,131026.2767,8.9279,6303475.8455,971.8765
node-070,2024-01-01 20:20:00,0.1097,8899370.1119,0.0,0.8759,118834.882,5.9502,6150454.4791,942.5917
node-071,2024-01-01 20:20:00,0.1669,9054063.347,0.0799,0.6551,139279.4787,7.1243,6367772.58,944.2117
node-072,2024-01-01 20:20:00,0.0066,106284162.1779,0.7066,0.1738,118667.1804,4.8679,6350943.4942,911.5586
node-073,2024-01-01 20:20:00,0.1067,8896687.6615,0.0,0.8152,128547.0899,6.0079,6253089.1627,958.6921
node-074,2024-01-01 20:20:00,0.1002,8912171.093,0.5862,0.9912,125851.0557,7.8458,6258319.2206,964.1796
node-075,2024-01-01 20:20:00,0.0903,9777703.3484,1.3453,0.7892,124255.7908,6.9609,6241995.3505,932.3934
node-076,2024-01-01 20:20:00,0.0,9982474.4777,0.0,0.1941,94259.701,3.9674,6187377.6429,929.6757
node-077,2024-01-01 20:20:00,0.1864,9033941.7666,0.0,0.7862,122897.3577,7.0757,6281924.8915,951.5694
node-078,2024-01-01 20:20:00,0.1042,9860811.9685,0.0435,0.8953,147973.5813,7.9877,6136178.3197,961.865
node-079,2024-01-01 20:20:00,0.1043,8747993.0257,0.0,1.0999,84013.228,9.0384,6212658.2334,947.4721
node-080,2024-01-01 20:20:00,0.1179,8945371.9411,0.0295,1.0098,137052.7202,11.6972,6204616.1369,957.5928
node-081,2024-01-01 20:20:00,0.0866,8772018.8224,0.0,0.986,158532.5485,4.9816,6250722.2509,945.5874
node-082,2024-01-01 20:20:00,0.0001,8089382.6374,1.1394,0.2282,115932.6281,3.0277,6292324.7443,889.2656
node-083,2024-01-01 20:20:00,0.1201,8719734.1062,0.0,1.1902,124124.0857,10.946,6258410.561,947.4511
node-084,2024-01-01 20:20:00,0.1002,9382015.8273,0.0,1.0917,130248.421,7.3352,6295820.2961,970.1399
node-085,2024-01-01 20:20:00,0.0711,9228427.9746,0.0994,1.0021,229327.0566,6.0483,6134677.155,952.1401
node-086,2024-01-01 20:20:00,0.0943,8749675.6191,0.8191,1.0074,107088.3241,7.965,6200326.0861,956.1798
node-087,2024-01-01 20:20:00,0.1589,9489875.1111,0.0,0.9138,121313.8845,7.8857,6278438.991,943.0652
node-088,2024-01-01 20:20:00,0.1557,8599338.2006,0.0,1.1185,135806.6539,7.0392,6239044.1517,956.5411
node-089,2024-01-01 20:20:00,0.076,8935154.0308,0.7766,1.3058,83482.7184,9.9658,6222215.4198,950.7794
node-090,2024-01-01 20:20:00,0.0727,10844289.5843,0.0,0.7816,189475.4375,8.9441,6197303.9599,913.786
node-091,2024-01-01 20:20:00,0.1654,9531749.3785,0.2323,1.4999,121260.4126,11.1236,6251559.6088,947.9383
node-092,2024-01-01 20:20:00,0.2269,10205904.8882,1.027,0.8815,109533.0456,7.0503,6187897.9354,919.451
node-093,2024-01-01 20:20:00,0.126,10144960.0702,0.0,0.9188,114758.3742,7.1211,6199298.0248,922.6028
node-094,2024-01-01 20:20:00,0.0,8796998.9907,0.0,1.519,131696.9542,6.0028,6152777.1851,938.9085
node-095,2024-01-01 20:20:00,0.194,8972367.3106,0.0,3.3025,121161.493,6.9802,6227829.615,965.1932
node-096,2024-01-01 20:20:00,0.1504,10550884.5662,0.0,1.5354,121353.1908,7.8474,6242043.1862,948.8915
node-097,2024-01-01 20:20:00,0.092,9171028.7154,0.0,1.0099,96244.982,9.0681,6206815.4822,955.7624
node-098,2024-01-01 20:20:00,0.0819,9270593.898,0.0,0.8854,110017.8377,8.4439,6220750.1427,965.9193
node-099,2024-01-01 20:20:00,0.1081,8331054.5964,1.344,1.3892,125495.3015,8.6888,6174500.5677,941.8958
node-100,2024-01-01 20:20:00,0.0932,8971301.1588,0.0,0.7845,155343.4991,5.1116,6173607.9175,939.2036
node-101,2024-01-01 20:20:00,0.0,7961621.8001,0.0,0.2161,107400.3269,3.0186,6162498.1528,899.4661
node-102,2024-01-01 20:20:00,0.0877,9180658.8266,0.7145,0.8998,117890.3537,8.0167,6170432.5024,969.4508
node-103,2024-01-01 20:20:00,0.0978,8974358.1893,1.2913,0.805,86564.2804,7.8485,6295649.2975,933.1946
node-104,2024-01-01 20:20:00,0.1791,8792773.7381,0.1649,1.0334,131359.3917,6.9543,6243609.4582,950.1072
node-105,2024-01-01 20:20:00,0.114,9427823.004,0.0,0.8933,142764.1552,8.5178,6171929.9724,974.4952
node-106,2024-01-01 20:20:00,0.0,8429610.3896,0.0,0.2955,122383.0496,3.9634,6318675.9368,920.1961
node-107,2024-01-01 20:20:00,0.1081,8217342.5493,0.0,0.9926,118556.9469,11.0125,6212818.7231,930.2576
node-108,2024-01-01 20:20:00,0.0916,10356441.0496,0.0,0.7173,127948.0954,9.0415,6236280.272,931.411
node-109,2024-01-01 20:20:00,0.1011,9159839.369,0.3798,0.7219,112972.7622,5.9476,6260131.312,917.4057
node-110,2024-01-01 20:20:00,0.1002,9009292.1298,0.9246,0.6866,116590.0728,11.1724,6208047.17,899.8116
node-111,2024-01-01 20:20:00,0.2285,9956011.1414,0.0,1.2133,125645.1248,6.0623,6159279.9338,961.1386
node-112,2024-01-01 20:20:00,0.0858,8697646.7352,0.6256,0.7214,136955.0177,4.9865,6281264.8824,943.358
node-113,2024-01-01 20:20:00,0.1007,8786852.921,0.0,1.1813,118162.4154,7.008,6266886.1861,959.0786
node-114,2024-01-01 20:20:00,0.093,9248274.371,0.355,0.9032,144865.5106,13.0556,6221517.5636,932.8314
node-115,2024-01-01 20:20:00,0.0871,9246662.1244,0.636,0.9879,108027.034,5.7847,6247420.8375,940.4254
node-116,2024-01-01 20:20:00,0.1043,8757802.82,0.0684,0.8881,128064.8455,7.5739,6156210.9089,944.7202
node-117,2024-01-01 20:20:00,0.1954,9511949.548,0.0,1.8018,127892.0048,6.9022,6185895.1984,952.6055
node-118,2024-01-01 20:20:00,0.0955,9207690.9149,0.0,1.0128,121558.5018,8.0836,6439318.7119,956.295
node-119,2024-01-01 20:20:00,0.1053,10693633.0624,0.5387,0.8927,111751.9934,12.0424,6194277.7606,959.0766
node-000,2024-01-01 20:21:00,0.1441,9302669.6395,0.8106,1.2691,156990.5186,9.0638,6273816.4158,952.4226
node-001,2024-01-01 20:21:00,0.0956,8655242.2244,0.0,0.8282,121766.7707,5.0,6259225.2297,894.7035
node-002,2024-01-01 20:21:00,0.1129,9533217.4041,0.2212,0.9921,126141.8914,7.9724,6217206.8934,974.1911
node-003,2024-01-01 20:21:00,0.1602,10106470.7238,0.0,0.806,112391.538,3.9455,6352333.8127,922.8302
node-004,2024-01-01 20:21:00,0.1062,9164704.0464,0.0,0.9988,112567.737,5.9337,6250393.5508,944.1802
node-005,2024-01-01 20:21:00,0.1924,8145035.6945,0.0,0.811,135462.3428,7.0182,6291928.3781,940.3987
node-006,2024-01-01 20:21:00,0.0,9492026.0448,0.3775,0.1765,108687.5057,4.0573,6193896.7879,874.9771
node-007,2024-01-01 20:21:00,0.122,8588672.9194,0.4771,0.7103,165479.3779,7.8407,6221886.8091,960.3489
node-008,2024-01-01 20:21:00,0.1731,9021261.6281,0.0,0.7087,128428.0968,8.1609,6365848.4106,932.4308
node-009,2024-01-01 20:21:00,0.2037,9326661.6514,0.0,0.7747,147453.139,6.9662,6151490.2216,953.7963
node-010,2024-01-01 20:21:00,0.1135,9685401.009,0.0,1.3883,125757.0166,6.9531,6175634.0617,953.7603
node-011,2024-01-01 20:21:00,0.0853,8476527.1149,0.0,0.6933,135301.5754,4.894,6142825.7648,960.4384
node-012,2024-01-01 20:21:00,0.2127,8448816.5438,0.0,0.687,129021.582,4.9997,6271223.4083,948.3689
node-013,2024-01-01 20:21:00,0.1719,8766856.8393,0.0,1.0121,140609.4347,0.0855,44061.7953,956.8141
node-014,2024-01-01 20:21:00,0.0887,10441717.225,0.0,0.754,138903.4672,7.0672,6222358.2006,943.327
node-015,2024-01-01 20:21:00,0.0005,8358620.3371,0.0,0.1586,113414.6899,2.1146,6173594.7587,890.2344
node-016,2024-01-01 20:21:00,0.0789,8251231.8164,0.0,1.0862,136974.2036,8.0664,6113290.4718,975.6933
node-017,2024-01-01 20:21:00,0.1985,10167365.5228,0.2718,0.9184,175413.1808,4.9551,6192436.9307,944.222
node-018,2024-01-01 20:21:00,0.1059,9688104.0626,0.0,1.0777,149067.4864,8.9314,6218352.0282,920.7951
node-019,2024-01-01 20:21:00,0.096,9026740.0866,0.0151,1.138,114398.5892,6.9746,6275105.7479,961.8381
node-020,2024-01-01 20:21:00,0.1126,9457104.3193,0.0,0.9887,160028.9411,11.9952,6256412.0683,960.6333
node-021,2024-01-01 20:21:00,0.0901,9307484.7882,0.7745,1.3272,126481.4182,9.0019,6216834.2375,959.9651
node-022,2024-01-01 20:21:00,0.0969,9267906.6815,0.0,0.9004,113604.202,6.0178,6202810.8783,945.6799
node-023,2024-01-01 20:21:00,0.112,8569525.5343,0.7477,0.7214,120999.1488,8.0651,6302500.0354,921.6557
node-024,2024-01-01 20:21:00,0.0814,8740852.0221,0.0838,0.7885,110804.88,9.0962,6216992.4513,945.9026
node-025,2024-01-01 20:21:00,0.1394,10537958.6082,0.0,0.9904,117523.7116,6.0572,6231376.6981,939.4878
node-026,2024-01-01 20:21:00,0.0071,9272893.6555,0.0,0.1927,137960.6698,2.078,6239026.7143,916.1432
node-027,2024-01-01 20:21:00,0.1055,9199176.325,0.5397,1.0056,122103.3943,9.0344,6161439.7065,930.0835
node-028,2024-01-01 20:21:00,0.1306,9819081.1062,0.7277,0.8984,80723.2335,8.9728,6162891.3552,906.2262
node-029,2024-01-01 20:21:00,0.078,9446392.2876,0.8797,0.7048,145950.7557,7.9887,6222804.6897,933.2025
node-030,2024-01-01 20:21:00,0.0804,8605031.195,0.4184,1.2099,122799.7266,5.9774,6321786.2074,940.15
node-031,2024-01-01 20:21:00,0.1115,28672615.8985,0.0,0.1049,2793.4223,0.0,79375.5104,5.0013
node-032,2024-01-01 20:21:00,0.1015,8631142.0871,0.7385,1.7845,134415.2227,9.0477,6187567.8475,952.0617
node-033,2024-01-01 20:21:00,0.1048,9103636.4313,1.2407,1.7345,82975.2299,7.8985,6342325.0155,940.9603
node-034,2024-01-01 20:21:00,0.0,8693816.1801,1.0175,0.1136,122725.1009,4.0469,6319817.2921,886.0051
node-035,2024-01-01 20:21:00,0.1686,10001815.1356,0.4241,0.8922,118160.0051,6.0063,6230626.3504,929.7542
node-036,2024-01-01 20:21:00,0.0858,9273451.2853,0.0,1.0866,119558.114,5.4026,6220773.0828,946.5212
node-037,2024-01-01 20:21:00,0.0933,9432254.9486,0.2611,0.8341,124280.9488,6.0726,6190606.7444,946.2404
node-038,2024-01-01 20:21:00,0.1003,8575235.4895,0.0,0.4978,122690.2873,5.9551,6201452.6688,919.4542
node-039,2024-01-01 20:21:00,0.0,9563040.2939,0.0,0.8124,102113.2465,6.4376,6221560.4802,939.2764
node-040,2024-01-01 20:21:00,0.0187,9396111.4842,0.2691,0.1959,127091.2755,4.2038,6221274.882,901.5848
node-041,2024-01-01 20:21:00,0.1826,8771154.5018,0.7012,0.801,150556.3172,8.0,6167325.0134,968.1241
node-042,2024-01-01 20:21:00,0.1005,9007904.6607,0.0,0.8032,113833.3209,8.0394,6237633.4783,908.8321
node-043,2024-01-01 20:21:00,0.1191,10519196.9838,0.0,0.5975,140750.5978,6.0297,6227417.8097,962.0045
node-044,2024-01-01 20:21:00,0.0951,9041649.3091,0.0317,1.1464,239910.116,9.9303,6245283.3239,926.084
node-045,2024-01-01 20:21:00,0.0912,9347111.1469,0.3148,1.204,114141.1939,11.0506,6304506.1172,943.9496
node-046,2024-01-01 20:21:00,0.1093,8918905.4239,0.0,0.8012,128852.1519,8.2633,6259428.2169,957.379
node-047,2024-01-01 20:21:00,0.1883,8384266.0176,0.5054,0.8344,130197.0879,4.3536,6202575.8082,940.3272
node-048,2024-01-01 20:21:00,0.0038,9057621.8981,0.0,0.8386,148695.8402,8.0023,6261161.98,916.3613
node-049,2024-01-01 20:21:00,0.0025,8379208.366,0.2217,0.2004,130540.9418,3.8572,6336575.9623,888.7011
node-050,2024-01-01 20:21:00,0.0,7924471.4055,0.3755,0.214,116757.1549,3.0393,6161980.6596,885.3935
node-051,2024-01-01 20:21:00,0.0445,8441260.5736,0.0,1.5203,167052.9599,5.9286,6325890.6559,959.3017
node-052,2024-01-01 20:21:00,0.089,9307191.7031,0.3254,0.9525,142385.5834,5.9995,6251094.463,936.8014
node-053,2024-01-01 20:21:00,0.0907,9120444.2058,0.7993,1.1072,123746.5752,7.9743,6231308.1715,944.7909
node-054,2024-01-01 20:21:00,0.0846,8754177.9558,0.0,1.0069,112364.0226,6.9443,6210763.012,928.976
node-055,2024-01-01 20:21:00,0.1067,9487222.5451,0.0,0.8142,137557.1752,7.8753,6184110.8734,950.4582
node-056,2024-01-01 20:21:00,0.0035,9494629.9485,1.1061,0.7975,137154.1213,6.0563,6103232.2986,951.654
node-057,2024-01-01 20:21:00,0.2523,7492594.7662,1.1456,1.4406,115309.5064,6.0705,6332521.5958,933.5912
node-058,2024-01-01 20:21:00,0.1211,9752873.6186,0.5144,1.1007,153693.7489,8.9473,6188549.0298,954.604
node-059,2024-01-01 20:21:00,0.1219,9835061.9353,0.1201,1.4383,121698.3437,6.9956,6203588.7385,948.025
node-060,2024-01-01 20:21:00,0.108,9128861.2596,0.0,0.9748,110592.1471,4.9814,6246881.4906,926.1967
node-061,2024-01-01 20:21:00,0.1177,9191975.9289,0.0272,1.0358,124802.7896,6.7174,6268677.8024,935.3747
node-062,2024-01-01 20:21:00,0.0968,9077149.072,0.0,1.4272,130680.2091,12.0341,6176703.249,945.1354
node-063,2024-01-01 20:21:00,0.1246,9206004.9889,0.0,1.0862,104027.7192,9.3505,6117396.581,936.4864
node-064,2024-01-01 20:21:00,0.0851,9160030.2815,0.0,0.8048,109846.0562,10.0904,6154213.2571,939.0581
node-065,2024-01-01 20:21:00,0.1146,9253380.5811,0.4981,0.9193,120108.4305,6.0327,6161914.8221,963.0562
node-066,2024-01-01 20:21:00,0.168,8933214.4162,1.1347,1.186,129719.4985,9.0455,6353033.7446,943.1933
node-067,2024-01-01 20:21:00,0.1534,8623428.4804,0.4669,0.771,118397.6408,4.9265,6211257.2255,935.5809
node-068,2024-01-01 20:21:00,0.0976,9042565.295,0.0475,1.205,125671.7515,11.106,6250419.9723,945.7522
node-069,2024-01-01 20:21:00,0.0967,8952444.0054,14.8966,1.4899,139778.7751,7.0679,6302908.0994,962.1522
node-070,2024-01-01 20:21:00,0.1648,8497438.8992,0.3652,0.8912,127892.092,10.015,6194071.2121,952.7749
node-071,2024-01-01 20:21:00,0.0677,8849130.5982,0.0,0.8353,106240.0991,5.6672,6245198.3618,951.5819
node-072,2024-01-01 20:21:00,0.0,106286529.7332,0.3528,0.2148,120493.7942,1.9775,6134661.9306,899.749
node-073,2024-01-01 20:21:00,0.1065,9049921.8473,0.0,0.7823,153137.3736,5.9585,6246039.2195,935.9478
node-074,2024-01-01 20:21:00,0.0804,8861105.5901,0.0,0.7853,143047.7364,9.0939,6270572.5234,946.2409
node-075,2024-01-01 20:21:00,0.1487,10035055.7396,0.0,0.6122,102686.4439,6.9997,6242366.1226,950.6047
node-076,2024-01-01 20:21:00,0.0,9442448.1221,0.0,0.1932,118414.3586,4.0663,6213089.9357,879.4392
node-077,2024-01-01 20:21:00,0.0907,8537015.2921,0.0,1.0464,132888.9313,6.9434,6261893.4877,948.9095
node-078,2024-01-01 20:21:00,0.1906,9451105.924,0.7255,0.918,124488.5879,4.9509,6334113.238,950.6653
node-079,2024-01-01 20:21:00,0.1031,8969555.7247,0.6599,1.1787,130247.412,6.937,6211612.1912,940.651
node-080,2024-01-01 20:21:00,0.0983,8903591.4279,0.261,1.0091,118209.8153,14.9592,6244332.0265,936.332
node-081,2024-01-01 20:21:00,0.1053,8632720.4981,0.0,0.5201,115448.7134,4.8965,6226123.7964,931.6713
node-082,2024-01-01 20:21:00,0.0071,8371103.9345,0.364,0.2016,92945.5346,3.0404,6362743.9621,934.4328
node-083,2024-01-01 20:21:00,0.0951,9249600.6679,0.5262,1.2636,125424.2241,9.0084,6207640.91,948.7415
node-084,2024-01-01 20:21:00,0.0798,9245648.6099,1.1398,0.789,126860.0238,6.9981,6291866.7254,958.8886
node-085,2024-01-01 20:21:00,0.1082,8730101.0274,0.0,1.0923,118608.8312,7.6629,6163894.1156,961.3708
node-086,2024-01-01 20:21:00,0.0816,8634292.6217,1.0804,1.0027,120479.5,6.9303,6211909.4662,964.5452
node-087,2024-01-01 20:21:00,0.1074,9375502.9825,0.6048,1.339,127248.5625,7.005,6200280.5196,950.0912
node-088,2024-01-01 20:21:00,0.1962,9485129.9796,0.0,1.1078,124764.9762,5.9449,6214150.7199,947.2742
node-089,2024-01-01 20:21:00,0.1335,8899273.9718,0.0,1.2086,124010.3265,9.9961,6303723.4865,967.9688
node-090,2024-01-01 20:21:00,0.1169,10738253.3779,0.2497,0.8128,157929.4258,4.9837,6312961.3456,921.9371
node-091,2024-01-01 20:21:00,0.0955,9767423.6441,0.9115,1.2094,143008.562,9.8469,6217370.197,943.8883
node-092,2024-01-01 20:21:00,0.1072,9785103.8272,0.1556,0.982,126994.1852,6.074,6293103.72,923.1969
node-093,2024-01-01 20:21:00,0.0981,10197735.1635,0.8305,1.0903,104819.238,7.0463,6281656.2186,901.4844
node-094,2024-01-01 20:21:00,0.0,9346785.2184,0.0,0.9968,120164.7665,8.035,6329741.6633,941.37
node-095,2024-01-01 20:21:00,0.2845,8955265.4544,0.0,1.4898,118512.4826,8.1395,6203806.1724,950.0159
node-096,2024-01-01 20:21:00,0.1019,10124811.7237,0.0,0.9143,103864.9075,12.0148,6316028.512,953.3045
node-097,2024-01-01 20:21:00,0.0942,9291112.2649,0.0,1.086,125912.5752,11.962,6195052.8518,946.0236
node-098,2024-01-01 20:21:00,0.0933,9204793.7152,0.0,1.183,96074.9115,6.9071,6191959.2695,945.856
node-099,2024-01-01 20:21:00,0.0885,8259324.0413,0.0,1.1125,142325.9483,10.0156,6397516.0227,949.3412
node-100,2024-01-01 20:21:00,0.097,9404294.945,0.0,0.8872,146763.614,6.9673,6243612.2186,921.1686
node-101,2024-01-01 20:21:00,0.0,7785113.9444,0.0,0.1981,134712.1587,3.0556,6238113.2205,896.5429
node-102,2024-01-01 20:21:00,0.1047,9269117.244,0.0,1.3111,150466.7908,8.5301,6200279.8119,966.0241
node-103,2024-01-01 20:21:00,0.1037,8768857.7397,0.1585,0.7627,118869.1494,5.0012,6246020.4623,918.8832
node-104,2024-01-01 20:21:00,0.0975,8546645.8201,0.0168,0.9051,129714.1688,10.0075,6244374.673,932.416
node-105,2024-01-01 20:21:00,0.1893,9311337.0196,0.0312,0.9811,157258.2103,7.9485,6153574.6284,965.8109
node-106,2024-01-01 20:21:00,0.0,8476633.6831,0.0,0.1872,106159.5556,4.0275,6208836.1901,896.823
node-107,2024-01-01 20:21:00,0.1035,8419540.9058,0.0,1.1312,114196.3653,11.059,6179494.5267,939.6777
node-108,2024-01-01 20:21:00,0.1223,10429784.3853,0.0,0.8831,115866.732,7.0302,6360237.1568,946.7577
node-109,2024-01-01 20:21:00,0.1197,9437492.024,0.0909,0.8035,114766.9669,6.9935,6208525.7557,908.2044
node-110,2024-01-01 20:21:00,0.007,9352375.2633,0.0,0.8038,103834.6344,4.0532,6202165.9676,923.4849
node-111,2024-01-01 20:21:00,0.0954,10204191.0685,0.0,1.1903,102389.3526,4.9797,6166244.4056,943.8692
node-112,2024-01-01 20:21:00,0.0867,8757805.4803,0.0,0.6771,114341.0682,8.0324,6200908.9566,939.1691
node-113,2024-01-01 20:21:00,0.0888,8819227.0673,0.8562,0.9909,124226.9274,8.0019,6113939.7351,933.1694
node-114,2024-01-01 20:21:00,0.1088,9019559.816,0.1924,0.8254,138095.045,7.0162,6189895.3743,927.3844
node-115,2024-01-01 20:21:00,0.1008,9339469.6602,1.3047,0.7008,129782.295,6.5378,6337870.0979,948.0557
node-116,2024-01-01 20:21:00,0.0,8994251.3492,0.0424,1.2196,142021.3977,9.0808,6312597.3369,943.1237
node-117,2024-01-01 20:21:00,0.1149,8934292.7681,0.2954,1.2052,136609.4334,8.8319,6243817.1333,947.4057
node-118,2024-01-01 20:21:00,0.1113,9106688.3982,0.4034,0.8018,122060.4097,7.9718,6171109.1698,942.634
node-119,2024-01-01 20:21:00,0.1841,10597791.8319,0.6109,0.7272,137992.3565,5.937,6160793.3784,947.3724
node-000,2024-01-01 20:22:00,0.2111,9098153.3503,0.0,1.6021,149610.197,8.0258,6180863.6517,939.3628
node-001,2024-01-01 20:22:00,0.0898,8679937.1799,0.0,1.0944,119362.7699,4.9042,6136580.823,914.95
node-002,2024-01-01 20:22:00,0.0982,9074738.387,0.345,0.905,112633.9485,7.9724,6214918.982,951.431
node-003,2024-01-01 20:22:00,0.0617,9951368.7535,0.0635,0.6947,126369.4807,7.0267,6241569.248,917.763
node-004,2024-01-01 20:22:00,0.0806,9534510.0879,0.0,1.1963,134588.9672,7.1025,6210375.1636,962.0935
node-005,2024-01-01 20:22:00,0.2988,7799509.8812,0.0,0.5838,112063.573,5.0322,6174896.8765,951.5528
node-006,2024-01-01 20:22:00,0.0158,9667187.6122,0.4018,0.1782,136856.5422,5.0156,6161367.2176,891.2378
node-007,2024-01-01 20:22:00,0.12,8688277.5542,0.0,0.787,156780.3341,8.9277,6203903.133,953.8816
node-008,2024-01-01 20:22:00,0.1091,9610166.6709,1.0751,0.7896,117581.5058,7.0969,6242569.3409,935.8997
node-009,2024-01-01 20:22:00,0.1109,9901549.9801,0.0,0.886,128771.1126,7.1366,6298013.9663,950.6747
node-010,2024-01-01 20:22:00,0.1048,9210352.7128,0.0,1.384,95215.5293,8.0326,6214338.9171,946.3838
node-011,2024-01-01 20:22:00,0.1266,8309901.6322,0.0,0.7788,115253.4778,6.6989,6233151.0649,955.0538
node-012,2024-01-01 20:22:00,0.109,8334250.5595,0.0,0.9158,86414.9673,8.1039,6214090.3785,951.9773
node-013,2024-01-01 20:22:00,0.0938,9352475.4839,0.0955,1.0089,171583.6305,0.0,0.0,949.7658
node-014,2024-01-01 20:22:00,0.0746,10861528.8528,1.4064,0.784,128012.1196,9.0485,6212990.3142,936.7844
node-015,2024-01-01 20:22:00,0.0,8738891.0055,0.0,0.0908,130750.8349,4.084,6373398.1128,913.0855
node-016,2024-01-01 20:22:00,0.1386,8313114.274,0.0,0.9108,116475.1656,8.9476,6181579.6076,963.1467
node-017,2024-01-01 20:22:00,0.1972,10195420.605,0.0,0.591,153742.6269,6.9437,6226570.587,929.9758
node-018,2024-01-01 20:22:00,0.1075,9096680.997,0.0,1.0596,101787.5427,8.8387,6158805.7256,942.0512
node-019,2024-01-01 20:22:00,0.1119,9226555.664,0.0,0.9966,119622.9409,7.0401,6187593.2911,950.6747
node-020,2024-01-01 20:22:00,0.1281,9406460.7376,0.7096,1.0599,172138.6091,8.0271,6199878.3206,968.2311
node-021,2024-01-01 20:22:00,0.089,9416210.524,0.0,1.3071,109916.2599,6.0082,6313761.6254,961.5721
node-022,2024-01-01 20:22:00,0.1001,9416675.499,0.3278,0.9344,114362.1325,6.6033,6254036.4648,962.1893
node-023,2024-01-01 20:22:00,0.0933,8420684.1356,0.7837,0.7192,133091.3239,8.028,6216487.8845,938.2662
node-024,2024-01-01 20:22:00,0.1657,8491452.1097,0.0,0.6711,89627.8128,9.0492,6142770.2989,935.3911
node-025,2024-01-01 20:22:00,0.3415,10481596.9424,0.0,3.3701,124674.2485,7.3324,6219399.5969,945.5284
node-026,2024-01-01 20:22:00,0.0043,9553622.9028,0.264,0.2003,139361.0022,2.7769,6004506.6335,906.8804
node-027,2024-01-01 20:22:00,0.1183,8762864.4147,0.0,0.9947,138074.7494,8.978,6206628.016,942.629
node-028,2024-01-01 20:22:00,0.0832,9550602.6371,0.0,0.7052,128341.9718,8.8743,6205213.0353,906.3603
node-029,2024-01-01 20:22:00,0.1119,9088520.2586,0.0,0.7873,100661.4438,9.0434,6184949.2102,952.1401
node-030,2024-01-01 20:22:00,0.0837,8914653.1215,0.6152,0.7153,98689.6783,9.0039,6183021.9718,957.6637
node-031,2024-01-01 20:22:00,0.047,29146250.284,0.0,0.2015,7007.9902,0.0546,149521.5963,4.3739
node-032,2024-01-01 20:22:00,0.2104,9190229.346,0.8287,0.9971,132658.0596,6.9556,6237910.9248,960.7298
node-033,2024-01-01 20:22:00,0.0902,9004405.95,0.0,0.9735,130512.391,8.8716,6195972.2959,953.5173
node-034,2024-01-01 20:22:00,0.004,8171948.4877,0.0,0.0912,128094.2579,3.7266,6110561.3435,873.0804
node-035,2024-01-01 20:22:00,0.0957,9856439.4948,0.0,0.7602,138958.7109,7.066,6298133.6443,916.4093
node-036,2024-01-01 20:22:00,0.1294,9418246.6436,0.0,1.0756,124646.2377,5.8768,6219325.0881,949.5082
node-037,2024-01-01 20:22:00,0.0927,9407082.858,0.0,0.724,113662.9085,6.9971,6332447.631,963.0251
node-038,2024-01-01 20:22:00,0.0891,8222375.6938,0.5395,0.6347,82869.9239,7.9375,6160995.4386,928.6164
node-039,2024-01-01 20:22:00,0.0981,10214254.0824,0.6785,0.713,141926.2454,6.9678,6188850.4723,946.1146
node-040,2024-01-01 20:22:00,0.0085,9591809.6701,0.559,0.2065,155013.2331,2.0894,6216844.4073,910.1645
node-041,2024-01-01 20:22:00,0.0453,9322903.5966,0.7402,0.7983,114298.5948,7.065,6241922.8447,950.8304
node-042,2024-01-01 20:22:00,0.0891,9026675.479,0.2095,0.7082,140756.0178,7.9923,6285913.2514,905.2124
node-043,2024-01-01 20:22:00,0.1056,9683538.5701,0.2352,0.6988,119798.417,5.9966,6188306.2224,953.2122
node-044,2024-01-01 20:22:00,0.0923,8982777.9123,0.0,1.0123,128425.014,9.8617,6218376.3021,947.1947
node-045,2024-01-01 20:22:00,0.1299,9138701.5363,1.2479,1.0164,125804.9759,8.914,6173528.9786,925.9061
node-046,2024-01-01 20:22:00,0.0968,8733794.0469,0.0548,0.807,131604.7729,9.0761,6098204.8355,953.9467
node-047,2024-01-01 20:22:00,0.1049,8821015.2641,0.4441,0.7305,105356.7539,6.0838,6183536.7875,931.007
node-048,2024-01-01 20:22:00,0.1019,9103484.6764,0.0,0.8764,78064.3632,8.0215,6210453.9051,937.3524
node-049,2024-01-01 20:22:00,0.0191,8076909.0947,0.0,0.218,101337.9944,3.9495,6379791.4277,921.7855
node-050,2024-01-01 20:22:00,0.0,8024009.0757,0.2927,0.2047,141384.4127,2.0297,6212203.0121,896.9524
node-051,2024-01-01 20:22:00,0.0483,8718744.006,0.0,1.7064,148588.1774,6.9849,6127337.1755,960.6936
node-052,2024-01-01 20:22:00,0.1045,9083326.6339,0.0,1.0992,94715.0819,5.129,6137921.2518,932.4121
node-053,2024-01-01 20:22:00,0.0757,9313302.8115,0.0,0.814,123324.1915,10.1077,6238346.5194,946.52
node-054,2024-01-01 20:22:00,0.0887,8754846.2791,0.0,0.8925,84465.7344,5.8808,6358666.8922,935.7292
node-055,2024-01-01 20:22:00,0.1369,8464336.8816,0.7221,1.1016,136859.3366,6.9233,6220806.4859,946.0549
node-056,2024-01-01 20:22:00,0.0027,9224393.5574,0.0,0.8126,103906.561,11.0398,6222401.2662,945.1748
node-057,2024-01-01 20:22:00,0.0992,7037604.6423,0.8514,1.1978,122264.0663,4.9636,6152488.5081,932.575
node-058,2024-01-01 20:22:00,0.0901,9556820.5994,0.0,0.889,166578.503,7.1313,6221557.9055,941.2533
node-059,2024-01-01 20:22:00,0.0532,9265292.4322,0.0,0.9039,145325.0185,6.9551,6289135.8691,947.2565
node-060,2024-01-01 20:22:00,0.1076,8783223.1206,0.0,0.6916,107050.0108,5.8378,6207524.3248,937.7045
node-061,2024-01-01 20:22:00,0.131,9059209.6434,0.1161,0.9654,102491.2442,3.9702,6223290.0903,947.417
node-062,2024-01-01 20:22:00,0.0916,8909098.8254,0.0,1.3881,134344.633,6.955,6192692.0907,961.1821
node-063,2024-01-01 20:22:00,0.2791,8751104.8406,0.5131,1.254,123965.7619,10.1016,6131412.4536,955.6677
node-064,2024-01-01 20:22:00,0.1096,9309881.1705,0.0908,0.8903,137636.0002,7.8458,6259535.5245,962.98
node-065,2024-01-01 20:22:00,0.0954,8792246.4163,0.0,1.2925,148823.4811,5.8886,6204992.1326,958.2285
node-066,2024-01-01 20:22:00,0.0848,9058337.9545,0.298,0.8994,128471.0955,8.002,6244438.3657,957.7774
node-067,2024-01-01 20:22:00,0.129,8444870.5704,0.0,0.8074,132979.3506,6.8659,6118640.0086,943.0825
node-068,2024-01-01 20:22:00,0.1271,9236318.5099,0.0,0.9095,78240.6236,12.1051,6178864.7132,953.9359
node-069,2024-01-01 20:22:00,0.1006,9269352.2536,13.317,1.1694,119145.9227,6.9175,6269623.3956,979.7524
node-070,2024-01-01 20:22:00,0.0772,8532313.7228,0.0944,0.8888,125856.0245,6.9091,6198088.4614,944.0219
node-071,2024-01-01 20:22:00,0.1738,9066688.7241,0.6029,0.7635,127315.9626,3.1477,6242410.9644,957.0808
node-072,2024-01-01 20:22:00,0.0019,106136498.557,0.0,0.1977,104603.7781,3.0298,6416995.8549,884.171
node-073,2024-01-01 20:22:00,0.0895,9086581.4808,1.1781,0.6905,116438.0743,8.1044,6190894.1033,958.2544
node-074,2024-01-01 20:22:00,0.1301,8803240.3061,0.0,1.1482,148133.495,8.9979,6267389.1813,943.6837
node-075,2024-01-01 20:22:00,0.0974,10119477.4381,0.9217,0.6143,120954.8655,6.9894,6219336.1201,922.6095
node-076,2024-01-01 20:22:00,0.0122,9802930.6134,0.0,0.2103,128046.7384,2.9388,6071826.2592,935.1931
node-077,2024-01-01 20:22:00,0.1097,9195180.4601,0.2352,1.021,132389.8252,9.5121,6243230.8765,968.1189
node-078,2024-01-01 20:22:00,0.0829,9184270.8324,0.0,0.809,122508.1184,5.8055,6242828.9004,958.8925
node-079,2024-01-01 20:22:00,0.1063,9204236.5338,0.0,0.9151,129164.3382,7.0617,6383641.4102,926.5825
node-080,2024-01-01 20:22:00,0.1153,8988203.757,0.4261,1.0149,129803.0983,8.9947,6219121.3375,944.9643
node-081,2024-01-01 20:22:00,0.0981,8940057.6875,0.4022,0.5127,163616.9044,4.9974,6231799.7145,937.0987
node-082,2024-01-01 20:22:00,0.0083,8144841.8779,0.56,0.197,117036.0161,3.0958,6059313.2923,878.6132
node-083,2024-01-01 20:22:00,0.0926,8907468.2715,0.0,0.6785,124891.9736,8.0884,6249910.0984,957.1449
node-084,2024-01-01 20:22:00,0.1112,9192016.4212,0.0,0.9878,121217.0777,9.0379,6247723.8986,938.3738
node-085,2024-01-01 20:22:00,0.0782,9350806.9741,0.0,0.7076,119127.3967,8.8875,6206656.0979,947.9633
node-086,2024-01-01 20:22:00,0.0904,8847134.5552,0.0,0.9243,138875.5447,5.9436,6152625.4368,955.7628
node-087,2024-01-01 20:22:00,0.1491,9223614.22,0.0,0.9524,122584.919,7.9669,6226902.7471,957.9729
node-088,2024-01-01 20:22:00,0.1252,8999349.1673,0.0,1.1234,142157.9252,6.0401,6204583.3301,945.8173
node-089,2024-01-01 20:22:00,0.1477,8341022.3643,1.4873,2.2344,130835.5405,8.9803,6141844.551,943.0766
node-090,2024-01-01 20:22:00,0.1837,10701833.0664,0.8575,0.9095,142044.9519,10.9137,6219581.4483,909.3104
node-091,2024-01-01 20:22:00,0.1138,9288044.3644,0.5717,1.0537,138716.2069,9.0716,6211818.9496,941.6589
node-092,2024-01-01 20:22:00,0.0854,9805938.9399,0.1887,0.8003,132599.6619,6.9034,6191229.2151,914.7086
node-093,2024-01-01 20:22:00,0.0929,9711550.9743,0.0,0.7122,114513.5087,4.9645,6229782.4129,921.3685
node-094,2024-01-01 20:22:00,0.1218,8644220.8859,0.0538,0.9642,135589.219,8.9787,6258526.0543,944.4419
node-095,2024-01-01 20:22:00,0.0877,8722513.1155,0.4212,0.8999,131555.7717,6.957,6262061.8288,950.8634
node-096,2024-01-01 20:22:00,0.0873,10408671.413,0.1307,1.0092,131193.452,6.1208,6169171.8321,962.989
node-097,2024-01-01 20:22:00,0.0931,8920950.2563,0.0,0.9718,121708.9197,10.5375,6249342.4156,972.7169
node-098,2024-01-01 20:22:00,0.1153,9087642.398,0.0657,1.091,109645.7484,13.1425,6185805.2248,952.1559
node-099,2024-01-01 20:22:00,0.199,8464828.1128,0.6607,0.9844,91237.0533,17.0029,6214450.8167,976.3931
node-100,2024-01-01 20:22:00,0.1239,9280469.2687,0.0,0.8075,146387.8685,6.9512,6182407.2024,916.5338
node-101,2024-01-01 20:22:00,0.0,8313259.3298,0.2294,0.1821,121291.2622,3.365,6302241.5296,917.8478
node-102,2024-01-01 20:22:00,0.142,9068647.3786,0.0,1.0852,118689.0167,10.0701,6282522.0091,946.9022
node-103,2024-01-01 20:22:00,0.1772,8674368.1574,0.0581,0.7238,139076.0141,8.0521,6270676.793,920.805
node-104,2024-01-01 20:22:00,0.0984,9138897.6653,0.0,0.8954,89988.9145,6.9593,6300573.1843,941.5366
node-105,2024-01-01 20:22:00,0.0949,9308098.8939,0.0,1.0766,165702.9618,7.9783,6175356.9984,958.3033
node-106,2024-01-01 20:22:00,0.0055,8194259.9514,0.0,0.4061,101145.8548,2.9245,6227939.6113,897.1377
node-107,2024-01-01 20:22:00,0.1991,8512918.0761,0.6859,1.0009,121154.8502,8.9606,6305314.3714,970.1475
node-108,2024-01-01 20:22:00,0.3698,10538846.5201,0.0,0.8544,140121.5534,4.9953,6162574.1527,938.3577
node-109,2024-01-01 20:22:00,0.1036,9271520.1809,0.0,0.7986,103378.3887,8.9399,6152289.2394,910.3014
node-110,2024-01-01 20:22:00,0.1166,8995786.1004,0.0,0.6806,120523.4653,8.0091,6192371.9425,949.9559
node-111,2024-01-01 20:22:00,0.1971,10140824.3839,0.0,0.8915,125326.1217,5.7246,6245757.6875,956.0436
node-112,2024-01-01 20:22:00,0.2055,8528734.0535,0.0,1.0902,125258.3855,4.946,6225128.1357,953.4542
node-113,2024-01-01 20:22:00,0.0853,8755251.6672,0.0,1.2411,167860.652,7.5867,6212535.5501,944.8756
node-114,2024-01-01 20:22:00,0.0849,8924574.2807,0.1543,0.8259,177142.5982,7.3591,6337878.8769,955.1434
node-115,2024-01-01 20:22:00,0.0983,9514668.3342,0.3512,1.0757,100369.8862,8.0585,6217177.9058,933.9498
node-116,2024-01-01 20:22:00,0.0331,9129790.8082,0.5012,0.9878,99630.2448,7.0522,6246717.0265,967.6845
node-117,2024-01-01 20:22:00,0.1101,9042390.9456,0.0,1.1585,116291.6094,7.9392,6194005.6215,955.3732
node-118,2024-01-01 20:22:00,0.1222,8850212.9976,0.0184,0.8218,158468.724,8.0547,6174402.0768,931.0259
node-119,2024-01-01 20:22:00,0.1178,10406175.0779,0.0,0.8029,136665.5104,5.9914,6226090.3187,942.8924
node-000,2024-01-01 20:23:00,0.1971,8781091.3551,0.0,1.5876,164415.3349,9.9997,6167924.62,948.9434
node-001,2024-01-01 20:23:00,0.1037,9083729.3508,0.1685,0.8864,213689.2802,5.2745,6138208.7094,904.0902
node-002,2024-01-01 20:23:00,0.0967,8785587.0713,0.0,0.9318,116855.4026,10.0421,6199824.236,986.4687
node-003,2024-01-01 20:23:00,0.0868,10127165.9866,0.3528,0.7116,141838.3567,6.8769,6122768.3617,935.08
node-004,2024-01-01 20:23:00,0.0472,9302963.2482,0.3944,0.8934,131331.7851,7.1159,6243963.8456,961.414
node-005,2024-01-01 20:23:00,0.1137,8324413.3596,0.9553,0.7109,148743.4541,8.9278,6211621.5463,945.4952
node-006,2024-01-01 20:23:00,0.0064,9540890.0693,0.0,0.1405,131110.1571,4.9922,6173002.799,891.785
node-007,2024-01-01 20:23:00,0.1017,8858516.4905,0.0,0.6028,159747.6439,9.0973,6240353.0958,954.5124
node-008,2024-01-01 20:23:00,0.1165,9135028.3877,0.7352,0.7398,121481.8916,4.9701,6210985.5175,924.6217
node-009,2024-01-01 20:23:00,0.1025,9810752.3956,0.2594,0.8253,127406.3602,7.0002,6133491.4647,955.0281
node-010,2024-01-01 20:23:00,0.1193,9584249.1034,0.0,1.3907,128763.5879,7.9727,6186794.4432,950.1147
node-011,2024-01-01 20:23:00,0.1694,8275306.7221,0.1457,0.8786,94519.9028,11.1556,6128373.1048,949.0299
node-012,2024-01-01 20:23:00,0.0992,8544013.0884,0.263,0.6668,119102.8443,6.7603,6182050.6646,941.1668
node-013,2024-01-01 20:23:00,0.0454,9315436.8244,0.2904,1.0502,160639.9803,0.0721,0.0,953.6021
node-014,2024-01-01 20:23:00,0.1332,10622894.7372,0.8287,0.7176,115447.9019,9.0174,6140225.9478,921.9322
node-015,2024-01-01 20:23:00,0.0,8280669.2204,0.0,0.0872,117264.5679,3.6822,6007643.0275,872.2769
node-016,2024-01-01 20:23:00,0.0989,8609939.8876,0.3262,0.7,126321.8595,7.0534,6167547.9891,952.1623
node-017,2024-01-01 20:23:00,0.0873,10236052.9941,0.0,0.7634,146366.5835,7.0391,6359470.991,940.8007
node-018,2024-01-01 20:23:00,0.1075,9168918.8366,0.0,1.1055,137693.5851,12.081,6252003.1483,926.1019
node-019,2024-01-01 20:23:00,0.0715,9059038.6289,0.0,0.9856,126424.0684,11.9524,6193768.406,958.6575
node-020,2024-01-01 20:23:00,0.1065,9474771.0163,0.0,1.0199,133619.7469,7.8647,6211296.682,953.1894
node-021,2024-01-01 20:23:00,0.0877,9781164.2414,0.951,1.5936,131048.3244,7.9601,6217270.7252,955.8443
node-022,2024-01-01 20:23:00,0.104,9584422.4248,0.6126,0.8047,114183.6369,8.0244,6273554.0903,963.0162
node-023,2024-01-01 20:23:00,0.1034,9032699.4589,0.0,0.8175,148192.6424,7.9304,6223291.0765,924.9883
node-024,2024-01-01 20:23:00,0.2019,8777714.7685,0.3389,0.915,130544.1709,7.9875,6209257.7973,950.6723
node-025,2024-01-01 20:23:00,4.59,9856418.5774,0.8527,1.9101,123332.0267,9.9633,6292778.9636,928.3652
node-026,2024-01-01 20:23:00,0.0,9398405.3431,0.0,0.1976,120907.2144,5.0688,6115866.3815,919.5035
node-027,2024-01-01 20:23:00,0.1015,8474413.9804,0.0,1.0064,126884.1394,8.9815,6214279.6671,942.7495
node-028,2024-01-01 20:23:00,0.1054,9812001.48,0.0,0.6365,141690.7346,9.0684,6251606.2171,905.864
node-029,2024-01-01 20:23:00,0.0896,8973723.1652,0.0527,0.7963,115885.5013,6.9658,6357345.0125,964.8033
node-030,2024-01-01 20:23:00,0.312,8535335.4393,0.0,1.2938,77754.0644,8.9228,6128081.1476,952.0263
node-031,2024-01-01 20:23:00,0.0,29148985.0597,0.0,0.2058,603.9201,0.0,2835.0073,0.0
node-032,2024-01-01 20:23:00,0.0978,9227550.0595,0.0,0.8446,122569.495,12.8985,6297507.1519,936.364
node-033,2024-01-01 20:23:00,0.0886,9109086.1068,0.0,0.8224,117818.419,9.0385,6236729.5008,949.92
node-034,2024-01-01 20:23:00,0.0,8279116.412,0.0,0.2028,111679.7836,2.9604,6192415.6402,900.7485
node-035,2024-01-01 20:23:00,0.0979,10241766.7078,0.0,0.8057,135379.6202,7.0958,6203093.8567,901.1507
node-036,2024-01-01 20:23:00,0.1112,9543394.3797,0.0,1.1015,111585.4611,10.8512,6311553.8229,945.2405
node-037,2024-01-01 20:23:00,0.042,9387716.8284,0.3432,0.7159,132492.8084,7.0698,6280386.3009,968.1004
node-038,2024-01-01 20:23:00,0.1025,7890620.3786,0.0,1.167,120159.4518,10.1608,6181428.1376,931.4922
node-039,2024-01-01 20:23:00,0.0,9715398.0539,0.3857,0.6954,111246.2932,7.9359,6208249.2438,941.6805
node-040,2024-01-01 20:23:00,0.0,9844971.3027,1.0867,1.1318,164520.3977,1.8701,6117613.6244,914.2046
node-041,2024-01-01 20:23:00,0.0897,8892494.4309,0.187,0.7051,131857.1805,6.8756,6112514.1451,963.628
node-042,2024-01-01 20:23:00,0.1155,8893549.3193,0.0,0.9981,141412.8614,13.0512,6167534.8626,896.4818
node-043,2024-01-01 20:23:00,0.0295,10190230.2098,0.0,0.593,146538.3251,6.92,6150822.1429,941.7741
node-044,2024-01-01 20:23:00,0.1276,8456868.5645,0.5608,1.0195,128471.1991,9.0801,6209180.7269,933.0369
node-045,2024-01-01 20:23:00,0.1156,9222458.3619,0.0,1.0296,113653.2847,9.3477,6368499.1813,935.8438
node-046,2024-01-01 20:23:00,0.0981,8683101.6662,0.593,0.923,102306.4737,8.8272,6303575.7167,941.4918
node-047,2024-01-01 20:23:00,0.1132,8933915.0791,0.5383,0.746,107976.6753,6.1144,6232440.4372,934.0818
node-048,2024-01-01 20:23:00,0.1872,9632184.7349,0.6436,0.6198,109742.5216,7.9751,6108299.8941,911.6258
node-049,2024-01-01 20:23:00,0.0018,8163850.3096,0.0,0.1892,145387.1561,5.1315,6185830.4335,880.381
node-050,2024-01-01 20:23:00,0.0184,8216403.2459,0.2177,0.19,84563.2603,2.9732,6273062.81,897.2668
node-051,2024-01-01 20:23:00,0.0806,8974657.5901,0.8315,1.5296,158780.0597,10.0789,6220129.3542,956.0927
node-052,2024-01-01 20:23:00,0.1044,8652536.6442,0.3081,0.9246,146574.3587,5.7078,6197211.1533,932.3819
node-053,2024-01-01 20:23:00,0.2507,9516041.0674,0.0,5.5791,132374.3179,10.9363,6287509.351,962.5626
node-054,2024-01-01 20:23:00,0.0715,8594368.051,0.0,1.0923,125583.7959,7.9043,6155410.4711,927.6314
node-055,2024-01-01 20:23:00,0.0773,9172778.7134,1.1992,0.9102,119871.3859,7.9744,6179631.2931,947.5554
node-056,2024-01-01 20:23:00,0.1812,9448889.8926,0.2471,0.6995,116624.4352,11.181,6229131.7931,956.2247
node-057,2024-01-01 20:23:00,0.0592,6937519.7403,0.0,1.0107,101831.9803,8.0097,6352833.7728,935.7715
node-058,2024-01-01 20:23:00,0.0519,9704192.9248,0.4475,0.9938,168090.6505,7.8538,6223443.0503,958.5267
node-059,2024-01-01 20:23:00,0.0708,9543496.8477,0.0,0.8888,145881.377,6.9905,6228622.8989,948.7022
node-060,2024-01-01 20:23:00,0.1003,8927872.5154,0.0,0.8089,125572.4822,7.1035,6249810.2428,914.1634
node-061,2024-01-01 20:23:00,0.1236,9173287.1232,0.0,1.0065,119900.038,9.0843,6200502.3715,938.6244
node-062,2024-01-01 20:23:00,0.1249,9167339.004,0.0,0.7293,114692.1879,6.9522,6322170.7635,948.0877
node-063,2024-01-01 20:23:00,0.1999,8761960.423,0.0,0.8284,124103.2527,9.0563,6190515.973,941.5947
node-064,2024-01-01 20:23:00,0.0911,8925088.8141,0.6478,0.9489,110497.1761,7.8743,6269207.4836,954.5467
node-065,2024-01-01 20:23:00,0.0991,9460035.6965,0.0057,1.1083,86115.6361,6.9572,6332776.9903,952.6439
node-066,2024-01-01 20:23:00,0.0954,9163701.222,0.0,0.8812,85760.7146,16.0848,6122077.0568,932.3888
node-067,2024-01-01 20:23:00,0.1828,8827361.3014,0.0,0.8067,132539.0461,7.0548,6171713.6651,953.605
node-068,2024-01-01 20:23:00,0.1847,9126604.3027,0.6832,0.9063,117134.1322,10.3278,6194102.7746,941.3216
node-069,2024-01-01 20:23:00,0.1194,8931050.3215,13.7569,0.897,225251.5987,10.1272,6243332.3381,959.3445
node-070,2024-01-01 20:23:00,0.0921,8408126.8981,0.2395,0.9035,118203.4531,9.0334,6246437.178,940.0741
node-071,2024-01-01 20:23:00,0.1316,8631818.9226,1.0612,0.961,139776.5374,6.9814,6158208.821,943.4749
node-072,2024-01-01 20:23:00,0.0,106162898.3444,0.2116,0.2004,109867.1252,2.8436,6221683.5377,920.2102
node-073,2024-01-01 20:23:00,0.0833,9107127.0104,0.0,0.5769,141180.4257,6.2679,6230036.7888,949.746
node-074,2024-01-01 20:23:00,0.1867,8570569.4226,0.0,1.2034,123153.3489,8.2185,6234921.9425,962.0209
node-075,2024-01-01 20:23:00,0.1095,9875507.5459,0.0,0.65,125013.473,9.0595,6304471.3339,920.0122
node-076,2024-01-01 20:23:00,0.0,9770053.1331,0.0,0.1895,113359.1951,2.9882,6237047.7041,908.5862
node-077,2024-01-01 20:23:00,0.115,8374459.2486,0.0,1.012,123213.7173,14.9274,6288374.4515,959.1366
node-078,2024-01-01 20:23:00,0.0982,9362928.692,0.7299,0.808,108442.7651,6.734,6196552.4949,956.808
node-079,2024-01-01 20:23:00,0.1219,9056351.069,0.0,0.92,137494.8049,8.005,6180163.1008,947.2198
node-080,2024-01-01 20:23:00,0.0856,8949492.3105,0.0,1.0649,113976.7081,7.9916,6251527.2543,949.5243
node-081,2024-01-01 20:23:00,0.0939,9098846.1956,0.0,0.5036,150680.5306,7.0426,6191092.4707,947.065
node-082,2024-01-01 20:23:00,0.0,8273279.6419,0.1526,0.1076,128951.0329,2.935,6153330.6839,917.8586
node-083,2024-01-01 20:23:00,0.1077,8998150.5979,0.0,1.2856,105307.641,9.2544,6134044.4932,941.8942
node-084,2024-01-01 20:23:00,0.1069,9337068.2095,0.7634,0.9076,124378.549,7.848,6190917.8915,963.6708
node-085,2024-01-01 20:23:00,0.1018,9420971.0432,0.0,0.9614,120185.4862,8.9095,6239180.2579,941.1744
node-086,2024-01-01 20:23:00,0.126,8946980.4442,0.0,0.9218,108460.7893,12.9571,6218416.0554,950.0689
node-087,2024-01-01 20:23:00,0.1124,9470775.6279,0.0,0.9606,125668.4325,8.2462,6143288.7056,961.7015
node-088,2024-01-01 20:23:00,0.0895,9033525.2698,0.5917,0.793,112312.7329,6.9267,6219304.1706,938.8141
node-089,2024-01-01 20:23:00,0.1606,8824803.3128,0.0,5.8494,124604.3669,7.1459,6192643.7759,948.829
node-090,2024-01-01 20:23:00,0.0605,10150449.2816,0.0,0.8057,136905.388,8.6058,6281276.6452,913.5001
node-091,2024-01-01 20:23:00,0.0955,9638038.6615,1.0099,0.9203,86262.2215,6.9663,6214018.3318,941.7661
node-092,2024-01-01 20:23:00,0.1143,9930787.685,0.0255,0.7129,88901.4012,6.3085,6143858.3778,919.2786
node-093,2024-01-01 20:23:00,0.0976,10131597.7268,0.0,0.6049,122181.3189,6.2654,6177612.4132,911.5805
node-094,2024-01-01 20:23:00,0.148,9136255.2617,0.8997,1.2016,107553.3741,9.0484,6192475.9037,953.3701
node-095,2024-01-01 20:23:00,0.1145,8679070.8258,0.6196,1.0276,137411.0625,6.8168,6223809.5018,965.677
node-096,2024-01-01 20:23:00,0.0706,10650817.8824,0.0,0.733,141865.318,5.4508,6272634.7421,955.7196
node-097,2024-01-01 20:23:00,0.1047,8914433.8567,1.2015,1.2594,113742.1052,8.1067,6285311.5529,949.9296
node-098,2024-01-01 20:23:00,0.1185,9512056.9784,0.0,1.5907,124793.2508,10.6116,6219737.4842,939.4637
node-099,2024-01-01 20:23:00,0.2196,9008231.0253,0.0,1.5765,148497.1095,7.9097,6168650.9349,955.6281
node-100,2024-01-01 20:23:00,0.1202,9253129.9971,0.6033,0.7964,123241.2059,5.9978,6165831.7048,934.2404
node-101,2024-01-01 20:23:00,0.0267,7960156.4825,0.0,0.1811,137565.761,3.893,6342388.5072,916.5115
node-102,2024-01-01 20:23:00,0.0994,8662166.207,0.0,0.9752,115731.8706,9.0694,6322839.6308,956.5976
node-103,2024-01-01 20:23:00,0.0775,8716385.8027,0.3636,0.7752,119170.1969,8.0975,6165723.0196,930.861
node-104,2024-01-01 20:23:00,0.0984,8784725.0841,0.2031,1.1326,126957.4887,7.5324,6151442.8734,930.826
node-105,2024-01-01 20:23:00,0.0876,9502996.2389,0.4984,1.0048,164781.3776,10.1279,6241251.1628,951.7824
node-106,2024-01-01 20:23:00,0.0073,8540252.2111,0.0,0.3947,115395.3812,2.9532,6250111.8264,875.4574
node-107,2024-01-01 20:23:00,0.1325,8168471.5181,0.0,0.9664,126315.8053,7.7818,6237306.697,943.3457
node-108,2024-01-01 20:23:00,0.0,10711508.0593,0.0,0.667,115747.724,6.1688,6226244.488,930.3931
node-109,2024-01-01 20:23:00,0.1283,9448645.0307,0.0,0.8017,120488.5526,4.9641,6269402.581,916.2203
node-110,2024-01-01 20:23:00,0.0618,8909715.2047,0.2147,0.7495,125347.7699,8.0098,6227281.1841,946.1882
node-111,2024-01-01 20:23:00,0.1511,9865006.3267,0.1423,0.8947,143443.6834,8.003,6249877.9622,957.158
node-112,2024-01-01 20:23:00,0.1114,8548844.9608,0.0,0.7387,125464.0478,6.9826,6166719.9999,931.0523
node-113,2024-01-01 20:23:00,0.1167,8345823.2481,0.2496,1.0634,122606.6658,6.8265,6179818.1803,942.3067
node-114,2024-01-01 20:23:00,0.1215,8910752.4102,0.0,0.9201,152322.4896,6.7359,6262994.3954,940.7073
node-115,2024-01-01 20:23:00,0.115,9358558.483,0.0,1.1284,138517.0923,7.9356,6222096.61,955.9899
node-116,2024-01-01 20:23:00,0.0898,9302970.2052,0.0,1.0021,108904.1682,8.2261,6208066.5665,946.3752
node-117,2024-01-01 20:23:00,0.1024,9013259.6287,0.7678,1.3118,122818.6,7.9878,6265294.9235,952.8239
node-118,2024-01-01 20:23:00,0.0993,8974034.0126,0.0,0.8885,104176.5102,12.0031,6232179.9313,930.2493
node-119,2024-01-01 20:23:00,0.0826,10280819.9741,1.4645,0.9413,107778.0908,8.0408,6165958.7508,931.6482
