nodeId,timestamp,cpu_wio,mem_free,Missed Buffers_P1,cpu_user,bytes_out,proc_run,bytes_in,pkts_out
node-000,2024-01-01 19:44:00,0.0749,14338770.1136,0.0,1.1927,147298.1276,12.9969,6374337.6518,982.6272
node-001,2024-01-01 19:44:00,0.3484,14171390.4852,0.3327,0.8257,110182.5873,2.9745,6124464.1779,872.7955
node-002,2024-01-01 19:44:00,0.0932,9754558.1822,0.0,0.8713,121364.0357,9.9941,6214638.7765,893.0831
node-003,2024-01-01 19:44:00,0.0998,15064447.9852,0.0,0.7416,81912.666,7.9875,6056328.8354,884.3695
node-004,2024-01-01 19:44:00,0.0798,13961089.7773,0.416,0.8784,172382.3206,4.0856,6220881.9861,940.367
node-005,2024-01-01 19:44:00,0.0421,8334668.4596,0.0,0.422,114578.8228,6.9885,5979901.2312,875.9069
node-006,2024-01-01 19:44:00,0.0,14864127.5741,1.2175,0.1909,130541.0596,4.8417,6136710.5114,854.2364
node-007,2024-01-01 19:44:00,0.0749,14053471.9936,0.0,0.4126,129648.4736,6.0887,6140200.2369,930.4655
node-008,2024-01-01 19:44:00,0.4012,14068900.9184,0.4905,0.2899,117273.1692,3.4256,6203934.6613,923.5172
node-009,2024-01-01 19:44:00,0.1835,14492811.6072,0.0,0.5945,147577.5256,4.0405,6260632.1331,907.9362
node-010,2024-01-01 19:44:00,0.1099,14011523.1733,0.3328,0.8011,80890.1836,10.1252,6196942.9284,891.8388
node-011,2024-01-01 19:44:00,0.1555,13647465.2914,0.0,0.5799,120286.7683,7.017,6064535.2079,872.4958
node-012,2024-01-01 19:44:00,0.1287,13402624.8553,0.0211,1.0079,141237.1204,6.1984,6291270.4264,934.5132
node-013,2024-01-01 19:44:00,0.1259,13716317.8292,0.9643,0.5082,163336.008,0.0628,11593.9801,908.4082
node-014,2024-01-01 19:44:00,0.0853,15469102.6309,0.3392,0.4096,122531.8732,6.7524,6137696.0658,916.9717
node-015,2024-01-01 19:44:00,0.0089,14806243.491,0.0,0.0976,140268.6023,4.1097,6395825.4293,875.2157
node-016,2024-01-01 19:44:00,0.097,14363660.7294,0.103,0.5156,125726.9378,8.8297,6262212.8781,906.843
node-017,2024-01-01 19:44:00,0.294,16358721.6469,0.2138,0.3632,174706.6365,8.2815,6293734.1725,919.3553
node-018,2024-01-01 19:44:00,0.4723,14501415.7259,0.0,1.1855,123968.284,7.8418,6200982.3952,898.7965
node-019,2024-01-01 19:44:00,0.1707,14986944.2398,0.8367,0.5926,117772.054,5.93,6110641.4077,895.0649
node-020,2024-01-01 19:44:00,0.1178,14153726.5006,0.0,0.9142,164973.9642,7.9529,6113608.9775,848.8891
node-021,2024-01-01 19:44:00,0.24,14395930.7082,0.2152,1.2926,116942.6629,4.7182,6359643.0094,918.6995
node-022,2024-01-01 19:44:00,0.0861,14483603.8203,0.0,0.8239,115058.7942,0.0523,6377671.2344,923.1643
node-023,2024-01-01 19:44:00,0.5971,14042231.2292,1.0369,0.6497,110264.4234,7.0451,5999325.0818,923.8848
node-024,2024-01-01 19:44:00,0.0935,14053268.6061,1.4599,0.4359,136513.4161,12.0299,6147651.3076,918.5065
node-025,2024-01-01 19:44:00,0.0808,15799191.7194,0.5192,0.5858,108533.8657,4.0857,6159856.9105,930.3538
node-026,2024-01-01 19:44:00,0.0133,14640428.5484,0.0,0.1871,110446.5315,0.0557,6462043.7258,899.4487
node-027,2024-01-01 19:44:00,0.0239,14109688.0729,0.9396,0.6517,131515.9671,8.9188,6185659.6711,900.6685
node-028,2024-01-01 19:44:00,0.0111,14962804.3121,0.0,0.6884,109301.1508,9.0908,6112911.8302,912.5981
node-029,2024-01-01 19:44:00,0.1783,14092018.8039,0.5054,0.9501,154832.3102,8.9909,6378014.2717,910.3012
node-030,2024-01-01 19:44:00,0.8138,14420517.8785,0.0574,0.3822,145594.9142,5.0722,6227858.2344,892.6531
node-031,2024-01-01 19:44:00,0.0063,28944605.8372,0.1733,0.554,369.8662,0.0488,47304.5945,5.4895
node-032,2024-01-01 19:44:00,0.128,14189896.4008,0.9288,0.9767,104206.2396,4.0148,6349575.1952,913.9342
node-033,2024-01-01 19:44:00,0.096,13592233.0532,0.3499,0.5936,113831.1895,9.7932,6207674.6709,930.4101
node-034,2024-01-01 19:44:00,0.0,13758745.33,0.0,0.1589,133628.203,2.1103,6247126.4049,863.4171
node-035,2024-01-01 19:44:00,0.5359,15561253.4365,0.6112,0.4376,124592.6702,8.1378,6148687.7969,908.4424
node-036,2024-01-01 19:44:00,0.1081,14664149.9577,0.7536,1.1003,126060.1487,9.9741,6297136.0036,899.7148
node-037,2024-01-01 19:44:00,0.0388,14342811.7601,0.0578,0.5153,69832.0255,0.0,6331920.5646,872.814
node-038,2024-01-01 19:44:00,0.1007,14145665.6082,0.0,0.5792,85326.7159,5.7809,6156105.0442,926.1909
node-039,2024-01-01 19:44:00,0.1037,15262284.1542,0.0,0.9119,90395.5255,3.018,6225111.613,922.6373
node-040,2024-01-01 19:44:00,0.0083,14627761.8581,0.3094,0.1423,158072.1785,3.0516,6139077.5424,854.5838
node-041,2024-01-01 19:44:00,0.8633,14843361.619,0.0,0.6665,131515.4298,7.7091,6211378.9837,914.7391
node-042,2024-01-01 19:44:00,0.1795,14576277.4886,0.1552,0.5938,88046.2613,3.8979,6300839.657,935.1286
node-043,2024-01-01 19:44:00,0.0111,14773120.2079,0.0,0.2727,120280.0571,6.04,6101941.673,909.5758
node-044,2024-01-01 19:44:00,0.2742,14107670.5085,0.0,0.7748,132100.7908,7.9211,6031669.9365,902.8723
node-045,2024-01-01 19:44:00,0.1229,13998202.1842,0.4979,0.5387,113575.0634,8.0584,6121751.1472,923.8554
node-046,2024-01-01 19:44:00,0.0831,13594017.4831,0.5155,0.487,98337.3847,7.998,6300103.4649,926.9322
node-047,2024-01-01 19:44:00,0.0984,13047941.2913,0.0,0.5075,122265.7237,7.0773,6236700.2097,915.3598
node-048,2024-01-01 19:44:00,1.2948,14775598.1491,0.0,0.4065,126034.2251,3.9737,6229736.9825,925.8087
node-049,2024-01-01 19:44:00,0.3155,13008017.8764,0.0,0.0743,120128.7544,6.6968,6313052.4319,847.9462
node-050,2024-01-01 19:44:00,0.0151,13615839.9159,0.9281,0.1018,93999.9323,2.3882,6158510.6285,828.8098
node-051,2024-01-01 19:44:00,0.0,13281723.1018,0.0232,1.959,150214.4543,9.0109,6155146.2031,906.964
node-052,2024-01-01 19:44:00,0.0,14471595.5538,0.8557,0.7303,109731.9054,1.0583,6287092.0473,922.5718
node-053,2024-01-01 19:44:00,0.0942,14839199.8517,0.9665,0.8185,120270.6754,7.9466,6281030.6205,896.8896
node-054,2024-01-01 19:44:00,0.0816,13390151.6437,0.0,1.4462,87736.5301,5.8866,6244367.9434,914.4248
node-055,2024-01-01 19:44:00,0.107,14753076.1876,0.0,0.6101,96674.9729,7.8177,6399774.4267,940.4886
node-056,2024-01-01 19:44:00,0.0775,14566227.874,0.0,0.5192,94119.9597,8.979,6208451.1738,936.8958
node-057,2024-01-01 19:44:00,0.0521,12251483.6114,1.2887,0.7858,104859.3905,2.1847,6312072.9166,919.4214
node-058,2024-01-01 19:44:00,0.3616,14701481.5742,0.0,0.7957,140250.1218,9.0691,6260262.4103,904.4542
node-059,2024-01-01 19:44:00,0.0124,15045578.3289,0.0,0.9878,112773.6814,8.2561,6354956.6391,884.8424
node-060,2024-01-01 19:44:00,1.9805,14475775.6643,0.0,1.1684,108723.0045,8.7838,6186845.9493,907.1798
node-061,2024-01-01 19:44:00,0.4027,13776130.4712,2.7816,0.9091,82782.2293,4.1072,5926507.9054,896.913
node-062,2024-01-01 19:44:00,0.1033,14822941.0423,0.0,0.4948,122787.0305,9.0133,6222949.9402,906.2051
node-063,2024-01-01 19:44:00,0.0308,14036285.6529,0.0,1.1104,74850.2597,4.9691,6024337.0919,929.4675
node-064,2024-01-01 19:44:00,0.5162,13947364.1768,0.0,0.6958,124891.5628,9.1007,6115197.8096,893.6286
node-065,2024-01-01 19:44:00,0.2952,14446685.5284,0.0311,0.8066,124298.0414,5.5143,6195102.7939,923.2868
node-066,2024-01-01 19:44:00,0.1032,14939931.3758,0.2492,0.6828,148183.0669,12.9455,6270483.071,926.1511
node-067,2024-01-01 19:44:00,0.0194,13498698.0435,0.0,0.5558,136552.9306,8.0606,6144220.1717,904.6658
node-068,2024-01-01 19:44:00,1.1914,14878863.3597,0.0,0.6961,100861.6506,5.0041,6312257.9416,907.7374
node-069,2024-01-01 19:44:00,1.1057,9210465.375,14.0089,0.5071,120705.3219,10.0241,6022159.0519,932.7203
node-070,2024-01-01 19:44:00,0.4999,14416079.559,0.0,0.5996,128977.0469,8.721,6367289.9746,903.5235
node-071,2024-01-01 19:44:00,0.0107,14174371.4212,1.0086,0.2848,115218.8632,6.9205,6187291.1169,937.6607
node-072,2024-01-01 19:44:00,0.0,111265618.607,0.0,0.0897,90860.6747,3.0513,5986228.2602,877.6298
node-073,2024-01-01 19:44:00,0.1719,13277983.4747,0.0,0.5897,95701.3751,7.015,6149258.1231,878.5162
node-074,2024-01-01 19:44:00,0.1327,14336175.0243,0.0,0.3929,144648.9129,7.1024,6331461.6773,889.5332
node-075,2024-01-01 19:44:00,0.1169,15389761.535,0.0,0.6767,102002.6267,6.9348,6098550.0315,870.8971
node-076,2024-01-01 19:44:00,0.309,15607011.4312,0.0,0.1272,81660.3375,4.0626,6336816.564,822.6096
node-077,2024-01-01 19:44:00,0.0577,14048002.7831,0.0,0.6102,126731.4237,8.0426,6099448.4906,922.8887
node-078,2024-01-01 19:44:00,0.1209,15070983.7059,0.3059,0.4956,119011.4827,3.9621,6380613.5674,930.6068
node-079,2024-01-01 19:44:00,0.2077,14955200.4584,0.0,0.3987,133396.861,6.0689,6268359.8697,889.4014
node-080,2024-01-01 19:44:00,0.1085,14130664.3951,0.0232,0.5894,114451.5662,5.5975,6145475.2238,915.1298
node-081,2024-01-01 19:44:00,0.4947,14885144.4857,0.2128,0.3364,115956.3876,7.1197,6136140.0031,904.6553
node-082,2024-01-01 19:44:00,0.1072,13416055.8867,0.0,0.0738,96481.6802,5.0275,6339743.2754,873.177
node-083,2024-01-01 19:44:00,0.1061,14378536.9052,0.5668,1.1844,117808.233,9.9923,6253529.6826,903.6889
node-084,2024-01-01 19:44:00,0.8794,14793510.8227,0.6288,0.6274,119041.0813,7.7112,6207894.6031,935.8759
node-085,2024-01-01 19:44:00,0.2278,15333460.1599,1.0325,0.6031,113523.4609,6.0068,6269486.9715,891.86
node-086,2024-01-01 19:44:00,0.0652,14743371.288,0.0,0.6213,150210.7255,8.0325,6248013.6337,915.6538
node-087,2024-01-01 19:44:00,0.0973,14215745.2485,0.4782,0.7103,123491.5382,9.0182,6037141.5124,893.4625
node-088,2024-01-01 19:44:00,0.1116,13801279.8616,0.0,0.4871,121736.0483,3.9864,6191613.9925,881.8958
node-089,2024-01-01 19:44:00,0.3022,13948059.7628,0.0,0.9746,116088.1219,14.0941,6137914.3835,898.1514
node-090,2024-01-01 19:44:00,0.0827,15410867.5138,0.0,0.6958,180925.727,10.0283,6150834.6395,911.7624
node-091,2024-01-01 19:44:00,0.1003,14390757.4651,1.0576,1.106,119349.7461,6.9211,6274540.7049,944.3981
node-092,2024-01-01 19:44:00,0.0808,15509970.132,0.0,0.6986,128700.0852,9.0203,6093558.6334,908.8835
node-093,2024-01-01 19:44:00,0.1126,15578047.1902,1.0799,0.5668,105444.7752,1.2286,6204542.2181,937.3096
node-094,2024-01-01 19:44:00,1.1516,14894970.2088,0.0,0.8171,129079.1558,7.0153,6288380.325,906.5146
node-095,2024-01-01 19:44:00,2.8249,14286913.3687,0.0,0.2751,130043.3336,8.0474,6306383.5944,927.7505
node-096,2024-01-01 19:44:00,0.091,15166235.7109,0.0,0.6463,108581.7889,8.0215,6156696.8138,932.6018
node-097,2024-01-01 19:44:00,0.1755,14989604.8922,0.0,0.5067,92326.272,6.8709,6112228.9851,977.0397
node-098,2024-01-01 19:44:00,0.1199,14005874.2065,0.0,0.464,134700.4431,9.0531,6179827.5089,918.2817
node-099,2024-01-01 19:44:00,0.1101,13686685.1431,0.4993,0.4724,104537.9143,9.0083,5993958.5284,924.4197
node-100,2024-01-01 19:44:00,0.1585,14430199.7797,0.0,0.41,145049.9289,1.0365,6281737.2024,925.7368
node-101,2024-01-01 19:44:00,0.0079,12964360.8057,0.0442,0.1147,129985.3515,4.9177,6153425.7638,840.9261
node-102,2024-01-01 19:44:00,0.6029,14305621.1977,0.2555,0.6058,113397.6318,10.9268,6078843.3936,909.6495
node-103,2024-01-01 19:44:00,0.1012,13853504.7566,0.7594,0.526,132675.1231,6.0604,6171169.6989,912.8345
node-104,2024-01-01 19:44:00,0.0741,14092496.0462,0.0,0.7647,102019.9554,1.969,6320360.792,921.9523
node-105,2024-01-01 19:44:00,0.1142,15129972.9958,0.2586,0.7331,144282.4715,7.075,6249970.7147,932.6133
node-106,2024-01-01 19:44:00,0.248,14179391.8052,0.0,0.2383,95213.0688,0.0,6260961.1764,844.7702
node-107,2024-01-01 19:44:00,0.2031,13092201.5379,0.0,0.8049,104574.1006,10.0653,6190616.1319,877.6507
node-108,2024-01-01 19:44:00,0.0229,15419117.3629,0.0,0.5786,138105.0513,12.0381,6293193.7181,919.6261
node-109,2024-01-01 19:44:00,0.0,14529116.031,0.0,0.5982,127283.9714,5.0095,6333274.4775,927.8485
node-110,2024-01-01 19:44:00,0.1006,13980057.9734,0.0,0.488,118252.8962,2.0449,6335898.9537,952.3456
node-111,2024-01-01 19:44:00,0.0964,14878542.0633,0.0,0.5942,93469.7061,13.9819,6266667.2527,931.8462
node-112,2024-01-01 19:44:00,0.6899,14166337.7324,0.0,0.4627,126662.0367,3.9081,6349944.7764,932.6727
node-113,2024-01-01 19:44:00,0.099,14477173.4894,0.3818,0.4713,130994.2599,4.1933,6172871.9541,884.0064
node-114,2024-01-01 19:44:00,0.0774,13907352.9762,0.0,0.628,148615.5419,7.8074,6297840.8133,911.0592
node-115,2024-01-01 19:44:00,2.489,14559307.4787,0.8146,0.3796,89090.4357,9.9731,6238297.6948,919.96
node-116,2024-01-01 19:44:00,0.1053,13603032.2231,0.0,0.624,110425.168,5.6986,6249671.2479,934.7258
node-117,2024-01-01 19:44:00,0.1138,9655299.9691,0.4065,0.8944,100620.477,9.9856,6121741.2763,898.3511
node-118,2024-01-01 19:44:00,0.47,14511764.7477,0.0,0.9198,120140.8838,8.2843,6247244.085,927.8551
node-119,2024-01-01 19:44:00,1.0019,15544740.585,0.0,0.2823,108832.8668,12.113,6050251.4255,929.559
node-000,2024-01-01 19:45:00,0.1034,13922334.0042,0.0,0.6136,162825.8833,13.1001,6126324.4947,906.2429
node-001,2024-01-01 19:45:00,0.1685,14050560.7283,0.0,0.9967,115276.3916,7.9244,5984012.5963,898.2842
node-002,2024-01-01 19:45:00,0.2895,10012594.6225,0.2087,0.9046,115337.1548,9.9906,6155871.1945,894.3357
node-003,2024-01-01 19:45:00,0.1975,14993507.0991,0.0,0.5526,121716.6387,6.0811,6168361.0663,935.2367
node-004,2024-01-01 19:45:00,0.1104,13998562.5632,0.0,0.8574,89766.373,6.0599,6238688.2435,881.6491
node-005,2024-01-01 19:45:00,0.0,8695649.8338,0.4155,0.8904,131388.3097,6.9543,6206892.7267,910.5543
node-006,2024-01-01 19:45:00,0.1707,14024191.3401,0.0,0.2219,102299.0687,4.4748,6268513.0658,831.676
node-007,2024-01-01 19:45:00,0.0,13716985.4404,0.8571,0.4023,170873.9227,7.0133,6243644.5975,910.6703
node-008,2024-01-01 19:45:00,0.3957,13739049.3454,0.0,0.5966,108934.2108,5.0299,6105956.4885,908.2381
node-009,2024-01-01 19:45:00,0.1011,14298281.2683,0.5071,0.6305,108421.0537,8.9995,6049400.8951,882.5618
node-010,2024-01-01 19:45:00,0.4693,13612046.6189,0.1697,1.0836,128720.1244,8.1123,6182410.083,933.8558
node-011,2024-01-01 19:45:00,0.0741,12858359.5739,0.0,0.6075,79696.6485,6.9682,6150669.4337,876.6911
node-012,2024-01-01 19:45:00,1.1965,12831311.9493,0.0,0.6003,91669.8149,6.9127,6213210.3984,920.0437
node-013,2024-01-01 19:45:00,1.1453,13510071.8216,0.0173,0.6341,151504.1711,0.0583,0.0,924.9344
node-014,2024-01-01 19:45:00,0.5134,15016402.77,0.0,0.3986,122195.0436,5.8879,5997823.5162,910.8873
node-015,2024-01-01 19:45:00,0.0,13965706.08,0.0,0.1134,92956.6996,2.98,5929878.0755,837.6558
node-016,2024-01-01 19:45:00,0.0283,14141761.24,0.0,0.803,135696.5266,14.0063,6204380.7785,896.184
node-017,2024-01-01 19:45:00,0.1078,15864322.4432,0.527,0.5132,108087.2408,6.0921,6209915.9858,905.7372
node-018,2024-01-01 19:45:00,0.1842,13806938.3677,0.0,0.6824,106253.7953,9.1508,5991012.4885,940.1235
node-019,2024-01-01 19:45:00,0.1712,14865692.0766,0.9753,1.2207,129448.7792,6.0643,6211566.4709,926.2964
node-020,2024-01-01 19:45:00,2.0181,13711527.0828,0.0,0.837,152807.8123,7.0036,6189904.1463,866.2923
node-021,2024-01-01 19:45:00,0.1056,14183568.3148,0.0,1.1275,122254.2019,7.9731,6170233.2078,930.8997
node-022,2024-01-01 19:45:00,0.0835,14095589.1688,0.0,0.9462,104868.3752,6.9161,6190278.6232,930.6112
node-023,2024-01-01 19:45:00,0.1034,13639151.9699,0.6203,0.584,107038.5882,7.001,6231607.0837,911.6531
node-024,2024-01-01 19:45:00,0.0048,13975696.5091,0.0,0.5226,102162.4657,8.006,6003751.4778,925.2763
node-025,2024-01-01 19:45:00,0.0,15282965.4285,1.2202,0.5394,125340.3021,8.0136,6057595.4335,906.5664
node-026,2024-01-01 19:45:00,0.0029,14162335.1207,0.2341,0.1106,100511.0728,5.0705,6272918.3774,857.0176
node-027,2024-01-01 19:45:00,0.0717,14134815.3249,0.0779,0.4246,126119.4366,15.0086,6297246.4466,908.7484
node-028,2024-01-01 19:45:00,0.4674,14634208.4903,0.117,0.9015,108076.826,9.0385,6298125.1493,881.0143
node-029,2024-01-01 19:45:00,0.0685,14312155.6812,0.4624,0.4274,97701.7691,8.9925,6242391.849,926.1967
node-030,2024-01-01 19:45:00,0.2843,14152854.9237,1.3492,0.2938,92061.4844,4.9609,6166018.5484,879.4623
node-031,2024-01-01 19:45:00,0.401,28827704.1411,0.6109,0.2885,417.9111,0.0,13522.6215,4.2959
node-032,2024-01-01 19:45:00,0.3197,13667810.9287,0.0203,0.697,121008.0014,7.9912,6192727.9587,909.5645
node-033,2024-01-01 19:45:00,0.1055,13440218.3379,0.0,0.6628,124057.1838,5.0649,6088357.5974,925.0458
node-034,2024-01-01 19:45:00,0.1983,13557590.3215,0.0,0.0794,128700.1252,3.9838,6109032.5137,856.4931
node-035,2024-01-01 19:45:00,0.7169,15765542.014,0.0,0.6913,114297.7581,8.0081,6035950.0006,892.1059
node-036,2024-01-01 19:45:00,0.1951,14188952.5872,0.0,0.8998,131218.0427,9.8154,6392011.177,909.2434
node-037,2024-01-01 19:45:00,0.0773,13421721.479,0.8352,0.5135,104120.8379,6.9198,6326613.0373,872.5759
node-038,2024-01-01 19:45:00,0.3077,13133770.3008,0.0,0.1773,110094.2139,8.0426,6353729.6716,915.9174
node-039,2024-01-01 19:45:00,0.1148,15424005.15,0.3276,0.5009,109905.2971,8.0594,6143115.4766,913.4843
node-040,2024-01-01 19:45:00,0.0,14762767.6998,0.0283,0.1844,214142.2984,2.9743,6145511.028,842.5368
node-041,2024-01-01 19:45:00,0.1585,14914242.457,0.1167,0.4174,131929.3155,9.9796,6263070.3263,887.3313
node-042,2024-01-01 19:45:00,0.1952,14471688.9329,0.2318,0.6072,92889.5066,8.8721,6209415.6944,904.9599
node-043,2024-01-01 19:45:00,0.105,14609760.0751,0.6962,0.2869,129340.0784,5.9988,6196355.3637,914.0232
node-044,2024-01-01 19:45:00,0.3078,14213091.7228,0.0,0.6859,105524.2273,7.9163,6351397.5268,924.6327
node-045,2024-01-01 19:45:00,0.2986,14244179.2184,0.0,0.5742,119200.1074,17.9699,6336595.1632,907.5008
node-046,2024-01-01 19:45:00,0.1113,13381221.1562,0.4229,0.7629,123081.7511,7.6087,6276422.3092,939.1536
node-047,2024-01-01 19:45:00,0.3839,13052584.5714,0.0,0.4973,120971.3998,7.024,6123692.2131,916.7309
node-048,2024-01-01 19:45:00,0.1138,14210423.4345,0.1986,0.3721,101330.7767,5.0146,6200993.9522,909.1198
node-049,2024-01-01 19:45:00,0.0002,12846356.8886,0.3803,0.195,113548.8715,2.8848,6227914.1394,863.0775
node-050,2024-01-01 19:45:00,0.0,12310543.1809,0.0,0.0957,97274.1243,4.1242,6077744.7322,870.2775
node-051,2024-01-01 19:45:00,0.3729,13585491.6517,0.2913,1.1501,160881.6572,8.018,5977704.3597,924.3909
node-052,2024-01-01 19:45:00,0.0964,13836383.0005,0.0,0.4732,126877.0284,6.8576,6205319.8859,911.4203
node-053,2024-01-01 19:45:00,1.4221,14573101.4119,0.0,0.489,106162.8938,7.9469,6158819.8229,922.8965
node-054,2024-01-01 19:45:00,0.0064,12964921.3166,0.0,0.5086,141097.6042,12.9626,6075265.0883,952.7628
node-055,2024-01-01 19:45:00,0.9207,14274244.5495,0.0,0.8038,134863.084,8.9846,6147803.4516,910.7033
node-056,2024-01-01 19:45:00,0.621,14670188.9809,0.0,0.6379,127828.408,6.1556,6195563.5557,895.8905
node-057,2024-01-01 19:45:00,0.0,12490601.5308,0.0,0.7815,94825.2774,6.9981,6300193.1458,903.1754
node-058,2024-01-01 19:45:00,0.7007,14460470.2686,0.053,0.417,154009.347,8.9573,5983007.7465,938.2989
node-059,2024-01-01 19:45:00,0.2016,14315984.6469,0.0,1.0016,101180.06,7.9547,6018800.403,919.4711
node-060,2024-01-01 19:45:00,0.1161,13638634.7994,1.7866,0.5198,130403.4871,8.0706,6411381.0491,935.5115
node-061,2024-01-01 19:45:00,0.1836,13899976.1876,0.0,0.5999,142902.5678,5.0345,6221969.6463,869.7957
node-062,2024-01-01 19:45:00,0.1269,14977410.9134,0.0,0.4974,84230.6821,7.8308,6175818.487,909.3942
node-063,2024-01-01 19:45:00,1.2789,13743354.911,0.0,0.3918,105627.5324,4.7899,6063520.2916,901.2157
node-064,2024-01-01 19:45:00,0.3639,14004369.1696,0.0,0.4406,92006.6479,7.9513,6030326.077,883.1332
node-065,2024-01-01 19:45:00,0.0977,14017462.376,0.0,1.0052,114828.0861,4.0796,6361422.6646,917.6629
node-066,2024-01-01 19:45:00,0.0992,14116722.6463,0.0,1.052,118862.0293,7.1289,6194996.2455,906.3362
node-067,2024-01-01 19:45:00,0.2089,12759179.1022,0.0743,0.6001,127742.3282,8.8877,6155109.1507,927.7474
node-068,2024-01-01 19:45:00,0.132,14513282.1809,0.0,0.7177,109289.0758,5.8457,5986053.8595,920.6461
node-069,2024-01-01 19:45:00,1.9856,9823706.2739,14.492,0.494,115740.9655,6.0238,6371722.1842,902.3918
node-070,2024-01-01 19:45:00,0.8063,13778035.6295,0.0,0.8146,92330.2001,7.9869,6215590.7152,915.3139
node-071,2024-01-01 19:45:00,1.314,13311045.8755,0.0,0.493,132494.0976,10.9489,6189509.1912,908.2254
node-072,2024-01-01 19:45:00,0.0068,110753196.9525,0.5709,0.206,99960.7374,1.0311,6142505.2842,842.3531
node-073,2024-01-01 19:45:00,0.8764,13286520.7886,0.0,0.4891,122284.8247,6.0779,6233662.3193,878.4452
node-074,2024-01-01 19:45:00,0.2825,13668393.6113,0.0,0.6957,129039.2946,5.0195,6229448.4553,914.7942
node-075,2024-01-01 19:45:00,0.0974,15090511.6613,0.0,0.6172,110878.1078,6.6824,6278546.6352,848.3472
node-076,2024-01-01 19:45:00,0.0175,15193587.0932,0.0,0.0906,108350.1688,2.9806,6307406.9373,833.3555
node-077,2024-01-01 19:45:00,0.1032,13698817.3828,0.0,0.6126,102806.1565,5.0736,6290947.1413,936.0569
node-078,2024-01-01 19:45:00,0.7032,14359536.1538,0.0,1.099,103681.3657,8.0104,6261108.6521,899.1572
node-079,2024-01-01 19:45:00,0.2632,14318351.7736,0.0,0.789,133027.8671,11.0649,6200621.77,911.3716
node-080,2024-01-01 19:45:00,0.0994,13242997.6898,0.0,0.7825,80010.9361,8.047,6152758.6238,886.3808
node-081,2024-01-01 19:45:00,0.0938,14153799.5125,0.0,0.4989,147170.5385,6.9998,6025823.7602,901.6261
node-082,2024-01-01 19:45:00,0.0811,12814633.6635,0.0,0.1098,123781.674,0.0357,6247635.4466,840.2561
node-083,2024-01-01 19:45:00,0.0947,14064151.8298,0.2699,0.8702,121574.9185,7.0019,6284770.2193,894.6676
node-084,2024-01-01 19:45:00,1.3065,14211974.1645,0.0,0.5966,124469.8659,7.0416,6112295.9501,935.4557
node-085,2024-01-01 19:45:00,0.1877,14455573.0771,0.0,0.6037,131983.7022,6.2835,6249558.3685,916.2791
node-086,2024-01-01 19:45:00,0.1197,14529934.8982,0.6212,0.6862,159002.343,8.0602,6265100.6328,909.2426
node-087,2024-01-01 19:45:00,0.0866,14060115.6386,0.2323,0.518,110483.1226,7.0117,6222782.9485,929.4175
node-088,2024-01-01 19:45:00,1.6143,13665298.118,0.4203,0.4925,120685.2763,18.037,6239937.8,885.8865
node-089,2024-01-01 19:45:00,0.2801,14045801.2823,0.9744,0.9976,118095.3601,9.067,6042097.7571,896.4854
node-090,2024-01-01 19:45:00,0.1859,15567579.7304,0.0,0.6976,149490.3576,5.0158,6109861.5632,905.4294
node-091,2024-01-01 19:45:00,0.1036,13795062.6792,0.4857,0.6695,81053.6684,4.0727,5993491.6964,890.2017
node-092,2024-01-01 19:45:00,0.3238,14519422.7645,0.0,0.8026,95136.9313,7.014,5988772.7027,904.7059
node-093,2024-01-01 19:45:00,0.0971,14680685.6323,0.0,0.4288,121009.2141,5.9322,6047949.2424,919.0095
node-094,2024-01-01 19:45:00,0.1747,14169616.1701,1.5091,1.0772,124055.4043,3.9569,6160190.4487,948.7238
node-095,2024-01-01 19:45:00,2.8021,13315488.2023,0.7404,0.9889,212359.1125,7.8993,6186633.9032,853.7358
node-096,2024-01-01 19:45:00,0.1221,15457556.2415,0.0,0.6353,113828.3403,6.0083,6031649.0906,910.017
node-097,2024-01-01 19:45:00,2.4061,14005153.971,0.0,0.5027,128295.8404,8.9687,6180552.8725,904.6748
node-098,2024-01-01 19:45:00,0.4659,14230790.6865,0.0,0.6191,117511.5452,8.9584,6068190.0309,890.6886
node-099,2024-01-01 19:45:00,0.0904,13770685.8136,0.7629,1.4065,117789.5011,14.0152,6181179.9116,933.5135
node-100,2024-01-01 19:45:00,0.0101,14014857.3431,1.5449,0.2352,140130.7227,5.9373,6188713.9645,914.9967
node-101,2024-01-01 19:45:00,0.6966,12106527.5843,0.7982,0.1076,212122.8054,5.0268,6123761.5947,824.4226
node-102,2024-01-01 19:45:00,0.2071,14103917.4322,0.0,0.6057,127298.8467,10.4437,6310687.0416,934.2894
node-103,2024-01-01 19:45:00,0.486,13545255.9387,0.0,0.7005,103615.1613,2.9846,6225842.5013,912.4474
node-104,2024-01-01 19:45:00,0.0897,14124259.7324,0.084,0.4956,107880.8328,7.9931,6167029.6621,900.8276
node-105,2024-01-01 19:45:00,0.1283,14291900.0362,0.0136,0.4993,147147.1928,10.9929,6217837.2784,918.2573
node-106,2024-01-01 19:45:00,0.3774,13564500.7961,0.0,0.1789,104685.8552,5.0158,6324915.5527,854.0425
node-107,2024-01-01 19:45:00,0.2,12868412.9191,0.0794,2.009,124511.8209,13.8962,6219356.8246,895.9981
node-108,2024-01-01 19:45:00,0.0106,14832869.0832,0.1063,0.5764,124392.8547,5.0089,6149170.4573,909.0978
node-109,2024-01-01 19:45:00,0.1915,13953481.4937,0.0,0.5952,115794.5241,4.8644,6250009.119,922.5507
node-110,2024-01-01 19:45:00,0.1077,13525393.998,0.0218,0.5051,111940.7701,9.9599,6179709.1163,913.1578
node-111,2024-01-01 19:45:00,0.0892,14960660.8171,0.0311,0.5952,108185.4417,17.1628,6082946.1104,924.8612
node-112,2024-01-01 19:45:00,0.2723,13629418.0685,0.0,0.5105,125257.2679,6.9618,6220082.6358,920.322
node-113,2024-01-01 19:45:00,0.1059,14109285.1676,0.0,0.7093,121998.9916,8.909,6120609.2344,923.4916
node-114,2024-01-01 19:45:00,1.1018,13479491.3781,0.0,0.3879,170833.5258,8.1403,6138000.4376,936.3393
node-115,2024-01-01 19:45:00,2.4857,13623022.0916,1.1264,0.378,120594.2454,9.858,6114370.1852,916.4082
node-116,2024-01-01 19:45:00,1.7338,13798918.6609,0.2994,0.7958,130723.3041,8.9422,6096528.3275,919.3786
node-117,2024-01-01 19:45:00,0.0831,9970630.7189,0.0,0.9251,121106.6554,10.0094,5936941.4204,928.3721
node-118,2024-01-01 19:45:00,0.2754,13987493.4285,0.0405,0.7439,116469.0943,10.0362,6017422.396,895.7965
node-119,2024-01-01 19:45:00,0.0889,15131929.5942,1.0188,0.6082,95984.8142,7.9261,6198048.2226,910.9078
node-000,2024-01-01 19:46:00,0.2076,13226136.4961,0.0,1.3919,142920.8884,7.0239,6210437.6359,918.983
node-001,2024-01-01 19:46:00,2.7696,13474863.2744,0.0,0.6852,133032.0025,6.9452,6062186.0307,953.2062
node-002,2024-01-01 19:46:00,0.413,9500636.717,0.0,0.7014,99871.3081,7.0618,5788132.1893,916.8608
node-003,2024-01-01 19:46:00,0.2229,14407677.2231,0.0,1.2148,106126.5118,9.0074,6143614.7498,861.3847
node-004,2024-01-01 19:46:00,0.0776,13428746.5465,0.1853,0.5945,129372.5996,8.9272,6305896.2775,927.9538
node-005,2024-01-01 19:46:00,1.3095,8288098.4416,0.6499,0.9012,124736.8799,8.0306,6161888.4377,924.5115
node-006,2024-01-01 19:46:00,0.3163,14206204.0524,0.0,0.0896,120313.8622,2.9285,6244615.0083,831.3937
node-007,2024-01-01 19:46:00,0.6906,13512486.9172,0.0,0.4255,112112.4295,9.929,6225495.3138,923.578
node-008,2024-01-01 19:46:00,0.1149,13485489.7049,0.1589,0.6751,140557.4578,5.0824,6173839.2579,882.567
node-009,2024-01-01 19:46:00,0.6867,14032324.0687,0.0,0.7897,109685.5871,8.9993,6311713.4749,864.931
node-010,2024-01-01 19:46:00,0.1927,13242150.2552,0.1717,1.209,108670.5834,9.9873,6123359.1432,890.2539
node-011,2024-01-01 19:46:00,0.4168,12581635.5274,0.0,0.9315,146089.5215,4.9402,6298793.8857,873.2281
node-012,2024-01-01 19:46:00,0.9962,12901537.6552,0.71,0.6293,121426.2388,5.9247,6065433.5684,915.7792
node-013,2024-01-01 19:46:00,0.1171,13119098.3834,0.9829,0.3903,155454.8804,0.0573,0.0,936.6387
node-014,2024-01-01 19:46:00,1.8054,14620305.3798,0.0,0.9976,83208.8945,4.8875,6351555.6225,884.3472
node-015,2024-01-01 19:46:00,1.4096,13563588.9166,0.0,0.1072,126169.8335,0.9775,6215212.1445,866.4267
node-016,2024-01-01 19:46:00,1.8888,13584394.8605,0.0,0.507,127362.5364,5.9047,6236393.4759,914.1144
node-017,2024-01-01 19:46:00,0.3047,15764253.5761,0.0,0.4978,164869.4711,6.9777,5717317.7257,895.8456
node-018,2024-01-01 19:46:00,0.0548,14143255.4334,0.4825,0.6653,129510.4303,9.4486,6306714.9504,922.8625
node-019,2024-01-01 19:46:00,0.3065,13912134.186,0.0,0.6909,112242.2389,6.9961,6363899.9541,922.3155
node-020,2024-01-01 19:46:00,1.6072,13630577.4046,0.292,0.8977,165620.093,6.0196,6219434.0424,866.6924
node-021,2024-01-01 19:46:00,0.0233,13872783.5966,0.483,1.2818,125656.7691,10.9986,5995092.2386,899.5867
node-022,2024-01-01 19:46:00,0.2122,13657259.2628,0.0,0.8108,108058.6776,7.0407,6250435.1342,901.4253
node-023,2024-01-01 19:46:00,0.7057,13420327.2899,0.0992,0.407,117192.0531,7.426,6221995.7949,914.1319
node-024,2024-01-01 19:46:00,0.0255,13196413.0897,0.4436,0.9326,120343.7205,8.5948,6275141.5968,942.1301
node-025,2024-01-01 19:46:00,0.0846,15105617.0583,0.7238,0.9187,116706.1857,4.0255,6260386.8946,909.1793
node-026,2024-01-01 19:46:00,0.0,13960355.7422,0.0,0.0976,127210.1649,7.0659,6124658.0059,829.1392
node-027,2024-01-01 19:46:00,0.6012,13483815.3595,0.3712,0.8174,132035.5384,7.0515,6057040.0991,898.6883
node-028,2024-01-01 19:46:00,0.1148,14498036.695,0.0,0.8745,112261.2615,5.9294,6330574.3889,908.8018
node-029,2024-01-01 19:46:00,0.7566,13654050.0248,0.0,0.6027,161448.7201,8.0003,6133050.9929,933.9366
node-030,2024-01-01 19:46:00,0.0049,13747069.5679,0.6047,0.3156,126217.2604,7.9176,6261985.5816,916.5888
node-031,2024-01-01 19:46:00,0.0,29007981.3375,0.6536,0.0,3540.4017,0.0,81366.7056,13.044
node-032,2024-01-01 19:46:00,0.0866,13061866.9096,0.2905,0.7027,108077.1785,9.8993,6221509.6893,923.4378
node-033,2024-01-01 19:46:00,0.3201,13121895.0522,0.7446,1.21,113022.3977,5.0658,6312136.8708,911.2675
node-034,2024-01-01 19:46:00,0.0026,13382728.3934,0.6465,0.1067,125930.8041,4.1176,6148453.9349,837.0878
node-035,2024-01-01 19:46:00,0.0967,15581140.0197,0.6773,0.5834,135273.6955,4.9753,6162505.5624,880.0931
node-036,2024-01-01 19:46:00,0.5145,13631413.6792,0.0,0.8283,134165.1681,8.8939,6303065.0679,924.8773
node-037,2024-01-01 19:46:00,0.9982,13020860.5855,0.4352,0.6928,127641.8252,11.0025,6224772.9176,865.4363
node-038,2024-01-01 19:46:00,0.0758,13723274.8559,0.0,0.584,110830.9993,5.9916,6192821.1346,900.8936
node-039,2024-01-01 19:46:00,0.4932,14357830.3044,0.0,0.8714,110840.9547,8.0643,6199608.4085,928.8308
node-040,2024-01-01 19:46:00,0.0886,15198343.6369,0.0,0.1015,161039.7274,1.1963,6230209.6215,802.1864
node-041,2024-01-01 19:46:00,0.2209,14211477.5674,1.0871,0.5186,105325.0535,5.0568,6228676.9785,905.1951
node-042,2024-01-01 19:46:00,0.0163,14050234.934,0.0,0.528,113511.7051,8.7814,5940194.7682,901.0494
node-043,2024-01-01 19:46:00,0.8725,14197999.1883,0.0,1.2122,119862.361,6.0232,6043700.2502,885.7634
node-044,2024-01-01 19:46:00,0.7294,13576109.9661,0.0,0.7038,101020.1582,7.9463,6226426.9727,917.8414
node-045,2024-01-01 19:46:00,0.7813,13602642.7688,1.1438,0.8012,124032.5887,10.0616,6302278.7111,917.4815
node-046,2024-01-01 19:46:00,0.1914,12926660.0686,1.202,0.879,130228.6933,5.1709,6004182.2725,920.9864
node-047,2024-01-01 19:46:00,1.0077,12868392.4585,0.7122,0.3116,110191.6268,6.9737,5987722.0891,883.7135
node-048,2024-01-01 19:46:00,0.121,14029941.6026,0.4756,0.6996,125824.0617,5.4669,6220708.9623,893.0055
node-049,2024-01-01 19:46:00,0.3786,12327414.6594,0.0,0.1816,101246.3828,1.8651,6172197.825,860.1013
node-050,2024-01-01 19:46:00,0.0961,12585502.6439,0.7436,0.2232,121773.4428,0.9862,6216720.0383,841.3958
node-051,2024-01-01 19:46:00,0.2109,12949608.5183,0.5262,1.6608,113509.9932,6.8656,6370066.2968,938.6396
node-052,2024-01-01 19:46:00,0.5838,13642520.9302,0.6936,0.8994,138718.223,5.0345,6179434.1392,905.9882
node-053,2024-01-01 19:46:00,0.1131,13711755.7793,0.6999,0.7068,104869.265,9.0289,6182587.6752,902.6152
node-054,2024-01-01 19:46:00,0.0999,13060758.126,0.0,1.0705,127122.7083,13.1987,6270516.5846,923.2345
node-055,2024-01-01 19:46:00,0.0975,14198520.7352,0.0539,0.9911,130197.1001,5.0062,6190966.3142,918.2985
node-056,2024-01-01 19:46:00,0.484,13972860.2745,0.0,0.4755,117881.4044,8.0836,6141350.398,882.8065
node-057,2024-01-01 19:46:00,0.3742,11741602.1218,0.4102,1.3448,106518.7848,5.0785,6256773.0781,920.4306
node-058,2024-01-01 19:46:00,0.0611,14127463.6261,0.3205,1.0531,144453.2279,11.1843,6245827.0783,928.1375
node-059,2024-01-01 19:46:00,0.2126,14140285.1386,0.65,0.6222,71475.0902,8.2014,6195901.7898,884.2776
node-060,2024-01-01 19:46:00,0.0021,13557413.5284,0.0,0.5134,137121.6307,7.9655,6257327.2476,942.9222
node-061,2024-01-01 19:46:00,0.3781,13404007.3124,1.0891,0.8214,110673.3049,5.0532,6149992.6931,881.657
node-062,2024-01-01 19:46:00,0.0903,14276998.9555,0.2911,0.4924,106110.3545,2.9962,6275660.0653,894.3437
node-063,2024-01-01 19:46:00,1.2986,13279833.4175,0.0,0.8218,108868.025,4.016,6206430.9839,903.1942
node-064,2024-01-01 19:46:00,0.0973,12931549.2957,0.7367,0.8241,125242.2778,8.9961,6261593.7544,891.5277
node-065,2024-01-01 19:46:00,0.6103,13821866.6444,1.391,0.6831,116072.4383,5.1192,6223970.3602,913.5995
node-066,2024-01-01 19:46:00,0.096,13917621.5165,0.0,0.5384,104329.0034,4.9796,6018228.3247,908.7677
node-067,2024-01-01 19:46:00,0.0974,12971956.2815,0.4727,1.0024,120346.2064,7.0666,6978287.5948,1015.4857
node-068,2024-01-01 19:46:00,0.1951,13972562.75,0.7286,0.8014,132022.1073,13.0239,6305540.4991,924.2451
node-069,2024-01-01 19:46:00,1.9768,9740033.9861,14.2496,0.8013,123297.9423,13.927,6203392.2477,908.0635
node-070,2024-01-01 19:46:00,0.0908,13252457.8973,0.0799,0.6864,97204.1185,5.9048,6165385.2747,926.9056
node-071,2024-01-01 19:46:00,0.376,12662746.313,0.0,0.7758,111563.7911,10.9912,6108931.114,918.7707
node-072,2024-01-01 19:46:00,0.198,110267129.5014,0.5022,0.087,111380.0732,3.919,6305391.5559,845.4186
node-073,2024-01-01 19:46:00,1.169,12452491.4713,0.7844,0.6009,127717.4786,6.0531,6075834.8029,915.0089
node-074,2024-01-01 19:46:00,0.2269,13261744.6845,0.0,0.6225,90302.0493,3.9057,5974051.5312,911.5582
node-075,2024-01-01 19:46:00,0.1765,14998409.0225,0.3785,0.4951,120204.6946,4.988,6199940.2519,902.2682
node-076,2024-01-01 19:46:00,0.0042,14556460.1855,0.0,0.1972,129984.1492,6.0268,6248297.3527,814.2332
node-077,2024-01-01 19:46:00,0.1123,13709512.9207,0.0,0.8736,92378.7264,5.1733,6236168.306,915.3659
node-078,2024-01-01 19:46:00,0.0748,14358630.4842,0.0,0.7127,208035.6439,7.9886,5898553.7892,881.6075
node-079,2024-01-01 19:46:00,0.9138,14135404.3182,0.0,0.5026,108368.7352,10.9735,6315021.7884,917.1487
node-080,2024-01-01 19:46:00,0.2124,13099658.2123,0.0,0.6018,114312.8506,17.1213,6180179.057,902.9937
node-081,2024-01-01 19:46:00,0.0324,13497694.6926,0.0,0.5387,153880.2423,6.8731,6282923.9428,925.3457
node-082,2024-01-01 19:46:00,0.1102,12570351.6189,0.4735,0.2142,134780.1626,0.9267,6242761.2714,875.6844
node-083,2024-01-01 19:46:00,0.1044,13378595.1913,0.0,1.2853,78575.2015,11.0769,6256577.4047,911.4398
node-084,2024-01-01 19:46:00,0.2581,13827893.6058,1.0726,0.4051,97683.8325,7.9643,6326761.5469,901.5215
node-085,2024-01-01 19:46:00,0.1154,14272006.1691,0.0,0.5804,115601.7912,8.0321,6252234.4029,869.6118
node-086,2024-01-01 19:46:00,0.0784,13752207.9402,0.053,0.695,132128.072,8.082,6131016.5336,910.0293
node-087,2024-01-01 19:46:00,0.1578,13891895.3386,0.0,0.8125,116718.8564,5.0232,6266162.7669,918.1639
node-088,2024-01-01 19:46:00,1.5019,13183464.9158,0.482,0.5669,120180.9468,18.015,6279656.7749,925.6089
node-089,2024-01-01 19:46:00,0.2926,13375787.9096,0.0,0.982,143347.2559,5.9477,6250388.4843,904.9048
node-090,2024-01-01 19:46:00,1.1953,14925226.1105,0.0,0.5733,132407.7544,3.9149,6265072.5811,902.6228
node-091,2024-01-01 19:46:00,0.4903,13320853.2999,0.5055,0.9605,85145.5838,4.1314,6263677.5743,905.669
node-092,2024-01-01 19:46:00,0.0655,14505739.748,0.0,1.0911,142984.9547,2.9129,6145544.446,899.2351
node-093,2024-01-01 19:46:00,0.9388,14459021.633,0.0,0.3593,134054.906,9.8664,6133574.8872,902.1414
node-094,2024-01-01 19:46:00,0.0864,14528019.4523,0.2267,0.8796,92292.5656,8.9691,5852359.751,896.6416
node-095,2024-01-01 19:46:00,1.0624,13013990.2971,1.2142,0.7925,86459.5188,10.0222,6220064.6728,1021.6486
node-096,2024-01-01 19:46:00,1.4038,14057807.5639,0.0,0.9024,119049.8369,4.9348,6264271.2375,896.4783
node-097,2024-01-01 19:46:00,0.4287,13841186.8722,0.0,0.6107,141310.2498,9.6835,5978007.1651,884.7379
node-098,2024-01-01 19:46:00,2.0172,13949819.3145,0.0,0.6256,121404.9895,7.9685,6380874.9599,897.0725
node-099,2024-01-01 19:46:00,0.5482,13017306.1183,0.4537,0.7809,137038.6297,10.0538,6226549.1188,879.5484
node-100,2024-01-01 19:46:00,0.9201,13581482.5018,0.2889,0.8615,135293.393,9.9419,6185839.5718,913.2352
node-101,2024-01-01 19:46:00,0.4071,11935103.9514,0.0426,0.1278,121869.9433,5.1631,6193536.0939,865.1341
node-102,2024-01-01 19:46:00,0.2,13617432.4738,0.0,0.7876,118977.3374,7.0394,6196267.6673,930.4959
node-103,2024-01-01 19:46:00,0.5058,13009450.3465,0.0,0.6972,93345.8742,4.8524,6169092.1274,912.7838
node-104,2024-01-01 19:46:00,0.1106,13608522.2901,0.2465,1.1523,120231.3799,10.0739,6276402.7515,926.5475
node-105,2024-01-01 19:46:00,0.6024,14281032.525,0.0,0.715,128145.0697,5.9389,6126981.8172,907.4306
node-106,2024-01-01 19:46:00,0.6189,12942453.0224,0.2209,0.2026,129935.5039,6.9779,6100329.3607,838.9274
node-107,2024-01-01 19:46:00,0.3696,12159288.978,0.0,1.7492,101630.2496,8.8444,6480817.4987,944.2943
node-108,2024-01-01 19:46:00,0.0089,14188527.0216,0.2001,0.804,77092.1362,8.9379,6112626.4195,906.0314
node-109,2024-01-01 19:46:00,0.184,13133532.9948,0.0,0.8588,99130.089,4.0165,6073277.632,909.1868
node-110,2024-01-01 19:46:00,0.0706,13285838.7378,0.0763,0.7809,121776.2102,7.0349,6218024.1616,908.0559
node-111,2024-01-01 19:46:00,0.2058,13946657.9449,0.1399,0.6086,151686.4919,15.1986,6319991.9142,898.634
node-112,2024-01-01 19:46:00,0.3177,12464030.1732,0.0719,5.6417,117899.0962,7.9968,6078568.4913,920.6182
node-113,2024-01-01 19:46:00,0.0897,13828554.2509,0.035,0.6292,110224.4228,9.1487,6060700.2437,899.2229
node-114,2024-01-01 19:46:00,1.1071,13368884.6359,0.0,0.4123,173630.1137,11.0145,6322282.6639,934.7928
node-115,2024-01-01 19:46:00,2.0591,13387025.2899,0.0,0.4585,126896.3817,8.9768,6128525.7942,926.6433
node-116,2024-01-01 19:46:00,0.1069,12840711.5314,0.306,0.9856,110395.0025,9.9372,6226566.981,895.1694
node-117,2024-01-01 19:46:00,0.0902,9721604.3052,0.0,1.082,130049.9491,11.9743,6351412.8373,929.1455
node-118,2024-01-01 19:46:00,3.1222,13383918.5457,1.0405,0.4752,99675.8833,5.9833,6186499.2673,929.394
node-119,2024-01-01 19:46:00,0.0757,14910433.6015,0.0982,0.6083,121195.4874,7.9446,6255774.3502,886.4768
node-000,2024-01-01 19:47:00,0.2104,13090058.1925,1.0251,0.609,174929.0966,10.0745,6100822.5106,937.352
node-001,2024-01-01 19:47:00,0.2147,13186600.637,1.571,0.5971,66120.0575,9.079,6107343.7571,928.1206
node-002,2024-01-01 19:47:00,0.4618,9494880.3988,1.235,1.0937,135751.7064,14.9285,6162725.415,943.6246
node-003,2024-01-01 19:47:00,0.0,13726713.8889,0.0861,0.4999,88419.0881,4.0302,5785707.7913,891.0864
node-004,2024-01-01 19:47:00,0.1068,12860167.201,0.0,0.8811,129909.3731,8.9949,6176748.8316,944.713
node-005,2024-01-01 19:47:00,0.4666,8302923.7722,0.0,0.3988,120275.1623,12.0133,6061402.8891,936.1123
node-006,2024-01-01 19:47:00,0.5122,13805495.6489,0.0,0.1066,134357.8178,3.0707,6063112.898,901.33
node-007,2024-01-01 19:47:00,0.0034,12705734.4091,0.0,0.5749,168605.4135,9.8786,5955138.2823,955.6764
node-008,2024-01-01 19:47:00,0.0,12543007.0337,0.0,0.481,134974.2902,6.0292,6115050.761,913.0473
node-009,2024-01-01 19:47:00,0.1971,13751705.5197,0.0,0.9012,100428.7789,10.0168,6233748.1047,937.6924
node-010,2024-01-01 19:47:00,0.0979,13092094.6144,0.418,1.2138,144181.3593,10.0085,6394716.721,930.582
node-011,2024-01-01 19:47:00,0.0859,12504587.4975,1.0071,0.6119,130442.9089,4.9551,6120220.1094,918.4352
node-012,2024-01-01 19:47:00,0.097,11931924.009,0.1348,0.3004,120973.4844,6.9586,6077982.3461,950.4537
node-013,2024-01-01 19:47:00,0.1015,12736718.1228,0.0,0.8083,145744.6672,0.0541,0.0,952.0207
node-014,2024-01-01 19:47:00,0.08,13927986.2203,0.0,0.6805,121464.7574,8.9147,6248259.2133,944.7907
node-015,2024-01-01 19:47:00,0.4901,13195201.4013,0.7287,0.1854,112871.1652,2.2345,5990865.181,887.4674
node-016,2024-01-01 19:47:00,0.2547,13279224.9316,1.1775,0.4199,76466.7267,6.9203,5975398.2727,953.773
node-017,2024-01-01 19:47:00,0.5931,15286957.7768,0.0,0.4907,165952.6681,6.0699,6119155.9491,965.363
node-018,2024-01-01 19:47:00,0.3971,13125994.0997,0.4708,1.0753,100971.1948,11.9033,6318314.7945,939.2483
node-019,2024-01-01 19:47:00,0.409,13764000.319,0.0822,0.7285,136818.5951,16.0045,5934386.458,966.9014
node-020,2024-01-01 19:47:00,0.119,12998874.2163,0.3574,1.0009,178505.791,6.919,6367595.889,895.0831
node-021,2024-01-01 19:47:00,0.0881,13617370.2276,0.5441,0.9852,123695.3145,8.9617,6095676.1665,948.1512
node-022,2024-01-01 19:47:00,0.3083,13088282.83,0.1136,0.908,113542.2791,7.0555,6118650.0414,920.3602
node-023,2024-01-01 19:47:00,0.7114,13128988.1287,0.0,0.6698,110933.55,9.0533,6249132.9878,954.9285
node-024,2024-01-01 19:47:00,0.1109,12915922.9298,0.0,0.6181,141713.7818,11.9644,6260684.8552,931.2254
node-025,2024-01-01 19:47:00,0.0828,14669953.1649,0.0,0.5682,160951.3484,3.949,6201669.8119,958.8646
node-026,2024-01-01 19:47:00,0.0,13056662.0846,0.0,0.075,92964.1259,7.0064,6319562.6123,885.6908
node-027,2024-01-01 19:47:00,1.8933,13439324.572,0.0,0.39,127087.6137,7.1175,5994535.8178,963.1981
node-028,2024-01-01 19:47:00,0.6018,14316630.1185,0.26,0.3911,108799.4325,6.0764,5762924.5324,951.4905
node-029,2024-01-01 19:47:00,0.1129,13348317.2121,0.0,0.6524,126780.8643,7.9418,6272068.3929,951.2461
node-030,2024-01-01 19:47:00,2.5943,13611864.5655,0.8227,0.4082,123024.963,8.13,5957100.3697,947.5968
node-031,2024-01-01 19:47:00,0.0054,28986255.4909,0.0,0.0,0.0,0.0,87992.268,2.6242
node-032,2024-01-01 19:47:00,0.0984,13141661.9806,0.0,1.1978,104546.3857,8.9216,6168275.8201,949.9852
node-033,2024-01-01 19:47:00,0.0919,13335839.6363,0.6979,0.8051,121540.5099,8.074,6197886.7348,954.4411
node-034,2024-01-01 19:47:00,0.0,12792511.0538,1.366,0.0931,91072.5419,3.9522,6189446.2223,932.3138
node-035,2024-01-01 19:47:00,0.1625,14765746.9214,0.1127,0.761,69659.2135,2.9345,6124319.8478,945.268
node-036,2024-01-01 19:47:00,0.1869,13360487.2907,0.0942,0.3924,97509.7073,6.1376,6121376.5238,933.5461
node-037,2024-01-01 19:47:00,0.1146,12920636.3649,1.3128,0.5216,160038.2766,8.0454,6236909.6433,899.7606
node-038,2024-01-01 19:47:00,0.0019,12887420.5981,0.5855,0.3971,125818.5542,3.9732,5965036.2967,951.4792
node-039,2024-01-01 19:47:00,0.1027,14282171.1391,0.0,0.6925,110686.8322,10.013,6215106.7236,947.845
node-040,2024-01-01 19:47:00,0.0,14132560.5579,0.0,0.0996,120654.2743,1.2527,6010559.6143,883.8908
node-041,2024-01-01 19:47:00,0.0,14026129.6569,0.1882,0.4895,89981.9864,5.9573,5773202.2159,953.899
node-042,2024-01-01 19:47:00,0.0944,13711349.4587,0.0,0.3316,146162.0216,4.0752,6048049.2756,941.6171
node-043,2024-01-01 19:47:00,0.4673,13674260.5452,0.9653,0.7024,76284.5119,7.0375,6179245.2927,938.6334
node-044,2024-01-01 19:47:00,0.2694,13087410.3016,0.0419,0.5898,114046.3708,8.9927,6002566.3978,924.151
node-045,2024-01-01 19:47:00,0.0123,13436521.8524,0.0,0.6021,123406.8379,7.9737,6164386.6633,944.5844
node-046,2024-01-01 19:47:00,0.0881,12657000.6337,0.0,0.6133,116831.6113,6.9274,5919772.4781,956.7422
node-047,2024-01-01 19:47:00,0.1571,12112822.6881,0.1497,0.702,112418.1865,9.1344,6133055.2465,934.073
node-048,2024-01-01 19:47:00,0.0,13081404.8005,0.6642,0.5123,127559.354,8.9092,6112648.5161,925.1018
node-049,2024-01-01 19:47:00,0.0873,11792895.2062,0.0,0.1,117346.1477,5.0589,6001676.9154,874.9632
node-050,2024-01-01 19:47:00,0.011,12065155.9745,0.652,0.105,116395.9836,4.0904,6191871.7329,892.8308
node-051,2024-01-01 19:47:00,0.0089,12336570.1202,0.0277,1.4946,161836.1694,7.1273,6216731.7646,937.6504
node-052,2024-01-01 19:47:00,0.1005,13009819.0751,0.284,0.7151,148352.9616,5.2025,6137375.071,969.1197
node-053,2024-01-01 19:47:00,0.204,13809299.7501,0.3468,0.7153,123461.6915,20.0308,6259275.8203,950.0681
node-054,2024-01-01 19:47:00,0.0894,12375902.0526,0.0275,0.7892,121995.0685,6.0134,6077057.7213,955.3011
node-055,2024-01-01 19:47:00,0.9057,13652653.1505,0.0,0.8648,133769.0752,10.1272,6405049.2469,975.1438
node-056,2024-01-01 19:47:00,0.1016,13646092.1923,1.1885,1.0547,122440.2093,7.9825,6033603.8066,910.3433
node-057,2024-01-01 19:47:00,0.0006,11288262.4608,0.0,0.8965,116137.2669,6.0315,6144503.1048,948.4853
node-058,2024-01-01 19:47:00,0.0901,13818783.8801,0.6829,0.7615,134252.0431,7.9162,6181531.5765,975.2665
node-059,2024-01-01 19:47:00,0.0,13411641.8395,0.2596,0.8036,129141.4152,10.0679,6216837.2232,909.7782
node-060,2024-01-01 19:47:00,0.0989,13078278.8761,0.0,0.5117,113164.2341,7.9741,5967874.7386,949.0531
node-061,2024-01-01 19:47:00,0.236,12664679.6264,0.0,0.6814,114009.4597,10.0124,6145331.0085,905.0525
node-062,2024-01-01 19:47:00,0.106,14058381.694,0.0,0.5051,114471.2201,4.9975,6306684.6367,925.4006
node-063,2024-01-01 19:47:00,0.1057,12975038.7842,0.7437,0.5962,110913.817,10.9062,6207176.845,932.0768
node-064,2024-01-01 19:47:00,0.1989,12959943.4395,0.5115,0.8029,117830.9046,5.8664,6343990.7343,915.7842
node-065,2024-01-01 19:47:00,0.2947,13364063.68,0.0,0.9152,108106.373,2.9194,6230800.0778,947.2604
node-066,2024-01-01 19:47:00,1.2973,14060677.8834,0.0,0.5671,106988.8794,9.0296,5999795.8154,948.3533
node-067,2024-01-01 19:47:00,0.0992,12297975.5832,0.0,0.5902,114337.1867,6.7971,6256605.5464,942.8771
node-068,2024-01-01 19:47:00,0.1514,13650904.8772,0.1372,1.0042,118785.1993,11.8006,6216988.5091,943.5732
node-069,2024-01-01 19:47:00,0.1169,9247811.4857,12.9951,0.7838,102723.9281,13.6223,5997304.9097,935.1273
node-070,2024-01-01 19:47:00,0.3551,13357120.294,0.0,0.515,90631.844,11.9906,5808461.3824,943.0577
node-071,2024-01-01 19:47:00,0.1062,12714510.8315,0.726,4.5426,129820.5311,7.847,6027191.8855,952.6428
node-072,2024-01-01 19:47:00,0.0107,110374303.0489,0.4369,0.1254,127046.7113,4.0205,6186948.5691,905.5222
node-073,2024-01-01 19:47:00,0.7779,12366915.8839,0.0,0.523,126578.9026,7.9975,5977694.8442,935.5393
node-074,2024-01-01 19:47:00,0.1711,12622643.6872,0.0,0.4759,130515.2259,4.6442,6021937.1761,940.1022
node-075,2024-01-01 19:47:00,0.1857,14592139.2605,0.4523,0.6062,96102.4286,4.8832,6024640.9801,931.4244
node-076,2024-01-01 19:47:00,0.0,13707729.7793,0.0,0.0855,85419.4934,7.0735,6285544.3932,905.9828
node-077,2024-01-01 19:47:00,0.1016,13145077.2755,0.0,0.6904,101836.1878,7.0495,5467263.0636,954.6242
node-078,2024-01-01 19:47:00,1.1852,13963068.3243,0.2519,0.5622,101307.8772,8.6577,6071470.4111,896.8419
node-079,2024-01-01 19:47:00,0.1149,13510027.9934,0.0,0.3087,82645.0235,10.0196,6161901.5983,965.6044
node-080,2024-01-01 19:47:00,0.1991,12846963.528,0.0,0.6245,136508.734,6.0525,6134009.5043,945.7999
node-081,2024-01-01 19:47:00,0.9999,12971999.7117,0.3869,0.5071,131091.8122,6.0933,6256027.7349,922.7071
node-082,2024-01-01 19:47:00,0.0776,11689393.7368,0.7624,0.0802,90009.3793,4.9028,6176466.5521,893.6966
node-083,2024-01-01 19:47:00,0.0903,13368383.3608,0.0,0.8077,116082.281,10.7039,6091152.8236,958.8534
node-084,2024-01-01 19:47:00,1.0775,13931003.6364,0.9551,0.5961,128270.9499,7.0145,6214460.8863,963.8829
node-085,2024-01-01 19:47:00,0.1309,13461801.5398,0.0,0.5987,124984.6852,7.9912,6071358.8737,911.863
node-086,2024-01-01 19:47:00,0.4827,13691034.0993,0.0,0.5896,81757.7967,8.9647,6193316.0293,902.3485
node-087,2024-01-01 19:47:00,1.5542,13383086.3732,0.554,0.5775,134101.8273,5.5658,6055769.4407,961.1919
node-088,2024-01-01 19:47:00,0.037,12754569.8576,0.0,0.5963,96296.8022,6.9385,6189181.3244,943.7509
node-089,2024-01-01 19:47:00,0.2918,13364165.11,0.0,1.1964,117656.1719,10.0615,6293928.4153,919.7164
node-090,2024-01-01 19:47:00,0.0759,14457549.2133,0.0,0.5952,154920.706,4.2115,6408317.2146,953.7007
node-091,2024-01-01 19:47:00,0.1039,13478595.3111,0.5849,1.0717,114545.4627,4.8954,6253734.9585,914.794
node-092,2024-01-01 19:47:00,0.1072,13770848.7768,0.032,0.6756,112204.2419,8.0058,6233101.4794,955.7658
node-093,2024-01-01 19:47:00,0.0922,14095371.97,1.2424,0.633,106413.3133,6.9056,6169383.1548,934.806
node-094,2024-01-01 19:47:00,1.1835,13722697.6889,0.0,0.5917,126048.0219,8.8539,5830720.8185,950.6
node-095,2024-01-01 19:47:00,0.0809,12594118.8378,0.0,0.8667,137595.5984,10.0135,6087760.6217,967.8194
node-096,2024-01-01 19:47:00,0.112,14191845.445,0.7827,0.6086,146816.8697,5.1115,6150725.3747,945.4982
node-097,2024-01-01 19:47:00,0.3905,13600964.8743,0.0,0.6097,116880.4005,12.9963,6252050.4021,882.5788
node-098,2024-01-01 19:47:00,0.0809,13024772.4052,0.2173,0.7141,102544.4959,7.0029,6247950.8449,938.0616
node-099,2024-01-01 19:47:00,0.114,12873122.1932,0.0,0.677,124590.915,8.0653,5470531.6235,899.3153
node-100,2024-01-01 19:47:00,0.1787,13379044.4627,0.1953,0.8013,138517.2674,6.8801,6174998.4028,942.0388
node-101,2024-01-01 19:47:00,0.0062,11603553.6826,0.0,0.2241,134778.2517,6.0116,6223759.1107,890.7105
node-102,2024-01-01 19:47:00,0.4764,13348054.7744,0.0321,0.7864,122467.5657,12.041,6081541.5191,950.991
node-103,2024-01-01 19:47:00,0.3846,12201839.9759,0.0,0.3124,104593.888,5.0355,6360523.0524,940.0591
node-104,2024-01-01 19:47:00,0.119,13445138.3874,0.0,0.7046,132970.7832,10.2795,6206258.9678,940.1158
node-105,2024-01-01 19:47:00,0.1795,13653442.4091,0.2413,0.8861,169306.2182,10.9883,6227324.436,961.6857
node-106,2024-01-01 19:47:00,0.0175,12365793.5651,1.3018,0.2114,105838.3222,6.8064,6012294.7061,869.4688
node-107,2024-01-01 19:47:00,0.1005,12171412.9078,0.0,0.6314,80056.5386,9.091,6229244.9835,937.9841
node-108,2024-01-01 19:47:00,0.1058,14187406.3784,0.4389,0.4919,106968.697,8.9722,6211431.044,939.3783
node-109,2024-01-01 19:47:00,0.2825,13954812.7652,0.0,0.5865,103053.5291,7.0083,6331057.6698,956.1295
node-110,2024-01-01 19:47:00,0.0931,12779472.8184,0.0,0.7046,122347.9263,7.9683,6107173.7854,914.0043
node-111,2024-01-01 19:47:00,0.1316,14212601.4205,0.6212,0.817,88764.1252,8.0342,5881856.8021,943.0809
node-112,2024-01-01 19:47:00,0.1028,12529816.7179,0.5072,0.4906,129935.9308,7.0186,6242773.5043,955.1724
node-113,2024-01-01 19:47:00,0.0963,13638445.8246,0.2405,0.3336,109950.1,10.0441,6143023.7835,940.1281
node-114,2024-01-01 19:47:00,0.5619,12884377.7683,0.7223,0.5962,144334.2654,11.1693,6189589.6772,949.0832
node-115,2024-01-01 19:47:00,0.1113,12934515.9753,0.0,0.5266,127651.4304,7.0866,6213395.3132,933.0185
node-116,2024-01-01 19:47:00,0.0993,13184556.1685,0.0912,1.2251,127095.4824,7.851,6070103.5175,931.5814
node-117,2024-01-01 19:47:00,0.1025,9685682.0795,0.0,1.0036,119861.8793,11.9453,6277042.067,964.4827
node-118,2024-01-01 19:47:00,0.1902,12944683.0377,0.7113,0.8058,122233.9533,9.0333,6211533.4102,963.4801
node-119,2024-01-01 19:47:00,0.0986,14192371.3698,0.1504,0.4685,133444.1695,3.1113,6117691.5095,927.8482
node-000,2024-01-01 19:48:00,2.2927,12739184.9095,0.831,0.6849,160562.889,10.1646,5958832.9263,859.8548
node-001,2024-01-01 19:48:00,0.1747,12441218.5032,0.7267,0.5788,126038.6219,9.0017,5896291.1665,892.3963
node-002,2024-01-01 19:48:00,0.1063,9562274.13,0.0,1.1219,126819.7507,8.9793,6430038.9428,889.0895
node-003,2024-01-01 19:48:00,0.0844,13520791.9358,0.2014,0.6667,98718.6595,3.9289,6204562.9048,853.2421
node-004,2024-01-01 19:48:00,1.7022,12789767.8378,0.7161,0.8668,102735.1337,8.1085,6017144.9181,854.3644
node-005,2024-01-01 19:48:00,0.2176,8806625.3316,0.0,0.685,149555.3327,11.8584,6103911.4971,881.8491
node-006,2024-01-01 19:48:00,0.0327,12956989.0259,0.0,0.143,110257.0833,0.0,6198273.7799,864.7648
node-007,2024-01-01 19:48:00,0.0,12326557.6127,0.5439,0.4911,117579.218,8.0664,5936496.5712,866.5832
node-008,2024-01-01 19:48:00,1.8109,12179280.3832,0.1233,0.2191,117038.1053,5.8151,6039874.1327,877.9621
node-009,2024-01-01 19:48:00,0.0871,13138258.6658,0.0,0.4885,116830.1127,11.9988,5858431.0445,847.8874
node-010,2024-01-01 19:48:00,0.6112,12567529.9701,0.0,1.1128,99420.9499,9.9818,6046206.2382,862.7228
node-011,2024-01-01 19:48:00,0.1001,12046317.9654,0.5193,0.5767,113317.8662,7.0343,6148364.3065,849.7738
node-012,2024-01-01 19:48:00,0.1476,12118510.3334,0.9056,0.4764,139837.4936,7.0682,6229029.4672,950.8964
node-013,2024-01-01 19:48:00,1.4126,12343590.6319,0.0,0.6599,167476.8301,0.137,43366.5118,919.7447
node-014,2024-01-01 19:48:00,0.15,13913686.7793,0.0,0.4896,114324.8626,8.5542,5845647.863,931.6048
node-015,2024-01-01 19:48:00,0.0139,12509331.2083,0.9317,0.0964,79909.5225,7.0216,5800027.233,767.0047
node-016,2024-01-01 19:48:00,0.1079,13416047.1504,0.0,0.7942,101846.7267,7.1755,6203029.8284,955.2469
node-017,2024-01-01 19:48:00,0.1024,14840133.5359,0.0,0.3227,150151.1351,6.4491,5855700.8299,924.3243
node-018,2024-01-01 19:48:00,0.1068,12617198.0003,0.5106,0.7891,120019.0133,7.9649,6079798.1456,883.7267
node-019,2024-01-01 19:48:00,0.0984,13384773.0719,0.6607,0.6946,87411.6525,10.9382,6049948.2966,942.6734
node-020,2024-01-01 19:48:00,0.7966,12656068.095,0.3214,0.8178,210109.7884,7.0174,6184173.9315,880.1366
node-021,2024-01-01 19:48:00,0.0709,12684237.5427,1.2391,1.1061,120290.2312,7.9484,5976584.298,916.5394
node-022,2024-01-01 19:48:00,0.1036,12915645.7484,0.1528,0.5311,124303.7831,5.9487,5944069.3059,904.7936
node-023,2024-01-01 19:48:00,0.1078,12607285.0369,0.0508,0.5132,92855.1766,7.1503,5938532.8789,938.092
node-024,2024-01-01 19:48:00,0.1254,13094416.6887,0.1664,0.6048,127580.7354,7.9504,6105400.1885,912.2488
node-025,2024-01-01 19:48:00,0.2929,14066785.7646,0.1398,0.4912,134565.6107,8.9697,5925509.2072,922.3829
node-026,2024-01-01 19:48:00,0.5022,13047592.7743,0.9794,0.1978,127449.7692,1.9967,6182551.3705,815.5841
node-027,2024-01-01 19:48:00,0.1166,12348603.3415,0.0,0.5073,117943.8986,7.0256,6304478.6006,940.8925
node-028,2024-01-01 19:48:00,0.0669,13730205.4983,0.2833,0.9056,90670.0082,7.1248,6143621.3191,911.2459
node-029,2024-01-01 19:48:00,0.0808,12752565.6259,0.255,0.6848,116963.0903,6.9126,6053767.4299,869.5771
node-030,2024-01-01 19:48:00,0.0898,13033736.1181,0.1449,0.2995,129843.0549,8.9612,5981562.8974,864.9508
node-031,2024-01-01 19:48:00,0.0,29023894.2501,0.8726,0.005,8153.1232,0.0,78480.1784,8.1624
node-032,2024-01-01 19:48:00,0.0599,12525653.649,0.0,1.1726,122334.119,10.9296,5990847.4583,909.4365
node-033,2024-01-01 19:48:00,0.2138,12426784.9085,0.0,0.5878,125428.2955,7.6075,6060249.9337,931.4754
node-034,2024-01-01 19:48:00,1.1977,12089545.6525,0.0,0.0921,124298.8458,3.0908,6065649.9056,831.6112
node-035,2024-01-01 19:48:00,0.0823,14987348.4136,0.0,0.6776,109890.6884,8.0749,6107717.9382,913.528
node-036,2024-01-01 19:48:00,0.1176,12830241.6309,1.0492,0.4045,105037.9828,7.9997,5996616.5424,927.4159
node-037,2024-01-01 19:48:00,0.1003,12649595.9865,1.7871,0.7188,78985.1927,7.9752,6079151.2689,875.6903
node-038,2024-01-01 19:48:00,0.0877,13006641.377,0.2407,0.4724,119707.9913,4.2132,6229128.3556,924.3719
node-039,2024-01-01 19:48:00,0.0992,13464346.139,0.0,0.506,95232.9791,7.9228,6069942.332,891.384
node-040,2024-01-01 19:48:00,0.0,14262012.2739,1.3913,0.0886,138210.3557,1.9652,6257585.196,857.2467
node-041,2024-01-01 19:48:00,0.0678,13649817.3324,0.0,0.8443,124777.3562,6.2798,5851921.8925,911.4806
node-042,2024-01-01 19:48:00,0.0934,13611605.6284,0.1591,0.3885,133349.0152,5.0278,6090298.9811,918.465
node-043,2024-01-01 19:48:00,0.0804,13356763.3573,0.0,0.6726,79235.2207,5.1038,5966369.2902,917.3148
node-044,2024-01-01 19:48:00,0.261,12640765.914,0.0,0.5065,122816.1017,11.044,6169587.092,860.1695
node-045,2024-01-01 19:48:00,0.0277,12559847.8904,0.0,0.7153,135557.0698,7.8789,5919505.5711,935.6203
node-046,2024-01-01 19:48:00,1.8237,12175676.0663,0.0,0.6251,119481.8909,4.9093,6073599.3753,905.3147
node-047,2024-01-01 19:48:00,0.0884,11755422.515,0.0,0.4888,130511.6427,6.952,5975058.2063,902.7915
node-048,2024-01-01 19:48:00,0.161,12920844.7104,0.0,0.3891,106187.8974,7.8892,5923088.9076,929.2902
node-049,2024-01-01 19:48:00,0.0,12167316.0956,0.4111,0.0981,140894.7413,4.9725,5972439.7125,812.6788
node-050,2024-01-01 19:48:00,0.0,11444961.4362,0.0,0.0944,122072.8369,4.0263,5885480.8161,836.2552
node-051,2024-01-01 19:48:00,0.4004,12155636.6655,0.0,1.0015,145606.3244,7.99,6026698.1491,886.1554
node-052,2024-01-01 19:48:00,0.207,12345207.4369,0.0,0.4987,113041.3653,7.0077,6087883.7618,921.5417
node-053,2024-01-01 19:48:00,0.1955,13258179.646,0.0,0.6664,128510.9446,10.0219,6027233.8923,861.7442
node-054,2024-01-01 19:48:00,0.1031,12404146.6333,0.0,0.9873,89649.2454,6.0304,6046400.6416,907.787
node-055,2024-01-01 19:48:00,0.2236,13207916.3183,0.0,0.6907,130440.4907,9.9812,5973614.6713,864.5893
node-056,2024-01-01 19:48:00,0.1177,13024446.0348,0.0,0.5217,131532.7552,5.9159,6142794.8337,854.848
node-057,2024-01-01 19:48:00,0.1044,11023445.7752,0.0,1.1333,117334.5093,5.9853,6144087.6493,913.3207
node-058,2024-01-01 19:48:00,0.1148,13318235.6069,0.0,0.6637,166544.813,6.9688,6015504.0231,872.2438
node-059,2024-01-01 19:48:00,0.006,13369380.4609,0.0,0.775,121035.3784,5.174,5865109.8046,869.0629
node-060,2024-01-01 19:48:00,0.0806,12845226.7146,0.0,0.6883,107097.8822,6.958,6009351.1374,886.385
node-061,2024-01-01 19:48:00,0.9727,12510157.0138,0.9406,1.0691,119012.0557,8.0403,5263211.003,891.4413
node-062,2024-01-01 19:48:00,0.1052,13520365.4605,0.0,0.4833,127910.8047,8.0349,5399344.7057,926.3298
node-063,2024-01-01 19:48:00,0.6077,12800043.7633,0.0876,0.5855,100227.918,8.0162,5990660.986,874.3271
node-064,2024-01-01 19:48:00,1.9951,12687972.0274,0.0818,0.8169,98718.0041,6.0172,6016697.2114,868.5217
node-065,2024-01-01 19:48:00,0.0978,13390147.7076,0.0994,0.9862,126817.7411,3.2268,5910714.4591,870.4531
node-066,2024-01-01 19:48:00,0.1073,13576563.8506,0.0,0.5769,132899.274,8.7672,5850899.6708,865.6259
node-067,2024-01-01 19:48:00,0.6446,11968598.0922,0.2912,0.4513,120079.8262,5.0294,5839981.2798,867.8284
node-068,2024-01-01 19:48:00,0.1178,13330767.9185,0.0,0.9985,117339.1186,6.9992,6339901.3582,845.451
node-069,2024-01-01 19:48:00,0.0812,9083893.8561,14.2884,0.6998,116214.8722,8.0183,6383369.7983,905.2287
node-070,2024-01-01 19:48:00,0.0748,12916804.5611,0.0,0.5033,118004.6632,11.6331,6150538.0672,900.9343
node-071,2024-01-01 19:48:00,0.6155,12154027.7061,0.0,0.6766,118775.3939,2.8836,6229860.0894,927.8538
node-072,2024-01-01 19:48:00,1.6175,109372004.0926,0.2875,0.0725,95045.3132,4.9207,6047181.3436,816.0766
node-073,2024-01-01 19:48:00,0.0924,12495631.3114,0.0,0.4986,74894.3347,7.9986,6191869.1956,912.6393
node-074,2024-01-01 19:48:00,0.108,12847127.4029,0.0,0.1848,134389.6506,7.016,6107941.525,932.041
node-075,2024-01-01 19:48:00,0.1225,14264994.5022,0.4196,0.6779,126414.4012,6.9423,6773438.4736,887.0509
node-076,2024-01-01 19:48:00,0.0,14071809.1561,0.9949,0.1003,118869.5601,6.9436,6097303.9823,847.9171
node-077,2024-01-01 19:48:00,0.0972,12841340.6717,0.1663,1.7989,123946.5305,8.0578,6353390.2182,927.4689
node-078,2024-01-01 19:48:00,0.1011,13516681.1023,0.0,0.4843,145492.6787,11.1082,6047662.6356,882.6188
node-079,2024-01-01 19:48:00,0.1024,12741851.795,0.0,0.7274,100555.8422,9.0305,5889168.1407,816.228
node-080,2024-01-01 19:48:00,1.9608,12852010.0401,0.0,0.9703,120581.2963,6.2658,6141261.6675,906.5439
node-081,2024-01-01 19:48:00,0.2066,12897982.9766,0.2867,0.3401,136028.1355,6.0547,5709778.1705,859.336
node-082,2024-01-01 19:48:00,0.2139,12227656.9798,0.7583,0.0952,241171.369,3.1424,6023928.0164,823.6356
node-083,2024-01-01 19:48:00,0.0932,12702730.08,0.0517,0.7596,115061.8156,6.9457,5826161.5569,905.1868
node-084,2024-01-01 19:48:00,0.1227,12926291.7589,0.0,0.516,129581.3837,7.14,5891041.9209,929.0749
node-085,2024-01-01 19:48:00,0.1073,13193375.3489,0.0,0.5923,124254.0284,6.9626,6001063.9131,840.5553
node-086,2024-01-01 19:48:00,0.0922,12945625.5931,0.2686,0.6165,122102.8693,9.0044,6088334.861,831.5971
node-087,2024-01-01 19:48:00,0.1255,13207644.6964,0.0,0.5041,131498.4281,9.0501,6169460.0087,886.9108
node-088,2024-01-01 19:48:00,0.191,12835770.9014,0.0,0.6898,112092.0482,4.0135,6039272.7187,884.8526
node-089,2024-01-01 19:48:00,0.0963,12403820.4241,0.147,1.1002,120736.2999,9.5741,6194087.7667,891.2992
node-090,2024-01-01 19:48:00,0.4981,13401772.3136,0.0,0.6867,148765.6693,10.0183,6035997.3992,897.3987
node-091,2024-01-01 19:48:00,0.0899,12887733.7536,0.0,0.5911,124408.6249,7.9415,6095500.0689,874.065
node-092,2024-01-01 19:48:00,1.1151,13343637.3931,0.0,0.4995,134533.4289,7.9883,6145636.7715,918.1013
node-093,2024-01-01 19:48:00,0.1309,13728611.2651,0.0,0.527,111971.3862,6.749,5984238.4373,926.6456
node-094,2024-01-01 19:48:00,0.0,13507836.317,0.2809,0.8846,139906.4617,7.0441,6301251.3784,874.3021
node-095,2024-01-01 19:48:00,2.7271,12638260.7583,0.0,0.5017,125328.8722,6.9555,5895919.3423,862.6977
node-096,2024-01-01 19:48:00,0.1372,14238472.8997,0.9904,0.5789,93216.5225,6.8758,5826097.9821,900.2353
node-097,2024-01-01 19:48:00,0.1155,13093988.0956,0.6952,0.5372,132987.9934,16.9375,6190705.0123,847.673
node-098,2024-01-01 19:48:00,0.002,12668674.6237,0.0,0.5961,124421.51,6.7335,5812544.0306,906.1761
node-099,2024-01-01 19:48:00,0.5407,12429413.3628,0.0,0.6983,104147.977,2.115,6262419.8783,774.154
node-100,2024-01-01 19:48:00,0.1843,12502302.8891,0.4947,0.8075,155324.4555,7.0729,6068538.6141,890.7102
node-101,2024-01-01 19:48:00,1.3087,11439957.6492,0.3585,0.1027,122314.3104,1.0547,6107195.7353,839.6258
node-102,2024-01-01 19:48:00,0.0993,13360571.9493,0.0,0.3114,109354.2811,7.089,6230257.5301,915.062
node-103,2024-01-01 19:48:00,0.5918,11915946.8464,0.0,0.595,137354.81,5.0897,5879242.3084,857.3946
node-104,2024-01-01 19:48:00,0.1092,13309473.9567,0.0,0.5253,121085.2302,16.0487,6067696.1368,919.6247
node-105,2024-01-01 19:48:00,0.1403,13768364.8802,0.0,0.5906,181653.1851,10.926,6250797.11,916.2106
node-106,2024-01-01 19:48:00,0.0245,11990933.5261,0.1333,0.1798,104559.4683,5.9854,5928720.1458,827.0684
node-107,2024-01-01 19:48:00,0.0,11877270.7704,0.0,0.4163,120988.8627,10.0571,6011060.7191,874.1337
node-108,2024-01-01 19:48:00,0.0889,13682927.5208,0.0256,0.5045,123041.5249,7.9498,6153291.8862,919.6987
node-109,2024-01-01 19:48:00,0.0765,12967782.2162,0.0,0.6761,142804.0698,5.9783,6239474.3172,918.6862
node-110,2024-01-01 19:48:00,2.005,12529814.8579,0.2993,0.7743,115950.3206,8.2387,6067533.6412,830.8885
node-111,2024-01-01 19:48:00,0.8257,13892436.7987,0.0,0.5775,121012.834,7.9421,6109812.079,917.8987
node-112,2024-01-01 19:48:00,0.0977,11838243.7522,0.0,0.8087,116577.3313,7.1402,6029533.9674,911.7238
node-113,2024-01-01 19:48:00,0.0961,12531803.7204,0.0,0.8034,139751.7334,8.0325,5887749.6131,899.9249
node-114,2024-01-01 19:48:00,0.0946,12694207.1414,0.0,0.6038,141234.5047,7.9652,5989810.2774,901.1099
node-115,2024-01-01 19:48:00,0.1027,12749429.6117,0.0998,0.5026,126421.3924,6.8336,6158899.1601,936.9116
node-116,2024-01-01 19:48:00,0.8386,12538177.5573,0.0,0.4195,89598.1436,8.1236,6168083.4546,923.6426
node-117,2024-01-01 19:48:00,0.8916,9720628.0446,0.0,0.8856,125614.3901,10.1141,5765588.0638,840.8567
node-118,2024-01-01 19:48:00,0.0888,12602291.1612,0.0,0.7847,121241.8212,9.1337,5994737.2078,857.2609
node-119,2024-01-01 19:48:00,0.1173,14510072.4362,0.0,0.5005,128166.5523,6.125,6098300.0859,932.1015
node-000,2024-01-01 19:49:00,0.1076,12231840.296,0.332,1.1932,160001.6917,10.0005,6115001.7283,891.589
node-001,2024-01-01 19:49:00,0.1714,12264785.4172,0.2536,0.5204,127907.3939,7.0101,6125255.3436,880.5253
node-002,2024-01-01 19:49:00,0.8455,9851016.5989,0.0,0.6801,70347.1388,9.06,6245749.4303,852.6498
node-003,2024-01-01 19:49:00,0.4955,12838472.2667,0.1245,0.7836,117061.7175,9.0163,5866336.6799,957.1735
node-004,2024-01-01 19:49:00,1.8949,12677331.9106,0.0,0.388,125586.2401,7.9172,5955877.0058,866.4877
node-005,2024-01-01 19:49:00,1.2994,8461456.5114,0.0,0.8395,122331.1039,10.0816,5859540.4699,879.8398
node-006,2024-01-01 19:49:00,0.0,12776410.6026,0.0,0.1207,118498.7067,0.1909,5905760.7893,803.826
node-007,2024-01-01 19:49:00,0.0147,12664536.227,0.1814,0.6084,147350.3496,4.0617,6295459.6716,877.5264
node-008,2024-01-01 19:49:00,1.5074,12084363.5575,0.0,0.5552,113437.6408,4.9316,6120777.6821,879.3251
node-009,2024-01-01 19:49:00,1.7219,12747439.8921,0.9169,0.7923,126145.8892,2.9905,6194042.3129,886.1886
node-010,2024-01-01 19:49:00,0.7497,11982112.8738,0.0,1.0173,103448.409,13.1093,5805158.5975,844.8468
node-011,2024-01-01 19:49:00,1.5934,11685613.9961,0.0662,0.5153,87981.4568,6.8854,6047357.4609,850.7833
node-012,2024-01-01 19:49:00,0.0952,11533278.8767,0.0,0.4092,94397.0416,6.0179,6085993.443,864.401
node-013,2024-01-01 19:49:00,3.4938,12274105.5478,0.167,0.4059,158282.5893,0.0,47656.407,1042.0777
node-014,2024-01-01 19:49:00,0.1246,13935096.0805,0.0,0.679,98329.3235,3.0208,6076824.1541,904.1048
node-015,2024-01-01 19:49:00,0.2926,12408625.5736,0.0,0.2142,141683.0634,2.9538,6173929.3149,835.0524
node-016,2024-01-01 19:49:00,0.83,12146108.9526,0.0,1.166,112023.9526,8.029,5702105.6866,944.2214
node-017,2024-01-01 19:49:00,1.8349,14187779.2734,0.251,1.1994,181703.9665,11.9806,6358474.3214,894.4162
node-018,2024-01-01 19:49:00,0.102,12646189.0009,0.116,0.8275,87056.4647,0.9389,6101762.3152,858.2875
node-019,2024-01-01 19:49:00,0.1349,13397051.95,1.0915,0.5604,123566.174,10.7846,6318019.0018,904.3968
node-020,2024-01-01 19:49:00,0.2179,12084854.1639,0.0,0.5824,148268.8386,5.1305,6302236.9104,927.3689
node-021,2024-01-01 19:49:00,0.171,12968868.3628,0.0,1.1237,72280.5314,7.9579,6042564.0814,856.8175
node-022,2024-01-01 19:49:00,1.2486,12648992.3167,0.7507,0.3957,121300.6773,5.9965,6136805.6672,876.3565
node-023,2024-01-01 19:49:00,0.0923,12558726.7388,0.6202,0.5124,126970.3307,3.9788,6026493.9894,880.7001
node-024,2024-01-01 19:49:00,0.0,12352276.3642,0.0,0.3963,121622.6846,1.9953,6221521.123,862.5583
node-025,2024-01-01 19:49:00,4.9283,13609501.9692,0.1195,0.5059,107635.5282,1.0643,6110049.7621,901.0358
node-026,2024-01-01 19:49:00,0.0,12465060.2706,0.0,0.2265,74278.7561,4.0682,5805305.4162,781.37
node-027,2024-01-01 19:49:00,0.0987,12386124.031,0.0,0.5796,134942.1795,5.0131,5828647.6272,890.1984
node-028,2024-01-01 19:49:00,0.116,13745492.52,0.0,0.9015,118804.3905,7.215,5715571.1046,915.9396
node-029,2024-01-01 19:49:00,0.7785,12314258.1801,0.0,0.5216,107160.6509,7.0361,5950261.7443,870.702
node-030,2024-01-01 19:49:00,0.7073,12892411.4311,0.8851,0.6874,88700.4175,6.0245,6227737.1969,872.3917
node-031,2024-01-01 19:49:00,0.1092,29101169.3319,0.0,0.0996,0.0,0.0,52323.1799,22.4796
node-032,2024-01-01 19:49:00,0.1743,12145471.4615,1.1387,0.7148,118812.629,10.9089,6042469.8949,872.4888
node-033,2024-01-01 19:49:00,0.4006,11936421.9411,0.7918,0.6196,115003.5489,3.099,6031273.7964,889.0817
node-034,2024-01-01 19:49:00,0.0038,11603322.5738,0.7337,0.2281,118019.7647,4.0411,5885116.0224,810.7622
node-035,2024-01-01 19:49:00,1.2971,14580982.198,0.0,0.7692,107704.9581,7.9945,6236752.3257,942.3969
node-036,2024-01-01 19:49:00,0.418,13000622.2857,0.0,0.7939,109139.8438,8.058,6043224.4122,864.8939
node-037,2024-01-01 19:49:00,0.8903,11845521.3587,0.9539,0.5034,118060.5964,7.0254,6020053.4845,854.7396
node-038,2024-01-01 19:49:00,1.6055,11840997.3763,0.0,2.8437,105036.1959,7.9411,6035840.7956,929.9339
node-039,2024-01-01 19:49:00,0.9802,13248929.1671,0.0,0.4861,130546.2894,8.1013,6079577.4664,893.9024
node-040,2024-01-01 19:49:00,0.1031,12828116.8156,0.2492,0.105,166329.4544,5.9932,6118807.6697,859.8336
node-041,2024-01-01 19:49:00,0.9631,13636899.4845,0.0,0.6267,108342.3357,10.9377,6247160.6259,958.6005
node-042,2024-01-01 19:49:00,3.2321,12723020.5056,0.4325,0.4806,82641.2645,0.0,6038027.7615,913.7645
node-043,2024-01-01 19:49:00,0.1394,12822740.8198,0.0,0.3948,117664.8275,8.9952,6184032.1223,913.5378
node-044,2024-01-01 19:49:00,0.7468,12320082.675,0.167,0.682,126687.0976,7.0028,5906169.3964,863.676
node-045,2024-01-01 19:49:00,1.0309,13106721.6299,0.414,0.8207,111027.0906,17.0637,6000320.7275,875.9272
node-046,2024-01-01 19:49:00,0.7513,11772933.1275,0.2693,0.3965,107642.4553,4.9467,5940209.9603,837.2962
node-047,2024-01-01 19:49:00,1.0847,11662338.5616,0.38,0.6908,91567.5617,6.6067,6147440.252,864.6363
node-048,2024-01-01 19:49:00,0.3713,12907314.1045,0.0039,0.4247,104485.7364,9.0541,6257024.7653,877.9534
node-049,2024-01-01 19:49:00,0.3788,10870536.9326,0.0,0.103,117423.8017,3.7932,6300216.4666,849.7084
node-050,2024-01-01 19:49:00,0.002,11511599.6102,0.0,0.087,116265.653,3.9488,6307093.4954,799.1917
node-051,2024-01-01 19:49:00,0.2999,11781273.9793,0.0,1.4097,149249.378,2.9711,6111300.0461,835.28
node-052,2024-01-01 19:49:00,0.21,11924655.1775,0.2406,0.5887,108972.0491,1.0542,6079401.8133,882.6494
node-053,2024-01-01 19:49:00,0.9442,12649247.6006,0.0,0.5157,121892.5474,9.9494,5991301.3903,876.7
node-054,2024-01-01 19:49:00,0.3364,11503702.5647,0.0,0.7024,131689.9862,2.0234,6268375.5374,853.9599
node-055,2024-01-01 19:49:00,1.1223,13096604.3718,0.0,0.9999,118588.9025,8.0129,5996482.6432,889.2798
node-056,2024-01-01 19:49:00,0.2125,12713805.2777,0.3506,0.5278,111781.7405,5.0464,6346020.4505,876.1601
node-057,2024-01-01 19:49:00,1.8977,10721336.5076,0.4696,5.3999,140928.7403,6.0383,5934104.3022,886.1076
node-058,2024-01-01 19:49:00,0.1854,13091849.582,0.5746,0.9002,146489.2905,7.0365,6183673.9329,883.9095
node-059,2024-01-01 19:49:00,1.1904,12749816.2142,0.6566,0.5986,95489.2459,7.8767,6089429.6241,891.9585
node-060,2024-01-01 19:49:00,0.1085,12285049.8054,1.4181,0.6802,132835.0583,3.0961,6123328.7085,871.6587
node-061,2024-01-01 19:49:00,0.3011,12722239.8147,0.0,0.6877,65074.0766,7.071,6479227.0945,762.3186
node-062,2024-01-01 19:49:00,0.1087,13280310.9606,1.0192,0.4767,135458.4091,7.5697,6114430.9019,973.2822
node-063,2024-01-01 19:49:00,0.626,12078629.9582,0.4012,0.4021,125305.7409,8.0737,6023220.1489,874.4655
node-064,2024-01-01 19:49:00,0.2897,12030023.0118,0.8213,0.8867,101493.6108,3.8719,5683446.7298,821.2669
node-065,2024-01-01 19:49:00,1.8143,12368506.9541,0.1069,0.744,98615.3372,6.0303,6072427.1865,871.4424
node-066,2024-01-01 19:49:00,3.2775,13024189.5626,0.0,0.4999,134784.8545,7.0275,6262563.9349,886.9251
node-067,2024-01-01 19:49:00,0.1085,11238819.8043,1.0846,0.515,73394.9649,1.9559,6081941.6795,849.0947
node-068,2024-01-01 19:49:00,0.0944,13088266.524,0.0,0.4869,84855.7137,9.9969,6167206.6023,897.1391
node-069,2024-01-01 19:49:00,1.2219,9397711.5935,14.1341,0.866,121767.3278,3.0856,6164265.5905,942.8993
node-070,2024-01-01 19:49:00,0.1056,12399393.376,0.3234,2.0377,133591.2202,4.9935,5627138.0598,836.8442
node-071,2024-01-01 19:49:00,2.6908,11694965.3893,0.5248,0.412,120641.3504,10.9575,5909477.2596,892.0224
node-072,2024-01-01 19:49:00,1.4019,108821732.6533,0.0,0.1132,119429.2167,4.0267,6113363.1161,823.155
node-073,2024-01-01 19:49:00,0.1314,11795654.1146,0.5628,0.3634,104488.9238,6.972,5762263.5814,874.1028
node-074,2024-01-01 19:49:00,0.044,12679961.8936,0.7316,0.5182,141428.522,7.994,6158434.8149,866.1218
node-075,2024-01-01 19:49:00,1.7951,13310986.3172,0.0,0.8117,105072.8127,6.5856,5567998.5644,987.6435
node-076,2024-01-01 19:49:00,0.14,13601617.4516,1.1019,0.2075,101541.1052,0.003,5911836.7822,787.4851
node-077,2024-01-01 19:49:00,0.089,12326379.019,0.2941,3.2501,123728.4587,3.9965,5729623.3752,821.4725
node-078,2024-01-01 19:49:00,0.0749,13292187.9139,0.4546,0.5801,112481.9268,12.101,5987963.0532,887.6802
node-079,2024-01-01 19:49:00,2.9982,12829329.8332,0.0,0.9206,126807.8023,5.9843,6146155.8897,903.3111
node-080,2024-01-01 19:49:00,1.7333,12182025.3711,0.0,1.0809,131752.8407,10.0008,6104863.0917,885.5506
node-081,2024-01-01 19:49:00,0.1164,11952037.7057,0.0,0.3264,152277.0712,5.9635,6208554.8377,901.64
node-082,2024-01-01 19:49:00,0.7783,11476100.5163,0.0,0.0809,132326.9267,5.97,6076325.6569,830.3766
node-083,2024-01-01 19:49:00,0.5125,12665744.0776,0.0,0.4996,112336.2971,4.9737,6243969.6905,934.0293
node-084,2024-01-01 19:49:00,1.7633,12737316.8998,1.2683,0.6792,112075.8243,7.0061,6273912.5663,875.4499
node-085,2024-01-01 19:49:00,0.1141,12799029.4295,1.099,0.6038,135206.0361,6.9677,5728330.1032,883.3075
node-086,2024-01-01 19:49:00,0.2383,12326987.1557,0.2769,0.5702,123281.3573,8.6774,5874526.066,889.801
node-087,2024-01-01 19:49:00,0.3664,12977867.0019,0.0,0.784,103414.2094,4.0431,6134869.3569,846.6285
node-088,2024-01-01 19:49:00,6.5,12008642.344,0.0,0.3943,129609.7412,5.9997,6018143.6973,877.0127
node-089,2024-01-01 19:49:00,0.2907,12633439.2772,0.0429,1.516,134497.3751,4.9697,6350500.7229,958.8186
node-090,2024-01-01 19:49:00,0.0896,13497514.2028,0.0,0.699,140678.4041,1.9318,6626344.4112,979.2075
node-091,2024-01-01 19:49:00,0.1052,12265705.7023,0.0,0.6041,100331.4021,13.9226,6088602.216,867.9826
node-092,2024-01-01 19:49:00,0.1908,12910089.1116,0.5898,0.8686,112667.6209,7.1264,6360082.8549,943.1837
node-093,2024-01-01 19:49:00,0.2082,13714360.4734,0.0,0.4007,101979.2568,3.996,6088617.3493,896.2534
node-094,2024-01-01 19:49:00,1.2016,12710124.6278,0.0,1.1762,114010.0799,5.9872,5896276.265,859.4275
node-095,2024-01-01 19:49:00,0.165,11911330.4576,0.0,0.9552,110953.3373,7.9507,6163097.9632,889.4011
node-096,2024-01-01 19:49:00,3.2623,13718463.7534,0.1572,0.7515,115076.6305,0.0,6093535.1198,929.1744
node-097,2024-01-01 19:49:00,0.0904,12723625.8371,0.0,0.3822,136220.7839,10.9613,6248645.7848,870.8785
node-098,2024-01-01 19:49:00,0.2851,12235993.7356,0.0,0.896,131137.624,2.0122,6032008.8649,912.191
node-099,2024-01-01 19:49:00,0.0973,12013562.5754,0.62,0.6961,115200.9271,2.0773,6328094.4723,912.0832
node-100,2024-01-01 19:49:00,0.0,12458551.3979,0.3916,0.3081,125916.2559,9.2296,5989702.4695,859.0678
node-101,2024-01-01 19:49:00,0.4108,10888115.3163,0.0,0.1943,113636.9239,4.0477,5841387.54,795.5664
node-102,2024-01-01 19:49:00,0.9807,12713879.3294,0.0,0.4868,123872.4387,6.6254,6079747.1916,865.9867
node-103,2024-01-01 19:49:00,0.6141,12484736.4178,0.0,0.6093,102942.2865,4.9662,5822930.4513,879.0456
node-104,2024-01-01 19:49:00,2.7264,12202906.9161,0.8892,0.5141,88142.8293,7.9642,5971852.3053,859.9398
node-105,2024-01-01 19:49:00,0.8207,12348759.7923,0.0,0.6069,153042.8193,8.9603,6237023.1742,925.4564
node-106,2024-01-01 19:49:00,0.0463,11898554.9575,0.0,0.3093,119480.947,0.0,6140461.1492,781.659
node-107,2024-01-01 19:49:00,0.6141,11304450.9608,0.0,0.5927,118263.5053,3.9614,5926529.06,834.1719
node-108,2024-01-01 19:49:00,1.1346,13477262.3057,0.1701,0.491,124151.1408,0.082,6101289.3315,914.4379
node-109,2024-01-01 19:49:00,0.3114,12678976.2787,0.0,0.7961,143352.8077,5.9325,6052021.776,874.1578
node-110,2024-01-01 19:49:00,2.0115,12226965.9713,0.0359,0.4073,106142.9172,10.9523,5954070.2953,867.6722
node-111,2024-01-01 19:49:00,0.8891,13771856.0074,0.2461,0.595,116788.3336,9.0463,6018449.5,859.3627
node-112,2024-01-01 19:49:00,0.1965,11648755.6354,0.5431,0.5042,108552.765,9.0593,5953829.7518,868.3337
node-113,2024-01-01 19:49:00,0.474,12321109.2375,0.336,0.7918,116598.4314,5.864,6114067.9536,882.7564
node-114,2024-01-01 19:49:00,1.5775,12584542.5673,0.0,0.4214,141769.1232,6.0263,6040956.2351,840.5655
node-115,2024-01-01 19:49:00,0.0688,12309648.5701,0.3382,0.9113,86370.7162,6.8581,5968944.5407,851.1869
node-116,2024-01-01 19:49:00,3.6696,11737982.3378,0.5515,0.7374,96821.8361,7.9845,6317226.1446,882.4711
node-117,2024-01-01 19:49:00,0.2889,9775560.1473,0.0,0.7354,66498.4736,6.0474,6141731.7147,903.0969
node-118,2024-01-01 19:49:00,0.9369,12053541.6344,0.5131,0.8035,118569.1706,10.9016,6120632.9392,899.3753
node-119,2024-01-01 19:49:00,0.9913,13772887.6528,0.0,0.4987,65822.4611,0.9679,6000101.9059,871.2043
node-000,2024-01-01 19:50:00,0.1069,11489791.6528,0.4128,0.8646,151474.4486,7.9148,6155162.5,907.2958
node-001,2024-01-01 19:50:00,1.9851,11815001.3598,0.0,1.07,122514.072,6.8686,6129774.0401,845.5997
node-002,2024-01-01 19:50:00,1.5142,9789307.1513,0.0,0.6678,117611.6174,7.0304,6229182.284,910.4744
node-003,2024-01-01 19:50:00,0.2978,12445853.8457,0.0641,0.6034,123699.6697,7.0765,6434611.1881,878.0142
node-004,2024-01-01 19:50:00,0.4092,12024067.378,0.0,0.5505,106098.7474,14.3209,6204722.9944,917.9582
node-005,2024-01-01 19:50:00,0.1396,8440324.5864,0.0,0.3898,118467.2971,2.0106,6134399.6499,874.4751
node-006,2024-01-01 19:50:00,0.1741,12545465.6405,0.0,0.1045,111045.7483,3.0044,5976636.9297,848.6508
node-007,2024-01-01 19:50:00,0.0748,11838439.0311,0.0,0.5065,129294.3868,7.0486,5860734.5579,904.9744
node-008,2024-01-01 19:50:00,0.5888,11492848.5047,0.0,0.5844,117826.9999,5.989,6307056.1485,924.4454
node-009,2024-01-01 19:50:00,0.581,13138442.9655,0.0,1.032,130006.3489,5.1336,6165063.7469,894.4843
node-010,2024-01-01 19:50:00,1.1159,12208150.9811,0.0,0.7927,106569.1535,6.8744,6194305.6289,899.0958
node-011,2024-01-01 19:50:00,1.133,10671678.8955,0.5224,0.7438,113102.7404,10.5814,5765125.7268,884.0967
node-012,2024-01-01 19:50:00,0.1536,10820875.5944,0.0067,4.7303,133058.297,6.9108,6342233.5038,909.1048
node-013,2024-01-01 19:50:00,0.1092,11254327.9359,0.0,1.1187,116666.0509,0.1311,44893.0297,860.4032
node-014,2024-01-01 19:50:00,0.1706,13354593.1755,0.0,0.4995,99965.8006,2.989,6057865.1544,885.3756
node-015,2024-01-01 19:50:00,0.3042,11888809.3664,0.0,0.1053,141091.7098,3.9815,6379665.4526,863.4889
node-016,2024-01-01 19:50:00,0.1081,12339049.271,0.0,0.7932,120187.5753,2.9999,6172066.7553,862.6022
node-017,2024-01-01 19:50:00,1.0034,14418415.6834,1.4402,0.5189,117188.5517,5.9917,6331432.748,823.1589
node-018,2024-01-01 19:50:00,0.0802,12369556.5342,1.1591,0.7998,106321.1052,3.6354,6090409.3745,889.7447
node-019,2024-01-01 19:50:00,0.2651,12961113.1069,0.0,0.5933,120437.6642,8.1248,5870216.4601,904.589
node-020,2024-01-01 19:50:00,0.0872,11858597.4094,0.7553,0.954,135786.7491,7.0333,5723897.6992,844.8356
node-021,2024-01-01 19:50:00,0.152,11994666.9967,0.7644,1.095,116110.7752,9.9762,6371587.1912,870.8994
node-022,2024-01-01 19:50:00,0.2898,11354483.3782,0.0,0.4047,100940.1026,6.1642,5942646.0604,924.715
node-023,2024-01-01 19:50:00,0.0965,11787448.6675,0.0,0.5856,129779.7351,4.3708,5695628.8203,906.4287
node-024,2024-01-01 19:50:00,0.0,11746682.3252,1.0215,0.4104,118813.0491,3.0769,6054381.6989,897.1496
node-025,2024-01-01 19:50:00,0.0,13321069.3129,0.4424,0.5746,115975.4808,4.9948,6191757.8421,901.2188
node-026,2024-01-01 19:50:00,0.4683,12575578.5672,0.0,0.0807,114313.7968,3.1587,6088673.5451,836.7087
node-027,2024-01-01 19:50:00,1.2228,11652005.3172,0.0,0.5993,118590.6302,2.005,6255397.064,906.5258
node-028,2024-01-01 19:50:00,0.0823,13185245.011,0.6619,0.8898,172296.0014,8.9827,6365322.5012,858.7499
node-029,2024-01-01 19:50:00,0.4069,12488252.871,0.4974,0.491,112358.0276,10.862,6188330.3142,911.2186
node-030,2024-01-01 19:50:00,0.1105,12159150.54,0.0,0.5957,132280.2433,6.9255,5839079.7566,930.3553
node-031,2024-01-01 19:50:00,0.0868,28973457.8186,0.0,0.1004,0.0,0.0086,23542.4843,18.7659
node-032,2024-01-01 19:50:00,0.0838,12288917.2036,0.0,0.4381,120674.2971,8.0852,6208068.2974,894.0066
node-033,2024-01-01 19:50:00,0.1316,11478280.5215,0.2441,0.4464,92867.6242,4.0318,6027602.6302,886.1961
node-034,2024-01-01 19:50:00,0.2455,11594723.2537,0.5346,0.096,106797.5304,3.9928,6009506.0799,835.2733
node-035,2024-01-01 19:50:00,0.3572,13722826.8586,0.0,0.8705,130516.1246,4.9784,5717737.2528,872.142
node-036,2024-01-01 19:50:00,0.6791,11921102.7738,0.0,0.7106,118514.5801,8.0096,6162285.5684,889.9812
node-037,2024-01-01 19:50:00,1.6127,11664924.1009,0.0,0.5043,80743.0852,8.8785,6232097.4519,922.1798
node-038,2024-01-01 19:50:00,1.6937,11710523.9333,0.0,6.4899,137494.7471,2.0262,5958796.6996,880.2565
node-039,2024-01-01 19:50:00,0.2912,13111968.7713,0.0,0.4164,131575.0346,8.009,6173967.7972,915.3927
node-040,2024-01-01 19:50:00,0.0,13528677.9769,0.0,0.133,160399.8735,2.0099,6226397.1853,805.1186
node-041,2024-01-01 19:50:00,0.7971,12343346.9091,0.4916,0.5047,129638.1162,3.9742,6139279.8557,917.3992
node-042,2024-01-01 19:50:00,2.393,12817730.8029,0.0,0.4073,126221.5543,0.2626,6395668.5782,893.7096
node-043,2024-01-01 19:50:00,3.1962,12804098.947,0.5933,0.5793,113602.5329,8.6881,6079689.398,912.094
node-044,2024-01-01 19:50:00,0.2854,11750742.9122,0.5625,0.6249,84888.3713,5.8677,6177647.9524,860.4826
node-045,2024-01-01 19:50:00,1.3144,12124563.3668,0.0,0.5868,91194.3534,5.8876,5790614.3774,904.675
node-046,2024-01-01 19:50:00,0.3936,11405392.0606,0.0,0.4126,85989.5445,5.0405,6185106.5361,871.522
node-047,2024-01-01 19:50:00,1.077,11241955.3449,1.229,0.5022,109551.8492,2.9431,6126337.5671,858.6438
node-048,2024-01-01 19:50:00,0.8924,12012875.0423,0.8075,0.6975,107175.5148,8.8666,5712158.5108,936.0736
node-049,2024-01-01 19:50:00,0.6258,10736328.6126,0.0,0.1157,116928.1788,3.9117,5994611.9529,872.0603
node-050,2024-01-01 19:50:00,2.0892,11258758.8764,0.0,0.1974,97994.0008,4.0973,5837574.9406,849.3626
node-051,2024-01-01 19:50:00,0.1196,11362979.5966,1.2085,1.6476,136432.7965,9.0138,6120099.9124,865.7818
node-052,2024-01-01 19:50:00,0.1703,12086028.5925,0.8698,0.4947,84453.7168,2.9753,6022732.8686,900.053
node-053,2024-01-01 19:50:00,0.2257,12580176.571,0.4087,0.8572,118758.7007,10.0997,6152912.4012,918.6066
node-054,2024-01-01 19:50:00,0.1208,11285090.0907,0.0,0.944,96817.6734,6.07,6148591.9431,894.5182
node-055,2024-01-01 19:50:00,0.2133,12457436.6869,0.0,0.8462,135065.2046,3.0402,6206178.3466,915.0564
node-056,2024-01-01 19:50:00,1.7823,12543532.0069,0.357,0.5004,130736.7667,7.0455,6114235.0549,892.4301
node-057,2024-01-01 19:50:00,0.1731,10019306.0609,0.0,1.0925,84187.1467,8.0108,6355949.7829,920.4931
node-058,2024-01-01 19:50:00,0.1185,12669318.3626,0.8399,0.707,121521.0891,3.8774,5918561.5511,893.13
node-059,2024-01-01 19:50:00,1.2043,12156171.3106,0.1342,0.7009,89675.3985,6.84,5828302.9883,839.4532
node-060,2024-01-01 19:50:00,0.8957,11749557.4393,0.0,0.3233,126101.0826,3.5555,5875332.5647,900.6386
node-061,2024-01-01 19:50:00,0.485,12069152.4973,0.0,0.4503,89056.1957,7.9842,6378564.629,930.3385
node-062,2024-01-01 19:50:00,5.2598,12738643.2829,0.0,0.4806,86519.567,1.9737,5778667.1494,857.9081
node-063,2024-01-01 19:50:00,0.1687,11816452.6225,1.2637,0.8584,99181.2838,7.9328,5876997.0581,918.6558
node-064,2024-01-01 19:50:00,0.1006,11691866.1453,0.2779,0.8493,99374.9445,6.9784,6163154.327,870.9406
node-065,2024-01-01 19:50:00,2.0869,12482271.0758,0.0541,1.013,143195.9863,5.072,5840935.6544,910.4489
node-066,2024-01-01 19:50:00,1.2026,12667941.6921,0.1808,1.2075,85842.4636,8.9976,6174249.5668,918.5978
node-067,2024-01-01 19:50:00,0.1944,11556375.7288,0.0,0.9913,98396.6794,5.9916,6160661.1874,893.9378
node-068,2024-01-01 19:50:00,0.173,12475097.5094,0.466,0.7107,135908.686,0.04,5844167.4318,871.5138
node-069,2024-01-01 19:50:00,1.219,9350437.8982,14.0183,0.6076,120395.9521,2.8887,6502774.1017,917.4188
node-070,2024-01-01 19:50:00,0.1034,12007395.3936,0.0,2.2195,81291.5333,2.8808,6191433.7337,899.2446
node-071,2024-01-01 19:50:00,1.0375,11397682.3607,0.0444,0.3896,96424.8034,11.0079,6191557.356,897.7741
node-072,2024-01-01 19:50:00,0.2767,108910635.212,0.0,0.1109,109317.3839,3.0517,6125773.7989,849.119
node-073,2024-01-01 19:50:00,1.4963,11350544.8967,0.0,0.2955,108742.4753,4.9437,6118719.7245,925.1794
node-074,2024-01-01 19:50:00,0.3063,11960671.3742,0.6981,0.4226,70556.3419,5.9515,6249131.9818,892.1791
node-075,2024-01-01 19:50:00,0.4901,13593607.1727,0.0,0.4018,118163.6991,3.004,6676117.4331,842.1563
node-076,2024-01-01 19:50:00,0.004,13450418.5194,0.0,0.1815,102056.079,5.0456,6126959.6799,858.9736
node-077,2024-01-01 19:50:00,1.6042,12287787.4007,0.0,3.087,85778.5457,6.0155,6391251.0366,928.4926
node-078,2024-01-01 19:50:00,1.9072,12695714.3411,1.0829,1.6871,96059.2542,9.0869,6634405.0943,860.1724
node-079,2024-01-01 19:50:00,0.0019,12131460.2526,0.0889,1.0099,111385.5888,7.2286,6337187.609,862.8602
node-080,2024-01-01 19:50:00,0.1476,11196955.5205,0.0,0.6587,131521.5836,8.0809,5722545.2957,892.6344
node-081,2024-01-01 19:50:00,0.2822,11818003.7385,0.0,0.493,143461.3874,8.6412,6057868.9888,888.2833
node-082,2024-01-01 19:50:00,0.0,11238080.2173,0.0,0.0661,112403.9839,6.0246,6358165.0838,851.0104
node-083,2024-01-01 19:50:00,0.2925,11955009.2952,0.0,0.7088,148643.5368,5.1026,5679618.9369,860.9395
node-084,2024-01-01 19:50:00,1.0467,12139264.6048,0.0,0.7336,75064.5964,4.0515,6049179.8837,920.3798
node-085,2024-01-01 19:50:00,0.0926,12696907.3125,0.0,0.6807,118433.9178,5.0214,6144367.6973,885.7583
node-086,2024-01-01 19:50:00,0.6155,12557615.3577,0.3683,0.8155,116927.1699,5.8771,6110466.8058,900.6496
node-087,2024-01-01 19:50:00,0.2722,12647811.5932,0.0,0.5355,85201.0025,6.9818,6258264.1869,894.8208
node-088,2024-01-01 19:50:00,1.2075,11685044.3092,0.0,0.6099,115139.7671,5.9454,6229848.4443,921.9945
node-089,2024-01-01 19:50:00,3.5399,11925499.8985,0.0,0.8005,79419.1101,6.8954,5895774.8518,864.3275
node-090,2024-01-01 19:50:00,1.7298,13239975.7882,0.0,0.8613,128436.1291,3.0715,5773103.4655,859.5579
node-091,2024-01-01 19:50:00,1.0041,12238122.7623,0.1074,0.502,93164.4453,14.0051,6202870.3927,906.8809
node-092,2024-01-01 19:50:00,0.0773,12589960.7036,0.0,0.4772,69808.2813,6.1076,5899719.8702,853.4656
node-093,2024-01-01 19:50:00,0.5391,13014406.6632,1.2516,0.7015,107882.3327,8.0871,5853499.9474,933.2604
node-094,2024-01-01 19:50:00,0.0234,12530770.5861,0.7368,1.0236,94087.0775,5.9568,6179706.689,874.74
node-095,2024-01-01 19:50:00,2.953,11993349.0753,0.9378,0.8951,101332.3709,7.5811,6225561.6478,877.1474
node-096,2024-01-01 19:50:00,0.166,12804057.6778,0.0,0.4909,111031.5544,1.5982,5791776.543,886.5582
node-097,2024-01-01 19:50:00,0.6488,12412268.6025,0.0,0.9178,117023.8378,11.2688,6200944.8968,916.4555
node-098,2024-01-01 19:50:00,0.9021,12016630.8495,0.3087,0.5073,106533.3246,9.0173,6062162.4204,871.4152
node-099,2024-01-01 19:50:00,0.7468,11255487.9432,0.7324,0.4932,117746.0125,6.8788,6220910.451,872.9377
node-100,2024-01-01 19:50:00,0.7685,11638326.7705,0.0,0.7872,130245.7822,9.033,6212370.0324,928.0636
node-101,2024-01-01 19:50:00,0.1412,10361275.9275,0.0,0.1912,111430.2876,3.8603,6092875.4469,832.3295
node-102,2024-01-01 19:50:00,0.6597,12498836.4984,0.0,0.3596,80374.7265,2.0357,6289406.9097,908.9782
node-103,2024-01-01 19:50:00,0.1571,11669336.3552,0.0,0.5267,106691.2007,9.5649,6481875.5253,924.9846
node-104,2024-01-01 19:50:00,1.3344,12197170.4573,0.0,0.8403,109606.4213,10.1716,6163510.1361,898.3769
node-105,2024-01-01 19:50:00,0.1038,12634118.6932,0.6411,0.5885,120807.6957,6.9963,6066510.3709,899.6133
node-106,2024-01-01 19:50:00,0.001,11021554.8744,0.0,0.3103,114360.4214,1.9306,5872049.8462,859.5347
node-107,2024-01-01 19:50:00,0.0014,10908327.1441,0.0,0.4815,101881.0713,8.9025,6075760.5973,881.657
node-108,2024-01-01 19:50:00,1.7611,13168720.9462,0.4786,0.5876,104695.568,5.0948,6035737.9963,904.6347
node-109,2024-01-01 19:50:00,1.4131,12088292.0542,0.0551,0.5096,106925.5348,5.942,6276288.7925,906.0713
node-110,2024-01-01 19:50:00,1.9968,12108241.0071,0.0,0.3763,98617.327,8.9959,6159601.5116,906.7761
node-111,2024-01-01 19:50:00,0.184,12819079.1197,0.0,0.593,116459.4451,4.4564,6093332.5755,890.3286
node-112,2024-01-01 19:50:00,0.2037,11348041.8588,0.3897,0.517,103447.871,8.9709,6130394.1147,901.3336
node-113,2024-01-01 19:50:00,1.9784,11949972.8798,0.0,0.8894,131035.0367,6.3981,6222228.0569,915.971
node-114,2024-01-01 19:50:00,0.4463,11755046.1268,0.0,0.8555,198126.7649,6.1049,6176857.8941,897.1947
node-115,2024-01-01 19:50:00,0.3018,11851155.0808,0.0,0.5974,121813.8753,4.0608,6350426.1801,920.2008
node-116,2024-01-01 19:50:00,0.1351,11584198.1585,0.0,0.496,128680.6813,10.1495,5827288.2475,894.6463
node-117,2024-01-01 19:50:00,0.1174,9569546.6174,0.2769,0.978,104250.4801,8.0111,6146753.8791,882.1848
node-118,2024-01-01 19:50:00,0.5755,12094219.1344,0.8126,0.5824,78513.6847,0.9795,6541199.543,964.1387
node-119,2024-01-01 19:50:00,0.9822,13402316.8096,0.6671,0.5186,112354.902,1.2247,6008426.1058,856.0527
node-000,2024-01-01 19:51:00,0.2968,11525939.5802,0.0,0.8053,119145.5139,7.9289,5727105.6097,841.5786
node-001,2024-01-01 19:51:00,0.5031,11824967.621,0.0911,0.6884,106463.4475,5.8129,6066438.0728,864.2473
node-002,2024-01-01 19:51:00,1.4978,9981561.4986,0.1646,0.703,131295.5327,7.066,5909652.8368,862.5919
node-003,2024-01-01 19:51:00,0.6265,12141984.5117,0.7052,0.6113,130219.5028,12.0163,6211554.5653,944.1564
node-004,2024-01-01 19:51:00,1.719,11650448.2698,0.7535,0.9996,109442.6763,14.9457,6068353.0388,819.0141
node-005,2024-01-01 19:51:00,0.2003,8301100.0976,0.4556,0.8111,133915.6397,5.0416,6192948.7771,867.8954
node-006,2024-01-01 19:51:00,1.3892,11727853.8811,0.8138,0.1944,80327.206,3.9759,6300502.0765,799.9616
node-007,2024-01-01 19:51:00,0.504,11411885.9773,0.4885,0.5058,137259.5127,8.7607,6179438.2047,873.3298
node-008,2024-01-01 19:51:00,0.0901,11200763.1729,0.6429,0.6816,83691.8637,2.9943,5699393.3574,832.5438
node-009,2024-01-01 19:51:00,0.0924,12268132.758,1.0324,0.711,68723.8372,6.9657,6130823.4508,841.7587
node-010,2024-01-01 19:51:00,0.0177,11419289.2874,0.0,0.9014,116394.7016,5.9151,6328593.9875,913.967
node-011,2024-01-01 19:51:00,0.0106,10933035.3342,0.0,0.6069,125514.0307,10.9693,6241712.2532,837.1379
node-012,2024-01-01 19:51:00,0.0139,10636909.381,0.1554,3.7607,129903.4887,3.9866,5948866.1756,855.8428
node-013,2024-01-01 19:51:00,1.0799,11290939.7829,0.0,0.6877,153184.7913,0.0238,34234.0466,940.0277
node-014,2024-01-01 19:51:00,0.3041,12985885.2171,0.0,0.5948,88596.8037,7.936,6045424.3872,881.1833
node-015,2024-01-01 19:51:00,0.0479,11590074.6388,0.0,0.0975,128430.1319,3.971,5816543.7563,803.0978
node-016,2024-01-01 19:51:00,0.2869,11797300.221,0.5071,0.8233,119508.4844,4.0364,6227153.0469,921.1028
node-017,2024-01-01 19:51:00,0.4633,13486048.2831,1.4712,0.3904,125457.9966,8.0327,6046113.3773,890.6143
node-018,2024-01-01 19:51:00,1.2914,11475203.4842,0.0,0.7167,113784.28,5.9611,6225871.8036,872.4947
node-019,2024-01-01 19:51:00,0.373,12358385.5836,1.3018,0.6152,128639.7857,4.0959,6236675.644,840.3278
node-020,2024-01-01 19:51:00,0.2976,11148683.7784,0.0,0.5007,140272.2805,6.9285,6321316.9013,896.4291
node-021,2024-01-01 19:51:00,0.0955,11980811.0814,0.0,1.228,100335.1626,4.9723,5974665.944,863.9071
node-022,2024-01-01 19:51:00,0.8008,11399877.5907,0.4197,0.5912,100495.8051,8.0376,6263120.752,859.1574
node-023,2024-01-01 19:51:00,2.0783,11576964.787,0.8895,0.5869,107154.6942,8.9951,6252352.3468,864.8626
node-024,2024-01-01 19:51:00,0.1917,11730840.2483,0.0,0.5152,111124.2692,3.7862,6197223.1395,882.3522
node-025,2024-01-01 19:51:00,0.4966,12800301.0026,0.3703,0.4967,124314.2307,5.0028,6040532.9684,850.3855
node-026,2024-01-01 19:51:00,0.6016,11572837.0193,0.0,0.2161,143113.0935,3.0525,5968785.6483,830.1888
node-027,2024-01-01 19:51:00,0.2079,11566728.3156,0.0,0.4953,131899.8592,2.0005,6232499.7045,864.5713
node-028,2024-01-01 19:51:00,0.1112,12936618.6884,0.427,0.4772,129531.1576,5.0366,6265069.5792,910.8408
node-029,2024-01-01 19:51:00,0.692,11522561.7027,0.0,0.5816,75080.0022,9.0034,5871589.0108,840.2767
node-030,2024-01-01 19:51:00,0.0925,11683917.9095,1.2494,0.5434,114972.8948,7.041,6197462.5184,839.4382
node-031,2024-01-01 19:51:00,0.1026,28857390.3294,0.3395,0.0175,3969.4532,0.0,23045.9136,4.1727
node-032,2024-01-01 19:51:00,0.1116,11178930.0753,0.1686,1.4912,82088.2936,5.9241,6398806.6777,825.8332
node-033,2024-01-01 19:51:00,0.1134,10956094.6631,0.2788,0.6767,93954.3763,11.0613,6038973.4021,895.9318
node-034,2024-01-01 19:51:00,0.4829,11028328.1137,0.0,0.097,84324.8711,3.086,6254088.2707,806.2967
node-035,2024-01-01 19:51:00,0.9923,13077047.6011,0.0,0.5125,86084.1399,4.0819,6422554.233,938.3773
node-036,2024-01-01 19:51:00,1.4444,12293991.6754,0.0,1.0097,88014.2712,11.138,6217634.3068,878.2427
node-037,2024-01-01 19:51:00,0.8175,11309107.3075,0.0,0.7728,99277.0538,3.3941,6184358.1757,927.562
node-038,2024-01-01 19:51:00,0.6887,11360503.9778,0.0,0.7114,122777.9368,5.0137,6425585.2614,884.6035
node-039,2024-01-01 19:51:00,0.0549,12713834.9982,0.0,1.0047,116335.0877,10.0518,6153655.2014,835.9003
node-040,2024-01-01 19:51:00,0.0073,12279464.2023,0.0,0.0694,115378.5947,2.0003,6044591.1226,816.1491
node-041,2024-01-01 19:51:00,1.3419,12416942.7092,0.9931,0.6985,134358.8994,2.3656,6323055.148,923.4766
node-042,2024-01-01 19:51:00,0.0,12307925.8563,0.0,0.4898,124031.6427,1.9505,5975105.2865,856.0168
node-043,2024-01-01 19:51:00,5.3062,12656993.891,0.0,0.5786,127430.9866,4.9974,5952942.7856,864.2076
node-044,2024-01-01 19:51:00,0.7022,11367925.0082,0.0,0.5964,100554.8674,4.9784,6327203.6681,856.717
node-045,2024-01-01 19:51:00,0.3193,12105488.785,1.1612,0.6847,126753.7235,9.6962,6275735.8819,856.7618
node-046,2024-01-01 19:51:00,0.3907,11020599.8847,0.0,0.3858,121290.3375,0.8845,6194261.9733,879.2868
node-047,2024-01-01 19:51:00,0.7919,10878994.6031,0.0,0.5758,103777.5338,2.9827,5992576.1406,866.1463
node-048,2024-01-01 19:51:00,0.106,11824032.5156,0.0,0.5011,135100.0327,7.0605,6182113.6177,842.6002
node-049,2024-01-01 19:51:00,0.0065,9994799.2899,0.0,0.1846,131095.6214,5.7037,6312713.3608,815.1469
node-050,2024-01-01 19:51:00,0.0,10609341.3814,0.0,0.3214,125756.0547,4.8396,6189368.6529,794.4951
node-051,2024-01-01 19:51:00,0.0884,11153235.645,0.0,1.0997,127340.3719,8.9832,6264173.8498,862.3762
node-052,2024-01-01 19:51:00,0.0949,11389329.836,0.3489,0.6927,116657.5546,3.0563,5996229.7444,864.7921
node-053,2024-01-01 19:51:00,0.2181,11936041.1671,0.2712,0.4181,108191.8592,6.9485,5941147.633,858.1544
node-054,2024-01-01 19:51:00,0.0,10915693.8673,0.0,0.6209,146385.7914,7.977,6264876.1506,920.1423
node-055,2024-01-01 19:51:00,0.1883,12402195.2677,0.6717,0.8125,105332.0191,2.9818,6229184.3345,912.8908
node-056,2024-01-01 19:51:00,1.4212,11765018.5131,0.0,0.7092,103928.4604,6.9497,6180137.4343,820.0009
node-057,2024-01-01 19:51:00,1.4092,9879411.9648,0.0,1.2015,119127.575,3.9891,5823325.9888,843.3115
node-058,2024-01-01 19:51:00,0.0172,12316264.8884,0.0,0.7916,137046.1356,5.9448,6184503.4449,866.4308
node-059,2024-01-01 19:51:00,0.0093,11969764.993,0.0242,0.5929,129994.1966,5.901,6444102.6529,880.1142
node-060,2024-01-01 19:51:00,1.4253,11537725.8341,0.0,1.0006,129416.8283,4.0216,6220052.5905,869.0445
node-061,2024-01-01 19:51:00,0.0979,11622562.826,0.887,1.4032,94562.7501,7.9906,6090536.5752,925.3906
node-062,2024-01-01 19:51:00,1.9593,12289904.6603,0.0299,0.4884,76249.7862,2.9839,6149293.6345,957.1822
node-063,2024-01-01 19:51:00,0.1681,11535901.5981,0.3943,0.5881,109864.213,7.0448,6172555.9282,847.0662
node-064,2024-01-01 19:51:00,0.0762,11130382.1989,0.3411,0.5951,122080.0253,2.9928,6372824.5133,937.4184
node-065,2024-01-01 19:51:00,0.0006,11793048.2628,0.0,1.009,118826.7217,7.6194,6255524.3386,854.7031
node-066,2024-01-01 19:51:00,0.1133,12121967.9468,0.0,0.5892,115188.5481,10.8257,5877000.0442,860.6629
node-067,2024-01-01 19:51:00,0.3114,11080750.2109,0.2075,0.5974,110027.8818,5.9813,5851453.0899,874.0023
node-068,2024-01-01 19:51:00,0.7939,11973632.6459,0.0,1.0021,127002.9713,4.1638,6265901.177,864.833
node-069,2024-01-01 19:51:00,0.4058,9727477.5653,15.1403,0.7021,113696.0777,2.9489,6140649.6185,949.9428
node-070,2024-01-01 19:51:00,1.0072,12079699.6082,0.3591,0.6136,109257.8365,6.7469,6228393.9348,803.4075
node-071,2024-01-01 19:51:00,0.7097,11143656.91,0.5075,0.9007,112407.1347,7.9325,6225861.179,830.2035
node-072,2024-01-01 19:51:00,0.3797,108427045.0597,0.0,0.086,108511.4287,3.1266,6031962.7809,865.5864
node-073,2024-01-01 19:51:00,0.0768,11003972.2262,1.1502,0.5041,125753.9124,4.0014,6144259.3801,838.2923
node-074,2024-01-01 19:51:00,0.1192,11476793.2096,0.0,0.45,127078.0594,5.9892,5928814.6627,887.8192
node-075,2024-01-01 19:51:00,1.3839,12949606.4627,0.199,0.5247,134005.8346,7.0027,6400011.8836,948.8741
node-076,2024-01-01 19:51:00,0.0,12409032.5504,0.0,0.1961,109559.2681,4.0626,5655495.3946,780.0276
node-077,2024-01-01 19:51:00,0.1845,11260556.9471,0.4388,3.1046,125989.9674,7.8772,6214114.6561,847.0648
node-078,2024-01-01 19:51:00,0.8168,12511057.4379,0.2107,0.6011,101381.3633,0.883,5891223.1599,864.4597
node-079,2024-01-01 19:51:00,0.9114,11703418.4668,0.6731,0.7986,77980.0611,7.9667,6229239.6121,840.1707
node-080,2024-01-01 19:51:00,0.0873,11411818.0897,0.1619,0.7071,109496.5056,2.9466,6209541.1692,820.2341
node-081,2024-01-01 19:51:00,0.3152,11149212.8807,0.1031,0.5068,144753.3871,11.0145,6173925.5959,857.2662
node-082,2024-01-01 19:51:00,0.0,10566928.2059,1.7429,0.1071,112427.1371,7.0223,6323552.1032,781.8671
node-083,2024-01-01 19:51:00,0.1665,11707204.0613,0.0,0.6894,114675.22,5.0714,6163964.0989,901.9468
node-084,2024-01-01 19:51:00,0.1986,12265538.4055,0.6918,1.1683,126278.7117,4.9793,5990053.5551,901.2552
node-085,2024-01-01 19:51:00,0.1061,12155580.657,0.5998,0.6866,109016.0999,6.0038,6164995.1604,851.5165
node-086,2024-01-01 19:51:00,0.6192,12196701.4915,1.224,0.6645,67592.7906,5.0207,6214183.1759,856.198
node-087,2024-01-01 19:51:00,0.1698,12067851.7915,0.8483,0.9541,97316.381,7.0143,6205614.2791,853.7354
node-088,2024-01-01 19:51:00,2.1936,11215972.0788,0.1039,0.6047,100035.7847,10.0414,5775627.6073,851.6102
node-089,2024-01-01 19:51:00,0.1224,11266843.4438,0.0108,1.0005,168870.3351,9.0371,6417081.03,911.7761
node-090,2024-01-01 19:51:00,0.1839,13028581.7322,0.0,0.5141,157234.1305,4.0088,6311069.9916,922.2698
node-091,2024-01-01 19:51:00,1.0243,11434322.6677,0.4261,0.4667,116288.4039,12.0158,6070526.9065,904.8686
node-092,2024-01-01 19:51:00,0.673,12378304.9933,0.0,0.4121,108560.952,6.1089,6382603.9455,931.7474
node-093,2024-01-01 19:51:00,0.668,12587058.6701,0.0,0.9121,120482.1877,3.9922,6233563.3524,847.1229
node-094,2024-01-01 19:51:00,0.0938,12027493.986,0.2544,0.929,106406.4127,5.0751,6106850.1636,876.8311
node-095,2024-01-01 19:51:00,2.7213,11290039.3184,0.0,1.2578,126442.8602,7.0079,6401894.5129,883.0852
node-096,2024-01-01 19:51:00,0.4347,12855834.0029,0.2665,0.3902,108585.2276,3.0186,6075587.5166,925.8461
node-097,2024-01-01 19:51:00,0.5296,12234935.6543,0.1659,0.9034,80094.6394,14.0369,5741077.5124,854.3689
node-098,2024-01-01 19:51:00,0.1034,12108362.8885,0.0,0.8076,121303.3614,12.0408,6010262.0535,881.4493
node-099,2024-01-01 19:51:00,0.38,11044210.9848,0.2745,0.5177,115643.0553,6.1623,6120114.8145,845.4657
node-100,2024-01-01 19:51:00,0.7922,11819234.2013,0.592,0.8027,118481.513,3.3187,5867704.7103,849.5759
node-101,2024-01-01 19:51:00,0.2145,9910649.2424,0.5118,0.0891,78001.1688,4.0459,5913774.8535,831.4149
node-102,2024-01-01 19:51:00,5.6211,11746457.9614,0.0,1.2021,118508.3389,4.0334,6364218.0705,848.1986
node-103,2024-01-01 19:51:00,0.3664,11243704.8505,0.0,0.2793,101464.1757,9.9089,6098192.566,872.7605
node-104,2024-01-01 19:51:00,0.1985,12249623.8939,0.0,0.5135,121204.3883,10.0367,5799313.5453,835.1271
node-105,2024-01-01 19:51:00,0.015,12238890.7828,0.1985,1.1997,132387.9702,3.9186,6137615.0963,915.5937
node-106,2024-01-01 19:51:00,0.2662,11316088.2326,0.0485,0.1922,101046.069,1.1539,6153877.2283,812.711
node-107,2024-01-01 19:51:00,0.1009,10505278.7091,0.4973,0.5863,108455.7731,9.0273,5940726.4952,872.0697
node-108,2024-01-01 19:51:00,0.7069,12580842.7181,0.0,0.5973,68502.3494,4.9505,5925157.9014,861.8486
node-109,2024-01-01 19:51:00,0.2145,11299798.7331,0.3787,0.298,106152.136,9.0766,5764221.5505,835.4632
node-110,2024-01-01 19:51:00,0.3019,11284518.7231,0.1347,0.2862,109755.3516,1.561,5743168.895,853.2094
node-111,2024-01-01 19:51:00,0.0757,12333763.4843,0.0,0.9179,115763.763,4.0063,6039468.2184,882.5231
node-112,2024-01-01 19:51:00,0.6949,10911541.1371,0.0,0.2951,93895.8744,4.2582,5768190.2883,852.685
node-113,2024-01-01 19:51:00,2.3002,11113182.7807,0.0,0.7008,80429.3627,12.9989,5975245.0231,827.4119
node-114,2024-01-01 19:51:00,0.477,11283682.4123,0.0742,0.9244,145314.9288,5.9413,5949760.7776,851.3224
node-115,2024-01-01 19:51:00,0.1041,11346502.5932,0.3228,0.607,123122.5099,6.9424,5882380.7453,858.5122
node-116,2024-01-01 19:51:00,0.0884,11668423.2361,0.0,1.3109,131025.035,3.9215,6094892.2836,812.3424
node-117,2024-01-01 19:51:00,0.0836,9586658.6435,0.2449,0.8988,121356.8251,8.0382,6284876.6074,858.1134
node-118,2024-01-01 19:51:00,0.0891,11570935.1473,0.0,0.5908,83733.7324,12.9445,6852387.1805,981.6416
node-119,2024-01-01 19:51:00,0.1757,12793077.3361,0.912,0.9791,105346.872,2.9582,6221013.2324,817.0571
node-000,2024-01-01 19:52:00,0.4858,11589634.5939,0.0,0.7918,159840.8186,14.6374,6121274.3213,874.353
node-001,2024-01-01 19:52:00,2.3197,10966827.3891,0.0,0.6562,101286.2713,5.0356,6071295.4361,885.1948
node-002,2024-01-01 19:52:00,0.0103,9794350.8169,0.0,0.6649,120580.3127,7.956,6042833.523,945.3514
node-003,2024-01-01 19:52:00,0.5683,11699475.2375,0.0,0.7236,128010.0669,11.8852,6242521.5173,902.6094
node-004,2024-01-01 19:52:00,1.2933,11082422.4538,0.0,0.8826,114323.4187,11.0235,6097146.5108,894.5711
node-005,2024-01-01 19:52:00,1.2652,8602103.698,0.0,0.789,75531.8325,4.9596,6192254.628,873.2923
node-006,2024-01-01 19:52:00,0.0,11643301.6494,0.4778,0.118,124284.557,1.0664,5855713.2327,857.9247
node-007,2024-01-01 19:52:00,0.4836,10808980.7063,0.1746,0.5993,157667.9045,8.9871,6195455.1086,919.5883
node-008,2024-01-01 19:52:00,0.0,10703030.2423,0.5918,0.3745,82072.0404,2.9367,6147500.6013,844.0893
node-009,2024-01-01 19:52:00,0.0,11686333.5352,0.9052,0.6824,131913.4651,8.9257,6099102.2428,890.1791
node-010,2024-01-01 19:52:00,0.1139,11231128.9935,0.9049,1.8778,135962.9901,6.0008,6183768.7738,927.6338
node-011,2024-01-01 19:52:00,0.0868,10367740.2528,0.0,0.4879,106205.4977,5.9362,6181371.1028,911.5584
node-012,2024-01-01 19:52:00,0.4073,10382627.3616,0.5239,0.6376,118081.0857,3.9888,6064605.866,915.5696
node-013,2024-01-01 19:52:00,0.0954,11076875.4611,0.0,0.6893,106515.8587,0.0021,0.0,913.3877
node-014,2024-01-01 19:52:00,0.1305,12453074.9967,0.0,0.7074,132107.6158,8.0115,6424957.63,900.2597
node-015,2024-01-01 19:52:00,0.0047,11065423.0284,0.0,0.1858,101673.6053,4.0169,6123676.7649,838.7783
node-016,2024-01-01 19:52:00,0.1247,10838633.1302,0.0778,0.6869,124105.7391,4.9443,5945396.7476,907.1486
node-017,2024-01-01 19:52:00,2.8834,13420722.892,0.0,0.4996,175853.8858,10.03,5920448.2059,872.6805
node-018,2024-01-01 19:52:00,0.3126,11016794.7875,0.0,0.8146,102855.2109,9.0007,6165178.1127,913.8264
node-019,2024-01-01 19:52:00,0.4057,12047035.0366,0.0,0.6949,97480.2776,9.1104,6272682.5672,904.0655
node-020,2024-01-01 19:52:00,0.1867,11148306.1793,0.3032,0.6691,156388.3388,6.9548,6117544.3123,878.8609
node-021,2024-01-01 19:52:00,0.3075,11205732.3317,0.4109,1.2195,123045.4043,5.9453,6017787.6015,876.8306
node-022,2024-01-01 19:52:00,0.7991,11667784.3927,0.0,0.6002,75447.8797,3.1547,6240268.2196,893.4843
node-023,2024-01-01 19:52:00,2.2975,10811842.7528,0.2734,0.6042,112116.3109,8.1125,6289113.1848,940.5135
node-024,2024-01-01 19:52:00,0.4782,11397346.4216,0.0,0.5894,86831.4401,7.9193,6236450.3539,927.487
node-025,2024-01-01 19:52:00,0.2256,12153440.4202,0.6423,0.8924,148671.6793,6.0512,5995408.8338,923.7663
node-026,2024-01-01 19:52:00,0.5853,11576378.9142,0.3678,0.086,118568.1242,2.9521,5985161.4326,795.5279
node-027,2024-01-01 19:52:00,0.7063,11012804.7673,0.0,0.4901,145156.9729,6.8781,5996672.3192,942.424
node-028,2024-01-01 19:52:00,0.1099,12395010.4123,0.0,0.5097,104581.6531,9.0034,6049801.1662,899.6325
node-029,2024-01-01 19:52:00,0.1969,11767449.2357,0.0,0.6186,108077.3537,6.1055,6159609.8069,893.9451
node-030,2024-01-01 19:52:00,0.301,11258038.3248,0.0,0.6192,105478.6381,9.0529,6200636.5617,919.8215
node-031,2024-01-01 19:52:00,0.0199,28968336.8608,0.3567,0.1779,5773.2784,0.0,18605.2079,0.3311
node-032,2024-01-01 19:52:00,0.0869,11025824.4973,0.2821,0.871,105267.8572,8.8245,6120054.4855,896.703
node-033,2024-01-01 19:52:00,0.1026,10805151.836,0.3595,0.9108,95594.1443,10.9342,6365986.955,926.8536
node-034,2024-01-01 19:52:00,0.0354,10503593.019,0.0,0.1807,117320.6387,3.0545,6134582.1705,819.0272
node-035,2024-01-01 19:52:00,0.1095,13151809.3687,0.7872,0.6169,143527.0357,7.0045,6280386.7794,917.3709
node-036,2024-01-01 19:52:00,0.1048,11517755.0554,0.0,2.2965,98198.5626,13.9545,6312137.7134,913.5817
node-037,2024-01-01 19:52:00,0.2006,11436074.8906,0.0,0.3898,132048.8726,3.0017,6185575.7421,893.1144
node-038,2024-01-01 19:52:00,0.799,10668231.4673,0.0,0.4252,117824.5837,4.875,6022800.1863,916.168
node-039,2024-01-01 19:52:00,0.2035,12201027.6107,0.2833,0.3898,121579.6358,3.9689,6105324.9787,896.2139
node-040,2024-01-01 19:52:00,0.5933,11942140.3719,0.4798,0.1194,125823.455,1.9651,6305879.1994,825.167
node-041,2024-01-01 19:52:00,0.294,11830096.5773,0.0,0.6944,110422.3764,1.1322,5954032.5909,873.045
node-042,2024-01-01 19:52:00,0.2136,12139413.1637,0.0,0.4924,121196.5987,5.0004,5946588.8142,891.2657
node-043,2024-01-01 19:52:00,0.2091,12334307.9454,0.4436,0.725,84525.8807,7.2193,6368896.563,913.9373
node-044,2024-01-01 19:52:00,0.6817,10758053.5806,0.0724,0.9037,102621.839,9.9842,6163604.6165,925.5535
node-045,2024-01-01 19:52:00,0.6744,11173741.7419,0.0,0.7761,102361.0108,10.0921,6259664.0186,902.7094
node-046,2024-01-01 19:52:00,0.4081,10244942.0083,0.0305,0.4066,130665.6217,10.9297,5930173.5221,917.7749
node-047,2024-01-01 19:52:00,1.514,10326723.9623,0.0,0.5273,92286.3685,9.0404,6114659.8467,904.7764
node-048,2024-01-01 19:52:00,0.4873,11376488.435,0.0,0.51,106920.9032,3.9671,6155568.2334,896.601
node-049,2024-01-01 19:52:00,0.0,9929178.6294,1.1174,0.1835,93367.7347,5.9881,6088156.0307,858.4902
node-050,2024-01-01 19:52:00,0.0867,10979754.6711,0.134,0.096,103365.6151,4.9595,6381600.1647,831.8651
node-051,2024-01-01 19:52:00,0.0,10594178.1777,0.61,1.1924,123562.4596,9.1565,6160049.6571,914.7187
node-052,2024-01-01 19:52:00,0.2205,11881213.8586,0.0,0.7071,113082.9139,6.9751,6072969.2026,904.9952
node-053,2024-01-01 19:52:00,0.3688,11439610.066,0.0,0.8433,112810.7518,8.8486,6111538.0735,890.2648
node-054,2024-01-01 19:52:00,1.0995,10333966.6597,0.0,0.695,121468.7575,7.9109,6145928.9654,904.1447
node-055,2024-01-01 19:52:00,0.2051,12074152.8876,0.4006,0.6134,112978.3595,3.0402,6115519.6565,919.8253
node-056,2024-01-01 19:52:00,1.682,11470553.2036,0.0,0.7084,89030.1774,8.0026,5838971.187,854.4026
node-057,2024-01-01 19:52:00,0.0917,9499322.2767,0.1872,0.886,121085.1072,3.9398,6076097.3903,931.9779
node-058,2024-01-01 19:52:00,0.1016,11966242.1195,0.3942,0.8865,130183.0186,8.8333,6371498.4552,890.3507
node-059,2024-01-01 19:52:00,0.0926,12072752.6129,0.0,0.5171,131488.4478,7.9082,6237284.8356,886.1768
node-060,2024-01-01 19:52:00,0.0955,11305573.9301,0.0,0.9962,71359.9366,7.9864,6214253.8875,919.5866
node-061,2024-01-01 19:52:00,0.7815,11055975.7513,0.4573,0.7078,130785.1376,12.0216,6198682.2882,903.4182
node-062,2024-01-01 19:52:00,1.4866,11800832.5942,0.0,0.7899,130618.7339,12.1154,6299037.3532,906.826
node-063,2024-01-01 19:52:00,1.3222,11170474.8766,0.0,0.731,103249.7253,9.9345,6232010.8745,873.8929
node-064,2024-01-01 19:52:00,0.0,10676879.5532,0.824,0.6124,135318.6645,3.0682,6199154.7703,933.2938
node-065,2024-01-01 19:52:00,0.1105,11508091.6205,0.6381,0.7032,126866.8404,8.0314,6227883.8123,926.1792
node-066,2024-01-01 19:52:00,0.085,11770969.7638,0.0,0.4689,116982.8147,11.0017,6237175.6693,908.9023
node-067,2024-01-01 19:52:00,0.1095,10301788.3993,0.0078,0.6132,139841.611,10.0646,6188644.8364,917.2989
node-068,2024-01-01 19:52:00,1.3076,12169287.1179,0.0,0.8726,105739.3118,7.9985,6243994.7813,862.0614
node-069,2024-01-01 19:52:00,0.0,9561495.0872,13.4124,0.8163,128366.3278,8.0151,6201122.9967,924.8416
node-070,2024-01-01 19:52:00,0.6016,10988735.1784,0.4496,0.6353,115260.7971,10.0076,6016381.8081,892.4369
node-071,2024-01-01 19:52:00,0.1942,11300061.1656,0.0,0.69,77103.1556,6.9014,6034648.5465,918.1802
node-072,2024-01-01 19:52:00,0.0,107939631.9585,0.0,0.1841,110314.2539,4.9292,6327166.7654,818.6317
node-073,2024-01-01 19:52:00,0.2001,10362938.5081,0.0,0.6039,141621.9312,4.0172,6085153.0167,920.2932
node-074,2024-01-01 19:52:00,0.3128,11176766.2483,0.6091,0.5021,126397.0399,7.9946,5948178.2589,877.7078
node-075,2024-01-01 19:52:00,0.0937,12263751.9595,0.0,0.5308,101649.8705,7.9267,6157982.5185,920.4203
node-076,2024-01-01 19:52:00,0.1907,12164396.0896,0.5634,0.1011,117047.9605,3.9031,6001639.9123,888.082
node-077,2024-01-01 19:52:00,0.2159,10868301.4462,0.0,0.6606,146367.3104,7.9918,6154927.9742,862.9524
node-078,2024-01-01 19:52:00,0.1928,12102115.4167,0.0,0.753,114409.76,0.0,6030019.4311,891.8585
node-079,2024-01-01 19:52:00,0.4023,11447306.4242,0.0,0.8007,129433.2355,13.9846,5922313.0507,868.7456
node-080,2024-01-01 19:52:00,0.9799,10923139.7703,0.0,0.7129,116857.3998,9.4822,6249059.5242,879.8781
node-081,2024-01-01 19:52:00,0.3012,10875369.5328,0.1547,0.4953,146153.0616,6.9112,6251846.2807,915.9113
node-082,2024-01-01 19:52:00,0.0385,10573185.1879,0.5247,0.1805,122475.2925,3.9907,5979365.1428,822.2793
node-083,2024-01-01 19:52:00,0.0954,11269849.8087,0.0,0.7025,121091.6585,9.1187,6275856.9057,871.7481
node-084,2024-01-01 19:52:00,0.4889,11737335.4993,0.0,0.8665,126275.5778,5.0811,6381442.1394,908.3624
node-085,2024-01-01 19:52:00,0.0873,11419656.7929,0.0,0.7976,62896.1216,8.0673,5794891.2178,897.3258
node-086,2024-01-01 19:52:00,0.3983,11777413.6483,0.0,0.7193,106507.5572,5.8719,5894101.4677,888.5235
node-087,2024-01-01 19:52:00,0.0921,12168428.3029,0.8407,0.9102,120411.0877,4.9397,6244910.0846,905.9706
node-088,2024-01-01 19:52:00,0.1698,10760281.8677,0.6788,0.9949,147365.9429,10.024,6250360.9233,912.6732
node-089,2024-01-01 19:52:00,0.1005,11194987.6306,0.3315,1.7769,120509.7603,9.0885,6130832.6943,921.103
node-090,2024-01-01 19:52:00,0.0767,12599585.4318,0.0,0.6444,133103.387,2.0557,6254595.1725,908.6666
node-091,2024-01-01 19:52:00,0.135,11630125.3411,0.0098,0.7783,106901.6142,11.8639,6077534.0171,883.1873
node-092,2024-01-01 19:52:00,0.2364,11734275.1684,0.0,0.6066,120397.0147,5.9873,6157875.1704,917.4374
node-093,2024-01-01 19:52:00,0.0,12178492.4066,0.3943,0.6026,139980.4391,3.9441,6191935.9233,935.6689
node-094,2024-01-01 19:52:00,0.4253,11468302.3397,0.0397,0.9695,127875.5218,3.9945,6037270.2948,918.9502
node-095,2024-01-01 19:52:00,1.1379,10386582.1002,0.0,1.3129,123135.4501,10.1053,5955498.103,925.977
node-096,2024-01-01 19:52:00,0.2081,12325903.5364,0.0,0.6868,100594.4523,6.9362,6335433.9793,897.9453
node-097,2024-01-01 19:52:00,0.4829,11701201.5377,0.0,0.9021,83438.4799,7.1488,6027059.511,885.9662
node-098,2024-01-01 19:52:00,1.5076,10768066.6927,0.0,1.0202,113610.9638,11.9325,6524542.0973,885.9854
node-099,2024-01-01 19:52:00,0.3743,10802833.1555,0.3644,0.7886,98205.6866,15.2896,6085762.3086,889.4543
node-100,2024-01-01 19:52:00,0.0949,11317830.4415,0.0,0.4289,120263.8567,3.0343,6290703.3883,915.5684
node-101,2024-01-01 19:52:00,0.4089,9783989.6424,0.4649,0.1173,107592.7471,4.8718,6343051.9628,851.5357
node-102,2024-01-01 19:52:00,0.2137,11998808.8657,0.493,1.2103,115795.3419,10.87,6182567.51,941.017
node-103,2024-01-01 19:52:00,0.2643,10546684.499,0.4154,0.4195,82258.2177,9.0234,6167489.04,872.4231
node-104,2024-01-01 19:52:00,0.0845,11379449.6043,0.0,1.0012,180919.8587,5.0133,6178435.3039,909.6565
node-105,2024-01-01 19:52:00,0.1375,11478092.0661,0.0,0.8666,151538.9285,8.1306,6021596.5565,919.4772
node-106,2024-01-01 19:52:00,0.5094,11093707.8745,0.0,0.1116,129149.2138,0.9584,6007614.397,839.1088
node-107,2024-01-01 19:52:00,0.1092,10209414.6451,0.0,0.6074,118708.5437,6.9571,6186980.8631,902.8148
node-108,2024-01-01 19:52:00,0.3068,12488761.7507,0.4382,0.7156,136817.1677,7.9907,5983193.9506,910.4958
node-109,2024-01-01 19:52:00,0.1172,11254402.4241,1.0032,0.6641,75820.4042,3.9895,6145970.7495,898.4806
node-110,2024-01-01 19:52:00,0.1142,10638206.8001,0.0421,0.5917,124481.8873,1.0349,6155840.0755,873.2965
node-111,2024-01-01 19:52:00,0.1025,11917791.9111,0.0,0.7928,107310.5412,5.0769,6331218.2425,918.3016
node-112,2024-01-01 19:52:00,0.2099,10355344.0807,0.5965,0.5931,129222.3209,4.1029,6196113.0585,935.2062
node-113,2024-01-01 19:52:00,0.1228,11340514.5488,0.3001,0.6278,101880.4478,5.9531,6041485.464,889.3942
node-114,2024-01-01 19:52:00,0.1048,11036442.0363,0.0,0.5815,148917.6862,9.009,6222954.4776,908.4896
node-115,2024-01-01 19:52:00,0.1072,11185658.4305,0.0,0.8834,119388.9256,5.9652,6195359.6299,917.7813
node-116,2024-01-01 19:52:00,0.1116,10983159.1977,0.0695,0.6028,119311.8387,3.9838,6100893.5601,893.7653
node-117,2024-01-01 19:52:00,0.2794,9732588.6772,0.786,0.7958,120535.3431,7.9701,6215095.108,924.5514
node-118,2024-01-01 19:52:00,0.3022,10799762.3984,1.0516,0.7094,118666.8482,13.0437,6128452.6538,903.798
node-119,2024-01-01 19:52:00,0.9069,12557708.139,0.0,0.6343,97290.1669,7.0721,5996959.7945,918.3673
node-000,2024-01-01 19:53:00,0.397,10932857.5579,0.0,0.6422,172080.5773,15.0295,5869389.8148,925.1573
node-001,2024-01-01 19:53:00,1.0357,10887014.1523,0.0,0.6063,153064.5974,8.9777,6181239.8452,878.9912
node-002,2024-01-01 19:53:00,1.0145,9005943.574,0.0,0.6987,126417.3843,8.0104,6140925.0592,930.6958
node-003,2024-01-01 19:53:00,0.0,11199762.7558,0.0,0.5156,124241.3686,5.0247,5978347.3078,924.521
node-004,2024-01-01 19:53:00,1.2968,10868738.3968,0.0,0.9046,128181.8567,10.9346,6017377.3193,952.2332
node-005,2024-01-01 19:53:00,0.0887,8470316.6797,0.366,0.6043,122451.6335,6.946,6081416.6389,870.6595
node-006,2024-01-01 19:53:00,0.015,11010776.1501,0.0561,0.0962,127431.3325,0.966,6060486.0876,899.9716
node-007,2024-01-01 19:53:00,1.2048,11053476.5792,1.2788,0.5024,142506.6205,4.9868,5966161.615,940.8991
node-008,2024-01-01 19:53:00,0.0,10605819.517,0.0,0.5417,132505.2642,6.979,6057428.0022,928.4252
node-009,2024-01-01 19:53:00,1.0999,11355651.4951,0.0951,0.7138,118501.6087,9.0801,6191765.9476,934.9792
node-010,2024-01-01 19:53:00,0.0,10783243.4923,0.0,1.175,106868.7767,7.8897,6214283.5749,928.3915
node-011,2024-01-01 19:53:00,0.5074,9852441.0306,0.1767,0.6208,117640.4833,9.9128,5773731.3762,906.8052
node-012,2024-01-01 19:53:00,0.2924,9725967.337,0.0,0.5852,107133.5423,5.9941,6177002.5414,932.6307
node-013,2024-01-01 19:53:00,0.4282,10285656.2014,0.9585,0.4811,152970.1955,0.0042,0.0,955.6775
node-014,2024-01-01 19:53:00,0.0827,12442065.1741,0.0,0.6932,109129.4878,6.9996,5946983.5228,938.5653
node-015,2024-01-01 19:53:00,0.0941,10826732.6894,0.5848,0.0881,103991.0364,4.0395,6085898.1177,852.3719
node-016,2024-01-01 19:53:00,0.0821,11025814.5801,0.0,0.6901,114443.1604,10.0635,6006634.9083,923.658
node-017,2024-01-01 19:53:00,1.2305,12805122.2658,0.0,0.5664,129751.5486,9.9885,6259003.6885,890.501
node-018,2024-01-01 19:53:00,0.0,11596278.8487,0.619,0.8054,115677.2966,8.9966,6180992.3919,955.0548
node-019,2024-01-01 19:53:00,0.4204,11901088.6536,0.0,0.6317,126015.0387,8.9083,5984269.9828,877.0915
node-020,2024-01-01 19:53:00,0.0964,10602486.9352,0.318,1.0904,159415.0588,9.1893,6312564.4679,930.0629
node-021,2024-01-01 19:53:00,0.1051,11113813.3969,0.6139,1.071,123689.3706,6.0784,6257979.5098,903.1852
node-022,2024-01-01 19:53:00,0.0919,10688365.5775,0.2754,0.6773,117432.3925,7.9108,5925092.308,945.1543
node-023,2024-01-01 19:53:00,0.0686,10918039.4514,1.1997,0.6041,100820.5274,0.5111,5925284.1141,935.0136
node-024,2024-01-01 19:53:00,0.499,10905280.089,0.3868,0.6772,99348.0471,8.8743,6215840.1305,945.1964
node-025,2024-01-01 19:53:00,0.1155,12183232.3675,0.0,0.7893,131233.9862,6.1239,6062482.5118,932.0113
node-026,2024-01-01 19:53:00,0.0,11094625.8024,0.3854,0.0937,119396.3539,3.0071,5893490.1551,895.3347
node-027,2024-01-01 19:53:00,0.1108,10628188.6106,1.2764,0.6841,105395.0403,3.9369,6336895.5142,937.0522
node-028,2024-01-01 19:53:00,0.1923,12218892.5992,0.1833,0.5133,110369.6125,8.991,6035351.7504,945.8586
node-029,2024-01-01 19:53:00,0.0028,11150687.0451,1.5171,0.5743,96673.4395,5.862,5874516.3326,932.9556
node-030,2024-01-01 19:53:00,1.024,10771739.3389,1.2821,0.7226,112405.1066,9.0942,5930140.4984,949.5722
node-031,2024-01-01 19:53:00,0.0,29024278.2047,0.0,0.1859,1111.9308,0.0,37815.0987,0.0
node-032,2024-01-01 19:53:00,0.1059,10444380.8284,0.0,0.7983,116227.9951,8.9359,5793823.3108,949.9682
node-033,2024-01-01 19:53:00,0.3796,10405985.7874,0.0,0.7446,122480.7743,7.9669,5904044.256,943.3619
node-034,2024-01-01 19:53:00,0.0016,10343938.2695,0.038,0.133,117060.5113,3.882,5853131.575,894.768
node-035,2024-01-01 19:53:00,0.7826,12684927.7587,0.0,0.4743,128929.94,6.8569,6178104.9916,919.6848
node-036,2024-01-01 19:53:00,0.2793,11135276.7817,0.0,1.3299,118796.7244,9.6139,6326808.3596,922.8611
node-037,2024-01-01 19:53:00,0.1874,10832578.2972,0.8172,0.3782,107592.1138,4.9131,6339024.0583,960.564
node-038,2024-01-01 19:53:00,0.1155,10883800.3635,0.0,0.8833,130531.9347,5.0234,6059229.5827,920.8432
node-039,2024-01-01 19:53:00,0.0,11851780.1412,0.0781,0.3804,69877.3413,7.7175,5780398.0668,935.1822
node-040,2024-01-01 19:53:00,0.3918,11338671.4743,0.0002,0.103,149294.9001,5.942,5990938.2817,866.9699
node-041,2024-01-01 19:53:00,0.3045,11291738.7959,0.0,0.6766,104465.2197,11.9658,6108226.3945,888.3192
node-042,2024-01-01 19:53:00,0.0389,11398675.2393,0.0,0.4087,127610.535,6.7911,6329899.558,929.7236
node-043,2024-01-01 19:53:00,0.2163,11972385.2585,0.2212,0.4408,123182.6288,6.1565,6172269.8137,939.1883
node-044,2024-01-01 19:53:00,0.0874,10400161.3608,0.2763,0.8198,132247.4174,17.7406,6033098.5676,931.784
node-045,2024-01-01 19:53:00,0.0,10730261.8859,0.0,1.0834,135283.0494,5.8358,5927823.0034,918.6845
node-046,2024-01-01 19:53:00,0.3666,10292363.6399,0.4427,0.7467,136971.5136,8.2118,5896847.6166,938.5653
node-047,2024-01-01 19:53:00,0.4097,9804431.3681,0.643,0.6107,119048.8923,8.9979,6144084.2749,932.0714
node-048,2024-01-01 19:53:00,0.1568,11437852.9213,0.0,0.4135,129931.1919,6.8629,6067259.9232,848.6871
node-049,2024-01-01 19:53:00,0.0143,9442842.3261,0.0,0.099,76945.1086,3.0608,5908384.9027,860.3295
node-050,2024-01-01 19:53:00,0.0,9884180.9339,0.0,0.0814,77036.7834,5.1143,5898467.6719,879.3876
node-051,2024-01-01 19:53:00,0.0145,10484740.7879,0.0,1.2048,163782.7832,5.8531,6239145.1687,937.5628
node-052,2024-01-01 19:53:00,0.1019,10966022.2365,0.0,0.2825,133779.4415,5.9486,6288863.7434,927.3409
node-053,2024-01-01 19:53:00,0.2138,11023213.5815,0.0,0.9465,125914.6841,9.0401,5832163.7798,908.3983
node-054,2024-01-01 19:53:00,0.1305,9978574.3647,0.1461,0.6804,128145.6827,5.1137,6215708.1379,937.6439
node-055,2024-01-01 19:53:00,0.2036,11254667.7966,0.0,0.6968,117515.0149,7.9138,6321611.2238,958.5118
node-056,2024-01-01 19:53:00,1.6844,11302763.9451,0.0,4.5877,114843.3754,5.0521,5970988.6071,871.0454
node-057,2024-01-01 19:53:00,0.0021,8958042.5615,0.0,0.8919,117661.0168,6.9946,6194314.0016,922.6503
node-058,2024-01-01 19:53:00,0.1214,11117737.2897,0.67,1.0047,121060.0613,8.9449,6171522.1176,897.2086
node-059,2024-01-01 19:53:00,0.0919,11611715.1162,0.2191,0.717,119921.0477,6.3337,6205727.6967,879.5963
node-060,2024-01-01 19:53:00,0.0977,10377653.2117,0.0,1.0213,96723.2795,10.9925,5852849.8845,932.218
node-061,2024-01-01 19:53:00,0.4805,11051398.8681,0.1461,0.3977,113676.1729,10.8873,5932947.2465,921.8382
node-062,2024-01-01 19:53:00,0.4096,11445391.3304,0.9051,0.6093,111776.2162,11.7517,5967670.0573,935.8217
node-063,2024-01-01 19:53:00,0.0948,10602724.2458,0.9311,0.8027,126328.6863,9.9855,5948308.677,903.8197
node-064,2024-01-01 19:53:00,0.1329,10373316.072,0.0587,0.9997,127538.4043,8.9768,6296531.4879,956.869
node-065,2024-01-01 19:53:00,0.0949,11128284.4169,0.0,0.7166,126472.095,5.9552,6110930.3257,942.4692
node-066,2024-01-01 19:53:00,0.6432,11762644.1183,0.348,0.758,104017.8526,11.9877,6107814.7514,931.0692
node-067,2024-01-01 19:53:00,0.0986,9825423.8866,0.0,0.6823,115350.9615,6.9737,6295503.3649,948.0826
node-068,2024-01-01 19:53:00,0.0963,11484348.767,0.0,0.8568,102906.0777,8.0817,6204689.6732,876.4461
node-069,2024-01-01 19:53:00,0.1028,9295160.5463,13.6078,0.6508,123141.7396,7.9573,5952084.1352,952.921
node-070,2024-01-01 19:53:00,0.0788,11546378.409,0.5319,0.6176,114540.6317,7.0072,6012551.3815,879.0887
node-071,2024-01-01 19:53:00,0.1078,10621409.1066,0.3953,0.8951,135945.7906,5.2997,6163509.1219,928.9584
node-072,2024-01-01 19:53:00,0.1291,107446951.5922,1.7344,0.102,113917.9858,4.9039,5657135.6276,860.8062
node-073,2024-01-01 19:53:00,0.1062,10148051.5307,0.6014,0.696,92359.9234,6.9667,6200415.2827,941.8536
node-074,2024-01-01 19:53:00,0.675,11102301.2671,0.0,0.6005,111481.4694,9.0105,6038099.6647,896.7775
node-075,2024-01-01 19:53:00,0.0017,12159069.8065,0.0254,0.6319,94103.3359,14.536,5897514.0036,935.3788
node-076,2024-01-01 19:53:00,0.0,12126377.9467,0.0,0.1017,96170.6525,4.0032,5925942.1865,875.2838
node-077,2024-01-01 19:53:00,0.1968,10889104.8628,0.6098,0.592,106263.9824,10.9854,5983126.0076,879.7431
node-078,2024-01-01 19:53:00,0.0851,11626049.709,0.0,0.6741,113076.4838,4.9167,6153729.0666,937.9039
node-079,2024-01-01 19:53:00,0.1001,11046245.0246,0.0,0.3911,123142.303,9.5909,6101714.2835,935.1472
node-080,2024-01-01 19:53:00,0.6089,10011964.1502,0.0,0.6734,122570.3699,9.9128,5977252.326,887.3069
node-081,2024-01-01 19:53:00,0.1724,10360755.0178,0.0,0.5952,138417.1339,5.9508,6298252.5527,956.4203
node-082,2024-01-01 19:53:00,0.0,9722048.3039,0.3749,0.1504,79237.673,1.9389,6036978.7714,868.089
node-083,2024-01-01 19:53:00,0.4661,10931299.3694,0.0,0.5891,118810.3554,9.127,6090844.2167,886.6381
node-084,2024-01-01 19:53:00,0.1835,10896295.6122,0.1462,0.7087,135604.1764,8.0039,6098310.2227,944.0074
node-085,2024-01-01 19:53:00,0.1058,11344019.8974,0.0,0.6944,110608.7753,8.0743,6386561.5868,925.3227
node-086,2024-01-01 19:53:00,0.1042,10747330.4451,0.1766,0.6756,113580.8442,5.9503,6272264.7862,884.6467
node-087,2024-01-01 19:53:00,0.2951,11009615.3781,0.0948,0.9831,107278.1971,8.9592,5915559.5481,933.7037
node-088,2024-01-01 19:53:00,0.1051,10747937.359,0.7338,0.6064,78952.7969,7.2007,6247905.2011,936.9287
node-089,2024-01-01 19:53:00,0.0981,11144090.7983,0.0,1.4928,119014.7105,9.9809,6146982.3884,937.1381
node-090,2024-01-01 19:53:00,0.0963,12109130.8577,0.2436,0.8022,148619.7713,7.2101,6264885.6903,961.2647
node-091,2024-01-01 19:53:00,0.1217,10955269.6916,0.0,0.6162,125864.7111,9.1718,5684233.0849,932.7491
node-092,2024-01-01 19:53:00,0.0834,11540773.6379,0.7807,0.6884,142532.5367,7.9301,6175953.0077,941.241
node-093,2024-01-01 19:53:00,0.0868,12093428.507,0.0,0.5957,86672.3746,4.9191,5996812.3633,944.4541
node-094,2024-01-01 19:53:00,0.201,11478838.2817,0.0,1.0032,103898.8167,8.9839,5912955.3483,938.6834
node-095,2024-01-01 19:53:00,0.4033,10391917.9109,0.0,1.2986,150885.2042,9.9482,6253496.6669,958.6817
node-096,2024-01-01 19:53:00,0.0983,11613881.546,0.0,0.3957,115023.9634,8.0217,5833408.4752,944.4121
node-097,2024-01-01 19:53:00,0.5115,11200648.4871,0.0,0.8059,115895.6515,6.9105,6136062.551,958.6354
node-098,2024-01-01 19:53:00,0.0935,10399883.0521,0.1508,0.5847,122911.9596,9.1409,5988004.5207,928.1602
node-099,2024-01-01 19:53:00,0.282,10198726.4896,0.9804,0.8926,85582.5122,15.9489,5864566.119,882.0209
node-100,2024-01-01 19:53:00,0.1004,11156177.7914,0.4917,0.5889,182150.8873,4.969,6222288.8758,961.1814
node-101,2024-01-01 19:53:00,0.0743,9383087.1235,0.9234,0.2206,129800.8514,2.8429,6204420.6171,890.0999
node-102,2024-01-01 19:53:00,0.1164,11122805.2839,0.0,0.695,112873.177,11.0135,5834270.9898,935.0939
node-103,2024-01-01 19:53:00,0.1933,9848009.7756,0.0,0.5712,110780.5866,7.8526,6128850.0105,912.2938
node-104,2024-01-01 19:53:00,0.1176,11425365.5139,0.0,0.8227,106031.2971,10.1645,6120688.8027,916.955
node-105,2024-01-01 19:53:00,0.087,11154631.4217,0.0,0.7608,161882.5002,7.8725,6262737.8211,960.3257
node-106,2024-01-01 19:53:00,0.073,10415805.7201,0.0,0.2135,76637.8781,2.0202,5859839.657,881.9624
node-107,2024-01-01 19:53:00,0.184,9631239.121,0.0,1.0968,123108.8483,9.0686,6201297.2635,912.8435
node-108,2024-01-01 19:53:00,0.3002,12052036.9592,0.0,0.5779,107106.0118,10.9781,6250879.1902,937.8735
node-109,2024-01-01 19:53:00,0.0033,11336593.7025,0.3566,0.6981,121503.7375,3.9978,6145113.249,914.8849
node-110,2024-01-01 19:53:00,0.1296,10249953.0214,0.0,0.8865,109707.4085,7.0068,6156921.1915,939.3628
node-111,2024-01-01 19:53:00,0.1868,12334611.3569,0.0,0.6857,108743.1995,4.9182,6077669.18,933.5995
node-112,2024-01-01 19:53:00,0.0114,9767777.6024,1.6368,0.7944,125812.607,5.0398,6188503.0081,934.9974
node-113,2024-01-01 19:53:00,0.1745,10863676.5892,0.0,0.93,133832.6638,7.8218,6222290.0474,884.0147
node-114,2024-01-01 19:53:00,0.1191,10986335.4963,0.0,0.7157,151895.7207,6.9809,6152333.9051,922.7005
node-115,2024-01-01 19:53:00,0.093,10178709.8421,0.4176,0.9981,123861.9669,5.8675,6293023.0496,935.6777
node-116,2024-01-01 19:53:00,0.1165,10070079.9372,0.5876,0.6343,91697.9855,7.9541,6035037.3309,905.9427
node-117,2024-01-01 19:53:00,0.2092,9781695.1077,1.2335,0.8989,152883.4662,8.925,6211975.113,946.5993
node-118,2024-01-01 19:53:00,0.0968,10598478.8054,0.0,0.9028,112951.7017,5.9093,6232651.4999,926.8493
node-119,2024-01-01 19:53:00,0.7322,12681589.8863,0.614,0.4611,128774.8615,8.7703,6094286.8538,954.6413
