nodeId,timestamp,cpu_wio,mem_free,Missed Buffers_P1,cpu_user,bytes_out,proc_run,bytes_in,pkts_out
node-000,2024-01-01 20:04:00,0.0887,8637839.0192,0.9853,1.0745,155788.7387,8.9449,6157406.6693,922.0071
node-001,2024-01-01 20:04:00,0.2018,8965260.4558,0.0,5.3123,113059.3527,9.1209,6233081.0394,897.5475
node-002,2024-01-01 20:04:00,0.0971,9223336.9177,0.0,1.3223,101749.5953,8.9647,6224800.2736,988.1734
node-003,2024-01-01 20:04:00,0.0993,10157387.4088,0.1464,0.8131,117419.5385,12.9024,6200565.3118,937.0205
node-004,2024-01-01 20:04:00,0.1177,9502914.4088,0.0,1.0836,89360.3587,10.0283,6216809.275,954.4096
node-005,2024-01-01 20:04:00,0.0718,8116953.4213,0.0,0.9051,120952.5005,7.1452,6152540.8046,953.7555
node-006,2024-01-01 20:04:00,0.0,9751490.6484,0.0,0.2063,124041.9924,2.997,6165867.2039,880.7912
node-007,2024-01-01 20:04:00,0.1126,8847156.6756,0.0,0.7795,121202.9135,6.7932,6245804.1659,963.909
node-008,2024-01-01 20:04:00,0.094,9519481.297,0.0,0.7936,124718.376,5.9206,6198233.7927,947.287
node-009,2024-01-01 20:04:00,0.0864,10041653.6389,0.0,0.89,124456.1227,13.0211,6296675.0138,961.8924
node-010,2024-01-01 20:04:00,0.0983,8984066.7087,1.3335,1.4054,108534.0025,7.9743,6199551.2244,955.4616
node-011,2024-01-01 20:04:00,0.1017,8979256.4979,0.0,0.8789,124046.8022,6.9047,6130634.1037,945.3864
node-012,2024-01-01 20:04:00,0.1163,9008093.3211,0.0,1.0712,138351.8496,6.3498,6214063.6022,978.1767
node-013,2024-01-01 20:04:00,0.1339,9353381.204,0.3946,1.0498,154513.0505,0.0,46170.4364,939.1949
node-014,2024-01-01 20:04:00,0.0854,10476950.2868,0.8352,0.8798,127356.4095,7.0443,6195622.8393,935.636
node-015,2024-01-01 20:04:00,0.0,8886231.5839,0.0,0.2142,134360.1071,1.9062,6200115.318,890.8542
node-016,2024-01-01 20:04:00,0.0855,8935964.815,0.0,0.7874,126010.1226,6.2405,6163430.7822,967.6799
node-017,2024-01-01 20:04:00,0.0878,10491642.7539,0.41,0.7418,144737.3915,6.8168,6319159.9869,945.8378
node-018,2024-01-01 20:04:00,0.0976,9674244.0752,0.0,0.9835,131488.4922,5.0479,6212298.772,937.0652
node-019,2024-01-01 20:04:00,0.092,9360417.8673,0.1624,0.9723,121501.4211,7.0057,6167037.61,952.8478
node-020,2024-01-01 20:04:00,0.1239,9835301.6723,0.0,1.0028,149773.5559,10.1209,6205385.4732,962.1497
node-021,2024-01-01 20:04:00,0.1024,9267072.5628,0.4367,1.6108,94973.5801,5.9661,6211960.2088,958.2021
node-022,2024-01-01 20:04:00,0.0944,9173881.449,0.0,0.706,121444.9539,6.0176,6132074.2058,971.614
node-023,2024-01-01 20:04:00,0.0,8423385.7354,0.0,0.7905,117852.7317,6.0167,6195825.6408,898.5975
node-024,2024-01-01 20:04:00,0.0999,9038783.0312,0.7031,0.703,117275.3606,10.9931,6210597.9524,895.5126
node-025,2024-01-01 20:04:00,0.0062,10843515.3931,0.4072,0.7853,129400.609,7.9593,6166737.5706,920.1163
node-026,2024-01-01 20:04:00,0.0,9906910.5344,1.383,0.1912,144700.838,3.0708,6081489.6993,877.9797
node-027,2024-01-01 20:04:00,0.0899,8922893.0311,0.0,0.9114,123651.0646,6.9943,6273398.8712,950.1162
node-028,2024-01-01 20:04:00,0.1073,9941811.7173,0.0,0.8946,122537.0627,7.0068,6159272.4522,916.0794
node-029,2024-01-01 20:04:00,0.0735,9164980.704,0.0,0.7938,120440.2305,8.0133,6340820.4426,938.8984
node-030,2024-01-01 20:04:00,0.115,8983491.4023,0.123,0.8583,127700.6751,5.8902,6172341.1513,967.1758
node-031,2024-01-01 20:04:00,0.0099,29380997.0327,1.1526,0.0906,206.5603,0.0,0.0,0.0
node-032,2024-01-01 20:04:00,0.1278,8823733.5531,1.185,1.1908,111259.0753,8.0105,6344077.448,962.5962
node-033,2024-01-01 20:04:00,0.1135,9477210.4882,0.0,0.7938,123942.0917,8.0026,6109459.8916,955.6029
node-034,2024-01-01 20:04:00,0.0,8573321.6983,0.0,0.2146,150003.976,5.905,6216068.2264,895.407
node-035,2024-01-01 20:04:00,0.1011,10978662.581,0.248,0.8902,136228.1149,6.056,6173656.7591,940.5814
node-036,2024-01-01 20:04:00,0.1233,9542526.4861,1.0951,1.298,108368.1603,9.047,6251074.5853,945.5322
node-037,2024-01-01 20:04:00,0.1015,9257262.2074,0.4778,0.821,121182.6317,7.8969,6262105.5677,947.9366
node-038,2024-01-01 20:04:00,0.104,8254627.9675,0.0,0.8501,122673.8915,7.964,6146053.4938,949.4791
node-039,2024-01-01 20:04:00,0.0948,10296557.6132,0.1663,0.6991,136055.2341,6.9224,6247406.7805,949.3502
node-040,2024-01-01 20:04:00,0.0,9715030.1161,0.0,0.1084,160705.678,3.0855,6286376.8317,887.009
node-041,2024-01-01 20:04:00,0.0915,8991552.9712,0.4922,0.8115,108182.4127,7.0262,6148214.8251,945.8828
node-042,2024-01-01 20:04:00,0.0891,9051262.6959,0.3167,1.0109,99314.0156,5.0436,6269320.4728,945.3812
node-043,2024-01-01 20:04:00,0.0961,9952917.7489,0.0,0.7106,120878.7096,7.0614,6137387.6577,937.1425
node-044,2024-01-01 20:04:00,0.0754,9092411.9492,0.0,1.007,115471.3319,6.9276,6287210.9437,919.4148
node-045,2024-01-01 20:04:00,0.066,9011892.2657,0.0,1.0932,96476.3762,7.9363,6309288.6161,972.5344
node-046,2024-01-01 20:04:00,0.0745,8563276.3398,0.0,0.7805,114798.3458,9.0633,6155801.8909,950.1373
node-047,2024-01-01 20:04:00,0.0983,8463719.5005,0.116,0.8016,95361.1981,6.051,6173485.1798,943.889
node-048,2024-01-01 20:04:00,0.102,9052804.288,0.0,0.7779,117008.3561,6.9938,6202703.5414,918.4828
node-049,2024-01-01 20:04:00,0.0122,8128642.7587,0.5964,0.1044,120441.9175,3.1437,6242878.7816,872.1796
node-050,2024-01-01 20:04:00,0.0,8363624.9166,0.4177,0.1892,79175.9716,4.7093,6245910.16,916.8457
node-051,2024-01-01 20:04:00,0.0992,9450437.0378,1.1748,1.8841,159994.5483,8.9693,6154537.019,954.4463
node-052,2024-01-01 20:04:00,0.0864,8952745.0158,0.0,0.7825,124678.1102,10.9954,6195063.1368,939.2343
node-053,2024-01-01 20:04:00,0.0941,10171216.5513,0.2583,1.0264,101848.5804,7.9151,6133670.7065,957.0341
node-054,2024-01-01 20:04:00,0.1016,8872247.7935,0.1238,0.8571,132697.0157,5.0777,6161067.9521,948.6548
node-055,2024-01-01 20:04:00,0.1106,9022407.8989,0.4271,0.8128,124362.6898,8.1021,6199132.4232,948.6968
node-056,2024-01-01 20:04:00,0.1182,9571582.2361,0.0,0.71,132084.7197,6.9449,6155338.2606,919.7567
node-057,2024-01-01 20:04:00,0.1014,7671057.903,0.0,1.0873,112135.5794,6.0645,6125969.4302,930.065
node-058,2024-01-01 20:04:00,0.1006,9538376.1797,0.4636,1.1747,156711.7735,5.9241,6261541.0808,958.6674
node-059,2024-01-01 20:04:00,0.1144,9766289.8554,0.0613,0.7877,73189.0736,12.0789,6186687.0918,930.6065
node-060,2024-01-01 20:04:00,0.0872,9132730.4674,0.0,1.2028,132717.7887,6.1573,6182301.6047,935.5892
node-061,2024-01-01 20:04:00,0.1126,9274660.3388,1.3042,0.9925,125396.4412,7.0805,6181523.6065,957.7565
node-062,2024-01-01 20:04:00,0.1036,9426385.3064,0.0,0.8902,80495.3055,4.9379,6245135.1751,949.4142
node-063,2024-01-01 20:04:00,0.0883,8843896.2255,0.0,6.1103,134204.4844,6.9383,6242102.2352,941.8283
node-064,2024-01-01 20:04:00,0.0772,9898820.0829,0.0,0.8977,121679.3067,8.8896,6243655.0363,953.2173
node-065,2024-01-01 20:04:00,0.0944,9626811.7889,0.0,1.1025,119828.7764,9.5987,6279835.6701,943.8842
node-066,2024-01-01 20:04:00,0.1041,9212720.4211,0.0,0.9691,101453.2406,10.6618,6250124.3252,961.7935
node-067,2024-01-01 20:04:00,0.0914,8726021.273,0.1659,0.6597,122320.2221,4.9379,6203095.8033,944.9379
node-068,2024-01-01 20:04:00,0.0961,9710818.1347,0.0,1.8078,117115.1815,9.0068,6248174.4315,931.4245
node-069,2024-01-01 20:04:00,0.0892,8990801.7068,13.8674,0.9817,135303.3929,7.0308,6202184.1882,950.6015
node-070,2024-01-01 20:04:00,0.008,8875168.908,0.6551,1.0841,117737.8596,7.1696,6411029.9462,928.0595
node-071,2024-01-01 20:04:00,0.0873,9010283.8344,0.7195,0.8747,111541.7181,6.9173,6254437.719,959.3725
node-072,2024-01-01 20:04:00,0.0,106250473.5641,0.6206,0.2135,132555.0463,4.9306,6205414.4551,896.0155
node-073,2024-01-01 20:04:00,0.1056,8840605.8906,0.0,0.5913,144910.7432,6.0385,6161499.5983,939.8606
node-074,2024-01-01 20:04:00,0.0934,9226000.0117,0.1052,0.5924,111641.5549,6.978,6217719.5816,930.497
node-075,2024-01-01 20:04:00,0.1886,10503300.7515,0.0,0.7339,119349.9884,4.9738,6237871.7408,935.2486
node-076,2024-01-01 20:04:00,0.0,9859078.6001,0.0,0.1845,129397.6438,2.0349,6076187.7343,904.7853
node-077,2024-01-01 20:04:00,0.1018,8775265.1039,0.7297,0.8176,105553.4582,9.1294,6235771.5984,947.9556
node-078,2024-01-01 20:04:00,0.0899,9193940.163,0.0,0.8973,137846.9027,6.0134,6187280.2536,957.1078
node-079,2024-01-01 20:04:00,0.0892,9153860.1867,0.0337,3.9669,118261.5688,8.9503,6176951.6358,947.4067
node-080,2024-01-01 20:04:00,0.0833,9263361.6793,0.2856,1.0848,113713.3815,8.6107,6195578.613,947.8506
node-081,2024-01-01 20:04:00,0.0897,8697184.3154,0.8941,0.6858,172021.6177,7.9225,6180117.4668,965.9077
node-082,2024-01-01 20:04:00,0.0,8284071.07,0.0,0.172,118807.3023,4.934,6061420.8059,884.7716
node-083,2024-01-01 20:04:00,0.1179,9246086.2509,0.0,1.0,99597.7125,7.973,6152379.0377,942.9901
node-084,2024-01-01 20:04:00,0.0,9531709.9266,0.0,0.9198,118117.2048,6.1605,6284106.5767,948.4417
node-085,2024-01-01 20:04:00,0.0845,9427188.2299,0.4125,0.8752,124261.2254,9.08,6144642.7663,947.643
node-086,2024-01-01 20:04:00,0.1032,8742306.6673,0.0,0.794,125320.3329,9.1178,6190213.3495,936.1917
node-087,2024-01-01 20:04:00,0.097,9357663.1135,0.1792,0.9741,106857.7816,8.9891,6339615.577,937.2338
node-088,2024-01-01 20:04:00,0.1136,9673656.6632,0.0,0.7108,135132.6675,7.0303,6247337.8944,921.7573
node-089,2024-01-01 20:04:00,0.1085,8869405.2315,0.0,1.5966,135985.4703,10.3891,6233321.8225,940.5326
node-090,2024-01-01 20:04:00,0.1006,10722556.6676,0.0395,0.7151,144410.4743,7.0611,6246655.6754,913.6665
node-091,2024-01-01 20:04:00,0.0941,9520007.1336,0.3104,1.5153,110063.6547,10.0293,6162303.9759,957.4282
node-092,2024-01-01 20:04:00,0.0932,10660180.0976,0.1647,0.8449,93032.2389,9.7624,6232429.4021,911.0608
node-093,2024-01-01 20:04:00,0.0962,10063962.2111,1.2803,0.6323,128288.2214,4.1786,6238134.8655,911.468
node-094,2024-01-01 20:04:00,0.0945,9576203.9563,1.8114,1.2859,93870.2666,8.9993,6269621.756,979.6663
node-095,2024-01-01 20:04:00,0.1081,8995486.4855,0.2268,0.7035,129932.6236,6.9965,6199318.7077,946.9272
node-096,2024-01-01 20:04:00,0.1111,10629000.4257,0.0153,1.0075,136370.0152,5.9655,6190228.8786,953.9407
node-097,2024-01-01 20:04:00,0.111,9298352.8197,0.0,3.2959,115795.548,8.0689,6252603.3275,980.7176
node-098,2024-01-01 20:04:00,0.1,9543603.3094,0.0256,1.0531,139159.8837,8.8323,6254717.4412,944.3943
node-099,2024-01-01 20:04:00,0.1058,8718898.1356,0.7121,1.033,130821.6932,13.4437,6178405.6652,951.5428
node-100,2024-01-01 20:04:00,0.1055,9082620.5638,0.037,0.6357,131581.1474,8.709,6181353.4983,916.0353
node-101,2024-01-01 20:04:00,0.0,8310851.7191,0.0,0.2064,121716.4085,5.8976,6090942.3927,914.7555
node-102,2024-01-01 20:04:00,0.0106,9376730.7666,0.0,0.8487,109983.1797,7.9341,6187155.8102,953.6592
node-103,2024-01-01 20:04:00,0.0,9096449.6146,0.0,0.6963,122777.5601,7.9644,6175699.7869,940.2928
node-104,2024-01-01 20:04:00,0.0988,9047275.5985,0.0,0.9261,76824.227,9.0145,6182900.1898,952.7587
node-105,2024-01-01 20:04:00,0.0822,9790673.5447,0.2665,1.095,143853.2924,7.9059,6172818.3563,950.6379
node-106,2024-01-01 20:04:00,0.0942,8565659.8403,0.2393,0.2987,140824.3235,2.9591,6205653.7277,888.9193
node-107,2024-01-01 20:04:00,0.0886,8351535.9097,0.0,0.8936,123366.4421,6.0239,6229496.5334,942.5225
node-108,2024-01-01 20:04:00,0.0061,10178216.1285,0.0,0.8061,129654.1204,8.1083,6169454.5031,933.8606
node-109,2024-01-01 20:04:00,0.097,9424506.283,0.6768,0.7689,128876.2269,6.8846,6240777.2722,913.3292
node-110,2024-01-01 20:04:00,0.1064,9626810.0643,0.28,0.9077,95277.1036,6.1102,6360432.6154,969.5054
node-111,2024-01-01 20:04:00,0.0924,9986149.1106,1.4035,1.0125,132535.6072,7.0996,6238034.3473,947.7816
node-112,2024-01-01 20:04:00,0.1029,8681456.5277,0.2499,0.7061,118102.1366,6.9314,6193479.5223,925.8205
node-113,2024-01-01 20:04:00,0.1308,8738883.5056,0.0,1.0226,119716.4454,7.9307,6135995.8329,945.6483
node-114,2024-01-01 20:04:00,0.0872,9358895.6436,0.4985,0.7939,161000.5286,9.923,6153867.3721,924.2997
node-115,2024-01-01 20:04:00,0.0966,9871028.7489,0.0529,1.1081,138534.9058,6.0231,6138617.2261,953.6043
node-116,2024-01-01 20:04:00,0.1247,9381944.0141,0.4567,1.1783,124351.8344,11.6164,6111550.2492,941.9834
node-117,2024-01-01 20:04:00,0.1067,9489211.7156,0.4121,1.1874,115412.7917,16.9275,6287049.5944,933.708
node-118,2024-01-01 20:04:00,0.1175,9540782.9944,0.8692,0.8832,134419.929,5.5676,6234091.802,929.7326
node-119,2024-01-01 20:04:00,0.2013,10860503.6068,0.0,0.7472,108560.6213,6.9757,6173639.9968,916.252
node-000,2024-01-01 20:05:00,0.1168,9223708.6668,0.2106,0.9579,117347.7423,9.0772,6239492.8229,922.3776
node-001,2024-01-01 20:05:00,0.1109,8896555.8209,0.0,1.3212,114550.8793,5.9763,6285229.6046,906.4195
node-002,2024-01-01 20:05:00,0.1526,8935320.5559,1.0238,0.9881,115940.1733,8.874,6204162.3793,972.7977
node-003,2024-01-01 20:05:00,0.0975,10119813.9515,0.0,0.7217,120824.2947,8.0526,6100661.8251,930.3708
node-004,2024-01-01 20:05:00,0.0887,9573502.8143,0.0,1.0743,104632.5707,8.9507,6250996.7477,947.1522
node-005,2024-01-01 20:05:00,0.1125,8639077.5743,0.0,0.8971,133922.3502,7.089,6320241.8178,959.1201
node-006,2024-01-01 20:05:00,0.0022,9720096.4189,0.8784,0.2008,119958.8262,3.5652,6204884.2844,889.7054
node-007,2024-01-01 20:05:00,0.1517,9023178.106,0.0,0.8397,154929.5313,6.0985,6200525.5811,951.6869
node-008,2024-01-01 20:05:00,0.088,9530265.2382,0.0,0.9181,128023.6596,6.0942,6204540.4523,942.0149
node-009,2024-01-01 20:05:00,0.1003,9752102.1049,0.0,0.7784,95202.1706,8.991,6355985.7089,966.1341
node-010,2024-01-01 20:05:00,0.1948,9644004.2089,0.923,1.5179,125997.8864,9.0128,6210724.6428,954.444
node-011,2024-01-01 20:05:00,0.1003,8494076.9039,0.0,0.6802,111911.0006,3.918,6415011.6366,967.8451
node-012,2024-01-01 20:05:00,0.2921,8989587.483,0.264,0.8905,129602.2989,8.013,6261224.3709,945.859
node-013,2024-01-01 20:05:00,0.1018,9374572.5428,0.0,0.8044,151562.8027,0.0,19768.9693,951.6977
node-014,2024-01-01 20:05:00,0.1178,11013931.0476,0.0,0.9152,97954.007,6.9616,6181044.5948,937.3382
node-015,2024-01-01 20:05:00,0.0175,8539075.5145,0.5341,0.2119,123206.8599,2.0107,6105144.3031,899.8222
node-016,2024-01-01 20:05:00,0.1017,8806341.476,1.4558,0.9053,226401.2053,7.9218,6215498.3554,957.302
node-017,2024-01-01 20:05:00,0.0899,10775115.9785,0.8827,0.9286,190232.5353,4.8623,6169119.0503,946.2394
node-018,2024-01-01 20:05:00,0.1265,9399685.2498,0.0128,1.0149,115216.7974,6.9522,6206258.5519,936.4834
node-019,2024-01-01 20:05:00,0.1008,9409351.0932,0.5579,1.1981,137273.9782,6.867,6387523.2554,968.418
node-020,2024-01-01 20:05:00,0.0942,9205450.8378,0.0,1.0674,134911.2258,11.0231,6159061.3866,952.5835
node-021,2024-01-01 20:05:00,0.0606,9702594.1148,0.0,1.2612,111066.4246,7.1254,6198280.1257,950.8178
node-022,2024-01-01 20:05:00,0.1014,9001818.9813,0.0,0.7012,131902.4139,7.1408,6183281.1418,952.506
node-023,2024-01-01 20:05:00,0.1301,8981475.6751,0.0,0.7007,121837.9836,7.0411,6220612.6736,902.7018
node-024,2024-01-01 20:05:00,0.1165,8737850.5926,0.0,0.7127,141276.828,7.8448,6190990.3583,912.6953
node-025,2024-01-01 20:05:00,0.0936,10592843.5887,0.0,0.7735,144005.5366,4.9511,6171634.3313,930.6233
node-026,2024-01-01 20:05:00,0.0,10437289.4724,0.2812,0.1862,128043.8537,4.0313,6171478.9529,918.7587
node-027,2024-01-01 20:05:00,0.0,8980656.3511,0.8313,1.2302,99109.0053,9.9718,6234734.7884,938.2033
node-028,2024-01-01 20:05:00,0.0882,10227011.5907,0.8234,1.5947,127145.8369,7.1275,6161109.9783,930.5393
node-029,2024-01-01 20:05:00,0.1018,9265239.619,0.3334,0.8076,118172.0328,7.8825,6219205.5567,933.5722
node-030,2024-01-01 20:05:00,0.0825,8996875.9507,0.0914,0.8437,108651.4555,8.0167,6222168.9776,930.0946
node-031,2024-01-01 20:05:00,0.0013,29159729.1131,0.5762,0.0967,750.284,0.0556,89694.4564,22.4105
node-032,2024-01-01 20:05:00,0.0868,8934425.7966,0.0,0.7069,115316.8302,7.8547,6210645.6522,948.7188
node-033,2024-01-01 20:05:00,0.1167,9272586.7788,0.0,0.8096,113689.0452,8.0163,6202979.6365,960.7222
node-034,2024-01-01 20:05:00,0.0,8428254.2421,0.5816,0.1582,127430.7479,4.3236,6232226.5163,882.1487
node-035,2024-01-01 20:05:00,0.1169,10472587.6037,0.0,0.6863,109464.3248,6.0548,6120267.9947,937.161
node-036,2024-01-01 20:05:00,0.305,9310281.0736,0.0,1.0187,131955.5726,9.0828,6254805.5814,954.296
node-037,2024-01-01 20:05:00,0.0925,9535664.4214,0.0,1.0001,127007.4165,9.023,6184568.5772,962.9306
node-038,2024-01-01 20:05:00,0.1074,8588298.4951,0.0,1.0852,113918.3555,6.0428,6196319.3775,937.1367
node-039,2024-01-01 20:05:00,0.0,10040969.7003,0.3872,0.6891,114891.2645,5.0381,6174405.0792,959.6592
node-040,2024-01-01 20:05:00,0.0034,10170053.5064,0.4246,0.1849,165858.2474,4.0646,6234686.0601,894.5222
node-041,2024-01-01 20:05:00,0.1052,9331255.9671,0.0258,0.8059,134167.0413,7.991,6208628.453,969.4595
node-042,2024-01-01 20:05:00,0.099,9122074.0789,0.0,1.0035,111073.5126,7.01,6180528.4712,927.2192
node-043,2024-01-01 20:05:00,0.022,10349260.38,0.0,0.5722,112157.5549,7.0438,6235863.7524,958.4804
node-044,2024-01-01 20:05:00,0.1089,8958457.2315,0.0,0.9537,123577.2468,11.0144,6173881.7307,944.1294
node-045,2024-01-01 20:05:00,0.2165,9726839.075,0.0,1.2114,101303.5919,12.9902,6215211.9868,976.0057
node-046,2024-01-01 20:05:00,0.0879,8817653.3338,0.0,1.1023,87723.2977,9.7599,6234779.4625,964.4987
node-047,2024-01-01 20:05:00,0.0735,8535827.2594,0.4892,0.5819,115435.9798,6.6423,6233176.1634,942.7972
node-048,2024-01-01 20:05:00,0.1053,9586999.6755,0.0,0.6436,128737.2218,6.904,6126622.7408,918.0964
node-049,2024-01-01 20:05:00,0.0,7840409.3567,0.0,0.198,105536.5407,3.9693,6203468.6104,904.2902
node-050,2024-01-01 20:05:00,0.0238,7899851.3419,0.0,0.192,121266.6695,2.9901,6192787.9866,899.7765
node-051,2024-01-01 20:05:00,0.096,8854568.7411,0.0,2.2057,172323.6988,11.9657,6189507.8045,969.1781
node-052,2024-01-01 20:05:00,0.1026,9098963.6817,0.0,0.5947,126186.1044,7.0476,6410179.6873,961.0886
node-053,2024-01-01 20:05:00,0.1882,9837267.5314,0.0,1.2027,125632.8218,7.9107,6277734.8805,946.4948
node-054,2024-01-01 20:05:00,0.0808,8999846.8805,0.0433,0.9195,203258.3314,6.0131,6205134.6561,949.2546
node-055,2024-01-01 20:05:00,0.0255,8930481.1384,0.0,0.8792,97627.8656,8.9552,6181596.4249,962.9904
node-056,2024-01-01 20:05:00,0.1008,9976481.4514,0.0917,0.682,108429.1712,6.9247,6245020.9781,930.7275
node-057,2024-01-01 20:05:00,0.0895,7170115.3355,0.0,0.9857,128735.1075,4.8343,6204144.9466,939.0417
node-058,2024-01-01 20:05:00,0.1196,9855412.4156,1.1284,1.0806,151783.8111,5.9191,6369184.3614,966.2473
node-059,2024-01-01 20:05:00,0.1046,9693713.8794,0.145,0.8562,79302.2651,6.8817,6164881.738,926.5587
node-060,2024-01-01 20:05:00,0.0939,8832391.2053,0.5891,0.5112,132426.1499,8.0556,6215421.3191,931.049
node-061,2024-01-01 20:05:00,0.1025,9279752.0919,0.0,1.0199,112611.9765,6.985,6261832.7112,945.7125
node-062,2024-01-01 20:05:00,0.0764,9114497.671,0.0,0.685,124076.9499,5.1609,6230917.144,957.1709
node-063,2024-01-01 20:05:00,0.1562,8957810.2002,0.1124,3.7928,136671.9916,6.9852,6172323.3988,931.6089
node-064,2024-01-01 20:05:00,0.1109,9391437.9629,0.0,0.9741,119620.5057,11.9181,6265178.5922,958.655
node-065,2024-01-01 20:05:00,0.0837,9353328.8062,0.2853,1.1022,125999.7903,6.9724,6256988.8633,948.8764
node-066,2024-01-01 20:05:00,0.0832,9331779.2278,0.8993,1.8876,156188.441,8.0,6186829.4616,956.2166
node-067,2024-01-01 20:05:00,0.1042,9000914.7155,0.0,0.8038,120276.9464,12.0599,6161196.3099,943.4579
node-068,2024-01-01 20:05:00,0.1077,9339024.1434,0.0,0.9789,132747.3443,7.9835,6203709.2105,949.7682
node-069,2024-01-01 20:05:00,0.0417,9119030.5973,14.8612,2.1582,148607.7493,7.9805,6207320.2106,950.8735
node-070,2024-01-01 20:05:00,0.0048,8850409.8677,0.5797,1.1938,95654.5272,10.0974,6167255.9863,936.4872
node-071,2024-01-01 20:05:00,0.1042,8826895.3129,0.0,0.8566,110837.4186,7.4795,6236328.6725,954.169
node-072,2024-01-01 20:05:00,0.0,106182564.1781,1.0936,0.1888,126300.5697,4.0407,6290004.8241,908.1999
node-073,2024-01-01 20:05:00,0.1,9066196.7481,0.0,0.7633,127328.8698,10.039,6141356.2586,937.1816
node-074,2024-01-01 20:05:00,0.0814,8685847.669,0.0,1.3554,83326.3806,7.1019,6174727.639,979.1588
node-075,2024-01-01 20:05:00,0.113,10274744.6501,0.0,0.8017,115723.3983,6.9932,6283280.5253,945.1941
node-076,2024-01-01 20:05:00,0.0,9469632.9387,0.161,0.1902,119633.3386,4.0379,6224576.2797,899.3373
node-077,2024-01-01 20:05:00,0.1046,9055377.9551,0.0,0.8145,118010.6531,14.0083,6284857.4141,959.3591
node-078,2024-01-01 20:05:00,0.1184,9212360.103,0.0,0.9247,93861.2568,7.0568,6229066.5165,957.2339
node-079,2024-01-01 20:05:00,0.1105,9496975.6907,0.268,1.4159,179129.377,8.9733,6221020.3932,960.7212
node-080,2024-01-01 20:05:00,0.1125,8920941.1888,0.5462,1.0948,127176.221,6.9295,6138705.9056,949.0656
node-081,2024-01-01 20:05:00,0.081,8739944.4587,0.0,0.7969,164438.5465,6.0645,6160443.9156,944.0331
node-082,2024-01-01 20:05:00,0.0,8683470.1491,0.0,0.1985,121842.1617,3.8791,6149506.9063,922.6846
node-083,2024-01-01 20:05:00,0.1635,9512814.9311,0.0,1.0068,110640.7241,10.8867,6199625.6669,951.2091
node-084,2024-01-01 20:05:00,0.071,9635521.4473,0.0,0.8318,111464.3165,9.0663,6157631.3242,956.3736
node-085,2024-01-01 20:05:00,0.118,9506004.3917,0.214,0.8118,125712.5275,9.8416,6342743.8978,946.634
node-086,2024-01-01 20:05:00,0.0143,8977618.7311,0.5299,1.0561,127020.7238,8.8326,6199002.1924,946.0324
node-087,2024-01-01 20:05:00,0.1002,9863305.8426,1.3095,0.9452,114139.8938,9.0186,6218634.8017,957.8584
node-088,2024-01-01 20:05:00,0.0963,9209475.4969,1.2963,0.9032,135022.6529,6.448,6296377.235,935.9543
node-089,2024-01-01 20:05:00,0.1233,9216417.8973,0.0,1.3412,117980.7429,13.0901,6209504.2075,941.5333
node-090,2024-01-01 20:05:00,0.2114,11071586.5414,1.503,0.7989,111408.7152,7.0179,6176696.5442,924.961
node-091,2024-01-01 20:05:00,0.0974,9979790.5711,0.0,1.0199,108997.268,8.3265,6227738.05,945.5304
node-092,2024-01-01 20:05:00,0.1025,10592082.6522,0.0,0.6173,127178.3572,7.9197,6207319.41,914.7231
node-093,2024-01-01 20:05:00,0.0968,10048516.29,0.3004,0.8151,118613.5056,5.0374,6250942.3622,918.7358
node-094,2024-01-01 20:05:00,0.1065,9304307.9094,0.4787,1.3208,112759.372,7.9928,6225118.6448,961.1335
node-095,2024-01-01 20:05:00,0.1073,9157861.3192,0.4345,0.7281,90836.9402,6.9407,6293629.4952,951.0328
node-096,2024-01-01 20:05:00,0.1021,10279499.5485,0.0,0.8361,117068.2042,8.124,6139099.8226,945.2062
node-097,2024-01-01 20:05:00,0.2908,8897339.0808,0.5423,0.881,109539.5424,10.0209,6217011.8754,960.3431
node-098,2024-01-01 20:05:00,0.095,9472172.2735,0.8314,0.711,127222.6092,8.0739,6301067.9325,960.304
node-099,2024-01-01 20:05:00,0.1052,9240870.5139,0.2657,1.1069,127087.4687,9.0357,6200809.8447,956.1394
node-100,2024-01-01 20:05:00,0.0918,9293377.3217,0.0,0.8864,143486.6043,6.8541,6335277.789,938.0456
node-101,2024-01-01 20:05:00,0.0019,8427895.1226,0.0,0.2126,96249.8072,2.9876,6245006.1799,924.4054
node-102,2024-01-01 20:05:00,0.0977,9497769.8671,0.0,0.7835,127063.7284,7.9108,6178053.7422,983.5626
node-103,2024-01-01 20:05:00,0.0805,8650265.9169,0.0,0.7751,122371.1204,8.0158,6205027.3435,945.6141
node-104,2024-01-01 20:05:00,0.1254,8870875.1833,0.5075,1.2104,130238.7265,7.0675,6362326.5032,976.3404
node-105,2024-01-01 20:05:00,0.097,9552649.2743,0.0,0.9752,166396.1073,7.0418,6218980.051,952.3048
node-106,2024-01-01 20:05:00,0.0,8143232.5226,0.4703,0.2857,111484.1753,3.0486,6216423.4291,900.4752
node-107,2024-01-01 20:05:00,0.1035,8375939.9744,0.8047,0.906,147526.5381,7.0255,6237911.6072,943.327
node-108,2024-01-01 20:05:00,0.0413,10698188.108,0.0,0.6896,95908.6149,5.0041,6185668.7949,931.8447
node-109,2024-01-01 20:05:00,0.2091,9136399.404,0.4875,0.8178,105515.0994,6.9671,6178186.6346,910.345
node-110,2024-01-01 20:05:00,0.1315,9506101.585,0.0,0.9103,138132.7882,7.0091,6191055.3155,929.6402
node-111,2024-01-01 20:05:00,0.0969,10425013.9065,0.569,0.9018,113689.9221,6.9712,6289964.8208,953.2903
node-112,2024-01-01 20:05:00,0.1113,8762740.3047,0.0,0.7261,110913.7522,7.0891,6175759.7215,928.1718
node-113,2024-01-01 20:05:00,0.0887,8699601.2946,0.3924,1.0317,118795.8806,8.9742,6340476.5794,942.1055
node-114,2024-01-01 20:05:00,0.1124,8806595.4957,0.7727,0.6999,144669.1987,7.0598,6137913.0221,922.3009
node-115,2024-01-01 20:05:00,0.0919,9590875.5661,0.0,0.9587,130218.2161,6.7674,6215927.7521,947.3115
node-116,2024-01-01 20:05:00,0.1002,9792414.6288,0.6455,1.3381,134624.3355,8.9088,6179862.5829,939.0673
node-117,2024-01-01 20:05:00,0.0946,9362832.6657,1.4984,1.2219,146527.7454,12.083,6270831.4901,952.1272
node-118,2024-01-01 20:05:00,0.1029,9154185.3516,0.7729,1.0107,120217.2339,9.057,6238908.2144,952.5997
node-119,2024-01-01 20:05:00,0.0808,10691478.9322,0.9786,0.7198,108199.8111,8.0373,6313377.7765,919.6574
node-000,2024-01-01 20:06:00,0.1584,9668815.1833,0.0,1.3259,153889.6458,9.8676,6154971.2129,910.9397
node-001,2024-01-01 20:06:00,0.2041,8849464.4883,0.5201,0.9545,117377.6442,7.9879,6220482.4706,911.3698
node-002,2024-01-01 20:06:00,0.1117,9580812.3527,0.937,1.107,147042.249,8.0251,6281313.3541,960.8588
node-003,2024-01-01 20:06:00,0.1087,10485596.9887,0.0793,0.7005,99063.6299,6.0171,6238883.3153,935.1444
node-004,2024-01-01 20:06:00,0.0824,9796468.6866,0.2346,1.9901,156927.1166,8.9539,6176124.2023,971.5502
node-005,2024-01-01 20:06:00,0.2987,8686654.9324,0.0158,1.4058,104539.5702,8.0618,6262754.6382,947.5048
node-006,2024-01-01 20:06:00,0.0,9706562.9214,0.0,0.199,198843.4085,3.8334,6351511.3781,878.4647
node-007,2024-01-01 20:06:00,0.1025,8213651.0864,0.0,0.6867,155315.5471,5.8907,6286678.6245,958.0095
node-008,2024-01-01 20:06:00,0.1339,9717560.48,0.3801,0.7977,103888.4107,6.9982,6264981.2931,927.2674
node-009,2024-01-01 20:06:00,0.1023,9285419.1794,0.0,1.2971,115552.832,8.8705,6167204.329,980.9367
node-010,2024-01-01 20:06:00,0.0894,9714947.1734,0.9738,1.9133,131831.0124,11.0532,6310127.291,964.1404
node-011,2024-01-01 20:06:00,0.1911,8340424.5409,0.0,0.9994,139368.4132,5.0388,6164878.4315,963.4392
node-012,2024-01-01 20:06:00,0.2099,8942418.2335,0.0,0.8083,121025.4768,6.9326,6247976.9295,953.3145
node-013,2024-01-01 20:06:00,0.1025,9486790.4205,0.8933,0.9811,133228.5633,0.0578,79154.1237,970.981
node-014,2024-01-01 20:06:00,0.1877,10508790.7007,0.0,1.0131,128453.1612,6.0348,6173191.0235,933.5936
node-015,2024-01-01 20:06:00,0.0,8543269.4741,0.0,0.2064,104463.8966,3.0092,6035668.346,861.838
node-016,2024-01-01 20:06:00,0.0845,8352504.1021,0.0597,0.8951,124483.4354,9.0214,6356448.3488,963.3331
node-017,2024-01-01 20:06:00,0.095,10621067.3741,0.0,0.8432,147240.4616,6.988,6171502.8522,938.9545
node-018,2024-01-01 20:06:00,0.1022,9396472.9293,0.731,1.0665,137917.0117,7.0141,6154229.1868,927.9157
node-019,2024-01-01 20:06:00,0.0777,9124064.0159,0.0716,1.1283,114908.3341,6.9939,6214766.786,966.0194
node-020,2024-01-01 20:06:00,0.0823,9751480.9678,1.0858,1.2999,184026.7919,8.0042,6365402.8488,982.1981
node-021,2024-01-01 20:06:00,0.1246,9434630.2584,0.0,1.3747,139238.4092,7.9837,6206888.7912,958.1143
node-022,2024-01-01 20:06:00,0.0903,9258860.024,0.7456,0.866,138069.7968,7.0193,6158768.2176,956.9938
node-023,2024-01-01 20:06:00,0.106,8751363.0341,0.4487,0.5806,124740.0545,7.0448,6233079.817,914.2389
node-024,2024-01-01 20:06:00,0.0859,8750954.7812,0.7988,0.6838,109547.6438,7.897,6274649.9695,927.9596
node-025,2024-01-01 20:06:00,0.1041,10653438.105,1.2049,1.1109,141088.057,5.4081,6179472.4761,930.0236
node-026,2024-01-01 20:06:00,0.0,9740384.0729,0.9067,0.2262,86548.1175,3.4691,6352040.8751,885.9853
node-027,2024-01-01 20:06:00,0.094,9480278.4296,0.0726,1.0051,117473.3482,4.1625,6205384.1259,945.5837
node-028,2024-01-01 20:06:00,0.1089,9727291.9323,0.0,0.9434,114940.5463,7.9965,6272876.8725,932.4794
node-029,2024-01-01 20:06:00,0.0,9309170.7889,0.0,1.0954,136278.241,7.0238,6190651.8026,933.7311
node-030,2024-01-01 20:06:00,0.1003,9425132.0019,0.0,0.7099,120828.6002,7.9695,6280656.1447,964.9165
node-031,2024-01-01 20:06:00,0.0069,28189331.7999,0.0,0.0,3353.5531,0.0,134840.9557,8.4763
node-032,2024-01-01 20:06:00,0.1389,9171652.405,0.1217,0.8316,94826.4072,7.9377,6195500.5494,962.8189
node-033,2024-01-01 20:06:00,0.0997,9362289.3628,0.0,0.9275,101006.6606,6.9418,6238423.697,961.5417
node-034,2024-01-01 20:06:00,0.0,7789965.9932,0.1512,0.1179,121897.5764,3.1847,6370458.0792,896.7435
node-035,2024-01-01 20:06:00,0.0544,10639047.9389,0.4929,0.9315,114453.5177,6.9395,6112094.2613,927.0066
node-036,2024-01-01 20:06:00,0.0897,9383185.5209,0.0,1.6798,107658.6104,8.9922,6198958.9865,959.1367
node-037,2024-01-01 20:06:00,0.113,9109301.5872,0.0,0.9648,127056.9681,5.0657,6255745.6529,953.1229
node-038,2024-01-01 20:06:00,0.0953,8358427.0062,0.0,0.8059,131952.0228,6.8375,6249205.7183,958.9379
node-039,2024-01-01 20:06:00,0.0013,9800851.0772,0.2851,5.081,113169.1278,4.913,6138616.7698,946.8766
node-040,2024-01-01 20:06:00,0.0,9203499.508,0.0996,0.1855,160385.0381,3.4116,6126914.7744,894.6765
node-041,2024-01-01 20:06:00,0.0987,9628163.8248,0.051,0.8696,105707.1588,9.9284,6324254.4103,944.5504
node-042,2024-01-01 20:06:00,0.1125,9223793.619,0.0,1.0078,147637.5341,7.1004,6235791.6323,929.0492
node-043,2024-01-01 20:06:00,0.0909,10018675.4091,0.2422,0.473,104424.9893,6.9832,6199940.2365,948.4904
node-044,2024-01-01 20:06:00,0.1094,9007754.9382,0.0,1.6845,101868.9756,10.9456,6173789.9851,926.099
node-045,2024-01-01 20:06:00,0.1209,9650961.7838,0.0,0.8722,136579.0994,7.0614,6183004.9197,932.6579
node-046,2024-01-01 20:06:00,0.0757,9437785.8336,0.2307,0.9126,145961.9512,10.0921,6234111.8824,951.0883
node-047,2024-01-01 20:06:00,0.1076,8784374.9945,0.9388,0.7947,118010.6713,12.883,6190013.06,948.003
node-048,2024-01-01 20:06:00,0.098,9288137.8426,0.0,0.7489,115316.7671,6.9285,6163044.1179,920.4078
node-049,2024-01-01 20:06:00,0.0163,7811133.6757,0.2545,0.2003,128964.1331,2.9747,6083240.4515,891.4753
node-050,2024-01-01 20:06:00,0.0083,8198450.1075,0.0,0.1756,119515.2175,2.9408,6193161.7652,900.0704
node-051,2024-01-01 20:06:00,0.1163,9114278.6368,1.0861,1.6269,126206.1395,6.9786,6190227.1399,980.4433
node-052,2024-01-01 20:06:00,0.0975,9295372.7743,0.0402,1.187,128543.5677,7.047,6256708.8335,957.2106
node-053,2024-01-01 20:06:00,0.0941,9593709.7459,0.0,1.0019,124310.9439,9.0108,6206663.0662,953.9997
node-054,2024-01-01 20:06:00,0.1273,8629674.9062,0.0,1.1561,118182.0282,5.0942,6263862.0013,939.5676
node-055,2024-01-01 20:06:00,0.0746,9255144.0208,0.1469,0.8103,112559.6178,7.0088,6224841.9414,967.5367
node-056,2024-01-01 20:06:00,0.0995,9751991.1544,0.5721,0.7152,134253.815,7.1176,6294455.7486,933.8584
node-057,2024-01-01 20:06:00,0.2102,7260824.1009,0.0,1.3793,135659.1799,5.0773,6199742.693,943.6696
node-058,2024-01-01 20:06:00,0.1067,9824530.1537,0.0,1.5219,126532.5627,7.8212,6238328.0244,953.0614
node-059,2024-01-01 20:06:00,0.1082,9511288.8805,0.0253,1.1038,144444.7568,7.8334,6087242.3247,944.7458
node-060,2024-01-01 20:06:00,0.1101,9623308.8565,0.0,0.995,120172.3202,7.5738,6228172.2233,916.1205
node-061,2024-01-01 20:06:00,0.1979,9565043.1345,0.5121,0.7752,116935.2038,7.0094,6200648.4523,960.5093
node-062,2024-01-01 20:06:00,0.0763,9096479.7894,0.6036,0.7109,118381.5051,7.0356,6249521.0399,929.1965
node-063,2024-01-01 20:06:00,0.088,9430845.2841,0.0,0.8435,129000.0832,7.0473,6358261.9565,949.5094
node-064,2024-01-01 20:06:00,0.0903,9172791.5444,0.0,0.6851,140011.4205,8.0566,6263734.4388,979.2545
node-065,2024-01-01 20:06:00,0.0936,9419057.8737,0.4579,1.0943,127630.36,7.1186,6254827.4269,947.9458
node-066,2024-01-01 20:06:00,0.0855,9359465.1186,0.0,1.8948,130680.6797,9.0908,6179769.5363,944.2357
node-067,2024-01-01 20:06:00,0.0889,8933895.505,0.0,1.3184,128860.7928,8.9746,6288099.1245,967.3555
node-068,2024-01-01 20:06:00,0.0817,9373507.1739,0.0,0.8208,122201.6814,9.9769,6344941.2196,945.1179
node-069,2024-01-01 20:06:00,0.0905,8926545.4352,13.9414,5.6113,112926.4518,5.9215,6201832.1854,956.3132
node-070,2024-01-01 20:06:00,0.0832,8785772.3162,0.0,1.174,134357.1956,6.9132,6194903.5354,962.7461
node-071,2024-01-01 20:06:00,0.1106,9036847.1187,0.4311,0.7366,130841.1113,7.9559,6180476.8894,964.7334
node-072,2024-01-01 20:06:00,0.0,106876756.4914,0.0,0.222,122390.6202,3.5065,6224450.7218,916.4815
node-073,2024-01-01 20:06:00,0.1133,9241226.3604,0.4341,0.8703,145143.7517,6.0539,6222282.6131,940.9643
node-074,2024-01-01 20:06:00,0.0866,9020216.6342,0.6746,0.697,162997.6583,8.021,6208712.9272,971.684
node-075,2024-01-01 20:06:00,0.049,10040315.3131,1.4614,0.9906,126112.9103,7.0791,6277840.2175,934.0575
node-076,2024-01-01 20:06:00,0.0055,10431459.0803,0.0797,0.2161,87181.8384,4.0825,6420723.1174,869.1678
node-077,2024-01-01 20:06:00,0.1093,9266328.2417,0.1308,1.1269,120843.0294,12.7708,6256798.6304,947.6313
node-078,2024-01-01 20:06:00,0.1098,9614505.8104,0.1261,0.9062,148208.5193,9.9818,6249298.701,969.6702
node-079,2024-01-01 20:06:00,0.0872,9622122.9612,0.0,1.1969,76822.9736,8.9329,6112151.9426,964.8981
node-080,2024-01-01 20:06:00,0.1199,9086784.1087,0.0,1.2785,141106.6614,8.1042,6288723.9567,960.1225
node-081,2024-01-01 20:06:00,0.1493,9073482.0142,0.0,1.0503,158557.3591,6.1064,6260284.6863,969.9212
node-082,2024-01-01 20:06:00,0.0,8146247.3285,0.5752,0.2046,146173.7772,2.9629,6172863.8465,902.3046
node-083,2024-01-01 20:06:00,0.0881,9323883.0991,0.1624,1.7109,130663.9849,14.0145,6348332.7815,946.311
node-084,2024-01-01 20:06:00,0.1015,9740342.1474,0.0,1.102,130878.5663,5.0968,6229498.6676,963.1476
node-085,2024-01-01 20:06:00,0.0946,9028032.3769,0.0,1.0053,126173.0583,15.03,6276177.977,947.2686
node-086,2024-01-01 20:06:00,0.1028,8966516.7176,0.8165,1.0296,99529.4446,7.9849,6247401.5796,953.3662
node-087,2024-01-01 20:06:00,0.0907,9470550.6165,0.0,0.8997,161758.5878,14.0004,6232023.051,946.0783
node-088,2024-01-01 20:06:00,0.1167,8974272.553,0.2384,0.9649,117039.2595,6.08,6192597.3856,926.6185
node-089,2024-01-01 20:06:00,0.1023,8745599.697,0.0,1.5408,113021.8821,7.0619,6160967.9134,925.7214
node-090,2024-01-01 20:06:00,0.0317,10261367.1674,0.0929,0.6654,155285.8665,6.0865,6255630.8752,938.3396
node-091,2024-01-01 20:06:00,0.0923,9387544.7637,0.0,1.0577,124680.0816,7.924,6139510.362,959.6549
node-092,2024-01-01 20:06:00,0.1909,10213969.4416,0.208,0.9618,130377.4184,8.0708,6260193.2724,909.7135
node-093,2024-01-01 20:06:00,0.1021,10351098.3938,0.0,0.8059,145941.5225,5.0906,6209555.4818,917.1827
node-094,2024-01-01 20:06:00,0.2282,9323040.5458,0.6996,1.1805,267370.5406,7.0994,6292331.8633,941.849
node-095,2024-01-01 20:06:00,0.0972,9312106.5037,0.6042,1.1047,121416.1491,6.9797,6190364.5258,982.3144
node-096,2024-01-01 20:06:00,0.0869,10429181.5018,0.0,1.1039,97190.1803,7.1348,6172760.4221,945.0197
node-097,2024-01-01 20:06:00,0.2365,9307838.6502,0.0,0.9995,107789.5355,10.9338,6231037.2685,969.6588
node-098,2024-01-01 20:06:00,0.0807,9607448.9249,1.6478,1.125,113295.2487,9.9791,6215025.0451,950.8823
node-099,2024-01-01 20:06:00,0.0976,8829077.4993,0.2138,1.0034,122254.361,9.0335,6152901.2056,951.816
node-100,2024-01-01 20:06:00,0.1025,9087352.6736,0.0,0.9935,177401.3621,6.044,6236002.6858,916.846
node-101,2024-01-01 20:06:00,0.0,8292224.7545,0.0,0.2001,120662.4007,3.0433,6228326.0483,914.7643
node-102,2024-01-01 20:06:00,0.0928,9227975.4172,1.0444,0.8907,137720.2188,7.909,6244743.8779,954.3099
node-103,2024-01-01 20:06:00,0.1369,8740471.6792,0.3202,1.0039,103821.2777,4.9184,6293282.6615,944.6139
node-104,2024-01-01 20:06:00,0.0975,8902130.2963,0.0,1.3641,123846.3326,9.9537,6246669.1322,954.2216
node-105,2024-01-01 20:06:00,0.1637,9035495.43,0.2477,1.033,127936.1004,9.0333,6313519.8083,955.5302
node-106,2024-01-01 20:06:00,0.0033,9110356.4915,1.1694,0.2892,118399.7915,4.9908,6218961.9192,902.9493
node-107,2024-01-01 20:06:00,0.1031,8821615.2049,0.6042,0.8963,81588.5083,12.9437,6223252.975,942.3078
node-108,2024-01-01 20:06:00,0.1461,10612849.226,0.3391,1.0418,136516.8657,9.9412,6248755.6509,927.9635
node-109,2024-01-01 20:06:00,0.0807,9556401.0402,0.0,1.221,112279.9842,6.0395,6318470.0113,915.4811
node-110,2024-01-01 20:06:00,0.1914,9050578.0301,0.0,1.0879,133462.712,7.9068,6184825.0914,935.3491
node-111,2024-01-01 20:06:00,0.0748,9942944.694,0.0463,1.0398,114238.7396,7.4708,6179772.2304,952.1246
node-112,2024-01-01 20:06:00,0.1073,8772636.5847,0.0,0.7138,143090.1362,6.0416,6208609.1322,929.7502
node-113,2024-01-01 20:06:00,0.1079,8474035.4268,0.0,1.1644,131057.1885,9.4971,6181333.4754,936.1109
node-114,2024-01-01 20:06:00,0.0825,9003064.0106,0.0,0.7745,137213.645,7.4704,6217756.721,925.7089
node-115,2024-01-01 20:06:00,0.0794,9626775.2035,0.0,1.286,129978.6416,7.0698,6264038.9585,950.6005
node-116,2024-01-01 20:06:00,0.1238,9432958.2946,0.0,0.9663,121315.5479,7.9565,6181298.1574,943.7844
node-117,2024-01-01 20:06:00,0.1164,9020451.0056,0.0,1.6795,116183.7572,8.9615,6236504.1872,934.1505
node-118,2024-01-01 20:06:00,0.0877,9127695.5849,0.0,1.6079,111644.0205,10.0687,6260090.4569,944.5043
node-119,2024-01-01 20:06:00,0.0891,10027581.3157,0.2931,0.9031,125895.8098,7.9099,6231572.5746,931.1943
node-000,2024-01-01 20:07:00,0.1073,9197423.3833,0.0,1.3212,187585.5005,8.9776,6158254.4659,927.2075
node-001,2024-01-01 20:07:00,0.2365,9499547.702,0.0,0.8095,130797.9445,8.9539,6189825.5178,931.0568
node-002,2024-01-01 20:07:00,0.0772,9542123.6953,1.7533,1.0096,136550.8987,11.0668,6269451.2607,959.1102
node-003,2024-01-01 20:07:00,0.1763,10448445.5875,0.0,0.7669,111577.6744,6.2674,6207127.478,944.5551
node-004,2024-01-01 20:07:00,0.0959,9524358.1563,0.0,0.987,151971.5664,9.1438,6165431.2279,957.0817
node-005,2024-01-01 20:07:00,0.1324,8253596.5415,0.0241,0.9277,122186.8143,9.0392,6224193.5191,950.4803
node-006,2024-01-01 20:07:00,0.0,9902157.4476,0.2334,0.1797,122092.3724,4.0769,6430433.033,878.8919
node-007,2024-01-01 20:07:00,0.0796,8608394.6596,0.0,0.7474,173993.0167,6.8907,6159503.4025,962.9157
node-008,2024-01-01 20:07:00,0.0,9645930.5277,0.0,0.7856,132189.6192,9.1148,6227020.3623,929.9363
node-009,2024-01-01 20:07:00,0.115,9541048.0,0.0,0.8358,111199.3023,5.975,6222997.9183,971.6305
node-010,2024-01-01 20:07:00,0.0081,9452933.4442,0.0,1.2882,118269.4066,10.4984,6282035.0167,968.7657
node-011,2024-01-01 20:07:00,0.1008,8726332.7461,0.0,0.8003,134718.6458,6.0935,6202486.0094,961.9538
node-012,2024-01-01 20:07:00,0.1051,8663010.1611,0.0713,0.872,113355.7407,8.0463,6257519.4402,944.378
node-013,2024-01-01 20:07:00,0.143,9258418.3238,0.0,0.9182,220114.8767,0.0549,32338.5264,958.5233
node-014,2024-01-01 20:07:00,0.1121,10981401.2268,0.4037,0.784,131421.3619,7.9262,6238413.2238,937.29
node-015,2024-01-01 20:07:00,0.0,8380658.6956,0.4727,0.2055,85195.1718,4.0351,6270092.7892,915.0762
node-016,2024-01-01 20:07:00,0.1148,8874220.7705,0.3676,0.8997,130723.4954,7.9874,6152767.6776,959.1516
node-017,2024-01-01 20:07:00,0.0,10796053.7763,0.0,0.6745,182042.9675,5.95,6302383.5304,953.7785
node-018,2024-01-01 20:07:00,0.081,9280292.8705,0.4075,1.1042,108446.535,10.0279,6225629.5335,946.514
node-019,2024-01-01 20:07:00,0.0847,9151677.8143,0.6937,1.0256,106961.2304,5.9051,6252120.5176,964.3933
node-020,2024-01-01 20:07:00,0.0328,9621380.0853,0.0003,0.9787,171361.6828,10.0223,6236739.266,969.0866
node-021,2024-01-01 20:07:00,0.0963,9675173.3371,0.0,1.3947,120480.998,6.0561,6239853.2806,964.9115
node-022,2024-01-01 20:07:00,0.102,9200648.2967,0.0,0.8083,112411.6984,7.042,6200295.6075,950.5098
node-023,2024-01-01 20:07:00,0.1119,8710902.8605,0.8979,0.8966,113680.7624,7.0268,6177238.8041,907.039
node-024,2024-01-01 20:07:00,0.1235,8964862.5889,0.0,0.711,105808.6222,12.0229,6274288.7154,944.203
node-025,2024-01-01 20:07:00,0.0978,10856710.3935,0.0,0.8114,109533.8444,5.9873,6358120.4406,916.6029
node-026,2024-01-01 20:07:00,0.0,9907465.4112,0.8736,0.2044,125057.2114,3.1233,6195626.4729,869.4983
node-027,2024-01-01 20:07:00,0.1074,9575496.422,0.0109,0.9018,130084.7873,4.0007,6229531.1089,954.173
node-028,2024-01-01 20:07:00,0.1843,9789359.4352,0.7945,0.8899,109430.1411,9.002,6239771.6196,923.7545
node-029,2024-01-01 20:07:00,0.0057,8984472.2485,0.1742,1.1074,101879.5355,7.9967,6214178.2733,925.4932
node-030,2024-01-01 20:07:00,0.1996,9354483.7922,0.4232,0.765,117775.8132,8.0737,6280842.1555,938.1475
node-031,2024-01-01 20:07:00,0.0116,29040909.0773,1.3187,0.0,4012.9143,0.0578,73934.9872,8.4268
node-032,2024-01-01 20:07:00,0.1059,8961095.6204,0.081,0.9256,130949.0679,13.0325,6203587.5816,948.8393
node-033,2024-01-01 20:07:00,0.0967,9094560.4706,0.1569,0.9764,130997.729,7.8474,6304514.8231,990.9201
node-034,2024-01-01 20:07:00,0.0,8365805.287,0.815,0.1086,130016.4638,3.948,6102293.7308,868.1771
node-035,2024-01-01 20:07:00,0.0969,10415050.9578,0.0,0.8702,144245.0801,9.0523,6362506.4992,962.7827
node-036,2024-01-01 20:07:00,0.0802,9405368.8631,0.4009,1.0334,132518.5071,11.0645,6253285.0903,953.1984
node-037,2024-01-01 20:07:00,0.0939,9774669.7968,0.0862,0.8495,91146.6371,5.0159,6254842.3144,954.7379
node-038,2024-01-01 20:07:00,0.193,8861693.1228,0.0,0.6876,128185.8297,7.0028,6218014.7173,947.6083
node-039,2024-01-01 20:07:00,0.1997,9999545.1516,0.0,5.7581,100800.2085,6.9057,6371169.1784,945.6917
node-040,2024-01-01 20:07:00,0.0217,9794219.856,0.3033,0.2072,115932.932,2.9092,6309029.1877,899.4205
node-041,2024-01-01 20:07:00,0.0984,9926975.4261,0.4382,0.7953,127172.7336,6.9181,6245542.6787,961.8336
node-042,2024-01-01 20:07:00,0.1022,9267420.9937,0.0,0.8104,114643.91,7.1065,6208124.3151,918.8294
node-043,2024-01-01 20:07:00,0.1596,10205103.9708,0.0171,0.5928,115099.2941,4.9108,6273756.5195,935.1608
node-044,2024-01-01 20:07:00,0.1809,9279630.9271,0.2968,1.1022,125688.1846,14.8964,6179962.0009,936.6905
node-045,2024-01-01 20:07:00,0.1709,8888919.5744,0.0,0.9698,131926.0297,8.9495,6217147.8617,928.1518
node-046,2024-01-01 20:07:00,0.0972,8969204.6577,0.0,0.8792,128769.4629,5.8833,6182239.1372,951.8004
node-047,2024-01-01 20:07:00,0.3463,8463336.3985,0.0304,0.9097,134263.8653,6.888,6237232.0871,958.4713
node-048,2024-01-01 20:07:00,0.0888,9433880.0927,0.8555,0.8391,130288.3292,6.9675,6191291.7114,940.2328
node-049,2024-01-01 20:07:00,0.0193,8143411.9392,0.1686,0.222,97627.5823,5.9976,6321016.0037,900.0788
node-050,2024-01-01 20:07:00,0.0109,8077160.6252,0.0,0.1949,139069.4853,2.9602,6161117.7935,896.3885
node-051,2024-01-01 20:07:00,0.0,9053565.7307,0.3086,1.3955,163145.0645,7.0272,6195245.4023,953.4101
node-052,2024-01-01 20:07:00,0.1035,9491099.7106,0.3174,0.7068,86141.9059,7.2136,6233900.4216,946.5895
node-053,2024-01-01 20:07:00,0.0,9473396.4524,0.0734,1.0123,134592.8287,10.0683,6212362.4216,944.4891
node-054,2024-01-01 20:07:00,0.0835,9040456.6849,0.0,0.993,117901.6279,5.2211,6214757.7254,937.24
node-055,2024-01-01 20:07:00,0.1098,9495876.9286,0.0,0.8937,115294.809,5.8696,6282642.3657,967.3389
node-056,2024-01-01 20:07:00,0.1069,9366983.6567,0.0,0.7427,91440.1198,7.0928,6338457.2637,961.9653
node-057,2024-01-01 20:07:00,0.019,7420492.3049,0.174,1.2195,134309.8121,6.9571,6220030.2942,940.1402
node-058,2024-01-01 20:07:00,0.1117,9749114.6019,0.0,1.0777,156955.2655,7.9801,6193212.3922,968.0193
node-059,2024-01-01 20:07:00,0.0914,9506175.0772,0.0,0.9932,132278.8365,9.054,6212398.1691,942.3069
node-060,2024-01-01 20:07:00,0.1105,8886567.8548,1.6815,0.8856,106054.0291,6.9187,6246442.0204,920.4622
node-061,2024-01-01 20:07:00,0.0846,9613211.1488,1.2338,0.8946,123672.7233,6.9086,6107162.9848,954.8743
node-062,2024-01-01 20:07:00,0.1059,9731565.1365,0.3774,0.6878,137444.7163,8.0311,6209775.2729,969.7242
node-063,2024-01-01 20:07:00,0.1033,9512394.9638,0.0,1.0793,114977.9773,10.0244,6293170.4646,965.7414
node-064,2024-01-01 20:07:00,0.1046,9572815.8652,0.0,0.8911,140342.0909,6.149,6233360.2433,961.8116
node-065,2024-01-01 20:07:00,0.0956,9236019.8173,0.0,1.1433,122902.211,12.1324,6212029.5657,956.1707
node-066,2024-01-01 20:07:00,0.0887,9542235.7817,0.641,1.0685,126833.6677,12.8759,6218411.8407,942.4606
node-067,2024-01-01 20:07:00,0.1257,9289030.9916,0.0,0.8517,121904.1448,8.4003,6175188.7001,949.3391
node-068,2024-01-01 20:07:00,0.0836,9531500.9755,0.3287,0.8274,120825.599,10.542,6270121.9189,951.8676
node-069,2024-01-01 20:07:00,0.2063,8893483.5006,13.7011,5.8205,126680.5267,6.2611,6211520.3075,956.85
node-070,2024-01-01 20:07:00,0.0951,8930451.9801,0.0,0.9148,123065.4992,10.0787,6163920.3033,952.5472
node-071,2024-01-01 20:07:00,0.0051,9307772.2236,0.0,0.6922,119032.5886,10.9842,6243973.2072,955.4137
node-072,2024-01-01 20:07:00,0.0,106645558.8516,0.0,0.1851,93814.1963,3.1177,6364234.1098,922.4655
node-073,2024-01-01 20:07:00,0.1907,8858442.0574,0.6482,0.904,89553.7825,7.8167,6353493.2396,965.5759
node-074,2024-01-01 20:07:00,0.1056,9009181.1839,0.0,0.6795,150069.9321,10.959,6129684.3446,967.7461
node-075,2024-01-01 20:07:00,0.0,10307597.0473,0.6278,0.9299,124297.8427,7.1206,6211152.3558,944.4333
node-076,2024-01-01 20:07:00,0.0,9889277.474,0.6957,0.2088,131462.6452,3.5365,6159744.6027,884.0243
node-077,2024-01-01 20:07:00,0.122,9423689.4436,0.0,0.8204,131256.679,10.8739,6307032.8983,968.0874
node-078,2024-01-01 20:07:00,0.1073,8968185.2022,0.2404,0.8216,113104.692,9.1199,6148827.0887,968.4556
node-079,2024-01-01 20:07:00,0.0965,8642202.1572,0.6351,1.1078,136778.6191,9.0374,6154957.8535,967.5748
node-080,2024-01-01 20:07:00,0.2025,8766503.9337,0.0,1.5187,135753.0465,9.0793,6304319.2363,946.4083
node-081,2024-01-01 20:07:00,0.1184,9497630.7833,0.0,0.8268,118591.0461,5.0375,6225383.7435,966.5385
node-082,2024-01-01 20:07:00,0.0013,8357783.873,0.0,0.0911,68432.7716,3.0061,6196804.7938,901.551
node-083,2024-01-01 20:07:00,0.0899,9139316.7169,0.0,0.9225,128742.4013,12.5693,6158491.9537,952.657
node-084,2024-01-01 20:07:00,0.0963,9268599.7316,0.9997,1.1049,125544.3307,6.064,6148756.3011,953.3916
node-085,2024-01-01 20:07:00,0.1975,9242282.7434,0.6546,1.0019,130724.1506,6.8838,6278477.1963,938.5812
node-086,2024-01-01 20:07:00,0.1035,9139912.1694,0.1803,0.8575,135104.7547,7.0962,6196501.2315,955.9164
node-087,2024-01-01 20:07:00,0.1954,9476045.3916,0.4017,1.6027,131983.247,12.7811,6208150.9975,946.0282
node-088,2024-01-01 20:07:00,0.1116,8949224.4085,0.0,0.6777,115420.3152,6.9886,6181917.4948,925.5021
node-089,2024-01-01 20:07:00,0.0959,8865075.9859,0.1633,1.5872,126455.2289,9.0652,6246965.6685,946.5607
node-090,2024-01-01 20:07:00,0.0853,11168827.0007,0.3811,0.9114,151594.326,6.9064,6267414.3249,920.0567
node-091,2024-01-01 20:07:00,0.2014,9588981.4434,0.0,1.0069,144477.9902,8.8545,6261484.9757,993.2914
node-092,2024-01-01 20:07:00,0.0706,10242759.2501,0.0,0.7998,136223.6215,8.0146,6242584.7349,918.7797
node-093,2024-01-01 20:07:00,0.0035,10825500.9724,0.0,0.7518,116668.707,5.912,6261755.1823,897.661
node-094,2024-01-01 20:07:00,0.3292,9108334.9185,0.0,1.0131,117775.7712,7.0215,6140718.3006,961.381
node-095,2024-01-01 20:07:00,0.1323,8985159.1407,0.7026,1.0508,142990.3795,7.0105,6170509.9731,965.9533
node-096,2024-01-01 20:07:00,0.0976,10149318.4204,0.2939,0.9152,137900.5492,7.3743,6233160.1656,947.658
node-097,2024-01-01 20:07:00,0.1279,9095075.2377,0.0,1.1866,117624.4575,11.9765,6203671.722,957.6753
node-098,2024-01-01 20:07:00,0.1942,9285540.454,0.5164,0.9368,98334.5761,9.9904,6184777.2761,954.8714
node-099,2024-01-01 20:07:00,0.0106,9154701.3861,0.0,1.0152,117309.8766,8.9172,6197474.5381,955.7661
node-100,2024-01-01 20:07:00,0.106,10002031.6718,0.0,0.661,166979.6102,9.003,6161100.902,922.3002
node-101,2024-01-01 20:07:00,0.0,8225918.3259,0.3627,0.1967,127292.6192,3.0247,6413071.1037,926.8079
node-102,2024-01-01 20:07:00,0.108,9408468.1954,0.0,0.9692,128999.1774,8.0375,6157641.2244,954.6341
node-103,2024-01-01 20:07:00,0.119,8342249.7265,0.0,0.7133,147398.9447,5.391,6224503.7557,943.0793
node-104,2024-01-01 20:07:00,0.1145,8914254.4253,0.0,1.0033,118184.2985,9.826,6238609.7053,941.198
node-105,2024-01-01 20:07:00,0.0781,9466750.4096,0.4149,0.8837,162604.6013,5.9793,6256468.6914,956.5576
node-106,2024-01-01 20:07:00,0.0,8559774.2563,0.0409,0.183,93266.3543,4.1707,6126721.188,907.9945
node-107,2024-01-01 20:07:00,0.1035,8008369.8214,1.2696,1.031,140520.2917,13.0468,6204984.207,958.3723
node-108,2024-01-01 20:07:00,0.1876,10791049.2738,0.0,0.7897,133898.2526,9.5832,6234802.627,929.3754
node-109,2024-01-01 20:07:00,0.3293,9183986.7162,0.5881,0.7018,125938.8339,6.0197,6150231.4051,886.7012
node-110,2024-01-01 20:07:00,0.2036,9321166.0122,0.1425,1.0,123463.2072,10.0516,6174165.2416,930.5345
node-111,2024-01-01 20:07:00,0.1236,10065162.8694,0.7893,0.917,107841.0408,8.013,6194006.962,958.508
node-112,2024-01-01 20:07:00,0.1068,8947528.6658,0.2706,0.6873,138730.166,8.0342,6213614.324,897.0181
node-113,2024-01-01 20:07:00,0.1113,8984073.6751,0.082,1.0529,122461.3234,10.0647,6142617.0904,931.8033
node-114,2024-01-01 20:07:00,0.0963,8728355.4485,0.0,0.7624,146783.1762,7.9327,6263494.9452,931.4345
node-115,2024-01-01 20:07:00,0.097,8912258.9239,0.0,1.0201,117717.2641,8.028,6191386.5811,953.202
node-116,2024-01-01 20:07:00,0.055,9512468.0329,0.0,1.3984,95894.5361,6.9528,6184237.1019,944.6264
node-117,2024-01-01 20:07:00,0.0954,9550302.0449,0.3203,1.1013,131570.5176,8.3337,6246660.9962,957.1536
node-118,2024-01-01 20:07:00,0.1111,9115830.8372,0.0,0.888,132620.1736,6.9417,6233522.8806,956.1148
node-119,2024-01-01 20:07:00,0.1158,10589596.0334,0.0,0.8035,145038.1031,11.1039,6168759.222,925.0679
node-000,2024-01-01 20:08:00,0.1044,9529240.8332,0.7943,1.1581,150491.1128,8.9361,6315232.613,951.4549
node-001,2024-01-01 20:08:00,0.0988,9202700.4329,0.0,0.9649,122345.1227,9.999,6177121.6914,912.6292
node-002,2024-01-01 20:08:00,0.1027,9750410.1775,1.1521,0.9646,119839.1427,11.3582,6345568.2978,956.5742
node-003,2024-01-01 20:08:00,0.0955,10723584.8398,0.0,0.9073,109336.5813,7.0993,6301707.5214,929.1591
node-004,2024-01-01 20:08:00,0.0782,9700918.32,0.0,1.0014,83728.5851,9.9826,6175351.826,946.6895
node-005,2024-01-01 20:08:00,0.3223,7886892.0978,0.0,0.645,131087.892,8.4246,6169705.8239,947.9474
node-006,2024-01-01 20:08:00,0.0284,9213607.2409,0.0311,0.1905,109720.6298,3.9452,6105598.4898,883.1918
node-007,2024-01-01 20:08:00,0.0965,8768055.2733,0.0,0.7096,159910.4725,9.953,6218898.0464,946.72
node-008,2024-01-01 20:08:00,0.0903,9005018.5863,0.0,0.9609,118520.6493,8.7095,6284464.7432,921.9811
node-009,2024-01-01 20:08:00,0.1265,9840016.5272,0.0,0.8768,121374.6584,9.0949,6171221.7969,966.7667
node-010,2024-01-01 20:08:00,0.0878,9658785.0879,0.0,1.3188,116620.5938,8.9722,6159917.292,944.2172
node-011,2024-01-01 20:08:00,0.0893,9247770.8719,0.1989,0.7865,134732.0921,6.9834,6150720.6772,956.832
node-012,2024-01-01 20:08:00,0.1802,8927334.614,0.0,0.8132,146842.2592,7.7975,6267233.2826,955.2672
node-013,2024-01-01 20:08:00,0.1161,9318984.3838,0.0,0.9694,173286.0814,0.1345,6010.7929,945.7517
node-014,2024-01-01 20:08:00,0.0949,10682222.9838,0.0,0.7835,133387.7011,8.0279,6225615.4861,935.673
node-015,2024-01-01 20:08:00,0.0291,8397665.0343,0.0,0.2037,116937.5431,3.8665,6208176.1077,895.2641
node-016,2024-01-01 20:08:00,0.1079,8922390.9797,0.2698,0.7993,131972.237,7.8409,6201908.0697,967.801
node-017,2024-01-01 20:08:00,0.1141,10636801.0906,0.096,0.8037,148969.4487,5.4988,6185733.468,939.1864
node-018,2024-01-01 20:08:00,0.0973,9179955.0918,0.0,0.9993,120239.6138,6.9896,6193941.3821,932.787
node-019,2024-01-01 20:08:00,0.1103,9474431.4681,0.0,0.9925,129666.5382,7.9917,6219628.2765,944.6448
node-020,2024-01-01 20:08:00,0.1838,9569410.0785,0.0,1.0071,155361.7252,10.06,6181028.4125,950.1025
node-021,2024-01-01 20:08:00,0.1118,9571630.5082,0.0,1.4933,96420.661,6.4006,6236280.0486,975.2867
node-022,2024-01-01 20:08:00,0.19,9477411.3879,0.0,0.8533,132960.5205,8.1107,6188138.5282,955.6363
node-023,2024-01-01 20:08:00,0.1022,9259514.2092,0.9822,0.7959,99290.5995,5.9798,6285841.2761,903.2076
node-024,2024-01-01 20:08:00,0.096,8709207.0147,0.4722,0.7088,73942.5515,8.9681,6280998.8526,938.185
node-025,2024-01-01 20:08:00,0.0961,10361486.9857,0.0,0.9247,105459.9346,11.9979,6276717.7416,940.6542
node-026,2024-01-01 20:08:00,0.0,9929683.6751,1.7579,0.1989,125448.6317,4.0143,6192952.6528,883.8479
node-027,2024-01-01 20:08:00,0.0969,9062976.9148,0.0,0.918,129455.5656,15.8695,6236354.0841,959.0624
node-028,2024-01-01 20:08:00,0.111,10088472.0509,0.0,0.9904,132297.7832,6.1129,6213311.6954,909.1609
node-029,2024-01-01 20:08:00,0.0206,8921300.3636,0.2644,1.0993,125889.4202,8.9546,6129030.1099,930.8529
node-030,2024-01-01 20:08:00,0.097,9435752.2725,0.0,0.632,114621.8859,6.0078,6311084.8675,946.2055
node-031,2024-01-01 20:08:00,0.0,28632839.3156,0.0,0.1507,8068.3216,0.0013,44568.6402,1.1584
node-032,2024-01-01 20:08:00,0.1043,8775293.2485,0.0017,0.898,112494.6396,13.5322,6211881.3459,948.9031
node-033,2024-01-01 20:08:00,0.1049,9027607.9216,0.0,0.8999,126903.3094,7.9433,6218370.8141,959.6029
node-034,2024-01-01 20:08:00,0.0093,8316396.5279,0.0,0.1029,132188.4169,3.9715,6350773.9751,898.5904
node-035,2024-01-01 20:08:00,0.1024,10620472.3254,0.0,0.9288,118106.8313,6.0478,6211477.779,935.3438
node-036,2024-01-01 20:08:00,0.1101,9456999.3429,0.0,1.1377,121297.3765,6.0562,6149667.2015,941.1088
node-037,2024-01-01 20:08:00,0.1223,9485228.0744,0.4371,0.8543,125372.1804,4.982,6170415.7036,950.6901
node-038,2024-01-01 20:08:00,0.1401,8522871.2281,0.2713,0.8065,112102.4595,7.0688,6227678.2197,946.9207
node-039,2024-01-01 20:08:00,0.1762,10081087.5945,0.0,0.8316,107113.244,5.9993,6345053.5655,965.9336
node-040,2024-01-01 20:08:00,0.0,9634640.7992,0.0781,0.2233,168958.9386,2.9959,6154103.7121,887.5238
node-041,2024-01-01 20:08:00,0.0955,9582652.9228,0.6262,0.7746,116688.7087,7.5719,6137109.0402,974.4882
node-042,2024-01-01 20:08:00,0.0989,8887653.9549,0.0,0.5822,110346.2232,6.0642,6225926.9727,927.7972
node-043,2024-01-01 20:08:00,0.1212,10168532.216,0.0,0.6063,131900.9187,6.082,6197102.8477,971.1389
node-044,2024-01-01 20:08:00,0.1004,8700692.961,0.0,1.1297,133274.3707,9.0686,6183999.7157,939.3475
node-045,2024-01-01 20:08:00,0.1166,9342704.3915,0.2755,0.9958,97425.2094,16.0381,6289838.189,939.992
node-046,2024-01-01 20:08:00,0.1053,8674524.0937,0.4186,1.0319,115362.3718,5.9629,6320574.4475,939.3636
node-047,2024-01-01 20:08:00,0.0886,8424781.7492,0.3126,0.7937,101881.9628,6.9893,6178737.1664,932.5834
node-048,2024-01-01 20:08:00,0.1157,9572821.982,0.0534,0.91,106748.4511,5.03,6354965.8612,918.5271
node-049,2024-01-01 20:08:00,0.0,8449532.0503,0.0,0.2139,128570.1353,5.6815,6533558.0013,907.9907
node-050,2024-01-01 20:08:00,0.0,7959304.627,0.0,0.1928,93315.4588,2.9979,6199792.7419,879.1256
node-051,2024-01-01 20:08:00,0.1076,9104356.4139,0.0762,1.5992,160450.371,6.9707,6224572.0644,958.1209
node-052,2024-01-01 20:08:00,0.0862,9267870.6577,0.0,0.8711,86385.0984,8.069,6244176.5771,939.8865
node-053,2024-01-01 20:08:00,0.0436,9319392.1067,0.0,1.0198,130286.2203,7.013,6151083.7545,935.6824
node-054,2024-01-01 20:08:00,0.0824,9115179.9844,1.2927,0.8845,111424.6906,6.9134,6197359.5627,923.0249
node-055,2024-01-01 20:08:00,0.0943,8838384.3821,0.0,0.9291,110086.4264,5.9466,6211218.318,951.1254
node-056,2024-01-01 20:08:00,0.087,10014947.7104,0.0,0.6845,123722.1393,7.9948,6233936.3114,968.0234
node-057,2024-01-01 20:08:00,0.1024,7666045.389,0.3323,1.2464,111941.9789,6.4669,6175750.2774,937.3088
node-058,2024-01-01 20:08:00,0.0,9669335.8317,1.1549,1.1154,168376.1876,7.7861,6029353.2872,945.1068
node-059,2024-01-01 20:08:00,0.1012,9332229.4122,0.0,0.8402,120589.5688,14.016,6286845.946,931.5039
node-060,2024-01-01 20:08:00,0.1356,8901101.206,0.0,0.8057,119620.4155,7.1641,6270555.9821,918.2007
node-061,2024-01-01 20:08:00,0.0861,9639609.1667,1.0153,1.4574,105074.0835,8.958,6239605.5687,949.0529
node-062,2024-01-01 20:08:00,0.0968,9283943.7167,0.0884,0.6782,110083.4367,6.0785,6204745.354,944.8236
node-063,2024-01-01 20:08:00,0.1003,9232227.3206,0.4027,0.9675,139202.1961,9.9316,6264549.578,939.5476
node-064,2024-01-01 20:08:00,0.0844,9020135.7229,0.0,1.0101,117861.8518,6.0288,6221170.5881,958.9956
node-065,2024-01-01 20:08:00,0.0828,9487489.8865,0.0,1.1973,125677.2062,11.0784,6230340.8666,951.5188
node-066,2024-01-01 20:08:00,0.093,9191091.2295,0.4553,0.9194,115126.5833,11.7017,6374082.2073,944.4327
node-067,2024-01-01 20:08:00,0.0986,8529737.8807,0.0,0.698,140086.2249,5.9954,6272509.9882,954.8992
node-068,2024-01-01 20:08:00,0.1178,9298560.5303,0.0,0.809,79367.3615,10.9852,6206388.4224,937.7412
node-069,2024-01-01 20:08:00,0.2904,9015735.8764,13.1783,0.7929,122278.3199,7.0273,6314478.5148,956.5489
node-070,2024-01-01 20:08:00,0.0904,9010715.0911,0.0,0.8874,115999.7547,9.7822,6235426.5926,945.6297
node-071,2024-01-01 20:08:00,0.0317,8978436.554,0.0,0.7986,122251.9886,4.0478,6193905.6444,943.7066
node-072,2024-01-01 20:08:00,0.0122,106055774.1656,0.0,0.2178,139884.6912,3.0515,6334388.6801,878.2202
node-073,2024-01-01 20:08:00,0.1076,8874194.0928,0.3873,0.8504,121804.8136,8.014,6160898.7491,961.1078
node-074,2024-01-01 20:08:00,0.1018,9337051.5915,0.111,0.8027,136589.2533,14.0426,6156957.8515,943.6326
node-075,2024-01-01 20:08:00,0.0815,9993443.4402,0.2911,0.7135,108309.1144,8.9883,6201477.0796,937.4559
node-076,2024-01-01 20:08:00,0.0183,9307362.9499,0.3521,0.1998,135133.8627,2.9329,6265000.8018,886.8752
node-077,2024-01-01 20:08:00,0.0852,9007066.4871,0.3668,0.7831,117336.4649,6.0618,6188371.97,962.859
node-078,2024-01-01 20:08:00,0.1256,9509972.8208,0.0,0.98,130147.3784,8.0752,6251178.8879,959.3943
node-079,2024-01-01 20:08:00,0.092,9081307.3347,0.3824,1.049,133296.1536,7.997,6238108.2506,945.1936
node-080,2024-01-01 20:08:00,0.1865,9515239.1601,0.7722,1.4218,90314.1041,9.2789,6246010.3457,938.8233
node-081,2024-01-01 20:08:00,0.0,8928122.2186,0.0,0.6967,171114.4234,7.0009,6190260.4994,948.5076
node-082,2024-01-01 20:08:00,0.008,8143646.5057,0.3572,0.1963,132255.9944,1.9887,6276457.1418,915.8313
node-083,2024-01-01 20:08:00,0.0889,9176289.7704,0.0448,1.0986,152920.3228,6.8723,6244391.6933,947.4686
node-084,2024-01-01 20:08:00,0.0913,9635663.7391,0.6868,1.1053,120780.0923,7.5934,6257431.7089,967.3943
node-085,2024-01-01 20:08:00,0.0732,9371506.6471,0.4609,1.0128,125120.054,6.0059,6188246.916,947.8278
node-086,2024-01-01 20:08:00,0.101,9170873.4514,0.5611,1.0326,133900.9328,5.8814,6219380.0725,959.2321
node-087,2024-01-01 20:08:00,0.1921,9662313.072,0.1922,1.0136,143159.6165,7.9526,6267207.8298,940.7026
node-088,2024-01-01 20:08:00,0.0903,9213958.2669,0.0663,0.6543,133539.4459,11.0555,6247050.6671,931.2263
node-089,2024-01-01 20:08:00,0.1307,8804233.7553,0.0,1.4878,114494.0829,8.9849,6271832.9489,950.516
node-090,2024-01-01 20:08:00,0.0858,10785225.2134,0.283,0.9035,166341.0772,10.0875,6253411.9141,932.33
node-091,2024-01-01 20:08:00,0.077,9474817.7932,0.1643,1.2225,130241.1577,8.9681,6231317.2173,965.7231
node-092,2024-01-01 20:08:00,0.0882,9851964.0717,0.0,0.6975,111211.9963,8.0679,6334348.5553,920.5817
node-093,2024-01-01 20:08:00,0.0954,9981428.6455,0.639,1.0009,125080.6704,6.33,6277395.2179,911.0433
node-094,2024-01-01 20:08:00,0.0223,9227356.4542,0.0,0.9869,120201.4728,6.0939,6263360.61,966.7832
node-095,2024-01-01 20:08:00,0.2081,8804178.2617,0.0,0.8799,117478.9019,5.0327,6213975.5898,950.1456
node-096,2024-01-01 20:08:00,0.0877,10637473.4341,0.0,0.7148,124122.8197,8.9492,6255961.0798,941.7922
node-097,2024-01-01 20:08:00,0.1064,9037715.4506,0.0,1.1806,129827.2144,7.022,6169473.7748,953.8046
node-098,2024-01-01 20:08:00,0.1186,9523363.8879,0.5366,1.0107,114403.4344,9.6628,6131203.1024,941.4862
node-099,2024-01-01 20:08:00,0.1357,8540987.1042,0.0,0.9098,120342.5107,9.2754,6300436.1208,966.4868
node-100,2024-01-01 20:08:00,0.1236,9583223.0203,0.0,0.8049,125135.1565,9.0059,6261583.0566,921.7774
node-101,2024-01-01 20:08:00,0.0,8150863.4388,0.0,0.2043,147609.7405,3.02,6191157.6981,892.2957
node-102,2024-01-01 20:08:00,0.1768,8857358.7474,0.6632,1.1093,126398.7069,10.0295,6177137.1056,949.5419
node-103,2024-01-01 20:08:00,0.1033,8723261.2835,0.0,0.8087,131581.8902,6.9695,6133808.0172,933.525
node-104,2024-01-01 20:08:00,0.1017,9033848.0042,0.0,1.0392,89715.2721,9.0215,6207920.2006,958.227
node-105,2024-01-01 20:08:00,0.0964,9847467.7954,0.0,0.9959,155754.663,5.9557,6224221.8915,947.0228
node-106,2024-01-01 20:08:00,0.0141,8045681.3679,0.4036,0.1809,126940.4667,3.0956,6351120.9332,893.466
node-107,2024-01-01 20:08:00,0.1127,8727485.1618,0.0,0.8922,127154.3803,12.9451,6178619.1109,944.3626
node-108,2024-01-01 20:08:00,0.1541,10802927.7101,1.2877,0.8098,120197.3352,8.0042,6294367.7047,928.5475
node-109,2024-01-01 20:08:00,0.1014,9489942.4297,0.1334,0.8109,129236.4705,6.0596,6297972.3094,895.4331
node-110,2024-01-01 20:08:00,0.1988,9314034.4774,1.4891,0.9838,97014.5248,9.7525,6214143.4498,909.9546
node-111,2024-01-01 20:08:00,0.1082,9446773.8407,0.0,0.9755,121510.1028,6.9796,6191884.6684,945.4992
node-112,2024-01-01 20:08:00,0.0891,8800078.0961,0.0,0.6912,125493.1977,7.9619,6156622.8362,909.5435
node-113,2024-01-01 20:08:00,0.0937,8922229.5979,0.2017,1.3185,124144.0709,9.9914,6187926.3798,963.9687
node-114,2024-01-01 20:08:00,0.0888,9446426.2237,0.5497,0.9846,174663.4283,5.9999,6210533.9987,913.2856
node-115,2024-01-01 20:08:00,0.0877,8762677.4997,0.3608,0.978,115390.6377,9.0534,6169322.2319,942.3365
node-116,2024-01-01 20:08:00,0.0057,9537418.9705,0.0,1.0037,130934.9282,7.8132,6304705.3195,944.9982
node-117,2024-01-01 20:08:00,0.0977,9164755.1305,0.0,1.1045,114628.5455,5.9787,6263951.4127,945.6671
node-118,2024-01-01 20:08:00,0.0941,9124151.5467,0.181,0.8844,123234.8626,6.6845,6098393.5275,945.3677
node-119,2024-01-01 20:08:00,0.1097,10904326.5737,0.0,0.681,80827.0337,11.0369,6281059.8673,929.573
node-000,2024-01-01 20:09:00,0.1065,9360151.3249,0.0688,1.1957,148634.5684,9.0053,6267731.7302,925.257
node-001,2024-01-01 20:09:00,0.1112,8823987.0292,0.2636,1.0035,128802.0022,7.0426,6219881.5277,896.9695
node-002,2024-01-01 20:09:00,0.1239,9377921.4186,0.0,0.9057,145123.2624,11.9684,6296710.3319,955.566
node-003,2024-01-01 20:09:00,0.0,9936321.977,0.0,0.6388,130383.7732,6.9539,6292361.5751,911.1421
node-004,2024-01-01 20:09:00,0.082,9343955.8478,0.3088,0.8906,114228.1276,10.0114,6253493.1807,947.6923
node-005,2024-01-01 20:09:00,0.1108,8109237.8753,0.0,0.8206,123338.2637,5.9698,6170059.3551,948.1575
node-006,2024-01-01 20:09:00,0.0,9618045.475,0.0,0.2164,98864.0685,4.1055,6271059.4949,915.9974
node-007,2024-01-01 20:09:00,0.1153,9012455.1802,0.0,0.7072,133558.0677,3.9578,6254625.0373,954.9609
node-008,2024-01-01 20:09:00,0.0996,8875376.776,0.0,0.7867,82765.3558,7.986,6270635.1311,923.4827
node-009,2024-01-01 20:09:00,0.1192,9701273.1411,0.0,0.9916,135038.2438,10.9991,6230436.7037,951.9965
node-010,2024-01-01 20:09:00,0.0971,9666478.1234,0.0,1.4545,119300.4526,6.8943,6203112.2582,967.2321
node-011,2024-01-01 20:09:00,0.2176,8421512.5782,0.0,0.7052,119948.2929,6.0452,6156718.6437,955.0233
node-012,2024-01-01 20:09:00,0.2045,8273459.6315,0.9441,0.8033,127947.4088,7.0659,6251616.4354,958.5923
node-013,2024-01-01 20:09:00,0.0779,9465726.1421,0.0,1.0258,168210.4791,0.0,0.0,955.9655
node-014,2024-01-01 20:09:00,0.0844,10353385.9527,0.0,0.7713,70966.2398,8.0031,6179032.8245,934.1003
node-015,2024-01-01 20:09:00,0.0,8678754.3593,0.4247,0.2128,128432.7153,2.0514,6192962.027,884.9607
node-016,2024-01-01 20:09:00,0.0931,8854945.9853,0.2397,1.3323,114725.0073,7.0591,6210683.6946,947.9247
node-017,2024-01-01 20:09:00,0.0786,10572609.264,0.5915,0.5575,127909.5172,3.1083,6214129.4827,926.0133
node-018,2024-01-01 20:09:00,0.1182,9592054.9407,0.0,1.3469,139044.6614,11.0595,6183802.9016,938.3323
node-019,2024-01-01 20:09:00,0.0952,9677825.0702,0.0,0.7148,125553.6419,8.8392,6146231.2836,960.7761
node-020,2024-01-01 20:09:00,0.0269,9561451.5357,0.0,0.9832,127054.3477,13.0205,6147947.9229,946.9341
node-021,2024-01-01 20:09:00,0.0952,9790074.0041,0.0,7.0868,119769.9293,7.9019,6142899.7623,954.5774
node-022,2024-01-01 20:09:00,0.095,9238656.3423,0.0,0.9421,118684.3542,9.958,6200322.2787,947.8647
node-023,2024-01-01 20:09:00,0.181,8773127.9506,0.5002,0.901,122864.4829,6.8777,6162035.5302,918.4304
node-024,2024-01-01 20:09:00,0.1276,8566145.3662,0.0971,0.6958,121650.3395,7.9988,6233842.0037,916.0186
node-025,2024-01-01 20:09:00,0.0,10532264.9332,0.5338,0.7215,106987.5212,9.144,6151989.6082,916.2639
node-026,2024-01-01 20:09:00,0.0,9633520.9709,0.0,0.2239,119295.4675,5.0148,6151660.563,880.5156
node-027,2024-01-01 20:09:00,0.0843,9052401.3605,0.4483,1.2109,83763.0929,7.9777,6239458.0772,935.3002
node-028,2024-01-01 20:09:00,0.1095,9796989.8808,0.9209,0.9386,135468.71,6.0571,6181142.7942,903.1338
node-029,2024-01-01 20:09:00,0.0323,8614355.3228,0.0,1.4788,119550.8198,8.9478,6226942.1376,917.9281
node-030,2024-01-01 20:09:00,0.1097,8881170.7114,1.3206,0.8081,112313.1965,7.0232,6185387.8085,951.7167
node-031,2024-01-01 20:09:00,0.0137,28851664.5717,1.1638,0.5997,69.5366,0.0231,29780.1137,0.0
node-032,2024-01-01 20:09:00,0.0788,9190562.9724,0.0,1.2072,129507.9019,16.0291,6098335.9473,940.4696
node-033,2024-01-01 20:09:00,0.1063,9548792.0382,0.1766,0.8962,138778.4037,7.9803,6190929.5818,943.2547
node-034,2024-01-01 20:09:00,0.0,8165161.7129,0.0,0.2146,128015.5344,3.0289,6062386.9081,860.7975
node-035,2024-01-01 20:09:00,0.1257,10648445.2506,0.0,0.8965,108491.6691,5.9865,6174277.4645,921.5592
node-036,2024-01-01 20:09:00,0.0919,9473994.7502,0.0,0.9903,127550.0842,6.3496,6268643.4882,941.2315
node-037,2024-01-01 20:09:00,0.1268,9143607.8201,0.0,0.7703,124130.261,7.8915,6217546.544,949.0609
node-038,2024-01-01 20:09:00,0.0933,8292764.2429,0.0,0.7881,126665.8606,7.029,6179402.2965,927.4734
node-039,2024-01-01 20:09:00,0.2941,9718994.4349,0.5768,0.6782,126233.9256,6.5026,6155822.0287,938.1008
node-040,2024-01-01 20:09:00,0.0035,9682820.7311,0.0,0.1939,183748.3218,2.9768,6285468.0623,877.3713
node-041,2024-01-01 20:09:00,0.1046,9657365.7697,0.0,0.8035,139484.8628,10.0426,6237020.115,951.0986
node-042,2024-01-01 20:09:00,0.0786,9271955.9635,0.2635,0.8686,111416.768,4.9859,6180251.7676,925.5493
node-043,2024-01-01 20:09:00,0.095,10044074.487,0.0,0.5884,144471.4199,14.0216,6231035.7734,930.3799
node-044,2024-01-01 20:09:00,0.1001,9063515.7714,0.0,1.0697,118733.7596,6.9638,6157519.9335,919.8384
node-045,2024-01-01 20:09:00,0.1416,8852469.1957,0.4383,1.0047,118830.9181,7.9843,6097733.6793,925.7153
node-046,2024-01-01 20:09:00,0.0872,8395562.9464,0.0,1.4917,105839.6721,5.9543,6206230.6786,949.2649
node-047,2024-01-01 20:09:00,0.2037,8373324.2378,0.0,1.3071,119458.814,6.627,6244259.4258,945.1612
node-048,2024-01-01 20:09:00,0.1,9518593.8997,0.0,0.698,127168.7272,5.9951,6157160.6094,929.2506
node-049,2024-01-01 20:09:00,0.016,7967923.0531,0.045,0.2017,120880.0619,3.8182,6210515.3685,892.6527
node-050,2024-01-01 20:09:00,0.0,8185403.893,0.8599,0.195,131486.8878,2.9786,6206308.9374,894.9817
node-051,2024-01-01 20:09:00,0.0983,9183085.1141,0.4143,1.4563,166369.7278,11.9051,6127854.1682,975.4972
node-052,2024-01-01 20:09:00,0.0922,9436444.253,0.0,1.0058,132573.0396,5.0263,6252032.5679,926.231
node-053,2024-01-01 20:09:00,0.1154,9256061.8131,0.1305,0.9768,111960.7918,7.1049,6252420.6295,935.143
node-054,2024-01-01 20:09:00,0.1011,8834869.4864,0.5095,0.8851,112664.7392,10.0251,6325191.1467,929.2591
node-055,2024-01-01 20:09:00,0.2006,9588102.9623,1.3242,0.89,101078.4226,5.9643,6157896.6767,950.1165
node-056,2024-01-01 20:09:00,0.1093,9660569.8505,0.0,0.6976,153069.2966,7.9909,6160860.754,945.0294
node-057,2024-01-01 20:09:00,0.012,7467998.3925,0.0,1.1685,142348.1491,3.8748,6153147.1627,927.4431
node-058,2024-01-01 20:09:00,0.1184,9571197.6073,0.0,0.9845,171332.2458,6.9166,6115960.7177,953.5006
node-059,2024-01-01 20:09:00,0.0876,9151308.6382,0.0297,0.9748,77934.3606,7.0048,6267171.1445,930.9549
node-060,2024-01-01 20:09:00,0.0226,9118329.7905,0.0,0.7755,118813.4918,6.0263,6154710.0754,932.5372
node-061,2024-01-01 20:09:00,0.0989,9442808.6023,0.2619,1.2242,118754.2756,9.0411,6328790.6672,968.4906
node-062,2024-01-01 20:09:00,0.1099,9248167.3693,0.0,0.6852,95741.8096,5.9831,6249661.7319,943.698
node-063,2024-01-01 20:09:00,0.1157,9449723.2049,0.0699,1.1609,123679.3475,9.415,6226323.6656,937.7075
node-064,2024-01-01 20:09:00,0.0972,9183466.3465,0.0,0.9839,115453.543,8.9794,6152101.5799,948.8145
node-065,2024-01-01 20:09:00,0.0743,9324412.2015,0.3576,1.0521,126612.6682,8.0049,6195537.188,936.2358
node-066,2024-01-01 20:09:00,0.1202,9326952.3019,0.2482,1.001,103654.7571,6.9156,6186412.925,949.0701
node-067,2024-01-01 20:09:00,0.1303,8966163.7511,0.0,0.7115,117953.0222,7.8356,6204642.9597,939.412
node-068,2024-01-01 20:09:00,0.0888,9494150.8051,0.0,1.0034,131928.9944,8.9752,6192538.3466,948.7664
node-069,2024-01-01 20:09:00,0.0038,8537703.1873,14.1956,1.586,122427.7739,7.983,6149208.4508,951.6157
node-070,2024-01-01 20:09:00,0.09,8850951.662,0.0875,1.4961,98143.6813,8.9931,6154870.5333,950.8651
node-071,2024-01-01 20:09:00,0.1095,9500525.5901,0.0,0.677,97555.9428,8.0519,6200768.0313,964.1601
node-072,2024-01-01 20:09:00,0.1149,106290581.9928,0.0,0.1783,140160.8784,4.1515,6087470.2345,911.3373
node-073,2024-01-01 20:09:00,0.1236,9176567.5518,0.8082,0.7105,125751.1027,5.9196,6189910.6577,972.0172
node-074,2024-01-01 20:09:00,0.1054,8721932.9509,0.178,0.799,86058.3792,7.8668,6273880.9084,955.4164
node-075,2024-01-01 20:09:00,0.0995,9989260.911,0.7337,0.899,133331.7689,9.0173,6241484.8522,925.1061
node-076,2024-01-01 20:09:00,0.0015,9536683.9648,0.2807,0.1838,139130.9172,3.9658,6075362.046,871.5348
node-077,2024-01-01 20:09:00,0.0899,8676826.1439,0.5131,0.7853,78802.8119,9.0605,6088712.8692,962.2243
node-078,2024-01-01 20:09:00,0.1097,9677878.7346,0.4056,0.8829,109508.6249,6.0597,6298415.4982,946.1427
node-079,2024-01-01 20:09:00,0.1055,9271672.8489,0.7133,0.9964,136303.2436,6.8525,6218689.7746,947.902
node-080,2024-01-01 20:09:00,0.1,9355201.2885,0.0,1.0988,133651.7705,10.0184,6146490.7591,948.9838
node-081,2024-01-01 20:09:00,0.1076,9283801.6187,1.5198,0.6831,154987.1042,6.9167,6116396.6793,952.1223
node-082,2024-01-01 20:09:00,0.0202,8444484.6043,0.0,0.2123,131369.3466,5.9,6394524.0598,873.3763
node-083,2024-01-01 20:09:00,0.1938,9431774.1318,0.1376,0.9889,106074.8879,7.8854,6196989.517,948.5091
node-084,2024-01-01 20:09:00,0.0929,9627379.8793,0.8354,0.9868,95482.8709,14.0547,6235708.2759,952.3256
node-085,2024-01-01 20:09:00,0.1099,9293449.105,0.0,0.8912,130283.6615,6.5308,6172102.3985,951.0354
node-086,2024-01-01 20:09:00,0.0498,8704517.0046,0.819,0.8886,126983.2893,6.8173,6265678.1656,935.2397
node-087,2024-01-01 20:09:00,0.1047,9656641.4622,0.0,0.9016,109238.1084,7.0909,6212475.5104,948.592
node-088,2024-01-01 20:09:00,0.109,8537971.8105,0.0,0.7128,129948.6181,7.0221,6225159.9477,930.8588
node-089,2024-01-01 20:09:00,0.0806,9103368.7165,0.8195,1.6856,125334.4138,8.0385,6244548.9589,947.3918
node-090,2024-01-01 20:09:00,0.0998,10997865.5919,1.0324,0.9909,122942.512,7.0072,6268650.8099,926.4619
node-091,2024-01-01 20:09:00,0.18,9421496.4485,0.0,5.5587,107467.0781,12.1863,6157968.5382,936.4156
node-092,2024-01-01 20:09:00,0.0993,9670904.8711,0.0563,0.7941,106297.2392,4.9085,6263818.984,908.055
node-093,2024-01-01 20:09:00,0.1209,10256326.3219,0.0,0.5977,118312.9307,8.0134,6196859.4219,908.8164
node-094,2024-01-01 20:09:00,0.0963,9385454.7628,0.0,1.0008,110916.6283,7.9556,6135059.5018,941.254
node-095,2024-01-01 20:09:00,0.0785,9134120.3653,0.3503,0.7862,79925.2908,6.968,6188399.9955,953.461
node-096,2024-01-01 20:09:00,0.2526,10551436.8304,0.0,0.7983,157484.7848,7.9721,6268133.2016,949.7201
node-097,2024-01-01 20:09:00,0.1987,9347831.4965,0.0,1.0047,155365.3057,6.8865,6114067.4018,965.0676
node-098,2024-01-01 20:09:00,0.1203,9719528.0401,0.1866,1.5566,130779.7951,7.934,6215828.4009,957.1456
node-099,2024-01-01 20:09:00,0.0892,8673774.3049,0.3033,0.9914,129822.0478,9.9625,6218699.5884,942.003
node-100,2024-01-01 20:09:00,0.0742,9820366.3644,0.0,0.8009,162556.1104,6.0562,6226713.437,912.4549
node-101,2024-01-01 20:09:00,0.0,7828755.4493,0.0,0.204,117616.4057,2.9519,6063158.9291,881.2158
node-102,2024-01-01 20:09:00,0.0876,9620966.5579,0.0,1.0258,113005.418,10.0252,6202703.1687,958.3483
node-103,2024-01-01 20:09:00,0.081,8952644.9331,0.0,1.0107,112633.1211,6.9658,6180014.1096,924.4657
node-104,2024-01-01 20:09:00,0.0737,9046404.7884,0.0,0.6893,126391.5398,9.953,6231757.4914,948.7737
node-105,2024-01-01 20:09:00,0.0034,9539858.5599,0.0,0.8857,159080.2762,5.9114,6241024.3331,942.9687
node-106,2024-01-01 20:09:00,0.0,8389888.9916,0.3948,0.1921,139838.0266,2.9928,6380125.4736,911.9454
node-107,2024-01-01 20:09:00,0.1115,7995482.7795,0.0,0.8824,119829.7304,8.0181,6214792.0747,934.2724
node-108,2024-01-01 20:09:00,0.0924,10587148.806,0.3466,0.7802,103627.0989,4.9952,6166545.8716,921.045
node-109,2024-01-01 20:09:00,0.0961,10250849.6214,0.0,0.8011,103441.7366,6.0101,6215564.1912,895.9117
node-110,2024-01-01 20:09:00,0.0163,9434712.2252,0.0,0.6549,114006.2522,8.9963,6123321.1592,903.1876
node-111,2024-01-01 20:09:00,0.092,10023078.2715,0.0777,0.9831,116739.1239,7.7498,6361861.6853,955.682
node-112,2024-01-01 20:09:00,0.0795,8338582.8589,0.0,0.841,95882.8159,6.0247,6389872.2704,942.8267
node-113,2024-01-01 20:09:00,0.026,9061687.6258,0.0,1.0177,108592.4483,8.9485,6207640.0423,938.4245
node-114,2024-01-01 20:09:00,0.0867,8777509.6307,0.0,0.5839,148874.0258,4.9563,6190588.1415,926.2084
node-115,2024-01-01 20:09:00,0.1193,9142302.3077,0.0,0.993,135071.8965,9.1158,6326220.9349,946.1905
node-116,2024-01-01 20:09:00,0.0907,9236739.2423,0.0,1.1149,126582.7363,11.0088,6199601.2318,959.2567
node-117,2024-01-01 20:09:00,0.1022,8886588.8678,0.3627,1.1495,91902.6688,8.0289,6245461.009,934.7511
node-118,2024-01-01 20:09:00,0.0916,9446012.4237,0.0,0.8013,93244.6277,5.9807,6178426.6039,929.103
node-119,2024-01-01 20:09:00,0.0984,10786212.5689,0.6253,0.8022,124665.3845,4.9738,6209078.7926,916.8674
node-000,2024-01-01 20:10:00,0.1096,9058720.9497,0.0,1.1915,142035.046,8.974,6288871.9547,940.4153
node-001,2024-01-01 20:10:00,0.0988,8982493.3499,0.1707,1.0031,122459.6875,6.9409,6148336.9896,902.8569
node-002,2024-01-01 20:10:00,0.0912,9196908.6328,1.1056,0.9776,117218.1482,7.9061,6243173.472,960.6044
node-003,2024-01-01 20:10:00,0.2348,10655234.6626,0.0,0.863,125907.2622,8.0259,6200019.3769,956.974
node-004,2024-01-01 20:10:00,0.0936,9139018.2768,0.0053,1.2085,140934.901,9.0805,6188198.4394,962.5109
node-005,2024-01-01 20:10:00,0.0586,7866083.3818,0.3672,0.7871,98296.7698,4.001,6167462.4159,955.8138
node-006,2024-01-01 20:10:00,0.016,9457134.5129,0.0,0.1996,120222.6671,4.9782,6121794.451,869.6023
node-007,2024-01-01 20:10:00,0.0975,8656052.5422,0.0,0.7514,145832.5974,6.986,6335006.4374,953.7965
node-008,2024-01-01 20:10:00,0.0409,9101605.861,0.2201,0.7752,117031.4415,5.9538,6198350.3937,916.7119
node-009,2024-01-01 20:10:00,0.0,9658792.4765,0.0,0.9094,120295.9297,11.081,6192935.7021,951.7139
node-010,2024-01-01 20:10:00,0.2481,9274587.2226,0.0,1.3915,100013.196,7.8785,6198750.2279,946.7106
node-011,2024-01-01 20:10:00,0.0856,8562347.0633,0.0,0.8103,139717.9981,6.8102,6166860.7567,954.0137
node-012,2024-01-01 20:10:00,0.1067,8756811.6762,0.0,0.6955,226581.2527,5.1586,6219043.5711,974.7419
node-013,2024-01-01 20:10:00,0.1216,8997988.4374,0.3397,1.6172,156012.4568,0.0,12242.3478,959.242
node-014,2024-01-01 20:10:00,0.152,10185323.8589,0.2936,0.7328,127623.808,6.9629,6171526.2692,922.5432
node-015,2024-01-01 20:10:00,0.0038,8615734.3611,0.2808,0.1844,138426.0513,2.9376,6332605.4048,925.5877
node-016,2024-01-01 20:10:00,0.0924,9047827.9884,0.8354,1.4027,141391.1691,9.1715,6150415.6566,948.1927
node-017,2024-01-01 20:10:00,0.1008,10175542.9413,0.0,0.7013,173229.7803,7.9776,6329204.2183,918.3688
node-018,2024-01-01 20:10:00,0.2243,9372576.4771,0.7252,1.0064,126495.9577,9.8887,6235610.0214,939.7142
node-019,2024-01-01 20:10:00,0.0866,9116628.8243,0.0,0.9134,124091.7307,12.0227,6199926.0023,958.4373
node-020,2024-01-01 20:10:00,0.1289,9749979.727,0.0,1.0069,168631.194,10.0585,6203275.9472,960.7731
node-021,2024-01-01 20:10:00,0.0993,9495515.0764,0.0,1.3603,129753.1422,4.1748,6276326.1066,956.2367
node-022,2024-01-01 20:10:00,0.0794,9556881.1024,0.3542,0.8609,93994.0932,9.6313,6243025.8948,956.2014
node-023,2024-01-01 20:10:00,0.0939,8832439.3575,0.1027,1.0054,132097.3101,7.2715,6277848.3714,907.8834
node-024,2024-01-01 20:10:00,0.1184,8644158.9195,0.7747,1.2843,125234.8688,8.329,6093089.2169,925.7761
node-025,2024-01-01 20:10:00,0.089,10651470.7645,0.0,0.7927,129047.8224,8.2339,6180242.097,935.3172
node-026,2024-01-01 20:10:00,0.0,9820738.835,0.0,0.2853,113033.3101,4.5171,6047683.5691,899.9881
node-027,2024-01-01 20:10:00,0.1176,9632282.8544,0.0081,1.1453,122419.0401,4.0189,6217086.0599,952.5634
node-028,2024-01-01 20:10:00,0.0778,9619782.0683,0.0,0.8282,131474.3559,4.9175,6210257.3899,916.9773
node-029,2024-01-01 20:10:00,0.0956,8668687.5486,0.5444,0.7316,104020.8596,7.9934,6365837.6388,937.7822
node-030,2024-01-01 20:10:00,0.1694,9025568.0211,1.1384,0.7433,140374.0047,5.9964,6260317.0168,951.5275
node-031,2024-01-01 20:10:00,0.0922,28798054.2974,0.9236,0.1976,1558.3177,0.0,2713.7743,15.5974
node-032,2024-01-01 20:10:00,0.1243,9022492.4634,0.0,5.5847,93349.5177,9.9454,6223687.4094,957.914
node-033,2024-01-01 20:10:00,0.0913,8924660.263,0.0,0.8784,120092.7963,5.9544,6232899.993,955.2649
node-034,2024-01-01 20:10:00,0.0057,8446494.6162,0.0,0.2191,118597.3414,2.7005,6044652.5794,868.6286
node-035,2024-01-01 20:10:00,0.0976,10237892.5401,0.0,0.9686,124314.7839,6.9305,6167446.4201,922.2934
node-036,2024-01-01 20:10:00,0.0946,9241342.5777,0.3485,1.1881,83426.3751,7.9873,6303603.0153,949.0945
node-037,2024-01-01 20:10:00,0.1366,9623172.78,0.0,5.375,141130.7716,7.0348,6184860.2951,949.916
node-038,2024-01-01 20:10:00,0.1969,8451814.6418,0.5633,0.7332,129154.024,7.0825,6192482.3114,931.9491
node-039,2024-01-01 20:10:00,0.0371,9992928.644,0.0,0.6264,116178.2218,8.0143,6194564.6549,951.1927
node-040,2024-01-01 20:10:00,0.0079,9637288.7783,1.0999,0.1975,152293.9329,3.1621,6319577.9518,889.9057
node-041,2024-01-01 20:10:00,0.0882,9529949.1493,0.0,1.5808,88205.9011,8.0191,6278332.5094,948.1665
node-042,2024-01-01 20:10:00,0.1904,9403093.6841,0.0,0.724,134731.7986,5.0006,6150797.3081,905.5687
node-043,2024-01-01 20:10:00,0.0757,10024212.4682,0.4334,0.5865,116863.6753,13.1762,6184336.9315,948.2878
node-044,2024-01-01 20:10:00,0.1145,9134584.6715,0.0301,1.1162,96625.7503,6.9827,6207305.2506,936.5039
node-045,2024-01-01 20:10:00,0.0886,9106656.5646,0.6817,1.0774,133410.7649,8.0109,6376492.8547,941.7588
node-046,2024-01-01 20:10:00,0.1842,8916191.9802,0.46,0.9045,130494.2676,6.1164,6256424.9092,965.2583
node-047,2024-01-01 20:10:00,0.0909,8473250.0668,0.9606,1.0038,109913.1182,5.0108,6161073.1091,923.9175
node-048,2024-01-01 20:10:00,0.1975,9149077.7035,0.0,0.6399,124099.2609,5.8793,6183759.4973,926.7328
node-049,2024-01-01 20:10:00,0.0016,7989160.7016,0.0,0.2139,115048.5138,3.8786,6228357.0298,901.053
node-050,2024-01-01 20:10:00,0.0007,8154692.124,0.0,0.1959,112146.5432,3.028,6209574.6897,901.8085
node-051,2024-01-01 20:10:00,0.0261,8560132.2836,0.0,1.4916,112478.9613,8.0166,6292254.2996,963.8159
node-052,2024-01-01 20:10:00,0.0996,9260934.3397,0.0,0.9917,116184.4462,7.2106,6209859.214,929.7948
node-053,2024-01-01 20:10:00,0.1806,9518038.9274,0.0,0.9442,138856.7628,10.0418,6358791.2994,947.2517
node-054,2024-01-01 20:10:00,0.0,9192972.2419,1.2113,0.8129,97904.4291,3.9623,6185224.928,932.1861
node-055,2024-01-01 20:10:00,0.1027,8951257.2519,0.2433,0.9217,124115.9127,10.1438,6188113.5085,965.1347
node-056,2024-01-01 20:10:00,0.0974,9534320.735,0.0,0.764,129951.2535,8.0696,6218047.981,943.172
node-057,2024-01-01 20:10:00,0.1893,7423720.7764,0.0,1.1127,127701.4959,7.1482,6332775.3951,944.88
node-058,2024-01-01 20:10:00,0.3518,9971151.6281,0.0,0.9152,135845.7153,7.0548,6137638.6502,956.5664
node-059,2024-01-01 20:10:00,0.091,9325728.2954,0.2185,0.9814,184582.9321,7.0771,6233325.5445,943.5233
node-060,2024-01-01 20:10:00,0.0796,8935676.7228,0.0,0.7094,132373.3129,6.2823,6214927.2471,917.7028
node-061,2024-01-01 20:10:00,0.11,9654128.8371,0.3989,0.8617,130330.5293,8.9775,6266135.268,962.3843
node-062,2024-01-01 20:10:00,0.0987,9527123.0262,0.0,0.7029,126420.7838,5.9668,6185253.0005,951.3137
node-063,2024-01-01 20:10:00,0.0822,8913895.7985,0.0004,1.6081,143392.3944,7.0503,6210771.4409,943.4971
node-064,2024-01-01 20:10:00,0.0963,9289958.9877,0.0279,1.0664,116188.5455,8.9026,6167808.4562,951.567
node-065,2024-01-01 20:10:00,0.0939,8949228.3748,0.0,1.1497,109622.5562,7.0879,6190069.7081,943.8285
node-066,2024-01-01 20:10:00,0.1084,9557208.4261,0.1159,1.3682,143575.4598,5.9778,6259089.2157,951.3231
node-067,2024-01-01 20:10:00,0.018,8828800.0711,0.356,0.7931,146180.3304,6.9954,6243862.5122,944.1722
node-068,2024-01-01 20:10:00,0.092,9600508.908,0.0,1.1526,146194.068,7.9569,6149804.0452,935.4055
node-069,2024-01-01 20:10:00,0.1195,9010007.1059,14.339,1.0302,121062.6974,11.9251,6196207.1331,956.4499
node-070,2024-01-01 20:10:00,0.0939,8889698.8135,0.041,1.0498,112345.3135,7.9403,6307877.2919,940.5376
node-071,2024-01-01 20:10:00,0.1074,9343436.0603,0.1399,0.7189,125301.7245,8.0113,6226612.4272,956.3904
node-072,2024-01-01 20:10:00,0.0055,106219203.872,0.3127,0.1787,115436.9089,1.9505,6437391.7998,889.9799
node-073,2024-01-01 20:10:00,0.0291,8873345.0397,0.1957,0.8003,110569.746,6.9892,6165050.184,946.5572
node-074,2024-01-01 20:10:00,0.0978,9155740.8656,1.1824,1.0854,117904.135,5.9859,6173165.9429,936.9765
node-075,2024-01-01 20:10:00,0.1105,10237781.892,0.0,0.8455,114953.911,9.0531,6371424.3843,953.0187
node-076,2024-01-01 20:10:00,0.0055,10002351.0559,0.6534,0.214,103763.5381,1.9209,6138931.9701,902.086
node-077,2024-01-01 20:10:00,0.1213,9083018.5016,0.0,0.7947,107111.7829,8.4147,6292020.3636,952.4026
node-078,2024-01-01 20:10:00,0.126,9265918.0864,0.0,2.1848,147496.5765,8.0122,6288786.1417,954.1004
node-079,2024-01-01 20:10:00,0.0725,9594964.2272,0.0,1.0401,80134.3571,6.8906,6249450.6793,952.4922
node-080,2024-01-01 20:10:00,0.0944,9156326.7413,0.0,1.0627,111502.488,8.0937,6115440.794,938.2607
node-081,2024-01-01 20:10:00,0.1065,9384485.7723,0.0,1.0559,154655.9295,6.9807,6209519.5851,965.1696
node-082,2024-01-01 20:10:00,0.0,8395582.7044,0.0,0.1897,125896.0556,5.6911,6190187.7961,905.5402
node-083,2024-01-01 20:10:00,0.0858,9707612.5408,0.0,1.0664,127602.7054,8.9472,6140313.7135,943.5616
node-084,2024-01-01 20:10:00,0.1064,9727511.7004,0.0,1.0835,107527.0297,5.007,6246645.5541,951.3118
node-085,2024-01-01 20:10:00,0.1224,9401055.0286,0.0,1.1041,118113.3573,8.9748,6123407.2098,950.6184
node-086,2024-01-01 20:10:00,0.0902,9111738.639,0.0,1.8268,95398.1161,9.9756,6178622.1704,931.1816
node-087,2024-01-01 20:10:00,0.0675,9736272.0229,0.0,0.8872,128204.9385,7.9766,6270226.5418,922.9797
node-088,2024-01-01 20:10:00,0.1942,9368351.4185,0.4232,1.2265,118762.8335,6.988,6262766.1934,923.9555
node-089,2024-01-01 20:10:00,0.1019,9003029.6784,0.0,1.7089,90384.7945,8.1404,6280542.5145,947.9692
node-090,2024-01-01 20:10:00,0.1045,10569591.3711,0.6561,0.6919,165789.194,7.0543,6165832.0786,937.3646
node-091,2024-01-01 20:10:00,0.216,9502112.5198,0.5619,6.8175,130257.7967,11.3799,6247040.7151,956.6431
node-092,2024-01-01 20:10:00,0.1849,10435635.6616,0.0,1.0047,113026.8418,5.872,6205040.2469,918.8331
node-093,2024-01-01 20:10:00,0.067,10184947.9927,0.3462,0.8174,140453.104,4.983,6222978.2215,899.9535
node-094,2024-01-01 20:10:00,0.1245,9508849.4804,0.478,1.2979,125487.3628,4.897,6188767.0201,972.354
node-095,2024-01-01 20:10:00,0.0896,9019159.8947,0.3219,0.8542,123954.1686,6.6706,6341069.2774,952.0874
node-096,2024-01-01 20:10:00,0.1689,10471889.6333,0.5368,1.4064,125131.7047,8.0223,6255356.6289,961.344
node-097,2024-01-01 20:10:00,0.192,9242884.4143,0.67,1.1956,115610.9094,7.4358,6292530.1553,950.5673
node-098,2024-01-01 20:10:00,0.091,9007798.9664,0.1372,1.0196,97569.2068,6.9726,6138507.8922,942.3658
node-099,2024-01-01 20:10:00,0.0966,8629383.9823,0.3486,1.5148,130911.0775,9.1137,6195711.7125,946.9103
node-100,2024-01-01 20:10:00,0.1572,9263286.341,0.0,1.0697,147345.6164,5.0878,6199384.1707,915.0882
node-101,2024-01-01 20:10:00,0.0,8410263.1636,0.1834,0.2094,98826.7002,3.5376,6148973.4232,883.1756
node-102,2024-01-01 20:10:00,0.0,9032371.064,0.0,1.012,123463.9301,10.0573,6347425.3544,949.8486
node-103,2024-01-01 20:10:00,0.0971,8543845.3617,0.2318,0.6745,102510.7535,6.0025,6242898.6398,933.4538
node-104,2024-01-01 20:10:00,0.1263,8766147.2336,0.0,0.8866,178221.2486,6.0282,6217866.8711,956.0259
node-105,2024-01-01 20:10:00,0.0958,9348606.022,0.0,0.6847,132057.8762,5.8903,6156253.0429,939.257
node-106,2024-01-01 20:10:00,0.0,8545664.2631,0.0,0.2126,107613.032,1.029,6214390.2396,880.5371
node-107,2024-01-01 20:10:00,0.0163,8237780.048,0.6971,1.0034,117106.0831,9.9394,6306375.7494,962.7208
node-108,2024-01-01 20:10:00,0.112,10269279.081,0.6662,0.7952,154495.5022,10.9951,6215277.5332,932.5897
node-109,2024-01-01 20:10:00,0.096,9553441.6463,0.4743,0.7926,117381.5468,6.0006,6198838.6193,895.8422
node-110,2024-01-01 20:10:00,0.107,9553343.1092,0.0,0.7489,121344.0811,6.9305,6232084.2683,909.3066
node-111,2024-01-01 20:10:00,0.1001,10010993.2778,0.0,0.8772,118928.054,7.7669,6316984.8028,944.3921
node-112,2024-01-01 20:10:00,0.0284,8911524.8053,0.0,0.8194,107315.9277,6.9964,6147411.0142,913.1295
node-113,2024-01-01 20:10:00,0.1083,8636826.6299,0.0,1.6029,116212.3014,9.5172,6142576.3618,941.1512
node-114,2024-01-01 20:10:00,0.2085,8670864.1769,1.5358,4.5019,170391.7248,11.9238,6211038.1785,934.7966
node-115,2024-01-01 20:10:00,0.0883,9353496.3439,0.3801,1.0009,124099.1862,8.9914,6222632.0483,949.3534
node-116,2024-01-01 20:10:00,0.0861,9398305.7255,0.0167,0.8776,117346.1544,6.9646,6290156.0399,940.1802
node-117,2024-01-01 20:10:00,0.0903,9207063.8863,0.0,1.5976,127266.7835,6.9971,6251150.3943,952.3051
node-118,2024-01-01 20:10:00,0.0869,9440324.8013,0.0,1.1102,144257.9506,7.8626,6230063.6196,935.6415
node-119,2024-01-01 20:10:00,0.0963,10737131.5841,0.0,0.8211,119571.7151,5.0859,6228789.5712,940.5261
node-000,2024-01-01 20:11:00,0.109,9236956.0492,0.1827,1.1074,144360.8965,9.997,6257960.8842,921.0787
node-001,2024-01-01 20:11:00,0.0972,9060516.9006,0.5861,0.9228,124609.2673,6.8295,6153225.9149,910.745
node-002,2024-01-01 20:11:00,0.0,9135072.9874,0.0,0.9024,144332.0452,8.0516,6276516.6994,962.2376
node-003,2024-01-01 20:11:00,0.103,10642748.7882,0.0,0.8744,104401.4553,8.0227,6209232.1464,940.3707
node-004,2024-01-01 20:11:00,0.0892,9614803.5123,0.0,1.0911,112335.4403,8.3692,6314159.2661,947.6429
node-005,2024-01-01 20:11:00,0.0967,8066710.737,0.0062,0.7618,125563.7627,6.0905,6218918.5107,942.054
node-006,2024-01-01 20:11:00,0.0257,9649332.2808,0.0,0.2051,99490.2286,5.0862,6076987.9294,900.0323
node-007,2024-01-01 20:11:00,0.1009,8985884.441,0.0,2.4968,175777.1954,6.5923,6236972.0234,959.3672
node-008,2024-01-01 20:11:00,0.0838,9208344.7649,0.8549,0.6273,120365.837,7.0092,6279964.7503,918.7069
node-009,2024-01-01 20:11:00,0.2212,9597699.7148,0.0,0.8655,131662.8266,6.9934,6421153.4887,964.4274
node-010,2024-01-01 20:11:00,0.102,9162354.2516,0.0,1.3105,125684.8132,7.9155,6211603.9048,954.1849
node-011,2024-01-01 20:11:00,0.0953,8973573.8982,0.9604,0.8133,133971.78,9.0201,6245854.2766,963.6661
node-012,2024-01-01 20:11:00,0.0936,8752661.9412,0.0,0.7041,133689.1298,4.9293,6243974.2041,933.274
node-013,2024-01-01 20:11:00,0.0985,9232847.66,0.0,1.0764,173796.3588,0.0183,0.0,954.7705
node-014,2024-01-01 20:11:00,0.1051,10384726.7662,0.4547,0.8131,116873.749,5.8506,6184446.8588,934.1544
node-015,2024-01-01 20:11:00,0.0157,8980833.2699,0.3765,0.2012,99863.6466,3.6968,6258968.4893,885.7859
node-016,2024-01-01 20:11:00,0.0829,9098211.0643,0.0,1.0357,127738.4724,6.1381,6179283.9767,969.3134
node-017,2024-01-01 20:11:00,0.1881,10166636.6813,0.0,0.7172,179748.7519,8.1452,6225760.7737,940.0993
node-018,2024-01-01 20:11:00,0.17,9312393.6533,0.2484,1.0709,134009.2225,6.9309,6202282.0611,926.8876
node-019,2024-01-01 20:11:00,0.112,9255032.9882,0.0,0.9485,145452.4646,8.057,6275240.7142,961.6305
node-020,2024-01-01 20:11:00,0.2117,8996263.8346,0.0,0.9911,155818.9616,7.8869,6222489.9078,960.1616
node-021,2024-01-01 20:11:00,0.1215,9622189.6841,0.0,1.3757,116017.1339,10.9857,6324974.7744,955.1123
node-022,2024-01-01 20:11:00,0.0933,9149027.3088,0.0,0.7666,99586.4192,8.0992,6279707.2291,952.572
node-023,2024-01-01 20:11:00,0.1078,8569240.3147,0.0522,0.6639,112152.8372,8.0169,6155535.7462,903.7781
node-024,2024-01-01 20:11:00,0.1817,8499407.4882,0.0,1.1359,123602.7653,9.0376,6287730.0046,935.0712
node-025,2024-01-01 20:11:00,0.0919,10275639.7864,0.0,0.8877,133647.9776,5.975,6257581.3807,941.4973
node-026,2024-01-01 20:11:00,0.0,9720184.5108,0.5454,0.2854,149554.3169,3.0751,6364150.3951,910.846
node-027,2024-01-01 20:11:00,0.0972,9268512.0209,0.4023,0.7816,120466.1136,4.0429,6220010.7856,930.8663
node-028,2024-01-01 20:11:00,0.0788,9818281.8702,0.0,0.6966,82968.0804,7.8801,6334331.326,922.8446
node-029,2024-01-01 20:11:00,0.0887,9096604.397,0.7007,0.7787,105742.2836,7.9737,6188749.0045,931.8642
node-030,2024-01-01 20:11:00,0.0917,8588293.1337,0.0,0.7147,127034.2186,5.9728,6189886.0923,950.5913
node-031,2024-01-01 20:11:00,0.098,29152327.1319,0.0,0.049,550.0459,0.0,42434.0275,0.0
node-032,2024-01-01 20:11:00,0.0965,8912026.5235,1.2563,6.0984,123068.473,6.9808,6132792.8983,971.5098
node-033,2024-01-01 20:11:00,0.136,9388836.2875,0.0,2.2982,77080.3979,10.0656,6270128.1588,950.4328
node-034,2024-01-01 20:11:00,0.0005,8128988.4812,0.0481,0.1966,127898.9296,1.9294,6239662.7575,901.497
node-035,2024-01-01 20:11:00,0.143,10058670.2064,0.0,1.0664,126295.9586,7.1631,6153096.2361,924.4281
node-036,2024-01-01 20:11:00,0.2205,9691892.5554,0.0,1.1443,113412.0151,6.9726,6196532.2336,956.8449
node-037,2024-01-01 20:11:00,0.1317,9324990.9332,0.1663,4.2494,111147.0619,7.9284,6178133.7686,941.5964
node-038,2024-01-01 20:11:00,0.1095,8443644.4732,0.6115,0.693,120268.3749,5.0457,6184518.1963,941.2493
node-039,2024-01-01 20:11:00,0.0895,9975762.5645,0.3817,1.2174,94829.1088,7.0828,6114493.8021,940.9441
node-040,2024-01-01 20:11:00,0.0031,9546079.7339,0.0756,0.1993,136075.2944,3.0785,6233942.6846,887.2532
node-041,2024-01-01 20:11:00,0.1139,9353151.2311,0.1281,1.0914,119615.6724,10.8623,6214279.22,937.7529
node-042,2024-01-01 20:11:00,0.1163,8847140.8128,0.0,0.689,127092.0749,6.911,6253776.9313,902.5378
node-043,2024-01-01 20:11:00,0.1314,10242344.9642,0.7808,1.1921,112187.3298,9.9365,6225970.3482,954.2619
node-044,2024-01-01 20:11:00,0.0907,9091717.2994,0.3347,1.3757,122218.3834,6.9658,6272399.2699,941.6245
node-045,2024-01-01 20:11:00,0.131,9132135.9723,0.3387,1.6106,139450.489,7.7109,6172970.0345,959.6736
node-046,2024-01-01 20:11:00,0.1085,8782446.4249,0.3334,0.9707,129455.4191,11.0642,6274813.9308,952.2306
node-047,2024-01-01 20:11:00,0.1891,8812497.7398,0.0,0.625,125692.6184,7.88,6079789.4774,936.2132
node-048,2024-01-01 20:11:00,0.096,9532943.8926,0.0,0.9852,115174.4591,5.9308,6168274.3368,911.6167
node-049,2024-01-01 20:11:00,0.0027,7819216.5382,0.2303,0.2062,133874.2029,5.9541,6181097.5711,898.3483
node-050,2024-01-01 20:11:00,0.0,8075052.3961,0.5256,0.1871,104782.3194,2.8797,6235953.8232,895.1073
node-051,2024-01-01 20:11:00,0.0,8783098.4973,0.0,1.4983,139804.08,8.0539,6253163.3097,964.4636
node-052,2024-01-01 20:11:00,0.1116,9010204.2447,0.3835,0.8645,113277.7479,6.9648,6206685.6267,940.4407
node-053,2024-01-01 20:11:00,0.1008,9576220.8342,0.4561,0.8822,115194.6575,6.9373,6149679.8833,936.7383
node-054,2024-01-01 20:11:00,0.0,8987616.7601,0.4332,0.825,132799.1634,5.1208,6163515.7576,935.6071
node-055,2024-01-01 20:11:00,0.1075,9057805.86,0.6798,1.0948,124463.4918,6.9542,6194309.8231,957.8521
node-056,2024-01-01 20:11:00,0.1011,9663045.4084,0.1187,0.599,123102.9579,8.0697,6187037.8191,943.1492
node-057,2024-01-01 20:11:00,0.1779,7286855.8732,1.5798,1.6892,129911.9926,5.0612,6240079.3029,932.7177
node-058,2024-01-01 20:11:00,0.1177,9858989.4672,0.2886,1.1028,152687.1959,8.9329,6258664.5677,954.3963
node-059,2024-01-01 20:11:00,0.0809,9757894.869,0.0,0.799,110876.7131,7.0047,6213674.1447,938.3336
node-060,2024-01-01 20:11:00,0.0843,8336260.7225,0.0,0.8503,126055.492,6.9206,6235474.5183,912.5802
node-061,2024-01-01 20:11:00,0.0158,9583304.4964,0.655,1.4651,129010.3574,6.9894,6218722.8325,955.5702
node-062,2024-01-01 20:11:00,0.0941,9206110.9084,0.0,1.2097,116644.9845,8.9128,6200968.9974,938.4284
node-063,2024-01-01 20:11:00,0.0772,8894786.8886,0.0,1.0236,111346.6002,12.9461,6148208.0452,949.3934
node-064,2024-01-01 20:11:00,0.1041,9233422.7002,1.0113,1.1764,119716.6157,5.8706,6235030.6313,958.4361
node-065,2024-01-01 20:11:00,0.0935,9301206.8206,0.0,1.1047,131664.3474,6.0859,6229480.4704,963.4455
node-066,2024-01-01 20:11:00,0.1598,9153229.5955,0.0,1.0195,121021.9365,7.9098,6154804.6128,948.3107
node-067,2024-01-01 20:11:00,0.1007,8499311.4039,0.0,0.8174,144769.1654,7.4479,6176087.3695,941.7706
node-068,2024-01-01 20:11:00,0.0,9542714.6698,0.0561,1.2071,121997.3874,8.0605,6230794.398,944.8534
node-069,2024-01-01 20:11:00,0.1098,8905682.7999,13.8405,0.9785,118967.3234,11.8856,6176939.6774,954.2447
node-070,2024-01-01 20:11:00,0.0951,8636283.7669,0.6343,0.8035,135329.327,7.9451,6171164.791,945.5996
node-071,2024-01-01 20:11:00,0.1176,9019653.3933,0.0,0.6909,113420.1112,7.9464,6243417.7582,942.253
node-072,2024-01-01 20:11:00,0.0,106516353.2124,0.0,0.1959,122084.2967,1.9273,6235663.0796,920.17
node-073,2024-01-01 20:11:00,0.1042,9116177.4569,0.0,0.7668,114257.2788,8.0075,6219204.495,951.732
node-074,2024-01-01 20:11:00,0.0912,8942582.0389,0.3149,0.6844,128630.4895,6.2364,6203274.8781,943.5799
node-075,2024-01-01 20:11:00,0.1342,10045310.8916,0.6728,0.7448,112268.6732,7.7786,6170489.2136,945.5472
node-076,2024-01-01 20:11:00,0.0024,9783006.8176,0.0,0.1822,127227.7141,2.5624,6470296.6535,922.2293
node-077,2024-01-01 20:11:00,0.1017,8932536.3167,0.567,0.8035,127809.8698,6.9832,6308594.9352,950.1657
node-078,2024-01-01 20:11:00,0.1208,9870566.6158,1.3885,0.7941,138176.5684,7.3592,6173239.1335,952.4801
node-079,2024-01-01 20:11:00,0.0919,9114139.9188,0.1688,0.9389,120131.047,10.0175,6216566.2092,936.5256
node-080,2024-01-01 20:11:00,0.09,9240951.6152,0.0578,1.1062,127204.2376,6.9469,6211989.0968,938.341
node-081,2024-01-01 20:11:00,0.1126,8949966.5835,0.0,0.6098,147265.5712,7.0342,6243416.8938,957.7757
node-082,2024-01-01 20:11:00,0.0065,8239587.6994,0.3152,0.2022,85133.0686,5.008,6246553.5283,903.1078
node-083,2024-01-01 20:11:00,0.1117,9151242.7282,0.0,1.0929,127301.2675,9.1377,6250954.6326,943.108
node-084,2024-01-01 20:11:00,0.1122,9113769.5663,0.1181,1.3901,117593.1805,7.9653,6174882.2959,956.5827
node-085,2024-01-01 20:11:00,0.0972,9175811.4418,0.1009,0.8821,128431.9791,5.9992,6117699.7428,948.505
node-086,2024-01-01 20:11:00,0.1018,9094572.0492,0.0,0.8136,119024.0852,11.8814,6179615.2264,951.0837
node-087,2024-01-01 20:11:00,0.1596,9157545.6098,0.0,0.8737,123338.2029,8.3198,6254165.7428,942.8303
node-088,2024-01-01 20:11:00,0.1039,9668761.5377,0.0,0.6178,117126.5127,6.9924,6392819.5243,946.4158
node-089,2024-01-01 20:11:00,0.0839,9075403.2435,0.4053,1.3978,122972.1641,7.9528,6228301.9662,932.0762
node-090,2024-01-01 20:11:00,0.1057,10801951.5417,0.4181,1.0015,164398.9606,6.7961,6204208.4607,924.1791
node-091,2024-01-01 20:11:00,0.0888,9393282.2969,0.9564,1.0964,132524.4409,10.0199,6196119.6821,951.3902
node-092,2024-01-01 20:11:00,0.1192,9693305.5142,0.0,0.5885,118461.9514,10.9886,6156106.7553,919.4156
node-093,2024-01-01 20:11:00,0.203,10154560.2545,0.0,1.2856,118781.985,7.9485,6222709.9729,912.8248
node-094,2024-01-01 20:11:00,0.0,9533742.9363,0.4031,0.9642,119023.3833,4.9829,6159855.5189,946.4207
node-095,2024-01-01 20:11:00,0.1027,9026833.6114,0.8172,1.131,119848.2581,5.9756,6230051.3278,955.8174
node-096,2024-01-01 20:11:00,0.0856,10340691.6815,0.2915,0.7739,108332.9787,7.6979,6212307.6778,936.379
node-097,2024-01-01 20:11:00,0.1128,9321411.162,0.0,1.202,122103.9015,9.0363,6200833.4717,941.2284
node-098,2024-01-01 20:11:00,0.1247,9660565.2192,0.1616,1.1036,107911.6058,8.11,6185679.6541,944.165
node-099,2024-01-01 20:11:00,0.0943,8680414.3327,0.2586,0.9832,127077.5281,7.0286,6188114.6065,949.3306
node-100,2024-01-01 20:11:00,0.0908,9259584.5459,0.7517,0.7204,141283.6317,8.1473,6218209.9671,925.8032
node-101,2024-01-01 20:11:00,0.0,7810210.1733,0.6013,0.1942,138494.7011,5.0333,6324187.8737,916.4272
node-102,2024-01-01 20:11:00,0.0975,9425313.55,0.0,1.348,133353.0361,6.9406,6245021.3243,953.7831
node-103,2024-01-01 20:11:00,0.0934,8864311.6655,0.0,0.7829,123922.2395,6.0205,6229823.3132,918.6564
node-104,2024-01-01 20:11:00,0.0877,9430674.9102,0.0,0.9931,117373.5283,6.5927,6340633.8609,966.8621
node-105,2024-01-01 20:11:00,0.1109,9420471.7684,0.0,1.61,159312.2154,4.9218,6269675.8753,946.6113
node-106,2024-01-01 20:11:00,0.0,8289613.5381,0.5933,0.2085,101599.505,1.7499,6259850.3276,859.8197
node-107,2024-01-01 20:11:00,0.0,8402163.1431,0.0,1.0257,111457.5115,9.3085,6252860.0079,955.9013
node-108,2024-01-01 20:11:00,0.0,10341396.7242,0.0,0.7551,128123.3342,9.8707,6196067.1426,930.5813
node-109,2024-01-01 20:11:00,0.0986,9671419.1359,0.0,0.8068,137103.5526,7.0035,6300486.2186,893.7708
node-110,2024-01-01 20:11:00,0.0682,9128879.8092,0.0,0.8586,117640.9898,18.0574,6302654.6589,924.0348
node-111,2024-01-01 20:11:00,0.1045,10245634.7852,0.0,1.3319,104876.671,7.1113,6155708.9952,965.7817
node-112,2024-01-01 20:11:00,0.0995,8621125.8115,0.3173,0.7173,130449.9412,6.5227,6205274.999,895.9192
node-113,2024-01-01 20:11:00,0.1038,8961895.5838,0.0,0.9431,134722.2038,10.9444,6196784.5174,925.8635
node-114,2024-01-01 20:11:00,0.1106,8684328.5825,0.0,5.8874,173010.2405,12.0883,6123132.6284,930.0364
node-115,2024-01-01 20:11:00,0.0916,9500701.842,0.9425,1.0978,134569.3548,9.0042,6138223.8545,942.5516
node-116,2024-01-01 20:11:00,0.0891,9083882.8891,1.2398,1.2868,118611.6515,9.0309,6165549.5724,941.1734
node-117,2024-01-01 20:11:00,0.0944,9136938.0807,0.0,1.2135,122400.4311,7.7774,6195129.9258,937.6869
node-118,2024-01-01 20:11:00,0.1149,9613908.1455,0.0,1.2094,107154.4486,5.98,6247019.8826,949.9779
node-119,2024-01-01 20:11:00,0.1094,10655857.9996,0.5499,0.6669,123833.8073,4.9783,6280668.4521,936.7738
node-000,2024-01-01 20:12:00,0.0899,9091397.5357,0.7086,1.0252,165501.2202,6.9333,6180638.1067,933.5404
node-001,2024-01-01 20:12:00,0.0903,8888569.1907,0.0,0.8027,128195.656,7.018,6237247.9666,885.8931
node-002,2024-01-01 20:12:00,0.1188,8890781.2761,0.3367,0.9988,110073.8649,8.1984,6167120.1599,959.5832
node-003,2024-01-01 20:12:00,0.105,10192625.2028,0.6174,0.5495,120066.2123,6.4974,6189881.9489,937.2695
node-004,2024-01-01 20:12:00,0.0892,9787077.8272,0.0,1.1013,144750.3527,11.3682,6265941.3163,951.4495
node-005,2024-01-01 20:12:00,0.0928,8335052.174,0.398,0.9729,121977.4103,6.2599,6284814.2348,955.0652
node-006,2024-01-01 20:12:00,0.0015,10226271.5994,1.5376,0.1984,127849.0332,8.0565,6328175.2525,877.8062
node-007,2024-01-01 20:12:00,0.1335,8710814.5295,0.0,6.4103,162551.0471,6.1319,6223238.0724,959.9069
node-008,2024-01-01 20:12:00,0.1277,9116983.7016,0.0,0.7028,136002.9894,11.5809,6265480.1812,914.5772
node-009,2024-01-01 20:12:00,0.0,9799005.4138,0.0,0.907,115343.6794,8.0071,6162054.7465,969.7655
node-010,2024-01-01 20:12:00,0.1192,9381300.2224,0.6348,1.3053,109191.8908,16.7739,6205981.4151,963.5767
node-011,2024-01-01 20:12:00,0.044,9404387.2543,0.0227,0.7099,123122.7853,7.9245,6157881.3991,962.7563
node-012,2024-01-01 20:12:00,0.0963,8578914.7004,0.6911,0.8913,108925.8524,5.7472,6198457.0956,945.9163
node-013,2024-01-01 20:12:00,0.1138,8795564.8201,0.0,1.2034,156357.4372,0.1029,13239.9717,963.7007
node-014,2024-01-01 20:12:00,0.1129,10866911.0447,0.0009,0.6085,188985.5637,3.8299,6231531.2773,920.9571
node-015,2024-01-01 20:12:00,0.0,8409295.3365,0.6468,0.1917,119829.3506,5.917,6142204.6419,894.8254
node-016,2024-01-01 20:12:00,0.115,8666388.1928,0.0,0.9006,119650.1567,5.5958,6325200.048,946.6211
node-017,2024-01-01 20:12:00,0.0,10243778.8408,0.0,0.7797,164998.0551,7.4314,6240902.9966,956.1978
node-018,2024-01-01 20:12:00,0.2487,9302954.8875,0.0066,0.7592,109912.9912,17.0515,6223686.5328,942.3077
node-019,2024-01-01 20:12:00,0.0896,9205540.395,0.0,0.9628,128225.4071,8.0889,6197031.7989,959.9895
node-020,2024-01-01 20:12:00,0.0891,9047369.3822,0.1547,1.0136,148952.9973,10.2103,6307030.1827,953.9529
node-021,2024-01-01 20:12:00,0.075,9103591.5838,0.6031,1.3634,125318.9661,9.8673,6256626.176,953.9081
node-022,2024-01-01 20:12:00,0.1894,9290274.0713,0.0,0.8057,121152.4595,8.0835,6254695.151,953.5734
node-023,2024-01-01 20:12:00,0.1246,8841435.1328,0.0,0.8016,103154.3334,7.9926,6233312.8347,899.4149
node-024,2024-01-01 20:12:00,0.1829,8944686.7791,0.0,0.6826,75536.6839,8.0565,6265154.2082,933.3191
node-025,2024-01-01 20:12:00,0.1905,10546634.3909,0.0,0.6886,144216.6791,7.9941,6118641.2724,939.3498
node-026,2024-01-01 20:12:00,0.0,9861040.7737,0.0,0.1914,127361.5846,4.825,6272632.9554,880.8113
node-027,2024-01-01 20:12:00,0.0712,8833788.6326,0.0,0.9249,133541.415,6.9377,6179278.5593,942.4631
node-028,2024-01-01 20:12:00,0.1262,10109006.2695,0.0,0.597,111019.4907,6.9954,6353207.4831,924.8535
node-029,2024-01-01 20:12:00,0.0826,8970503.2056,0.0,0.7552,104448.8521,12.998,6179255.6568,949.1982
node-030,2024-01-01 20:12:00,0.1799,9013318.0755,0.0,0.7059,124460.1375,6.9563,6204092.3252,947.5936
node-031,2024-01-01 20:12:00,0.0192,29245885.4762,0.0,0.004,9424.7502,0.1175,78865.3003,3.0048
node-032,2024-01-01 20:12:00,0.1012,9055854.0349,0.0,0.8871,124951.6297,12.9113,6223632.1001,943.4898
node-033,2024-01-01 20:12:00,0.202,9723504.8586,0.2862,2.2828,117368.1019,9.2252,6156007.5786,972.3807
node-034,2024-01-01 20:12:00,0.0,8304496.9957,0.0683,0.179,137864.8005,3.9396,6312386.0598,889.0091
node-035,2024-01-01 20:12:00,0.1375,10605004.4352,0.0,0.8126,126729.2885,4.9993,6172479.5331,928.0962
node-036,2024-01-01 20:12:00,0.0964,9234446.7316,1.1004,1.595,138128.681,9.1146,6178609.9712,952.3024
node-037,2024-01-01 20:12:00,0.0937,9078305.7467,0.5807,0.7158,130728.0037,7.9288,6173793.713,938.0365
node-038,2024-01-01 20:12:00,0.2023,8347939.0998,0.2228,0.7088,75864.7246,5.5159,6303156.4115,927.7745
node-039,2024-01-01 20:12:00,0.2098,9758256.8239,0.0,0.7969,119373.6535,6.9303,6209147.364,960.6107
node-040,2024-01-01 20:12:00,0.0016,9376453.7456,0.1738,0.1989,147203.0838,1.9714,6192708.3115,914.5409
node-041,2024-01-01 20:12:00,0.102,9272788.7765,0.0,0.9035,109166.2791,9.8321,6157274.1012,947.071
node-042,2024-01-01 20:12:00,0.1074,9399789.6713,0.0,0.7793,115189.4945,5.9914,6250541.1526,921.9717
node-043,2024-01-01 20:12:00,0.096,10571645.5193,0.8926,0.6191,129872.4615,6.0647,6193995.8104,952.2396
node-044,2024-01-01 20:12:00,0.1028,9366233.179,0.0707,0.9738,137036.2792,8.8445,6236677.5085,938.9471
node-045,2024-01-01 20:12:00,0.1171,9376041.6527,0.0,0.9866,117683.4936,6.8831,6179682.3216,932.3387
node-046,2024-01-01 20:12:00,0.1343,8957865.1808,0.6236,0.8804,125092.9671,7.9464,6281077.2122,935.7405
node-047,2024-01-01 20:12:00,0.1199,8671582.7098,0.0,0.9917,127542.1167,5.0082,6284585.8546,934.5479
node-048,2024-01-01 20:12:00,0.0895,9087224.4368,1.2455,0.6804,103179.4086,6.9493,6210271.022,918.843
node-049,2024-01-01 20:12:00,0.0007,7768452.4338,0.0,0.191,103505.3141,5.5697,6197328.6267,899.1056
node-050,2024-01-01 20:12:00,0.0,7907863.3764,0.0,0.2082,121207.245,2.9802,6282560.3639,901.1677
node-051,2024-01-01 20:12:00,0.1025,8895740.9717,0.0668,1.4249,143422.5626,7.9556,6183311.6056,941.1712
node-052,2024-01-01 20:12:00,0.1895,9180342.3163,0.3471,0.771,95571.0093,7.0299,6222186.8337,934.3504
node-053,2024-01-01 20:12:00,0.1075,9602289.6379,0.9846,1.0824,113900.8031,9.0432,6233901.2353,936.3681
node-054,2024-01-01 20:12:00,0.0887,9066003.193,0.4707,0.8732,119915.2179,7.2522,6143177.6147,927.5217
node-055,2024-01-01 20:12:00,0.0824,8960982.1126,0.9806,0.9899,116787.6202,7.0275,6187513.0071,952.056
node-056,2024-01-01 20:12:00,0.2017,9238508.2252,0.77,0.6019,111232.2583,6.03,6363081.9151,945.7565
node-057,2024-01-01 20:12:00,0.0815,7630939.2614,0.0,1.0724,125252.2782,4.2799,6289710.0621,927.8515
node-058,2024-01-01 20:12:00,0.1079,9477916.7605,0.3318,0.9699,155586.6915,8.6957,6254454.6025,950.2483
node-059,2024-01-01 20:12:00,0.1223,9412436.9231,0.2473,0.8916,119356.9183,4.9908,6250543.0034,936.8615
node-060,2024-01-01 20:12:00,0.0953,9151325.1986,0.0,0.7562,93062.7862,6.9403,6116269.3985,917.4392
node-061,2024-01-01 20:12:00,0.0577,9491386.9516,1.0453,0.7454,170460.5271,9.0245,6208588.4993,941.3975
node-062,2024-01-01 20:12:00,0.0949,9506036.039,0.0,1.21,135257.9234,7.8739,6211420.4739,942.8875
node-063,2024-01-01 20:12:00,0.1139,9183439.1971,0.0,1.1119,113304.7036,6.0052,6252459.3459,938.5273
node-064,2024-01-01 20:12:00,0.1084,8920533.4553,0.0,0.9482,136020.5296,6.729,6309555.7575,970.9522
node-065,2024-01-01 20:12:00,0.0825,9159087.5122,0.0,1.027,122849.9604,6.525,6157915.2318,945.1656
node-066,2024-01-01 20:12:00,0.0849,9425391.357,0.0,0.9895,142756.3487,9.3244,6253337.4474,937.8238
node-067,2024-01-01 20:12:00,0.0773,8881572.8075,0.0,0.5971,148853.8643,12.632,6328477.0934,970.4352
node-068,2024-01-01 20:12:00,0.1012,9597239.8411,0.3788,1.1096,92170.1867,8.1784,6237216.3404,944.0799
node-069,2024-01-01 20:12:00,0.0855,8625029.0026,12.9315,1.095,120831.385,7.0096,6266141.9384,947.3713
node-070,2024-01-01 20:12:00,0.0843,8704295.4007,0.0,0.7963,124050.6252,7.451,6223794.962,951.2394
node-071,2024-01-01 20:12:00,0.126,9631155.3699,0.5691,0.6931,112301.6996,5.0645,6200089.8255,944.745
node-072,2024-01-01 20:12:00,0.0187,106319957.9955,0.0,0.1943,110338.8476,6.5102,6091250.4065,892.8582
node-073,2024-01-01 20:12:00,0.1035,9086542.407,0.4367,0.6863,125962.639,11.017,6206412.764,953.9879
node-074,2024-01-01 20:12:00,0.0861,8826218.4241,0.0,0.7225,118791.2447,7.0292,6143478.204,966.9277
node-075,2024-01-01 20:12:00,0.1112,10226762.2516,0.0,0.5888,123667.3793,5.0229,6194364.997,933.9658
node-076,2024-01-01 20:12:00,0.0,9854022.2069,0.0,0.2108,127796.715,4.0963,6217376.9455,880.9066
node-077,2024-01-01 20:12:00,0.1057,9164633.2016,0.0,0.8286,132062.226,7.0827,6160979.7791,951.2879
node-078,2024-01-01 20:12:00,0.2119,9781462.5845,0.4897,0.7969,111488.9396,6.0171,6226671.6008,958.4295
node-079,2024-01-01 20:12:00,0.2271,9119057.7142,0.3838,0.7924,115968.3297,7.0389,6188019.2258,952.305
node-080,2024-01-01 20:12:00,0.1066,9223330.5363,0.49,1.017,126757.9038,9.9544,6139392.5614,937.8885
node-081,2024-01-01 20:12:00,0.1124,9132129.7753,0.147,0.727,147995.8638,5.9592,6306707.0493,963.2784
node-082,2024-01-01 20:12:00,0.0012,8077691.5013,0.0875,0.1267,123243.7952,2.9766,6279225.7423,899.8611
node-083,2024-01-01 20:12:00,0.1975,9687251.9392,0.0,0.906,124708.5686,9.0098,6241460.5818,977.2598
node-084,2024-01-01 20:12:00,0.111,9618612.7356,1.4541,0.9082,133082.5471,7.6101,6234228.9976,951.2615
node-085,2024-01-01 20:12:00,0.0883,9226016.705,0.0,0.922,113142.1172,7.05,6170692.8102,941.5753
node-086,2024-01-01 20:12:00,0.095,8929881.6403,0.0,0.9289,137184.8975,14.0836,6155926.1551,940.6154
node-087,2024-01-01 20:12:00,0.1091,9592304.3209,0.0,0.9091,131898.6952,9.0782,6210149.7127,950.7533
node-088,2024-01-01 20:12:00,0.3161,8948618.3332,0.5374,0.7216,132023.1662,5.9548,6232182.0045,930.5284
node-089,2024-01-01 20:12:00,0.1148,9292451.8202,0.0,1.3819,120477.1302,7.9549,6204839.733,951.6631
node-090,2024-01-01 20:12:00,0.1512,10824769.8639,0.1417,1.1029,164994.4552,6.0188,6423026.8107,944.1615
node-091,2024-01-01 20:12:00,0.0933,9196564.3445,0.0,0.871,120844.958,11.9615,6201854.1458,957.0554
node-092,2024-01-01 20:12:00,0.0098,9946355.9265,0.3503,0.6324,119103.1895,8.8571,6207195.7446,916.6371
node-093,2024-01-01 20:12:00,0.0059,10172100.5668,0.0,0.671,99037.6683,7.9188,6162485.6909,910.9501
node-094,2024-01-01 20:12:00,0.0092,8978385.2939,0.0,0.9847,141830.8954,6.9307,6188446.9657,939.9253
node-095,2024-01-01 20:12:00,0.1024,9113521.6355,0.1182,0.8804,120879.7714,8.1485,6232671.865,974.8284
node-096,2024-01-01 20:12:00,0.0771,10263496.953,0.0,0.6962,107287.0096,7.0003,6317570.4815,933.0306
node-097,2024-01-01 20:12:00,0.1003,8977015.4222,0.0,0.9922,129205.9105,5.9985,6141084.8646,947.5269
node-098,2024-01-01 20:12:00,0.0903,9266475.2796,0.5198,1.0272,128249.9995,9.4592,6171153.5519,946.8906
node-099,2024-01-01 20:12:00,0.2684,8781485.7457,0.0,1.0052,95279.8366,8.1072,6137169.1493,943.2547
node-100,2024-01-01 20:12:00,0.1312,9598341.6542,1.5557,0.783,140280.2051,7.9621,6188192.3311,915.3256
node-101,2024-01-01 20:12:00,0.0236,8426607.9814,0.0,0.2054,124060.0564,2.8731,6269361.7821,889.5755
node-102,2024-01-01 20:12:00,0.1004,9397881.9471,0.3674,0.9329,117717.7599,7.0046,6170413.3391,965.365
node-103,2024-01-01 20:12:00,0.1182,8627766.4397,0.0,0.9592,146375.7862,6.7585,6257264.4527,931.3783
node-104,2024-01-01 20:12:00,0.0998,8699273.4514,0.0,0.8449,83764.6674,7.912,6232977.7088,955.1089
node-105,2024-01-01 20:12:00,0.1072,9538541.4168,0.0,0.9999,152874.595,6.2393,6194114.793,964.5055
node-106,2024-01-01 20:12:00,0.0151,8554065.6703,0.0,0.2306,113740.6242,4.0356,6211372.4734,902.7028
node-107,2024-01-01 20:12:00,0.0986,8552510.9946,0.0,0.9136,128758.4973,9.9561,6210177.9384,954.6498
node-108,2024-01-01 20:12:00,0.0957,10879794.6319,0.0,0.7832,151793.3327,7.019,6234902.9193,933.8363
node-109,2024-01-01 20:12:00,0.1072,9100873.9832,0.0,0.5434,108768.8368,5.9236,6304208.9359,913.1446
node-110,2024-01-01 20:12:00,0.0317,9238301.8795,0.089,0.5805,104496.7749,14.854,6253006.9719,912.1332
node-111,2024-01-01 20:12:00,0.0881,10061584.0019,0.3604,0.9056,122045.4059,9.0009,6199390.7777,958.7703
node-112,2024-01-01 20:12:00,0.1144,8788933.7471,0.8043,0.8259,130964.2292,5.0323,6249231.7595,919.8221
node-113,2024-01-01 20:12:00,0.1111,8516706.7455,0.0,1.0138,132603.0229,8.1466,6117705.8211,946.0058
node-114,2024-01-01 20:12:00,0.1216,8763084.5853,0.3475,0.9322,157261.6536,10.0167,6216076.5845,928.1041
node-115,2024-01-01 20:12:00,0.114,9267870.1276,0.0,1.0004,110779.7761,7.9368,6211104.9649,948.9979
node-116,2024-01-01 20:12:00,0.0237,9312776.0246,1.2499,0.9012,119841.5824,9.0531,6218167.1745,956.5646
node-117,2024-01-01 20:12:00,0.0916,9217652.5848,0.0,1.3625,111536.055,7.7421,6294280.4723,955.9614
node-118,2024-01-01 20:12:00,0.1177,9286575.7807,0.0,0.8558,133584.4853,6.2869,6220323.7005,955.7706
node-119,2024-01-01 20:12:00,0.0458,10555081.0662,0.4759,0.8259,127283.0131,5.9282,6248106.646,945.2527
node-000,2024-01-01 20:13:00,0.1025,8661683.0141,1.1571,0.8219,181140.1379,7.0022,6225174.1387,934.4926
node-001,2024-01-01 20:13:00,0.1289,9004630.963,0.3798,0.7946,135974.3288,6.0696,6130303.7965,908.1455
node-002,2024-01-01 20:13:00,0.0987,8882328.8729,0.7875,1.0241,114484.7113,7.6241,6180516.2737,969.7971
node-003,2024-01-01 20:13:00,0.0732,10323690.4065,0.0,0.8169,123499.1664,6.0135,6178750.0063,920.8122
node-004,2024-01-01 20:13:00,0.1095,9606014.8834,0.0,0.9784,124402.6403,13.0967,6238813.3098,943.7941
node-005,2024-01-01 20:13:00,0.1032,8028869.6974,0.0,0.7073,129762.5243,8.4038,6240476.0031,948.5627
node-006,2024-01-01 20:13:00,0.0106,9702427.4438,0.1318,0.2944,128357.1396,4.4061,6289250.5147,867.6532
node-007,2024-01-01 20:13:00,0.1606,8097692.5345,0.1343,0.5808,144087.3028,11.157,6250981.1992,956.9643
node-008,2024-01-01 20:13:00,0.0938,9040200.0614,0.2178,1.0054,117041.3621,13.081,6174854.141,922.672
node-009,2024-01-01 20:13:00,0.0369,9031985.6541,0.0,0.9037,126043.3012,7.296,6123805.156,956.9722
node-010,2024-01-01 20:13:00,0.1116,9271684.6198,0.236,1.2092,120286.3608,19.9744,6266981.4524,960.4497
node-011,2024-01-01 20:13:00,0.1202,8741406.6039,0.0,0.7066,124868.7041,5.9878,6205120.844,954.4941
node-012,2024-01-01 20:13:00,0.0875,7862991.593,0.5145,0.9803,121507.0454,6.0523,6159568.7336,942.9891
node-013,2024-01-01 20:13:00,0.0972,9168273.4134,0.0,1.011,171512.3477,0.0529,0.0,955.5563
node-014,2024-01-01 20:13:00,0.0924,10545934.9809,0.0,0.7044,115328.3234,2.9422,6133598.3896,911.7706
node-015,2024-01-01 20:13:00,0.008,8260483.9251,0.0,0.1969,129819.4993,3.0011,6219622.5855,900.422
node-016,2024-01-01 20:13:00,0.0315,8466706.405,0.2949,0.8006,131280.364,5.0517,6322485.7743,958.5278
node-017,2024-01-01 20:13:00,0.3606,10368826.3335,0.007,0.6957,150764.7852,6.0271,6268918.6162,941.2691
node-018,2024-01-01 20:13:00,0.0133,9517250.6271,0.0,1.194,130998.2446,16.1575,6222775.1309,942.6375
node-019,2024-01-01 20:13:00,0.09,9431730.493,0.0,0.8802,133949.9545,7.1517,6215367.753,955.0975
node-020,2024-01-01 20:13:00,0.1172,9395811.9015,0.249,0.9989,154223.799,10.9454,6236148.8717,950.4128
node-021,2024-01-01 20:13:00,0.1091,9899496.1609,0.7324,1.8244,103394.2502,7.0326,6232490.66,948.5578
node-022,2024-01-01 20:13:00,0.0973,9116515.0254,0.0,0.8061,110356.8291,7.2544,6149231.5305,950.6175
node-023,2024-01-01 20:13:00,0.0927,8884650.4615,0.0,0.7323,120506.1027,6.9625,6195290.5573,909.5058
node-024,2024-01-01 20:13:00,0.0907,8450562.9504,0.0,0.6931,126733.3421,7.8951,6384155.9866,939.4771
node-025,2024-01-01 20:13:00,0.0558,10709577.9884,0.0,0.6706,113308.5368,5.7247,6177323.8504,931.9554
node-026,2024-01-01 20:13:00,0.0,9612996.8804,0.0,0.1991,125012.9276,5.9979,6181287.8767,887.5775
node-027,2024-01-01 20:13:00,0.0793,9442014.3483,0.1175,1.3001,112962.7874,4.9751,6281960.6551,936.078
node-028,2024-01-01 20:13:00,0.1219,9739806.6551,0.0,0.9992,141293.5737,6.982,6072762.7731,916.6645
node-029,2024-01-01 20:13:00,0.0845,9280556.0808,0.0776,0.8237,134365.2366,12.9203,6204765.7524,944.4561
node-030,2024-01-01 20:13:00,0.0839,8841045.4247,0.0,0.9888,114967.8099,6.8901,6190503.2156,947.6621
node-031,2024-01-01 20:13:00,0.0081,28990939.2823,0.0,0.599,876.7426,0.0788,47511.8659,2.997
node-032,2024-01-01 20:13:00,0.1147,8920584.4484,0.2915,0.7992,121878.0261,15.0911,6225935.5104,948.7669
node-033,2024-01-01 20:13:00,0.2031,9386633.1913,0.0,2.3061,129772.2437,8.9773,6307927.327,967.0885
node-034,2024-01-01 20:13:00,0.0103,8691283.8144,0.0,0.0849,111683.7469,2.9933,6224721.9235,899.7168
node-035,2024-01-01 20:13:00,0.1408,10163885.371,0.0,0.8004,150488.9173,5.0074,6145433.7515,919.7786
node-036,2024-01-01 20:13:00,0.1545,9516223.6003,0.0,0.8879,114413.5862,8.2134,6256310.1159,937.673
node-037,2024-01-01 20:13:00,0.1146,9494310.2574,0.895,0.6806,129395.1371,9.0063,6220938.531,938.8783
node-038,2024-01-01 20:13:00,0.1868,8649991.6521,0.0,1.1894,143633.6826,6.9713,6382711.0052,950.3784
node-039,2024-01-01 20:13:00,0.1192,10046637.1738,0.0,0.8013,108778.2882,8.462,6239261.9464,935.3974
node-040,2024-01-01 20:13:00,0.0,9394050.187,0.0,0.2194,160296.4885,3.0379,6279228.5725,898.4776
node-041,2024-01-01 20:13:00,0.0424,9422735.1531,0.0,5.0892,151893.6813,7.0842,6353713.6638,946.5439
node-042,2024-01-01 20:13:00,0.1877,9529936.3621,0.0,1.1062,111636.5878,6.891,6234857.5696,914.9353
node-043,2024-01-01 20:13:00,0.1022,10114437.9765,0.0,0.5273,140072.6975,6.0927,6280925.7875,948.7895
node-044,2024-01-01 20:13:00,0.1061,9095723.2132,0.0,0.9035,123810.0179,9.1339,6265318.2858,937.2129
node-045,2024-01-01 20:13:00,0.1108,9620134.5232,0.5789,1.213,118927.9841,9.0353,6239413.2289,926.0353
node-046,2024-01-01 20:13:00,0.1076,9126417.8372,0.0,0.8922,106550.0677,7.9849,6183425.3471,941.3597
node-047,2024-01-01 20:13:00,0.0392,8620672.9248,0.0,0.5067,125458.8461,7.939,6184366.2708,929.1052
node-048,2024-01-01 20:13:00,0.0253,9147373.7501,0.0,0.7969,116291.175,6.9099,6160076.1944,915.948
node-049,2024-01-01 20:13:00,0.0125,8240316.1509,0.4871,0.1752,113854.2171,3.1956,6293419.3737,895.3164
node-050,2024-01-01 20:13:00,0.0002,8245907.5345,0.0,0.1984,122408.5587,3.026,6176550.4452,907.4837
node-051,2024-01-01 20:13:00,0.0748,8826963.2846,0.7415,1.7131,145039.9221,8.009,6241829.2207,939.7096
node-052,2024-01-01 20:13:00,0.095,9394767.5363,0.0,0.6062,112438.1561,6.9203,6157350.3289,932.8658
node-053,2024-01-01 20:13:00,0.1179,9410129.2998,1.3521,0.9953,91730.882,9.0708,6225794.2172,935.5465
node-054,2024-01-01 20:13:00,0.1148,8997507.8862,1.2694,0.9965,105534.4046,7.1075,6254556.6555,921.9308
node-055,2024-01-01 20:13:00,0.0807,8986871.0255,0.0212,0.7818,136988.6294,7.1024,6201918.9963,949.8534
node-056,2024-01-01 20:13:00,0.0712,9513334.1885,0.3464,0.7295,118889.9354,8.0594,6202532.4629,953.1435
node-057,2024-01-01 20:13:00,0.0882,7582904.7211,0.5849,0.9796,122859.1529,3.9594,6197475.6939,924.1212
node-058,2024-01-01 20:13:00,0.0803,9341898.1374,0.0,1.0177,157501.6996,7.9248,6225212.966,947.3619
node-059,2024-01-01 20:13:00,0.0913,9408837.5276,0.0,0.8864,101309.4411,6.4629,6232296.1414,919.9863
node-060,2024-01-01 20:13:00,0.1115,9111485.2703,0.7016,0.5925,116405.9808,7.042,6138079.1098,909.5945
node-061,2024-01-01 20:13:00,0.0609,9273184.7775,0.6361,0.6996,98842.8365,12.6558,6142654.9344,945.837
node-062,2024-01-01 20:13:00,0.0856,8998240.0478,0.0,0.5959,99811.4433,8.7562,6330076.0122,948.1016
node-063,2024-01-01 20:13:00,0.0,9126889.6372,0.0,0.9818,128522.6526,8.9391,6351342.3569,952.6147
node-064,2024-01-01 20:13:00,0.0844,8932311.8885,0.0,0.956,125677.2073,7.0663,6186401.6833,959.9684
node-065,2024-01-01 20:13:00,0.1082,9204078.0753,0.0,0.9814,90314.0251,5.871,6214582.3331,947.9171
node-066,2024-01-01 20:13:00,0.0809,8952389.0059,0.0,1.0953,129810.6588,9.2637,6196449.0236,933.3096
node-067,2024-01-01 20:13:00,0.0831,8883637.4846,0.0,0.5941,149201.1266,14.043,6305078.3111,972.9541
node-068,2024-01-01 20:13:00,0.1521,9537265.8563,0.8642,1.0056,131642.5456,9.0754,6378428.25,933.0216
node-069,2024-01-01 20:13:00,0.0982,9010771.7186,13.5459,1.2091,121513.2986,8.0878,6210123.2531,945.4663
node-070,2024-01-01 20:13:00,0.0,8693978.9531,0.0,1.0085,114845.6985,5.9762,6178571.6784,953.7133
node-071,2024-01-01 20:13:00,0.0989,9119684.2698,0.0,0.799,116422.9264,7.9346,6192459.0793,939.5468
node-072,2024-01-01 20:13:00,0.0217,105894958.6948,0.0,0.2005,127201.6494,7.0026,6446650.3794,875.3354
node-073,2024-01-01 20:13:00,0.0414,8939825.2643,0.3469,0.9779,131090.1908,6.9865,6390629.4438,947.5872
node-074,2024-01-01 20:13:00,0.2244,8863680.2578,0.9979,0.9102,122972.4709,9.0232,6205450.3938,956.8576
node-075,2024-01-01 20:13:00,0.1275,9946635.7857,0.3999,1.0972,129580.4477,6.4469,6123908.9489,931.0105
node-076,2024-01-01 20:13:00,0.0138,9776911.3709,0.7505,0.1897,115823.3023,4.0663,6246863.7239,889.8504
node-077,2024-01-01 20:13:00,0.0819,8978770.5944,0.5241,0.8295,125331.335,6.9836,6402058.0692,955.6941
node-078,2024-01-01 20:13:00,0.0053,8910747.0082,1.2936,0.7816,110777.9107,10.992,6297282.7995,958.6376
node-079,2024-01-01 20:13:00,0.1258,8966136.1705,0.4767,0.6951,128117.479,9.1797,6166446.3449,943.0775
node-080,2024-01-01 20:13:00,0.0878,9210032.2377,0.244,1.2859,95010.3562,11.0979,6308586.6929,937.5261
node-081,2024-01-01 20:13:00,0.1112,8852080.8129,0.9945,0.8197,148979.539,6.0722,6284453.0966,970.1859
node-082,2024-01-01 20:13:00,0.0065,8407517.6341,0.5223,0.0994,138121.2468,4.0051,6030155.9796,909.09
node-083,2024-01-01 20:13:00,0.1037,9303058.4481,0.1752,1.1978,115769.9239,8.0142,6240393.2857,963.8933
node-084,2024-01-01 20:13:00,0.0927,9665035.5069,0.0,0.823,112570.9324,7.1484,6190370.2754,963.2119
node-085,2024-01-01 20:13:00,0.0748,9011368.038,0.0,1.1977,134707.9745,7.316,6157216.3888,945.8941
node-086,2024-01-01 20:13:00,0.0936,8850509.186,0.4072,1.0054,111564.767,13.2456,6205076.5129,932.1573
node-087,2024-01-01 20:13:00,0.096,9506263.4753,0.2929,0.8632,135410.2918,7.9763,6176347.0611,946.1026
node-088,2024-01-01 20:13:00,0.0998,9574703.7198,0.0151,0.5038,124102.5337,3.9031,6163279.3852,923.9115
node-089,2024-01-01 20:13:00,0.0843,8900006.306,0.0,1.3801,110636.2165,7.9711,6217262.8642,943.964
node-090,2024-01-01 20:13:00,0.1244,10768573.0678,0.0,0.9956,167991.2875,5.9743,6283932.6589,945.9059
node-091,2024-01-01 20:13:00,0.0607,9756564.086,0.0,1.1786,126395.1265,9.0853,6344519.2684,945.7161
node-092,2024-01-01 20:13:00,0.0276,10133694.5994,1.0071,0.7521,105110.2613,8.1503,6247938.9971,919.7741
node-093,2024-01-01 20:13:00,0.0,9973502.3431,0.641,0.6898,138751.6017,7.9442,6053797.9888,893.4938
node-094,2024-01-01 20:13:00,0.0969,9435661.2703,0.068,1.5257,115606.1275,13.9397,6217913.0797,956.0223
node-095,2024-01-01 20:13:00,0.1327,8876506.013,0.2611,1.2181,129530.7701,10.0831,6216792.1592,976.1875
node-096,2024-01-01 20:13:00,0.1023,10232594.484,0.0,0.7503,121087.662,8.0263,6170928.68,923.0842
node-097,2024-01-01 20:13:00,0.1349,9063349.792,0.0,1.0097,110650.8319,6.939,6210874.4269,953.996
node-098,2024-01-01 20:13:00,0.0925,9546493.8834,0.0,1.0274,120846.0236,9.8722,6139003.8554,942.5377
node-099,2024-01-01 20:13:00,0.0915,8469062.3061,0.6893,1.7239,106781.5859,10.9292,6202734.642,946.4438
node-100,2024-01-01 20:13:00,0.0787,9267324.664,0.0,0.7821,134987.8045,6.0241,6307088.3311,911.1222
node-101,2024-01-01 20:13:00,0.0014,8055483.2996,0.0,0.2007,135215.4766,2.9983,6199127.3731,892.4896
node-102,2024-01-01 20:13:00,0.0953,9200296.9669,0.0,0.9903,109207.2479,6.9545,6214888.3611,968.3043
node-103,2024-01-01 20:13:00,0.1103,8527686.5773,0.0,0.7733,132686.8981,6.9894,6157644.2362,940.7332
node-104,2024-01-01 20:13:00,0.1167,8876359.0053,0.0,0.8254,134256.9804,8.6175,6193043.9353,948.6448
node-105,2024-01-01 20:13:00,0.0952,9833616.5037,0.7353,0.9071,162018.7244,9.9546,6189521.6537,953.2055
node-106,2024-01-01 20:13:00,0.0,8162755.1108,0.5234,0.1823,114459.8946,3.4825,6228162.2697,877.6593
node-107,2024-01-01 20:13:00,0.1051,8212235.1357,0.0,0.9295,121731.2282,11.0724,6221030.9756,934.9855
node-108,2024-01-01 20:13:00,0.1585,10397422.7095,0.0,0.7425,119959.2113,6.96,6263771.5881,915.7607
node-109,2024-01-01 20:13:00,0.0096,9268827.047,0.0,0.7224,129889.5751,6.0186,6328694.0943,919.9338
node-110,2024-01-01 20:13:00,0.0028,9151419.068,0.0,0.5888,103518.0239,5.8614,6201043.3678,911.3528
node-111,2024-01-01 20:13:00,0.1028,9855528.2016,1.1603,0.8055,138070.3907,9.4343,6271787.0797,954.5189
node-112,2024-01-01 20:13:00,0.1118,8693855.6772,0.0,0.7973,211366.5405,7.0551,6188729.2596,919.6775
node-113,2024-01-01 20:13:00,0.1161,8569893.0476,1.2681,0.9913,136538.2746,10.2094,6289259.7934,935.617
node-114,2024-01-01 20:13:00,0.1114,8967794.6443,1.7145,0.8054,161913.6817,5.8386,6264769.1359,924.8848
node-115,2024-01-01 20:13:00,0.104,9500717.7139,0.0417,0.9828,111790.5943,8.038,6133009.5404,941.4674
node-116,2024-01-01 20:13:00,0.0375,9687023.1378,0.0958,1.0902,128405.9403,8.9278,6191704.417,947.3093
node-117,2024-01-01 20:13:00,0.1039,9298488.2566,0.0,1.3143,119987.1497,7.1241,6201646.775,961.1977
node-118,2024-01-01 20:13:00,0.0891,9199680.0026,0.3033,0.9442,118086.5189,7.0891,6178189.4899,942.7708
node-119,2024-01-01 20:13:00,0.0898,10666863.8809,0.0,0.8146,99053.0544,4.578,6206115.5953,940.8202
