nodeId,timestamp,cpu_wio,mem_free,Missed Buffers_P1,cpu_user,bytes_out,proc_run,bytes_in,pkts_out
node-000,2024-01-01 19:34:00,0.6677,17950383.0542,0.0,0.8762,154514.6976,8.0387,6260685.6605,918.0638
node-001,2024-01-01 19:34:00,1.8974,17860055.1534,0.6153,0.6327,116367.3115,8.0641,6123559.8527,920.9208
node-002,2024-01-01 19:34:00,0.1166,9489029.0551,0.0,0.876,110159.581,9.0741,6091297.4977,875.2176
node-003,2024-01-01 19:34:00,0.2515,19049551.4,1.4487,0.4745,111608.0755,11.0442,6187314.1081,900.9864
node-004,2024-01-01 19:34:00,0.0849,17812150.6982,0.2092,0.6891,121704.7458,10.0354,6174311.4228,919.1149
node-005,2024-01-01 19:34:00,0.1105,8481091.0547,0.5417,0.6141,121451.9934,10.9959,6152568.109,913.6181
node-006,2024-01-01 19:34:00,0.1921,18551246.8385,0.0,0.1383,136007.2394,2.8982,6247840.5219,820.6797
node-007,2024-01-01 19:34:00,0.2496,18165120.5076,0.3322,1.2958,164402.2393,14.0046,6125556.6852,928.7461
node-008,2024-01-01 19:34:00,0.61,17520466.7345,0.0,0.3764,108308.8081,3.9908,6146490.1102,916.6083
node-009,2024-01-01 19:34:00,0.0,18234210.9176,0.6401,0.7737,120108.1338,8.9198,6053367.2625,900.5938
node-010,2024-01-01 19:34:00,0.0958,17866137.8218,0.0,0.8988,70509.2009,10.0195,6136215.9062,894.8592
node-011,2024-01-01 19:34:00,0.0547,17674542.4924,0.819,0.704,125642.7298,5.0541,6228410.4762,919.922
node-012,2024-01-01 19:34:00,0.8874,17064623.9796,0.2075,0.5999,97586.8117,3.9492,6182193.1594,923.3746
node-013,2024-01-01 19:34:00,0.0,17847249.6298,0.0,0.3893,153284.0059,0.01,123833.3878,864.7746
node-014,2024-01-01 19:34:00,0.3669,19333798.2521,0.1179,0.7061,115590.8349,7.907,6091936.8503,903.8187
node-015,2024-01-01 19:34:00,0.3129,18429126.269,0.4951,0.1801,107282.8149,3.1743,6164247.9979,864.0956
node-016,2024-01-01 19:34:00,0.0744,17956635.3866,0.0,0.5084,128378.7219,6.993,6229219.9293,908.7045
node-017,2024-01-01 19:34:00,0.1143,20460083.3307,0.3077,0.3514,148454.1568,7.1092,6295764.8598,912.0405
node-018,2024-01-01 19:34:00,0.0816,18482998.0918,0.0,0.5827,108938.1197,9.0994,6140300.4494,910.555
node-019,2024-01-01 19:34:00,0.4938,19170330.434,0.0,0.5493,121007.2325,8.9556,6113737.6886,934.7414
node-020,2024-01-01 19:34:00,0.6659,18311147.5538,0.4773,0.901,150672.7148,7.9724,6172004.322,857.3004
node-021,2024-01-01 19:34:00,0.1013,18166494.396,1.2942,1.474,103058.7085,4.968,6296921.5281,895.1859
node-022,2024-01-01 19:34:00,0.265,18436498.4176,0.0,0.6153,117731.8714,4.1383,6167440.5722,929.3734
node-023,2024-01-01 19:34:00,0.3041,17914986.7711,0.0,0.3057,112095.3666,7.0605,6153712.5357,883.052
node-024,2024-01-01 19:34:00,0.073,17941832.1183,0.1295,0.5934,98905.8304,10.9558,6177780.9714,922.1837
node-025,2024-01-01 19:34:00,1.1844,19466940.9175,0.0,0.6183,90350.7044,5.3814,6208070.6418,897.7116
node-026,2024-01-01 19:34:00,0.0042,18674728.9644,0.0,0.1018,113232.6297,0.5416,6087546.7037,834.9237
node-027,2024-01-01 19:34:00,0.2126,18488195.5875,0.1522,0.5974,117530.3075,10.9398,6143562.2,911.1663
node-028,2024-01-01 19:34:00,0.0939,19087643.9992,0.0,0.6189,129697.2121,8.0492,6277660.5032,892.8157
node-029,2024-01-01 19:34:00,0.0,18462540.9991,0.0,0.296,103852.883,3.9587,6290215.4571,919.3855
node-030,2024-01-01 19:34:00,0.0897,18569272.824,0.0,0.3985,112448.8254,2.9308,6190117.984,933.7313
node-031,2024-01-01 19:34:00,0.0013,29343558.6881,0.0,0.1961,678.1508,0.0,45455.595,12.0852
node-032,2024-01-01 19:34:00,0.1354,18096081.6572,0.0,0.4979,118599.85,5.9708,6301362.6824,868.7005
node-033,2024-01-01 19:34:00,0.1017,17702638.6646,0.0,0.4964,112218.5214,8.1579,6097194.2846,912.1862
node-034,2024-01-01 19:34:00,0.0,18449376.8177,0.0,0.0873,129298.2091,0.5702,6169934.9048,859.8285
node-035,2024-01-01 19:34:00,0.2555,20270518.1716,0.0,1.4244,129607.5049,13.9551,6189745.953,903.0336
node-036,2024-01-01 19:34:00,0.9248,18232895.0181,0.0,0.2953,116696.4701,10.0508,6121310.2876,923.1863
node-037,2024-01-01 19:34:00,1.3978,17524374.88,0.0,0.6057,86441.0575,2.0117,6039941.87,886.3271
node-038,2024-01-01 19:34:00,0.5056,17885278.6385,0.7056,0.7982,114080.5254,4.0885,6126944.1847,908.5616
node-039,2024-01-01 19:34:00,0.4064,19237348.929,0.6622,0.3083,119300.1445,6.9125,6231613.0707,923.5534
node-040,2024-01-01 19:34:00,0.0,19259041.6567,0.4099,0.0983,157687.4755,4.991,6139658.0249,815.6972
node-041,2024-01-01 19:34:00,0.0877,19155816.7897,0.6262,0.371,125956.7409,8.9323,6238531.8771,910.9869
node-042,2024-01-01 19:34:00,0.0921,18903092.2423,0.0,0.8993,105011.6105,4.0604,6309759.0755,902.6977
node-043,2024-01-01 19:34:00,0.0103,19198060.0771,0.3926,0.5313,123879.7901,4.2119,6180765.686,892.6465
node-044,2024-01-01 19:34:00,0.2525,18450683.9026,0.7971,0.5962,101988.6553,7.9344,6162492.4852,887.4463
node-045,2024-01-01 19:34:00,0.0961,18386611.5563,0.0,4.7634,129245.5193,9.0566,6133874.9428,876.0055
node-046,2024-01-01 19:34:00,0.1186,17459260.5376,0.0,0.5939,133531.8596,8.0436,5906454.3523,900.2792
node-047,2024-01-01 19:34:00,0.0849,17507210.4555,0.0,0.398,80271.6671,9.1075,6214801.8176,923.4642
node-048,2024-01-01 19:34:00,0.5091,18570951.6686,0.0,0.6421,101805.7126,2.9595,6146357.3001,869.7498
node-049,2024-01-01 19:34:00,0.0,17146854.9735,1.2555,0.1171,106801.5422,1.7711,6016720.6293,851.2607
node-050,2024-01-01 19:34:00,0.0029,17164506.9078,0.0,0.1816,108818.4221,4.1583,6299447.61,824.3912
node-051,2024-01-01 19:34:00,0.5934,17460776.1374,0.0,1.4113,141370.9462,12.0413,6148983.6421,892.2007
node-052,2024-01-01 19:34:00,1.2931,18311708.467,0.3703,0.353,103603.2703,7.0309,6172038.9486,896.455
node-053,2024-01-01 19:34:00,0.1871,18599160.4543,0.0,0.591,116241.7377,5.0095,6277467.4556,893.0487
node-054,2024-01-01 19:34:00,0.0949,17280152.4752,0.0,0.6894,75712.873,7.9766,6150090.6346,913.2569
node-055,2024-01-01 19:34:00,0.0932,18691570.6279,0.0,0.7196,132282.2836,9.0737,6238428.2046,880.9704
node-056,2024-01-01 19:34:00,0.1225,18651248.5993,0.5388,0.4779,81229.4458,13.8859,6311192.7777,904.1829
node-057,2024-01-01 19:34:00,0.2076,16211480.6312,0.2047,0.8116,153016.5271,6.8575,6120092.2192,910.4626
node-058,2024-01-01 19:34:00,0.2113,18985146.7646,0.3822,0.4904,156606.3179,6.9296,6176500.7283,906.0968
node-059,2024-01-01 19:34:00,0.1894,18839711.344,0.0,0.5843,115686.1208,8.8656,6145232.8511,910.27
node-060,2024-01-01 19:34:00,0.3308,17915135.9121,0.0,1.2647,105741.4374,8.2478,6157518.504,918.6982
node-061,2024-01-01 19:34:00,0.0902,17761938.6034,0.0184,0.8233,118263.5038,10.0313,6210772.9977,923.5857
node-062,2024-01-01 19:34:00,0.2058,18471391.1021,0.1039,0.5964,126090.939,5.9386,6084654.3847,916.0201
node-063,2024-01-01 19:34:00,0.13,18010573.9838,0.1561,0.8999,121203.7582,8.9884,6123959.1108,918.2955
node-064,2024-01-01 19:34:00,1.4062,17999831.5026,0.0,0.3863,109925.0653,9.0544,6186156.0148,878.4906
node-065,2024-01-01 19:34:00,0.1025,18893178.1715,0.0771,0.8286,83548.9995,7.0053,6083160.4939,913.7085
node-066,2024-01-01 19:34:00,0.1082,18686879.8051,0.0,0.4538,116979.2346,8.0836,6027550.8109,910.8727
node-067,2024-01-01 19:34:00,0.0598,17132493.1656,0.0,0.6505,130443.3877,6.9571,6173277.9028,903.1994
node-068,2024-01-01 19:34:00,0.216,18961809.707,0.0,0.5231,93643.3166,8.9509,6147516.706,910.2946
node-069,2024-01-01 19:34:00,1.6867,10058795.8825,13.8652,0.8436,129870.8003,13.9988,6142291.5334,889.5708
node-070,2024-01-01 19:34:00,1.1279,18548942.2043,0.0,0.6124,121286.1138,7.9059,7113197.5873,913.8362
node-071,2024-01-01 19:34:00,0.1144,17606782.4776,0.03,0.4017,135986.5579,9.1034,6104749.2455,932.7506
node-072,2024-01-01 19:34:00,0.0014,114939855.0235,0.2237,0.1092,116118.6512,2.0559,6171582.9793,828.6552
node-073,2024-01-01 19:34:00,0.0999,17529004.2793,0.3832,0.3972,137425.5554,4.0441,6215920.1584,916.7535
node-074,2024-01-01 19:34:00,0.3355,18533600.8258,0.3991,0.4987,135998.7932,6.8742,6179415.7824,923.1948
node-075,2024-01-01 19:34:00,0.134,19689376.6155,0.0,0.5036,118271.7312,8.0573,6223988.4354,908.8132
node-076,2024-01-01 19:34:00,0.03,19406306.3825,0.0,0.1017,116541.1534,2.0941,6167318.8137,828.1628
node-077,2024-01-01 19:34:00,0.1152,18081745.373,0.3868,0.8044,120703.7131,6.8109,6272556.0913,917.1303
node-078,2024-01-01 19:34:00,0.2034,19154273.5808,0.0,0.9984,115006.4329,11.008,6121273.338,911.2054
node-079,2024-01-01 19:34:00,0.3413,18527156.281,0.0,0.5101,108988.9783,7.913,6010176.8727,924.2287
node-080,2024-01-01 19:34:00,0.1004,17570580.6644,1.089,0.4458,111824.2524,2.9401,6070336.6548,889.5842
node-081,2024-01-01 19:34:00,0.5192,18032309.804,0.0,0.486,170629.7744,11.1208,6179772.8977,919.1721
node-082,2024-01-01 19:34:00,0.0,17421930.7025,0.0,0.1806,105204.0349,3.9832,5972903.209,829.6063
node-083,2024-01-01 19:34:00,0.5897,18217703.5061,0.6379,0.6922,116557.769,10.0312,6254768.5774,894.729
node-084,2024-01-01 19:34:00,0.2634,18531291.9148,0.3093,0.4884,126716.9749,5.0652,6056002.3672,910.2817
node-085,2024-01-01 19:34:00,1.5982,18977602.6981,0.0,0.512,97030.0705,7.9065,6124212.847,916.4393
node-086,2024-01-01 19:34:00,0.0004,18280008.5765,0.3088,0.4059,130024.5334,10.0411,6200616.6049,891.9405
node-087,2024-01-01 19:34:00,0.0976,18648651.3805,0.0,0.7587,124386.402,10.9817,6108395.8844,933.1185
node-088,2024-01-01 19:34:00,0.8205,18154451.8179,1.5892,0.4051,132073.2385,4.0966,6185930.4002,922.9951
node-089,2024-01-01 19:34:00,0.0169,18100010.6281,0.0,0.8729,116497.2796,9.099,6206683.1376,897.574
node-090,2024-01-01 19:34:00,0.5973,18996902.2533,0.4503,0.5289,132337.5318,8.8833,6159086.6593,895.086
node-091,2024-01-01 19:34:00,0.1741,18606775.9006,0.7565,0.8276,128494.0522,7.9849,6147246.8797,892.2311
node-092,2024-01-01 19:34:00,1.0031,18727711.8705,0.3978,0.4002,107263.4599,6.0093,6116088.1894,896.6705
node-093,2024-01-01 19:34:00,0.088,19564918.7975,0.0,0.5949,113838.6434,9.0493,6270616.6286,880.1687
node-094,2024-01-01 19:34:00,0.4037,18786276.035,0.0,0.7805,164021.7552,6.8639,6244821.6818,915.9177
node-095,2024-01-01 19:34:00,0.8051,18042233.636,0.0772,0.6997,127048.7296,8.3768,5861058.8909,925.6927
node-096,2024-01-01 19:34:00,0.103,18635564.9061,0.1802,0.7049,110061.3462,9.0668,6052436.442,903.3417
node-097,2024-01-01 19:34:00,0.1972,18865581.7962,0.0,0.5954,108916.8868,7.7666,6231527.354,914.289
node-098,2024-01-01 19:34:00,0.1055,18120819.3239,1.587,0.3998,124973.1478,7.9214,6062317.9863,927.014
node-099,2024-01-01 19:34:00,0.2354,17425146.2226,0.025,0.393,127610.6043,11.0707,6274804.3995,910.7525
node-100,2024-01-01 19:34:00,0.6259,18086108.9503,0.0,0.4669,114857.2419,3.1231,6180913.2433,910.6159
node-101,2024-01-01 19:34:00,0.0692,16823063.7083,1.4289,0.114,125539.9799,0.9611,6246783.0817,856.2377
node-102,2024-01-01 19:34:00,0.5263,18125567.0645,0.0,0.8021,132377.9147,8.9476,6209115.5578,902.6792
node-103,2024-01-01 19:34:00,2.0112,16935191.1728,0.2049,0.2077,108642.0197,10.0749,6123591.7873,926.2692
node-104,2024-01-01 19:34:00,1.6902,18896327.3137,0.0,0.5872,94402.1801,0.9602,6041685.6196,897.6891
node-105,2024-01-01 19:34:00,0.1139,18555754.7435,0.0,0.587,154886.9219,13.0599,6202985.4138,942.3027
node-106,2024-01-01 19:34:00,0.0803,17335382.4017,0.3891,0.1744,110312.1443,2.8495,6248563.2389,850.0189
node-107,2024-01-01 19:34:00,0.2619,17240263.0542,0.0,0.8047,106714.65,6.9748,6195716.1198,869.9485
node-108,2024-01-01 19:34:00,0.1008,19579855.2343,0.0114,0.6575,124887.9607,10.9511,6224247.2973,923.8527
node-109,2024-01-01 19:34:00,0.7089,18284179.092,0.0,0.8293,111746.7237,5.0074,6179343.8824,881.3169
node-110,2024-01-01 19:34:00,0.1027,18110179.9586,1.0663,0.7239,81883.9029,3.9486,6108148.9706,917.5284
node-111,2024-01-01 19:34:00,0.0028,18748525.1402,0.0,0.7115,116386.7227,7.2421,5945853.4632,874.8586
node-112,2024-01-01 19:34:00,1.2506,17504333.1752,0.0398,0.6089,101851.4274,7.0112,6101126.2602,911.2243
node-113,2024-01-01 19:34:00,0.1247,18565998.1317,0.6821,0.6002,121645.7875,6.4148,6143755.7219,863.7757
node-114,2024-01-01 19:34:00,0.187,18118439.4809,0.0,0.4483,145575.5658,10.9788,6243899.7361,891.1926
node-115,2024-01-01 19:34:00,5.5952,17725556.9778,0.0,0.9194,104853.3134,9.0819,6260742.3023,920.3367
node-116,2024-01-01 19:34:00,0.159,17491278.7322,0.0,0.7257,122241.571,5.0753,6093344.5911,911.2232
node-117,2024-01-01 19:34:00,0.1097,10363488.0609,0.0,1.1002,114797.1133,8.9498,6285240.7522,907.4377
node-118,2024-01-01 19:34:00,0.2325,17850494.1507,0.4082,1.4128,135013.7124,9.878,6210503.5664,918.7869
node-119,2024-01-01 19:34:00,0.018,19180904.3484,0.6555,0.496,119468.1574,1.9748,6215298.9856,879.9007
node-000,2024-01-01 19:35:00,0.1162,17670074.2385,0.3678,0.6029,177030.1577,7.8983,6228441.9182,932.6303
node-001,2024-01-01 19:35:00,1.079,18157731.694,0.182,0.7719,118598.6253,8.1639,5790005.4264,910.5645
node-002,2024-01-01 19:35:00,0.1087,10215786.0789,0.0464,0.5681,123777.7696,11.9543,5869948.4141,905.7673
node-003,2024-01-01 19:35:00,0.6871,18505096.2914,0.0031,0.5074,129165.7875,10.2127,6190548.7337,877.8634
node-004,2024-01-01 19:35:00,0.3096,17760105.548,0.1534,0.5843,95614.0908,9.9736,6238871.4076,898.6706
node-005,2024-01-01 19:35:00,0.0706,8766845.2343,0.9775,0.6694,128036.4877,9.936,6258437.9785,910.8696
node-006,2024-01-01 19:35:00,0.1193,18001270.3098,0.1892,0.1058,97335.9551,7.0652,6156531.781,832.8199
node-007,2024-01-01 19:35:00,0.0813,17580447.5435,0.4945,1.3119,121744.416,11.8967,6112340.4655,913.8245
node-008,2024-01-01 19:35:00,0.4868,17188140.5058,0.0,0.8955,114225.261,6.0236,6109852.9174,919.7111
node-009,2024-01-01 19:35:00,0.0026,17864030.4735,0.0,0.4969,109919.2822,10.9132,6108187.6915,876.0742
node-010,2024-01-01 19:35:00,0.1207,17436097.5856,0.1234,0.6792,117185.9364,9.5303,6174852.8389,899.2754
node-011,2024-01-01 19:35:00,0.104,17235237.7784,0.0,0.4345,106059.3465,4.9877,6095170.215,886.4842
node-012,2024-01-01 19:35:00,0.5438,16785239.9484,0.0,0.5352,116076.7589,7.9347,5505616.3109,910.6871
node-013,2024-01-01 19:35:00,0.3917,17684939.8806,0.0,0.7173,130663.2688,0.0,80927.5683,890.42
node-014,2024-01-01 19:35:00,0.1343,19218411.3066,0.0,0.5197,96365.9563,4.9131,6386816.7336,900.6947
node-015,2024-01-01 19:35:00,0.0821,17905518.0245,0.0,0.1262,127739.1673,3.1114,5985839.7088,812.8653
node-016,2024-01-01 19:35:00,0.1111,17604799.7415,0.0,0.5066,116185.0111,6.958,6227798.8228,891.7102
node-017,2024-01-01 19:35:00,0.1059,19717407.9285,0.5814,0.5652,178910.8261,7.0107,6160388.248,910.4849
node-018,2024-01-01 19:35:00,0.0909,17989003.4602,0.0,0.6003,125362.9472,11.0692,6192059.4794,925.1744
node-019,2024-01-01 19:35:00,0.1192,18514155.7077,0.2987,1.3043,124558.6471,17.0201,6106128.2513,905.7925
node-020,2024-01-01 19:35:00,0.4182,17221881.4509,0.0,0.5836,132160.4596,7.0736,5844736.1639,872.2135
node-021,2024-01-01 19:35:00,0.1944,18116292.5729,1.2858,1.1538,126345.5677,6.2656,5821397.9951,899.1591
node-022,2024-01-01 19:35:00,0.2338,17648704.4835,0.3585,0.5701,120408.5232,1.0646,6078115.6822,918.6386
node-023,2024-01-01 19:35:00,0.2833,17330822.1839,1.3598,0.5159,99151.7902,8.0817,6185866.7915,902.1918
node-024,2024-01-01 19:35:00,0.0978,17770750.8671,0.2397,0.6049,128054.2168,10.9008,6317458.0512,924.7395
node-025,2024-01-01 19:35:00,1.7985,18937166.59,0.0,0.4531,101544.6564,9.0557,6085232.5008,869.6255
node-026,2024-01-01 19:35:00,0.0361,18055490.7213,0.0,0.101,126878.9001,0.0483,6312636.4675,865.6937
node-027,2024-01-01 19:35:00,0.0955,17671669.3362,0.9518,0.5106,114284.0063,10.9058,6152609.2005,907.8967
node-028,2024-01-01 19:35:00,0.9081,19064747.9049,0.0,0.4107,113548.6843,5.8763,6277819.4183,884.8224
node-029,2024-01-01 19:35:00,0.1343,18128230.4684,0.0,0.6414,112100.7694,8.1178,6102542.2317,934.2989
node-030,2024-01-01 19:35:00,1.2604,17922089.335,0.0,0.5816,141126.8955,2.9915,6114498.1828,913.0373
node-031,2024-01-01 19:35:00,0.0034,29267037.5506,0.0,0.0193,1070.6292,0.033,162175.2012,0.0
node-032,2024-01-01 19:35:00,0.3593,17527119.3844,1.3709,0.4971,103514.6816,8.0374,6139463.1308,879.5046
node-033,2024-01-01 19:35:00,1.5753,17706116.0587,0.0,0.4963,137557.0315,4.8741,6252466.7077,873.8683
node-034,2024-01-01 19:35:00,0.216,17471344.919,0.1832,0.0947,112843.2546,2.0487,6167640.0949,848.1517
node-035,2024-01-01 19:35:00,0.3621,19408312.9209,0.7453,4.5993,125895.4463,5.9144,6107176.9316,894.0064
node-036,2024-01-01 19:35:00,0.9313,18188491.8643,0.0,0.537,115303.5632,9.0883,6112913.4914,885.8711
node-037,2024-01-01 19:35:00,0.3845,17560941.4789,0.0604,0.2792,107851.9248,5.9524,6165541.5863,926.1243
node-038,2024-01-01 19:35:00,0.1899,17521409.7376,0.0,0.6237,123290.8387,7.9398,6360489.9594,902.6828
node-039,2024-01-01 19:35:00,1.3001,18438907.2519,0.9583,0.4593,118111.6552,4.9854,6229416.1758,928.2601
node-040,2024-01-01 19:35:00,0.0109,18732496.1907,1.5222,0.1424,151583.735,4.9244,5825350.8847,822.0907
node-041,2024-01-01 19:35:00,0.1032,18748750.756,0.2048,0.4152,109550.8192,10.0868,6181367.2106,922.4354
node-042,2024-01-01 19:35:00,0.1019,18266691.2323,0.0,0.4659,113391.2087,10.0748,5913773.3707,880.425
node-043,2024-01-01 19:35:00,0.6365,19068596.2944,0.0751,0.3993,125520.8458,8.9704,6135468.4362,893.6424
node-044,2024-01-01 19:35:00,0.3956,18000796.3796,0.0,0.5981,135802.8365,9.9514,5949753.5456,871.7401
node-045,2024-01-01 19:35:00,0.3541,18175867.7368,0.1975,1.9266,103092.8842,9.2588,6234237.8345,877.9883
node-046,2024-01-01 19:35:00,0.205,17368474.315,0.0,0.4384,113072.8429,8.9519,6159436.0077,877.3904
node-047,2024-01-01 19:35:00,0.8226,16934876.2616,1.2728,0.5023,121119.4033,9.0332,5902150.0588,916.0716
node-048,2024-01-01 19:35:00,0.3167,18331782.8324,0.0,0.4166,113868.668,2.943,6212899.5793,856.7085
node-049,2024-01-01 19:35:00,0.187,16498931.1548,1.7423,0.0963,112873.8087,5.091,6241797.2625,844.3275
node-050,2024-01-01 19:35:00,0.0,16965714.3899,0.0,0.1006,91951.7932,1.9647,6048297.1166,861.326
node-051,2024-01-01 19:35:00,0.4967,17596733.6938,0.0,1.3588,147939.4225,10.7162,6166544.6537,873.6099
node-052,2024-01-01 19:35:00,0.4039,17196073.8412,0.0,0.5133,143391.1323,6.4193,6015580.2553,911.1288
node-053,2024-01-01 19:35:00,0.5083,18163390.0383,0.0,1.0007,102023.9694,8.0364,6106584.3482,889.0683
node-054,2024-01-01 19:35:00,0.098,17200133.9785,0.0,0.7023,122645.8131,7.714,6095766.5805,913.4247
node-055,2024-01-01 19:35:00,0.203,18541759.8482,0.0,0.5896,111222.8771,7.904,6210020.5077,883.9397
node-056,2024-01-01 19:35:00,0.1165,18068704.9098,0.0,0.4677,100221.1404,14.0669,6066451.1083,908.3489
node-057,2024-01-01 19:35:00,0.2496,16101402.1767,0.0,0.8688,108650.6287,7.9745,6073728.6683,916.9364
node-058,2024-01-01 19:35:00,0.7048,18428200.6792,0.5612,0.5296,144106.6598,9.0685,6162937.0854,902.5851
node-059,2024-01-01 19:35:00,0.0909,18753748.4704,0.0,0.4915,108915.5407,10.9954,6212959.5058,908.4511
node-060,2024-01-01 19:35:00,0.4529,17516257.8048,0.0329,0.4457,126025.0843,9.0075,6075530.3152,914.1117
node-061,2024-01-01 19:35:00,0.1079,17939511.0947,0.0805,0.774,94794.7827,8.978,6175206.1041,892.4801
node-062,2024-01-01 19:35:00,0.1088,18462719.0488,0.4761,0.6027,113596.8173,1.9695,6531278.0646,913.353
node-063,2024-01-01 19:35:00,0.1091,17723830.7145,0.0,0.905,113234.903,7.1507,6214490.3793,896.4907
node-064,2024-01-01 19:35:00,0.6959,17044709.1868,0.0,0.6767,109720.5741,7.9696,6186291.2107,906.9914
node-065,2024-01-01 19:35:00,0.075,18064160.9176,0.0,0.7892,114036.4919,7.9786,6139858.5424,899.012
node-066,2024-01-01 19:35:00,0.8304,18456973.9366,0.0,1.4117,89294.8552,14.9358,6203481.4324,897.7055
node-067,2024-01-01 19:35:00,0.0,17232036.9674,0.316,0.2947,119578.628,6.9112,6201840.9874,892.5013
node-068,2024-01-01 19:35:00,0.1465,18617990.0753,0.0,0.5926,101090.1809,8.9401,6241794.603,910.8098
node-069,2024-01-01 19:35:00,0.1949,9971189.3569,13.3224,0.6975,113600.7441,14.1058,6137571.0095,921.1784
node-070,2024-01-01 19:35:00,0.8785,18249350.4549,0.0,0.6863,108851.2359,7.8953,6135064.0956,913.4401
node-071,2024-01-01 19:35:00,0.2104,17416879.2679,0.0,0.4106,95648.5339,7.9726,6068387.8937,909.5676
node-072,2024-01-01 19:35:00,0.0836,114342533.3029,0.0,0.083,111828.5214,2.0845,6122044.0635,830.3864
node-073,2024-01-01 19:35:00,3.492,17405986.8595,0.091,0.6922,137017.7864,5.2697,6263566.2152,914.1313
node-074,2024-01-01 19:35:00,0.4881,17328645.3358,0.8526,0.4802,119708.9613,7.8367,6243468.404,909.9442
node-075,2024-01-01 19:35:00,0.1743,19169590.4127,0.0,0.2543,111047.1996,4.8798,6197010.2062,917.981
node-076,2024-01-01 19:35:00,0.0071,18786409.0708,0.3237,0.0921,133936.1914,1.7539,6264587.116,842.6324
node-077,2024-01-01 19:35:00,0.1096,17747210.4434,0.0,0.5954,120367.4592,6.0228,6241263.1913,918.9879
node-078,2024-01-01 19:35:00,0.5011,18958878.6032,0.0,0.4755,125245.8758,9.9533,5819053.1575,877.3337
node-079,2024-01-01 19:35:00,0.0966,18445660.7727,0.0,0.7323,109069.0355,10.0268,6279848.7078,925.3298
node-080,2024-01-01 19:35:00,0.0955,17417011.4488,0.0,0.496,117028.8155,9.9325,6080805.5219,881.9034
node-081,2024-01-01 19:35:00,0.1699,17407118.4252,0.5278,0.3427,141742.4727,9.9016,6011486.5797,927.3504
node-082,2024-01-01 19:35:00,0.0,17122882.1488,0.2454,0.1145,103506.3105,4.0934,5928671.9129,852.1782
node-083,2024-01-01 19:35:00,0.0815,17960348.588,0.4132,0.4903,94046.3707,10.0974,6245278.9533,912.5043
node-084,2024-01-01 19:35:00,1.0313,18281479.0133,0.2455,0.5539,111035.4575,6.8897,6074101.2944,912.3482
node-085,2024-01-01 19:35:00,1.5814,18184568.227,0.0,0.9089,137634.0286,5.9989,6223730.3008,917.8886
node-086,2024-01-01 19:35:00,0.0,18165196.9712,0.1516,0.4206,121781.069,7.0084,6178483.5521,898.9781
node-087,2024-01-01 19:35:00,0.4836,17694797.905,0.8353,0.6142,125503.4861,11.2663,6187268.6218,926.3538
node-088,2024-01-01 19:35:00,0.7,17432663.8909,0.0,0.6143,108609.7311,10.8619,6199793.0328,909.8685
node-089,2024-01-01 19:35:00,0.0,18166776.3481,0.0,0.9185,144150.8699,6.9822,6147364.7046,913.1808
node-090,2024-01-01 19:35:00,1.3937,18730767.3151,0.0,0.5024,125213.5857,8.4255,6260712.2133,917.9888
node-091,2024-01-01 19:35:00,0.1195,17797915.5696,0.0152,0.6748,79893.1082,8.02,6311255.0866,897.9801
node-092,2024-01-01 19:35:00,0.8934,18404479.3329,0.2881,0.5061,126244.0867,6.9574,6222338.1135,929.5584
node-093,2024-01-01 19:35:00,1.5869,18836759.1653,0.935,0.451,100813.3932,8.162,6127187.3428,874.328
node-094,2024-01-01 19:35:00,1.305,18575290.0233,0.6377,0.7359,108254.883,7.1509,6146837.2586,897.2957
node-095,2024-01-01 19:35:00,0.0949,17088469.6373,0.2315,0.6121,120990.4021,6.875,6487273.062,885.6402
node-096,2024-01-01 19:35:00,0.7474,18601331.8191,0.0,0.5214,125556.5036,7.7304,6440449.8652,914.8688
node-097,2024-01-01 19:35:00,0.2012,18025851.2449,0.0,0.6036,133791.6981,6.9483,6085470.2357,903.6403
node-098,2024-01-01 19:35:00,0.0794,17903211.2155,0.0,0.6201,116848.0326,7.0276,6177693.6446,887.4675
node-099,2024-01-01 19:35:00,0.7788,17087179.3463,0.6001,1.201,89414.2847,9.9046,6058402.0199,906.8423
node-100,2024-01-01 19:35:00,0.9121,17944263.514,0.0,0.4645,149900.3287,6.9565,6199325.0649,887.3021
node-101,2024-01-01 19:35:00,0.0,16332754.967,0.0,0.1097,118610.75,0.9306,6030754.1857,813.107
node-102,2024-01-01 19:35:00,0.1816,18066339.8772,0.0,0.5982,115375.5591,9.9654,6145869.9403,912.3895
node-103,2024-01-01 19:35:00,0.0,17071863.4651,0.0,0.4907,130261.9259,9.8032,6148799.1812,904.1368
node-104,2024-01-01 19:35:00,0.1081,18212180.0226,0.0,0.7459,129096.7031,3.1399,6138034.7381,885.0873
node-105,2024-01-01 19:35:00,0.8021,18275000.8481,0.0,0.5929,149961.8504,7.9929,6167704.3235,910.9902
node-106,2024-01-01 19:35:00,0.092,17061013.3978,0.0,0.0927,102975.3963,2.6447,6229028.6141,839.5519
node-107,2024-01-01 19:35:00,0.4044,16587757.9948,0.0,0.7994,117455.8378,6.9939,6089199.1756,884.8011
node-108,2024-01-01 19:35:00,0.139,19201068.8312,0.0293,0.546,124415.2533,8.9269,5974376.7729,902.3546
node-109,2024-01-01 19:35:00,0.3986,18076088.1812,0.0,0.5689,120806.8859,5.1012,6140414.5773,874.0484
node-110,2024-01-01 19:35:00,0.263,17603780.7245,0.0224,0.4912,120623.3937,7.9826,6226260.5122,924.2478
node-111,2024-01-01 19:35:00,0.3103,18519845.1775,0.0,0.4062,119540.7773,6.0429,6292310.9434,864.617
node-112,2024-01-01 19:35:00,0.1004,17046809.3327,0.0,0.4017,137686.5624,7.1903,6088383.8214,911.5687
node-113,2024-01-01 19:35:00,0.5632,18527868.9398,0.3411,0.5854,99741.5031,8.0972,5843801.8121,901.5574
node-114,2024-01-01 19:35:00,0.0837,17235942.4897,0.0,0.3885,166759.5224,11.0572,6099092.198,888.0093
node-115,2024-01-01 19:35:00,5.5609,17431961.1923,0.0,0.8996,113678.3178,8.9539,6087827.8349,909.4448
node-116,2024-01-01 19:35:00,0.3053,17147864.0218,0.2584,0.8229,108773.9456,9.9082,6119911.3978,893.8282
node-117,2024-01-01 19:35:00,0.0934,9932251.8134,0.442,0.9556,90153.9186,8.9099,6143250.3856,907.6067
node-118,2024-01-01 19:35:00,0.4439,17960184.1703,0.0,0.5793,117121.2199,6.9601,6036638.2977,908.1026
node-119,2024-01-01 19:35:00,1.2268,18964260.1611,0.2891,0.4326,116854.3074,5.9563,6208299.3223,872.944
node-000,2024-01-01 19:36:00,0.084,17347358.5384,1.1874,0.4266,115712.2859,10.1143,6170043.5152,899.4332
node-001,2024-01-01 19:36:00,0.9948,17370280.1584,1.2153,0.6006,115362.1418,9.052,6187054.8444,900.3037
node-002,2024-01-01 19:36:00,0.0041,9747789.113,0.0,0.595,115783.9526,10.5227,6219974.0922,879.3993
node-003,2024-01-01 19:36:00,0.5574,17901477.736,0.0,0.4933,139124.1818,3.2773,6242532.5605,926.653
node-004,2024-01-01 19:36:00,0.1151,17209227.7252,0.0,0.4894,103668.0174,11.6012,6087320.4959,901.5039
node-005,2024-01-01 19:36:00,0.0,8341370.9524,0.0061,0.6318,130279.2485,8.9083,6112656.3621,939.8447
node-006,2024-01-01 19:36:00,0.0192,17625968.8129,0.386,0.1062,82011.3126,2.9133,6038067.8703,850.2283
node-007,2024-01-01 19:36:00,0.0796,17253727.2327,0.5821,0.884,157030.2108,5.9286,6144591.7493,910.1562
node-008,2024-01-01 19:36:00,0.1687,16617504.4427,0.0,0.3408,124289.7191,8.1816,6025806.5563,898.7424
node-009,2024-01-01 19:36:00,0.4022,17444807.6234,0.0,0.4442,97383.2087,8.9789,6100003.6373,892.289
node-010,2024-01-01 19:36:00,0.225,17235151.0414,0.2393,0.9674,124831.5145,3.4146,6056241.5249,905.1871
node-011,2024-01-01 19:36:00,0.2394,16638706.1727,0.0,0.4503,113073.9207,7.8434,6069638.011,845.6447
node-012,2024-01-01 19:36:00,0.334,16436661.1014,0.0,0.4568,120555.5102,7.278,6547342.6871,930.7531
node-013,2024-01-01 19:36:00,0.5549,17082496.387,0.0,0.4696,130622.6446,0.0512,0.0,913.9972
node-014,2024-01-01 19:36:00,0.0282,18126079.3468,0.0,0.4237,141809.7498,6.5652,6156044.7468,928.5312
node-015,2024-01-01 19:36:00,0.2715,17226755.2397,0.4677,0.101,113110.0903,2.934,6181810.2198,867.6757
node-016,2024-01-01 19:36:00,0.1242,17220597.8214,0.0,0.5963,123862.1201,7.096,5819511.8452,942.1545
node-017,2024-01-01 19:36:00,0.121,19543123.2235,0.0,0.4993,146609.7364,6.6447,6253592.2065,931.3903
node-018,2024-01-01 19:36:00,0.1,17791581.4428,0.857,0.5322,112765.9898,7.9342,6064342.3222,901.9616
node-019,2024-01-01 19:36:00,0.1974,18210347.9584,0.4362,1.3101,112956.2816,16.0681,6107040.483,921.1414
node-020,2024-01-01 19:36:00,1.5837,17035041.6422,1.1657,0.4469,182513.087,5.3684,6229592.1369,913.3245
node-021,2024-01-01 19:36:00,0.0813,17821241.2094,0.0,1.187,132085.5398,6.4843,6154387.8115,963.8214
node-022,2024-01-01 19:36:00,1.3952,17258937.8135,0.0,0.398,112890.7531,7.0651,6098672.8313,916.3957
node-023,2024-01-01 19:36:00,0.3391,16882089.1806,1.4424,0.3841,107763.0992,4.8311,6056826.0588,877.0294
node-024,2024-01-01 19:36:00,0.3058,17353976.3774,0.7014,0.4509,120154.507,9.0066,5750275.7193,879.4856
node-025,2024-01-01 19:36:00,0.1317,18699031.2046,0.0,1.1041,115448.2563,1.9681,6281672.1827,893.2966
node-026,2024-01-01 19:36:00,0.0908,17711692.5272,1.3446,0.104,120673.1521,4.0969,6001877.1822,810.6046
node-027,2024-01-01 19:36:00,0.1159,17388548.3294,0.5396,0.4339,100950.1645,5.9575,5891833.0767,922.3968
node-028,2024-01-01 19:36:00,1.9239,18445229.3988,0.35,0.7243,98898.0567,7.9534,6069217.3205,937.6166
node-029,2024-01-01 19:36:00,0.3103,17687515.5975,0.0,0.5035,135658.3558,9.6686,6090559.8812,906.2148
node-030,2024-01-01 19:36:00,0.1742,17763020.2282,0.0,0.62,136482.5736,5.9388,6120920.3859,916.1563
node-031,2024-01-01 19:36:00,0.0,29134900.6585,0.0,0.0,4006.0428,0.0,85596.6547,5.8747
node-032,2024-01-01 19:36:00,0.1571,17040839.9618,1.0776,0.5821,125367.3116,10.4075,6067441.8479,867.8007
node-033,2024-01-01 19:36:00,0.8897,16841803.7889,0.0,1.2898,121840.0214,6.6136,6196859.0717,895.8482
node-034,2024-01-01 19:36:00,0.4877,16803267.9635,0.0,0.1026,101791.166,0.1257,6064961.6589,856.8706
node-035,2024-01-01 19:36:00,0.4704,19354929.409,0.0,0.6898,102116.1665,9.0555,6137439.8236,944.6702
node-036,2024-01-01 19:36:00,0.0979,17693610.8445,0.0106,0.3935,111206.0322,11.0541,6109925.0802,885.1068
node-037,2024-01-01 19:36:00,0.4418,17311449.2792,0.7355,0.5156,112400.0473,6.0713,6106759.0873,903.3076
node-038,2024-01-01 19:36:00,0.1905,17064939.2961,0.0,0.6047,107232.0241,7.0999,5811454.5215,943.4611
node-039,2024-01-01 19:36:00,0.0629,18486653.3641,0.0,0.4824,111473.3429,7.077,6163240.9472,902.9472
node-040,2024-01-01 19:36:00,0.0,18590122.8153,0.0,0.0115,149589.6825,0.9631,6460535.5274,874.1403
node-041,2024-01-01 19:36:00,0.3229,18303453.6231,0.0,0.5847,117653.6158,8.9483,5042170.4619,928.5516
node-042,2024-01-01 19:36:00,0.0763,18158193.2251,0.0854,0.4344,113161.6589,5.8831,6051698.0753,937.877
node-043,2024-01-01 19:36:00,0.1986,18459645.4736,0.2423,0.2026,111193.5118,6.0054,6346408.6087,949.6644
node-044,2024-01-01 19:36:00,0.411,17024555.1801,0.9427,0.6159,115264.681,7.9753,6411629.8851,853.3134
node-045,2024-01-01 19:36:00,0.2072,17768750.4889,0.2391,1.2316,126085.6831,10.1331,6071642.2035,892.8053
node-046,2024-01-01 19:36:00,1.1134,16499543.9114,0.0,0.3892,119413.6734,5.9754,6016163.2811,894.1701
node-047,2024-01-01 19:36:00,0.1948,16812359.3354,0.0,0.3936,112121.958,5.9422,6060646.757,884.0785
node-048,2024-01-01 19:36:00,0.0815,17921107.2392,0.0,0.3862,119721.9612,7.0028,6197541.0128,878.5986
node-049,2024-01-01 19:36:00,0.1928,16138235.554,1.2099,0.1218,128529.2655,4.6164,6292131.1594,867.3512
node-050,2024-01-01 19:36:00,0.1618,16676540.2873,0.0,0.0926,87614.8194,2.0219,6187061.921,841.3778
node-051,2024-01-01 19:36:00,0.7447,17049936.6518,0.6873,1.1339,156764.3452,5.4346,6138930.8298,881.8111
node-052,2024-01-01 19:36:00,0.117,17039408.2153,0.0,0.3895,126859.8818,5.1125,6204520.4949,929.3025
node-053,2024-01-01 19:36:00,0.6956,18103367.3793,0.0,0.431,126493.3379,8.0758,6080927.2888,885.2334
node-054,2024-01-01 19:36:00,0.3483,16569352.7165,0.4342,0.4867,115671.7409,3.8197,6020707.8621,891.916
node-055,2024-01-01 19:36:00,0.2952,17892144.5573,1.0078,0.4226,72165.8699,7.8079,6206850.8333,873.0557
node-056,2024-01-01 19:36:00,0.0976,17811716.4819,0.0,0.4888,124103.117,9.0895,6228679.2535,908.6262
node-057,2024-01-01 19:36:00,2.9222,16060112.5046,2.2325,0.6187,109426.7456,6.4694,6147522.9429,901.4304
node-058,2024-01-01 19:36:00,0.0858,18129803.7667,0.8387,1.3825,134222.1036,9.4126,6083588.4064,910.7838
node-059,2024-01-01 19:36:00,0.1058,17448875.6717,0.5148,0.5125,120399.0402,6.031,6100876.0118,919.7881
node-060,2024-01-01 19:36:00,0.2484,17191662.7379,0.6842,0.644,137204.9817,8.0634,6214584.1475,870.7372
node-061,2024-01-01 19:36:00,0.2652,17435733.7808,0.0376,0.4965,136278.9841,7.1759,6199184.2895,914.9326
node-062,2024-01-01 19:36:00,0.0938,17546742.6137,0.09,0.6008,129713.5686,6.0589,6149261.7268,936.7038
node-063,2024-01-01 19:36:00,0.3169,17280376.2488,0.0,0.5153,101979.1901,10.0546,6063682.4007,902.8297
node-064,2024-01-01 19:36:00,1.2148,16561877.0666,0.0,5.8528,128649.2909,6.4936,6175360.6255,919.3953
node-065,2024-01-01 19:36:00,0.3199,17869293.7238,0.1147,0.8962,111209.082,8.8072,6145955.691,908.9418
node-066,2024-01-01 19:36:00,2.0695,18229394.4638,0.1835,0.5163,112150.0165,13.4353,6282046.7106,894.6809
node-067,2024-01-01 19:36:00,0.0508,16702173.0645,1.8463,0.4074,111286.5118,5.4479,6022165.7679,901.4341
node-068,2024-01-01 19:36:00,0.4045,18126961.864,0.0,0.5225,117763.1477,9.0575,6126995.4459,901.7606
node-069,2024-01-01 19:36:00,0.0048,9829234.7069,15.0374,0.7886,106081.3786,5.9186,6216429.7227,927.8642
node-070,2024-01-01 19:36:00,0.3242,17632683.5343,0.2527,0.6941,120975.3908,6.6696,5811545.3602,1050.7087
node-071,2024-01-01 19:36:00,0.5409,16867373.8528,0.0,0.5023,116720.7324,8.0326,6153355.8023,911.3453
node-072,2024-01-01 19:36:00,0.0,113705819.8389,0.1939,0.2205,111049.3818,4.3096,6097409.6525,827.8974
node-073,2024-01-01 19:36:00,0.5817,16997997.9025,0.0029,0.4024,133389.7296,9.0762,6048423.3796,933.8181
node-074,2024-01-01 19:36:00,0.0805,17412394.1629,0.3052,0.4957,84452.2452,9.987,6103490.2005,912.2637
node-075,2024-01-01 19:36:00,0.6018,18958567.5399,0.2612,0.5547,95910.6487,6.0321,6091911.4502,917.154
node-076,2024-01-01 19:36:00,0.0898,18709055.8948,0.0,0.1072,109208.8255,0.9546,6025856.9292,812.6766
node-077,2024-01-01 19:36:00,0.2445,17374292.9198,0.3851,0.6114,171329.1744,8.9552,6274350.9196,945.4679
node-078,2024-01-01 19:36:00,0.8209,18094445.4172,0.1476,0.7095,141561.1343,8.0531,6177317.3873,903.235
node-079,2024-01-01 19:36:00,0.1266,17939186.4469,0.0,0.1896,117512.605,13.9318,5876402.9087,905.8173
node-080,2024-01-01 19:36:00,0.2383,17212920.4708,0.6673,0.5821,136344.9608,8.3721,6119808.2593,873.9016
node-081,2024-01-01 19:36:00,0.093,17351421.7518,0.0518,0.2588,113525.6693,7.1751,5618559.8262,806.2227
node-082,2024-01-01 19:36:00,0.3073,16245269.3708,1.4923,0.2131,128280.7984,4.8229,6105339.306,853.5232
node-083,2024-01-01 19:36:00,0.077,17868428.9054,1.1244,0.5538,109314.0898,8.0183,6260156.7438,919.8033
node-084,2024-01-01 19:36:00,0.1156,17849669.0311,0.5369,0.6209,98186.8115,7.4172,6304437.6293,960.4756
node-085,2024-01-01 19:36:00,0.1063,17453374.377,0.0,0.6702,117859.9693,8.0121,6219211.4787,927.884
node-086,2024-01-01 19:36:00,0.0,18200724.0396,0.0,0.5951,128400.2506,8.0402,6103639.5118,922.9993
node-087,2024-01-01 19:36:00,0.044,17806370.0337,0.0308,0.6095,124771.8915,11.9358,6176313.644,938.6493
node-088,2024-01-01 19:36:00,0.5201,17484553.5144,0.0,0.2498,125870.0956,5.9752,6093804.2042,907.8447
node-089,2024-01-01 19:36:00,0.1844,17538197.0957,0.0,1.0068,103593.8895,8.5984,6231571.6727,925.3792
node-090,2024-01-01 19:36:00,0.0153,18606762.3527,0.4433,0.3773,144884.8438,7.0009,6238986.0065,932.36
node-091,2024-01-01 19:36:00,0.5943,17270765.3116,0.5905,0.4089,114648.5532,7.0199,6153952.5405,892.5719
node-092,2024-01-01 19:36:00,0.008,18511503.4951,0.0864,0.2507,123664.441,5.3761,6216906.4285,946.9127
node-093,2024-01-01 19:36:00,0.186,18280049.8319,1.054,0.3914,123891.1946,7.2592,6175322.9186,884.0332
node-094,2024-01-01 19:36:00,1.1189,17911683.3919,0.0,0.7672,117260.5488,8.1272,5783217.3423,874.0382
node-095,2024-01-01 19:36:00,0.0991,16768849.4946,0.5367,0.4018,95925.2211,14.0304,6127731.6793,881.0023
node-096,2024-01-01 19:36:00,0.1369,18361735.5049,0.0859,0.4811,118252.5149,4.0943,6098009.9847,939.292
node-097,2024-01-01 19:36:00,0.1197,17601404.3731,1.6456,0.5806,99858.6402,12.0119,5775985.4606,906.3327
node-098,2024-01-01 19:36:00,0.0727,17356187.1727,0.0,0.4767,105325.4992,9.4255,6207587.7306,926.1047
node-099,2024-01-01 19:36:00,0.1651,16871531.2302,0.0,0.5097,111105.6267,10.7759,6358568.3366,899.6492
node-100,2024-01-01 19:36:00,0.0861,17357748.7095,0.0264,0.4379,153326.6931,6.9239,6060355.0632,871.2269
node-101,2024-01-01 19:36:00,0.5538,15837784.8415,0.2624,0.1328,103583.6419,4.8221,5919034.6611,832.4242
node-102,2024-01-01 19:36:00,0.1295,17958959.346,0.6102,0.541,116407.1509,6.9991,6332112.0341,899.7486
node-103,2024-01-01 19:36:00,0.1065,16338245.9607,0.0,0.5323,117850.3496,5.0926,6146812.8433,868.9071
node-104,2024-01-01 19:36:00,0.4067,17576112.9672,0.0,0.6381,111005.1313,8.9352,6075877.0508,882.4261
node-105,2024-01-01 19:36:00,1.1661,17753422.4827,0.0,0.4915,110478.5929,9.037,6228165.4395,941.0645
node-106,2024-01-01 19:36:00,0.0018,16879242.6227,0.8816,0.1406,116045.3417,2.0265,6162024.2304,879.907
node-107,2024-01-01 19:36:00,0.4054,16484802.6822,1.036,0.7889,116696.2647,4.6005,6125865.5798,861.3241
node-108,2024-01-01 19:36:00,0.2274,18164180.8047,0.0,0.4659,99562.7381,3.0072,6238582.8415,938.7532
node-109,2024-01-01 19:36:00,0.2939,17399092.6255,0.4627,0.6787,112711.815,5.9914,6137844.3686,888.7748
node-110,2024-01-01 19:36:00,0.635,16859499.4844,0.0,0.682,115657.0876,7.9882,6120286.8083,905.9741
node-111,2024-01-01 19:36:00,0.4785,18422118.2002,0.0,0.4078,123663.0443,6.0672,6118189.8601,902.8666
node-112,2024-01-01 19:36:00,0.4305,16428297.4667,0.6963,0.5649,94036.4446,8.0119,6164269.8389,905.9488
node-113,2024-01-01 19:36:00,0.0841,17728217.049,0.0,0.6079,113748.5854,10.0084,6125625.7641,914.5233
node-114,2024-01-01 19:36:00,0.8202,17425315.7877,0.0,0.2554,140982.8863,4.9672,6071468.076,899.5351
node-115,2024-01-01 19:36:00,0.7166,16455039.382,0.0,0.6328,124783.1392,17.8607,6077687.6014,916.4663
node-116,2024-01-01 19:36:00,0.3921,16716556.1348,0.4085,0.7602,114872.6097,7.6547,6038957.1002,889.7852
node-117,2024-01-01 19:36:00,0.0755,9675330.207,0.1408,1.3019,131090.7204,2.9116,6046671.1579,900.2953
node-118,2024-01-01 19:36:00,4.819,17227020.8525,0.54,0.2906,90265.8057,8.9661,6222555.9587,919.9118
node-119,2024-01-01 19:36:00,0.2397,18835131.6507,1.2714,0.4502,109150.2283,2.9587,6000213.361,900.9941
node-000,2024-01-01 19:37:00,0.0815,17295511.3935,0.0,0.3785,166184.6201,9.912,6093035.8028,893.1608
node-001,2024-01-01 19:37:00,0.9038,16713594.0077,0.0,0.6739,69288.0692,11.9479,5486647.4983,916.8338
node-002,2024-01-01 19:37:00,0.0,10193401.9698,0.0,0.6961,135328.623,2.3376,5397577.6723,898.6026
node-003,2024-01-01 19:37:00,0.3028,17497078.8629,0.4086,0.3007,134385.759,2.061,6102408.9963,927.2531
node-004,2024-01-01 19:37:00,0.1671,16497664.3537,0.6513,0.6711,103598.4026,11.9506,6165301.6767,897.6619
node-005,2024-01-01 19:37:00,0.8176,8452043.276,0.0,0.3985,97862.3417,1.3297,6078697.9086,918.0553
node-006,2024-01-01 19:37:00,0.1466,17405577.0691,0.0823,0.1112,116024.8108,3.798,6208549.3638,846.3914
node-007,2024-01-01 19:37:00,0.0839,16788652.5797,0.0,0.1955,154059.3589,9.1445,5875894.9066,923.8968
node-008,2024-01-01 19:37:00,0.0099,16663350.197,0.0,0.5097,111698.226,8.951,6004614.6952,897.0233
node-009,2024-01-01 19:37:00,0.1471,17489650.1679,0.0241,0.4131,122625.0796,6.4981,6268893.6068,891.7335
node-010,2024-01-01 19:37:00,0.0825,16676891.5385,1.0276,0.9076,132153.2535,1.9026,6196202.6043,917.1855
node-011,2024-01-01 19:37:00,0.279,15837068.7435,0.0,0.3134,99854.1958,7.9072,6116861.9452,856.3931
node-012,2024-01-01 19:37:00,0.239,15946223.8053,0.0,0.6119,119639.3194,6.8755,6024473.3691,911.391
node-013,2024-01-01 19:37:00,0.5814,16663605.1237,0.0303,0.5523,118798.3544,0.0,0.0,906.6487
node-014,2024-01-01 19:37:00,0.0451,17876108.7641,0.0478,0.4039,108077.8709,7.0402,5798231.3656,918.1563
node-015,2024-01-01 19:37:00,0.3293,17094437.1371,0.0,0.0953,104884.6393,2.9731,6069199.5529,860.657
node-016,2024-01-01 19:37:00,0.1222,17090764.7554,0.0,0.4269,122301.4008,7.0071,6183842.4546,915.1583
node-017,2024-01-01 19:37:00,2.3174,19379960.2394,0.0,0.7113,142041.0587,5.9566,6206988.888,921.7361
node-018,2024-01-01 19:37:00,0.0493,17138583.4677,0.9858,0.4042,131096.2551,3.3876,6285802.4474,923.2217
node-019,2024-01-01 19:37:00,0.2123,17173669.5435,0.3342,0.553,90968.3378,13.2543,5826023.2414,909.7522
node-020,2024-01-01 19:37:00,1.0378,16852654.7199,0.0,0.6522,133792.5976,5.0567,6166674.2462,887.4553
node-021,2024-01-01 19:37:00,1.1265,17099612.9617,0.3491,0.9152,131321.3364,8.0781,5556490.9877,911.168
node-022,2024-01-01 19:37:00,1.2632,16650570.7459,0.0,0.5756,142932.3277,6.1094,6120375.6899,912.7042
node-023,2024-01-01 19:37:00,0.399,16815478.5848,0.0,0.5064,122237.0457,7.7646,6223115.6613,845.7185
node-024,2024-01-01 19:37:00,0.553,17295204.6187,0.0,0.4575,136968.4835,3.6227,6702149.9264,912.8717
node-025,2024-01-01 19:37:00,0.2001,18371844.4117,0.0,1.089,122257.1041,7.3736,5610075.6105,892.4947
node-026,2024-01-01 19:37:00,0.0415,17739080.2797,1.227,0.1022,70299.8676,4.1078,6174680.2577,829.1261
node-027,2024-01-01 19:37:00,0.5185,16853080.6619,0.5817,0.5784,128819.1294,7.9516,6123565.7873,905.5397
node-028,2024-01-01 19:37:00,4.7216,18052061.8509,0.0,0.5951,100539.1511,7.3534,6411870.0818,925.077
node-029,2024-01-01 19:37:00,0.2654,16994410.9916,1.0187,0.5555,121998.2912,10.0234,6160558.8374,883.6167
node-030,2024-01-01 19:37:00,1.1827,17955571.6883,0.0,0.4919,118745.7364,11.0502,5939157.5371,923.4708
node-031,2024-01-01 19:37:00,0.0,28625710.0167,0.0,0.2031,928.0024,0.0187,50524.9714,0.0
node-032,2024-01-01 19:37:00,0.1442,16172159.8194,0.0,0.6899,122432.3051,11.1087,6102419.0652,883.8272
node-033,2024-01-01 19:37:00,1.1133,16642227.2113,0.2614,0.4049,126712.0551,6.9852,6048121.3774,886.5568
node-034,2024-01-01 19:37:00,0.2575,16633474.4739,0.0,0.1133,126707.088,5.9355,6171472.6342,827.8676
node-035,2024-01-01 19:37:00,0.0691,18910704.3718,0.0,0.4366,113665.4792,3.5849,6264133.8205,928.2714
node-036,2024-01-01 19:37:00,0.0954,16991590.8391,0.0,0.4138,81771.0071,7.9216,6168086.4451,865.1007
node-037,2024-01-01 19:37:00,0.1189,16600013.7872,0.3392,0.521,136396.6733,6.9335,6136147.6491,907.1961
node-038,2024-01-01 19:37:00,0.5668,16858018.7674,0.0,0.7026,126458.11,5.0157,6104429.0914,898.6558
node-039,2024-01-01 19:37:00,1.3376,17936652.3256,0.0,0.4683,134534.099,6.2475,6170779.808,906.9547
node-040,2024-01-01 19:37:00,0.0008,17627078.8545,0.2294,0.0991,106123.1165,3.1387,5502797.6725,849.9119
node-041,2024-01-01 19:37:00,0.1095,18136469.8919,0.0,0.5994,95386.3185,6.0261,6979951.1016,920.91
node-042,2024-01-01 19:37:00,0.5063,17277434.2889,0.7475,0.2083,120041.7153,11.5494,5680870.4867,913.0035
node-043,2024-01-01 19:37:00,0.1885,17483892.1821,0.0,0.4367,99754.16,6.101,6083250.7545,942.0834
node-044,2024-01-01 19:37:00,0.412,16888327.1307,0.8373,0.3917,85843.7302,1.7395,6104337.4557,906.001
node-045,2024-01-01 19:37:00,0.129,17147202.8008,0.0129,0.2367,125132.0254,9.012,6145525.2517,885.2644
node-046,2024-01-01 19:37:00,1.4146,16749928.4508,0.4208,0.5322,120433.2327,7.0716,6233250.9868,907.8105
node-047,2024-01-01 19:37:00,0.9606,16391946.7103,0.9023,0.4951,142737.3292,1.3231,5614209.8913,941.6598
node-048,2024-01-01 19:37:00,0.0002,17424685.4002,0.0,0.3961,106621.9428,6.2857,6027133.8717,864.0867
node-049,2024-01-01 19:37:00,0.2122,15440747.9016,0.0,0.1055,98100.4947,3.0909,5942625.0869,878.0555
node-050,2024-01-01 19:37:00,0.071,16318953.1798,0.0,0.0913,121449.2156,5.5514,6027009.9127,826.8485
node-051,2024-01-01 19:37:00,0.3937,16536279.6806,0.0,1.177,136507.4572,5.0516,6264394.1964,907.8908
node-052,2024-01-01 19:37:00,1.8857,16911617.4892,0.9285,0.2992,121705.2091,7.0552,6152429.6606,912.1168
node-053,2024-01-01 19:37:00,0.9223,16765787.5137,0.3695,0.3165,145416.4512,7.9288,6124069.7911,872.3762
node-054,2024-01-01 19:37:00,0.384,16349801.1777,0.2953,0.3938,121126.5125,2.9907,6281084.8607,917.4839
node-055,2024-01-01 19:37:00,0.3183,17535329.3862,1.6698,0.5586,86316.4186,7.0321,6113863.1188,876.0361
node-056,2024-01-01 19:37:00,0.1185,17183515.2701,5.0153,0.4983,87393.2722,9.0808,6059768.8359,902.5379
node-057,2024-01-01 19:37:00,1.8254,15017249.5474,0.744,0.7513,115807.09,5.9027,5982397.7271,898.278
node-058,2024-01-01 19:37:00,0.3717,17684061.6699,0.8546,0.4526,119703.029,8.9058,6138634.4935,920.5714
node-059,2024-01-01 19:37:00,0.7826,17662973.4487,0.2955,0.5892,138027.103,2.9515,6200877.1905,926.409
node-060,2024-01-01 19:37:00,0.233,17058081.6359,0.0,0.4003,124366.9743,2.1646,6424276.232,882.0295
node-061,2024-01-01 19:37:00,0.2949,16839508.721,0.0,0.3943,127728.2055,6.9748,6101515.6884,914.8475
node-062,2024-01-01 19:37:00,0.1145,17850512.8097,0.0,0.6117,114039.2984,6.8213,5828504.9601,915.797
node-063,2024-01-01 19:37:00,0.2044,16631743.509,0.0,0.4804,121514.6633,8.4427,6170780.1875,902.4555
node-064,2024-01-01 19:37:00,0.8405,16490820.0039,0.0627,5.4128,141181.1004,7.064,6145226.2418,923.8046
node-065,2024-01-01 19:37:00,0.1323,17690263.5618,0.0,0.8004,91960.1429,6.3031,6198087.8484,898.4884
node-066,2024-01-01 19:37:00,1.7694,17159460.0722,0.7762,0.9043,115649.4597,5.9573,6273876.8367,891.4498
node-067,2024-01-01 19:37:00,0.0,16506176.8014,0.5706,0.4122,111052.1174,4.938,6157642.1747,910.4328
node-068,2024-01-01 19:37:00,0.6148,17667900.4562,1.1658,0.6755,111295.2472,9.0868,6240801.8237,889.1206
node-069,2024-01-01 19:37:00,0.1026,9814541.5402,14.0504,0.8121,110821.3475,1.9492,6046793.943,937.5148
node-070,2024-01-01 19:37:00,0.2401,17222347.7705,0.0,0.7299,103593.1136,2.8781,6156473.3288,932.6356
node-071,2024-01-01 19:37:00,0.3596,16491265.1213,1.495,0.5983,117991.6681,6.0781,6157146.7391,905.4655
node-072,2024-01-01 19:37:00,0.008,113868027.4595,0.183,0.1217,125192.4927,5.0655,6285562.3,821.0862
node-073,2024-01-01 19:37:00,0.0861,16248528.9687,0.0,0.3791,130565.0894,6.918,6144300.4049,930.5593
node-074,2024-01-01 19:37:00,0.1226,17004079.3447,0.0,0.4011,118093.8409,5.922,6261634.2109,898.5563
node-075,2024-01-01 19:37:00,0.1369,18503658.7383,0.0,0.7078,118231.4379,5.9733,6012275.0708,908.2059
node-076,2024-01-01 19:37:00,0.017,17924783.0953,0.0166,0.0975,99421.3259,4.662,6108363.2066,814.5158
node-077,2024-01-01 19:37:00,0.1084,17015471.3896,0.0,0.5982,105438.766,7.5949,6233410.8924,951.0766
node-078,2024-01-01 19:37:00,0.0,17893487.714,0.0,0.4903,124676.9083,7.0811,5585547.3117,880.1357
node-079,2024-01-01 19:37:00,0.0846,17414331.2607,0.0,0.4884,98810.1146,3.0932,6146087.3423,921.1369
node-080,2024-01-01 19:37:00,0.3186,16632376.8826,0.2169,0.5421,115537.4733,7.9703,6066514.0212,870.4884
node-081,2024-01-01 19:37:00,3.7405,16982038.145,0.5962,0.3563,144979.2756,2.3146,6821597.8369,917.0272
node-082,2024-01-01 19:37:00,0.1355,15289317.2158,0.0,0.0816,118095.6398,5.0633,6075677.8495,849.2097
node-083,2024-01-01 19:37:00,0.4512,16808376.9934,0.4897,0.7017,130531.1377,4.8825,5856889.6598,895.2403
node-084,2024-01-01 19:37:00,0.0,17222651.4989,0.5349,0.6557,111233.0815,8.9057,5859163.9148,878.7419
node-085,2024-01-01 19:37:00,0.297,17827237.2595,0.0,0.4065,107518.7623,8.2667,5806836.7654,929.9512
node-086,2024-01-01 19:37:00,0.0,17038463.6609,0.1276,0.1896,72330.3965,8.3707,6221252.7274,904.4566
node-087,2024-01-01 19:37:00,0.5215,17237120.7723,0.2021,0.6199,100977.7825,5.9257,5804300.6751,913.7125
node-088,2024-01-01 19:37:00,0.0,16481011.8089,0.0353,0.1963,100756.7048,5.0076,6014186.4317,908.7991
node-089,2024-01-01 19:37:00,0.3841,16806711.6891,0.0,1.0495,96385.6316,8.9285,6194005.3458,937.465
node-090,2024-01-01 19:37:00,0.0775,18142095.2328,0.7947,0.5861,150152.985,4.9239,6107934.0827,915.6647
node-091,2024-01-01 19:37:00,0.6143,17004036.3344,0.0,0.4097,110464.2491,9.0502,6090390.1664,887.6407
node-092,2024-01-01 19:37:00,0.0123,17643853.9482,0.4789,0.2101,126853.1274,5.1726,6158231.0026,917.9714
node-093,2024-01-01 19:37:00,0.1068,17537135.3805,0.0,0.4211,125699.5125,6.9967,6081319.1016,886.9236
node-094,2024-01-01 19:37:00,4.1914,17751799.3799,0.1787,0.8224,121324.9719,7.0668,6345372.8466,932.6711
node-095,2024-01-01 19:37:00,0.609,16475792.6916,0.0,0.4768,116459.7668,0.0,6182155.2587,928.1012
node-096,2024-01-01 19:37:00,1.0575,17919260.6342,1.155,0.4271,139558.2083,6.9161,5956125.5771,898.019
node-097,2024-01-01 19:37:00,0.1118,17866539.6682,0.0,0.4505,118039.8441,10.5704,6325922.4352,919.6974
node-098,2024-01-01 19:37:00,0.0971,17250956.8175,0.6215,0.712,88092.2063,9.9536,5892498.2698,912.7004
node-099,2024-01-01 19:37:00,0.2064,16455771.798,0.5682,0.4977,88646.5037,10.4595,5881214.4099,926.0622
node-100,2024-01-01 19:37:00,0.0465,16909231.4277,0.2295,0.4755,151861.3932,7.0294,6095454.1863,864.5237
node-101,2024-01-01 19:37:00,0.7158,15453883.1337,0.0,0.1015,102561.2088,4.8811,5876140.1757,840.17
node-102,2024-01-01 19:37:00,0.3011,17306476.2947,0.0351,0.6056,105533.3128,3.9073,5855515.3939,897.4266
node-103,2024-01-01 19:37:00,0.5295,16225787.172,0.5071,0.4173,104865.0241,4.0369,6200227.5332,863.653
node-104,2024-01-01 19:37:00,0.2016,17478370.5225,0.6697,0.6079,123125.3526,7.3135,6022526.1403,879.8936
node-105,2024-01-01 19:37:00,1.4078,17765505.2152,0.333,0.3287,149107.4544,10.9873,6131135.4897,911.7724
node-106,2024-01-01 19:37:00,0.5938,16664567.2119,0.3634,0.1664,112396.6315,1.6175,5994511.0497,876.69
node-107,2024-01-01 19:37:00,0.2449,15826160.1601,0.0,0.5921,85983.9016,4.0007,6161225.0288,884.4744
node-108,2024-01-01 19:37:00,0.1724,17740072.8508,0.0,0.2752,108307.4095,6.8961,6151553.9449,926.8697
node-109,2024-01-01 19:37:00,0.2198,17245957.7053,0.0,0.5673,132480.1053,6.706,6068858.4843,882.3701
node-110,2024-01-01 19:37:00,0.3098,16029092.5716,0.7324,0.6053,109890.5391,9.9083,6053296.3292,902.729
node-111,2024-01-01 19:37:00,0.1107,17614615.5213,0.93,0.6044,143365.7682,8.1135,6054444.0411,885.3674
node-112,2024-01-01 19:37:00,0.3297,16161201.9659,1.1805,0.5118,118316.8597,6.9458,6319064.5753,899.355
node-113,2024-01-01 19:37:00,0.107,17697371.9522,0.0841,0.7651,106473.8556,8.5864,6012925.3138,906.3341
node-114,2024-01-01 19:37:00,0.5578,16328197.139,1.52,0.4213,133288.1194,4.9839,6150571.3837,907.1469
node-115,2024-01-01 19:37:00,0.5478,16503366.183,0.0,0.926,110655.0025,18.0211,6064591.0676,902.6331
node-116,2024-01-01 19:37:00,0.5055,16276168.6416,1.029,0.725,110972.1761,7.008,6096052.7499,901.5148
node-117,2024-01-01 19:37:00,0.0943,10039109.3632,0.0,1.2965,123422.9833,0.9743,6298547.7181,920.1862
node-118,2024-01-01 19:37:00,1.3978,16689176.5925,0.0,0.2937,114333.4891,12.9964,6066411.7011,912.8295
node-119,2024-01-01 19:37:00,1.6027,18289807.5688,1.1407,0.45,135721.0854,5.2686,6354972.7749,859.0456
node-000,2024-01-01 19:38:00,0.8068,16466264.5398,0.0,0.578,151581.1993,9.0548,5851224.2083,861.4795
node-001,2024-01-01 19:38:00,0.2896,16689886.1172,1.1678,0.448,141444.8163,1.9447,6110527.5767,865.0099
node-002,2024-01-01 19:38:00,0.0,9815064.5251,0.0,0.6316,122084.4771,1.0372,6092820.0601,835.7873
node-003,2024-01-01 19:38:00,0.0148,17563694.0236,0.5872,0.2076,98862.7689,9.015,6173095.5985,870.9794
node-004,2024-01-01 19:38:00,0.5047,16923498.0197,0.0,0.8051,88361.4558,7.9932,5882089.3525,832.9809
node-005,2024-01-01 19:38:00,0.0991,8913498.081,0.0,0.5117,114902.6406,0.0137,6176842.9989,861.5217
node-006,2024-01-01 19:38:00,0.2471,16982852.6154,0.218,0.1167,104873.685,3.9049,6056925.3941,825.1336
node-007,2024-01-01 19:38:00,0.0954,16107628.5775,0.3987,0.499,143195.4645,7.962,6291979.6857,855.1865
node-008,2024-01-01 19:38:00,0.4592,16009066.4141,0.5746,0.5998,111097.4253,0.8963,6210658.3462,900.6062
node-009,2024-01-01 19:38:00,1.4293,16594541.2947,0.1132,0.4086,129881.4431,6.2816,5866270.8258,843.6995
node-010,2024-01-01 19:38:00,1.1729,16319038.9585,0.0589,0.9706,97465.6563,10.1033,5824258.3721,866.8295
node-011,2024-01-01 19:38:00,0.4025,15908225.4921,0.3453,0.4759,121707.3249,5.8554,6025427.3476,828.7338
node-012,2024-01-01 19:38:00,0.618,16030154.2541,0.0,0.4095,93915.9902,0.0,5379938.8069,897.9846
node-013,2024-01-01 19:38:00,2.5709,16342156.3923,0.6358,0.6408,159993.3271,0.0,0.0,867.3809
node-014,2024-01-01 19:38:00,1.9993,17776631.954,0.0,0.6941,101454.8753,0.1284,6159266.809,893.6647
node-015,2024-01-01 19:38:00,0.0162,16410361.6475,0.0,0.1016,118753.6442,5.0471,5801091.6589,795.2761
node-016,2024-01-01 19:38:00,0.3729,16908956.0814,0.0,0.5566,111167.6135,2.9554,5553352.3238,896.4182
node-017,2024-01-01 19:38:00,1.2866,19080922.0373,0.208,0.6923,152597.3267,2.9225,5438571.6031,889.7811
node-018,2024-01-01 19:38:00,0.0919,16938490.8518,0.599,0.4158,118478.5352,2.738,5846879.1534,865.5996
node-019,2024-01-01 19:38:00,0.1842,17442965.9674,0.6071,0.5673,112009.5403,8.0126,6145822.1091,884.8198
node-020,2024-01-01 19:38:00,1.4866,16616885.7461,0.0,0.3863,114190.8944,6.9507,6082920.4759,889.9565
node-021,2024-01-01 19:38:00,0.2321,16739706.4014,0.0,0.8953,110229.2762,16.1645,5850403.3937,875.5932
node-022,2024-01-01 19:38:00,0.7095,17209470.3854,0.0,0.3975,109066.259,4.8388,6155142.5889,906.8872
node-023,2024-01-01 19:38:00,0.3175,16212576.4491,0.4888,0.4067,123263.5743,7.9284,5893929.6855,950.2734
node-024,2024-01-01 19:38:00,0.0871,16116050.0413,0.4676,0.6014,108965.2143,2.4722,5848252.5644,869.4941
node-025,2024-01-01 19:38:00,3.8061,17698754.9195,0.7604,0.4598,120708.3273,0.0,6261747.2192,869.258
node-026,2024-01-01 19:38:00,0.1855,17115303.6195,0.0,0.0958,126539.0899,0.0,5839537.6069,817.5506
node-027,2024-01-01 19:38:00,0.1188,16673623.7735,0.2197,0.5386,133500.1975,8.0555,5675938.6074,936.246
node-028,2024-01-01 19:38:00,0.1843,17482225.8968,0.0,0.7487,104760.0917,6.9952,6105922.2742,889.8628
node-029,2024-01-01 19:38:00,0.3122,17233908.3518,0.1874,0.6064,90081.9414,8.0771,5901133.8603,869.7256
node-030,2024-01-01 19:38:00,1.0866,16871174.0324,0.0,0.8096,115651.1408,5.0609,6089148.8309,840.4122
node-031,2024-01-01 19:38:00,0.0197,28771984.1856,0.0613,0.2231,7942.7623,0.0535,196507.3069,6.4005
node-032,2024-01-01 19:38:00,1.8666,16457787.1979,0.0,0.7709,111037.3999,7.0136,6069246.4237,882.5304
node-033,2024-01-01 19:38:00,0.1117,16397104.2327,0.2976,0.4305,103367.5022,4.1189,6120077.0151,889.3107
node-034,2024-01-01 19:38:00,0.2339,16242817.5574,0.0,0.1188,124979.7937,5.7787,5804494.2248,802.8771
node-035,2024-01-01 19:38:00,0.0775,18021853.0121,0.0039,0.4811,120114.3617,2.0886,5993262.1388,889.4489
node-036,2024-01-01 19:38:00,0.1721,16834613.6838,0.0,0.5839,110299.416,6.9783,5896331.5607,878.4061
node-037,2024-01-01 19:38:00,0.1944,16654715.8518,0.0,0.5974,75723.0464,1.0889,5994734.339,887.2437
node-038,2024-01-01 19:38:00,0.1014,16202193.8061,0.0,0.6985,111586.0488,10.9002,5761004.9482,873.7374
node-039,2024-01-01 19:38:00,0.2859,17109821.1651,0.2808,0.3791,66393.1237,5.9721,5880254.6929,877.2715
node-040,2024-01-01 19:38:00,0.0697,17463265.2611,0.1955,0.1054,142340.3825,4.0756,6257985.474,810.4623
node-041,2024-01-01 19:38:00,0.0974,17376840.1023,0.0,0.8945,121242.286,8.0598,5375809.7871,899.9788
node-042,2024-01-01 19:38:00,0.2039,16933600.9288,0.0,0.3019,124170.8814,5.2994,5806553.6359,880.9417
node-043,2024-01-01 19:38:00,0.1144,17969249.9141,0.0,0.5157,107173.9818,2.3254,6076994.8113,899.3196
node-044,2024-01-01 19:38:00,0.2257,16704383.9208,0.527,0.5115,129176.4554,0.6472,6245935.7268,845.0174
node-045,2024-01-01 19:38:00,3.2706,17214558.6358,0.0,0.3953,115500.1087,13.0723,6363981.483,841.8194
node-046,2024-01-01 19:38:00,1.9772,15830508.7862,0.0,0.8874,125279.8422,7.9791,5409632.2281,861.4001
node-047,2024-01-01 19:38:00,0.5486,15455830.9473,0.0,0.4537,124808.0662,0.069,6162521.6588,870.9188
node-048,2024-01-01 19:38:00,0.0,16258120.1158,0.1928,0.5177,133829.8115,2.3987,6053337.7305,876.1935
node-049,2024-01-01 19:38:00,0.1822,15204621.9318,0.553,0.089,103627.1244,2.9605,6242371.3822,808.3218
node-050,2024-01-01 19:38:00,0.0,15789433.5763,0.0,0.1599,95124.2538,5.9338,6000574.1134,822.4201
node-051,2024-01-01 19:38:00,0.6205,15744437.0231,0.405,1.1438,137709.2918,16.0875,5827362.1767,853.344
node-052,2024-01-01 19:38:00,0.3548,16180545.9277,0.0,0.4914,88179.1207,0.0107,5957715.544,874.4692
node-053,2024-01-01 19:38:00,4.4158,16670673.6665,0.0,0.3919,132400.0552,7.9561,5986532.2769,865.8447
node-054,2024-01-01 19:38:00,0.9621,15640626.8603,0.9289,0.5061,81782.8625,7.0384,5992743.1975,865.3937
node-055,2024-01-01 19:38:00,0.2856,17078214.8972,0.0,0.4779,103981.9678,7.0063,5884015.3374,848.2236
node-056,2024-01-01 19:38:00,0.0984,17063723.5062,0.0743,0.2962,84146.4698,7.218,6188996.5216,948.8971
node-057,2024-01-01 19:38:00,2.1769,14799966.9117,0.8554,0.8436,119648.954,0.0,6106312.5512,904.7791
node-058,2024-01-01 19:38:00,0.1963,17137114.1801,0.0,0.7059,127877.5235,8.0002,6127206.2709,858.3377
node-059,2024-01-01 19:38:00,0.2853,17264825.5166,0.2554,0.3873,118125.9154,2.5983,6222839.4905,875.2705
node-060,2024-01-01 19:38:00,0.4824,16705333.0926,0.0,0.3377,92073.0616,6.9766,6178575.9684,911.4918
node-061,2024-01-01 19:38:00,1.4408,16667804.8809,0.5214,1.0343,83600.5429,9.5436,6216440.0703,896.8406
node-062,2024-01-01 19:38:00,0.0936,17129894.9334,0.4171,0.5979,125657.302,7.0173,5741557.9479,853.3083
node-063,2024-01-01 19:38:00,0.7834,16192771.9365,1.2374,0.4913,106908.8753,8.112,5798875.7467,860.5383
node-064,2024-01-01 19:38:00,0.0955,15675984.8802,0.6554,0.7958,115998.5472,0.9996,6037916.3847,904.207
node-065,2024-01-01 19:38:00,0.1075,16833453.138,0.0435,0.7884,119919.8252,4.9021,6029130.5611,857.7298
node-066,2024-01-01 19:38:00,0.2124,17456293.5428,0.0,0.8925,127290.4989,5.0133,6052922.281,859.716
node-067,2024-01-01 19:38:00,0.7692,16094227.0669,0.4062,0.5864,105152.7679,8.114,5825612.5506,845.3375
node-068,2024-01-01 19:38:00,0.1879,17076222.8036,0.0,0.4056,126470.5684,7.0226,6116735.3519,839.5808
node-069,2024-01-01 19:38:00,1.0058,9380743.0547,13.8919,1.0809,124009.6533,7.997,6149035.7694,892.6377
node-070,2024-01-01 19:38:00,0.1477,16813336.4972,0.5357,1.0849,128993.9526,0.0264,5541702.6696,849.2084
node-071,2024-01-01 19:38:00,0.1958,16069159.0131,1.4878,0.5279,93205.2725,5.972,5428581.7347,905.5825
node-072,2024-01-01 19:38:00,0.2137,113428191.0235,0.2562,0.1071,102284.7835,3.0991,6312263.1191,789.1632
node-073,2024-01-01 19:38:00,0.1814,15627151.2666,0.0,0.3072,100861.2071,0.0,5562010.8715,877.8671
node-074,2024-01-01 19:38:00,0.1346,16859902.3261,0.2374,0.5285,117812.9953,4.0373,5638986.9655,936.8159
node-075,2024-01-01 19:38:00,0.0913,17586003.0351,0.226,0.8279,93319.2507,6.0259,6194055.9372,886.2868
node-076,2024-01-01 19:38:00,0.0,17698768.0104,0.1627,0.1283,115229.1985,4.92,6141136.389,871.8522
node-077,2024-01-01 19:38:00,0.1169,16287426.6948,0.0,0.5934,137845.9849,6.7058,6174557.1734,883.0975
node-078,2024-01-01 19:38:00,0.8331,17278574.2615,0.0,0.7266,114709.5842,7.4843,6066113.2877,883.1929
node-079,2024-01-01 19:38:00,2.2925,17210128.0183,0.0962,0.4741,134467.9989,1.0515,5797824.5576,843.1808
node-080,2024-01-01 19:38:00,0.3232,16246817.6397,0.634,0.9601,110941.8642,4.0933,6187735.9458,893.3783
node-081,2024-01-01 19:38:00,1.1984,16818538.6236,0.2913,0.2875,126199.6378,1.6653,5758166.6647,851.8788
node-082,2024-01-01 19:38:00,0.1064,15774661.4544,1.2004,0.1185,107768.6137,5.0396,6081543.1915,844.8938
node-083,2024-01-01 19:38:00,1.4113,16842786.3467,0.0527,0.6092,129426.3119,14.0207,6188361.9858,849.7699
node-084,2024-01-01 19:38:00,0.0013,17072247.117,1.4363,0.4822,121739.2226,10.0677,6012005.7702,832.7558
node-085,2024-01-01 19:38:00,0.1797,17071239.492,0.0,0.3031,116607.9651,9.0055,6119992.6214,840.5764
node-086,2024-01-01 19:38:00,0.3538,16897594.8002,0.0,0.8894,104004.0446,8.9731,6252434.3257,862.1965
node-087,2024-01-01 19:38:00,0.1541,17024285.3945,0.0,0.4665,116693.5028,6.0169,6240229.2912,830.9165
node-088,2024-01-01 19:38:00,0.0114,15975377.4203,0.0,0.2149,114990.8474,4.9574,5918369.2128,879.4147
node-089,2024-01-01 19:38:00,0.4326,16770677.9885,1.3313,0.9645,123096.6135,7.0978,6173564.7527,909.6141
node-090,2024-01-01 19:38:00,0.2585,17611763.2423,0.78,0.4476,133794.5077,0.0659,6025919.6231,867.4531
node-091,2024-01-01 19:38:00,0.5928,16847392.8874,0.0,0.4,109546.9358,8.8707,6025615.4748,851.0773
node-092,2024-01-01 19:38:00,0.388,17203035.2259,0.4682,0.7047,115076.2228,0.0186,5956379.6738,885.9704
node-093,2024-01-01 19:38:00,0.5363,17874419.9801,0.0,0.4569,103349.2928,3.0101,6212475.3662,904.7304
node-094,2024-01-01 19:38:00,2.5546,17201051.3196,0.2921,0.904,107673.331,1.6049,5398884.2303,847.3754
node-095,2024-01-01 19:38:00,0.3057,16011302.2125,0.6803,0.5002,126545.1407,14.9735,6261911.9464,862.3293
node-096,2024-01-01 19:38:00,0.0085,17238504.0104,0.7242,0.5243,110672.9598,0.0807,6285082.8202,839.4693
node-097,2024-01-01 19:38:00,0.1146,17115001.429,0.1015,0.4964,127523.9233,8.2417,5621330.107,853.6858
node-098,2024-01-01 19:38:00,0.6765,16811668.0225,0.0,0.5917,121773.0109,1.0336,7117599.2687,886.0928
node-099,2024-01-01 19:38:00,0.0636,16004838.2819,0.0,0.5879,105306.02,8.9876,6199416.9562,861.6024
node-100,2024-01-01 19:38:00,1.2748,16557266.8135,0.0,0.4503,122013.9733,4.0192,5946932.3413,870.821
node-101,2024-01-01 19:38:00,0.2875,15135811.4314,0.0,0.0793,125205.0846,2.019,5930802.9305,819.9419
node-102,2024-01-01 19:38:00,0.206,17197214.5274,0.0,0.6045,113340.882,3.0335,6333309.1591,858.2738
node-103,2024-01-01 19:38:00,1.1022,15734214.4171,0.0,0.6937,108923.4649,7.8615,5844682.4593,837.4679
node-104,2024-01-01 19:38:00,0.0899,17101536.9343,0.1183,0.7075,117476.9738,2.8952,6040653.2729,893.4602
node-105,2024-01-01 19:38:00,0.8277,17027143.855,0.0,0.5322,146886.5422,10.9653,6070925.6104,905.781
node-106,2024-01-01 19:38:00,0.2186,16035065.3612,0.0,0.1728,117217.2876,0.99,6173251.3578,829.5397
node-107,2024-01-01 19:38:00,0.0766,15379346.1442,0.0,0.415,94602.1692,8.9525,5935732.9474,868.798
node-108,2024-01-01 19:38:00,5.0405,17836795.3943,0.0,0.579,111229.6956,0.0,6007822.706,900.8098
node-109,2024-01-01 19:38:00,1.1214,17257410.3467,0.0,0.6043,121191.3806,6.9996,5862315.8801,853.6339
node-110,2024-01-01 19:38:00,0.109,15912924.2697,0.0,0.7045,130257.4499,5.9401,5895533.6989,860.3883
node-111,2024-01-01 19:38:00,0.7474,17439071.5246,0.1387,0.3127,109126.0949,5.8438,6337912.2159,882.5469
node-112,2024-01-01 19:38:00,0.2949,15395136.1366,0.0,0.4971,117576.2465,3.8848,6049293.6396,907.2844
node-113,2024-01-01 19:38:00,0.9321,16819431.8492,0.0,0.952,103132.9123,7.3892,5788948.1805,894.0326
node-114,2024-01-01 19:38:00,0.6051,16362056.6812,0.0,0.5527,128642.9912,7.8973,5922698.5953,868.5145
node-115,2024-01-01 19:38:00,0.3803,16180368.6893,0.3749,1.1956,102767.1644,8.0007,5896576.0108,854.4676
node-116,2024-01-01 19:38:00,0.8028,16242915.6422,0.0,0.5777,112515.4746,2.9712,6237643.5937,891.0769
node-117,2024-01-01 19:38:00,0.4038,9988375.6781,0.0,1.0782,119304.104,9.9727,5823289.7801,863.6333
node-118,2024-01-01 19:38:00,2.1242,16936305.7142,0.1146,0.4775,142631.8934,7.9217,5797024.4774,863.0083
node-119,2024-01-01 19:38:00,1.9063,17725040.8684,0.0,0.7712,111886.441,2.4614,5592134.7191,883.2027
node-000,2024-01-01 19:39:00,0.0821,16064329.1355,0.1641,1.0084,128518.7547,6.9606,6234848.7449,897.3127
node-001,2024-01-01 19:39:00,1.3629,16588101.2672,0.2883,0.5294,136082.8126,4.9159,6188382.8999,924.8643
node-002,2024-01-01 19:39:00,0.0,9896768.6028,1.3408,0.8918,114293.3027,8.9761,6107091.2364,920.4388
node-003,2024-01-01 19:39:00,0.2777,16353728.8791,0.7668,0.9847,165383.1198,8.2634,6112630.9249,931.6516
node-004,2024-01-01 19:39:00,0.3361,16280459.9709,0.0,0.6869,122871.7214,7.9391,6121449.4314,872.5783
node-005,2024-01-01 19:39:00,0.8694,8312834.6609,0.0,0.7227,131330.2424,10.0484,6111745.0689,943.5647
node-006,2024-01-01 19:39:00,0.0633,16494088.0729,0.589,0.1101,109996.4876,2.0391,5795292.7521,847.2642
node-007,2024-01-01 19:39:00,1.0138,16253830.6506,0.5162,0.5028,139818.5647,9.6516,5630342.5754,944.2081
node-008,2024-01-01 19:39:00,0.0888,16095047.7552,1.2393,0.4993,114125.4303,12.9703,6108857.9995,900.5988
node-009,2024-01-01 19:39:00,1.0754,16351651.1002,0.0,0.489,136058.5639,9.9038,6270059.5516,920.3198
node-010,2024-01-01 19:39:00,0.1451,16306023.2869,0.0,1.2751,107128.6456,9.238,6169561.2336,898.8744
node-011,2024-01-01 19:39:00,0.1932,15387550.9729,0.0716,0.7107,116005.8228,6.0144,6288421.3374,877.1407
node-012,2024-01-01 19:39:00,0.3729,15394278.9429,1.3918,0.5586,89857.0544,8.923,6334588.5228,912.1516
node-013,2024-01-01 19:39:00,0.2294,16131965.0398,1.1151,1.034,164772.2371,0.0655,49846.6967,926.1693
node-014,2024-01-01 19:39:00,0.1731,17727703.7407,0.0,0.5102,119946.6127,4.9229,5530016.5997,924.013
node-015,2024-01-01 19:39:00,0.1991,16288781.3367,0.0,0.104,105966.2194,4.8144,6222777.272,858.3109
node-016,2024-01-01 19:39:00,0.2324,16373688.5247,0.0,0.8387,115459.6966,10.0534,6122687.0429,929.5755
node-017,2024-01-01 19:39:00,0.0944,18118991.123,0.8733,0.4328,200798.6901,0.0,6903642.0068,925.8422
node-018,2024-01-01 19:39:00,0.1157,16665839.2207,0.0,0.4009,115008.6234,12.9397,6258580.8964,930.1
node-019,2024-01-01 19:39:00,0.6636,16636640.1814,0.0,0.637,114994.5376,14.9056,5544355.8075,919.325
node-020,2024-01-01 19:39:00,0.4924,16086101.2792,0.0,0.3258,168457.7198,7.8555,6213392.9113,894.8418
node-021,2024-01-01 19:39:00,2.4011,16615697.8817,0.9728,0.9495,79621.3153,0.0393,6345485.4011,915.7473
node-022,2024-01-01 19:39:00,0.3834,16579205.0751,0.0,0.583,124370.5365,4.0139,5583752.7524,912.065
node-023,2024-01-01 19:39:00,0.5204,16044345.9216,0.0,0.3852,113544.7513,9.8622,6237047.5467,861.4222
node-024,2024-01-01 19:39:00,0.1028,15923750.4676,0.017,0.5909,94094.3957,9.0557,6247368.0307,881.532
node-025,2024-01-01 19:39:00,0.2264,17526254.6019,0.4444,0.2981,89797.4856,0.0,5611236.031,918.6339
node-026,2024-01-01 19:39:00,0.0746,16373132.3726,0.0,0.1164,101531.5892,0.0147,6334917.0975,818.2391
node-027,2024-01-01 19:39:00,1.3764,16014394.8286,0.0,0.6,112502.5003,7.9729,6182546.4255,912.4378
node-028,2024-01-01 19:39:00,1.0065,16953861.4361,0.1301,0.2844,135053.6112,3.0528,6325200.1884,936.6874
node-029,2024-01-01 19:39:00,0.2771,16748617.4611,0.0,0.6051,100659.7657,5.9354,6268444.1727,919.2009
node-030,2024-01-01 19:39:00,2.1071,16465400.3442,0.0,0.614,125570.6428,5.0479,6257955.99,896.7437
node-031,2024-01-01 19:39:00,0.0,29027152.024,0.0,0.294,1236.9366,0.0,55402.3756,5.0711
node-032,2024-01-01 19:39:00,0.2097,15939382.4254,0.3054,0.5967,109459.2214,9.0551,6210277.9573,893.516
node-033,2024-01-01 19:39:00,0.088,15671277.8187,0.0,0.9042,93686.5364,10.137,5678540.3602,934.7173
node-034,2024-01-01 19:39:00,0.0,15642323.947,0.0,0.0862,110426.2306,2.9819,6220636.6736,851.6196
node-035,2024-01-01 19:39:00,1.119,17823749.7272,0.4081,0.5723,116584.3521,10.9616,6100782.0676,923.0682
node-036,2024-01-01 19:39:00,0.2471,16863914.9201,0.0,0.7003,133080.6692,10.0071,6279071.2057,887.9552
node-037,2024-01-01 19:39:00,0.1947,15876969.9683,0.0,0.5095,114849.0547,7.3584,6271972.6829,923.0888
node-038,2024-01-01 19:39:00,0.1887,15564946.3736,0.0,0.3858,120009.0751,0.0,5664521.7976,917.2623
node-039,2024-01-01 19:39:00,1.5344,17783477.7681,0.8073,0.6689,119821.1347,6.0292,6185981.7735,923.7409
node-040,2024-01-01 19:39:00,0.1805,17307483.2831,0.9816,0.3056,162719.6283,4.4612,6146498.529,886.4799
node-041,2024-01-01 19:39:00,0.1064,17153119.9485,0.0,0.2011,120230.7739,1.8925,6150788.2471,949.1511
node-042,2024-01-01 19:39:00,0.4976,16802293.2359,0.0,0.4594,100212.2678,0.0,6229791.3995,912.5134
node-043,2024-01-01 19:39:00,0.4816,17012093.5097,0.6589,0.575,116810.9679,0.0,6230421.7633,918.3802
node-044,2024-01-01 19:39:00,1.5248,15851863.5855,0.0898,0.4442,115091.814,9.0346,5720246.3658,878.8357
node-045,2024-01-01 19:39:00,0.0855,16463493.9306,0.0,0.9199,129613.602,9.8433,6279753.6085,901.8976
node-046,2024-01-01 19:39:00,0.1865,15674044.3442,0.0,0.3854,114120.8909,5.1312,6131529.4204,937.7103
node-047,2024-01-01 19:39:00,3.3968,14867279.3888,1.2807,0.583,113632.0357,8.0535,6330701.7358,893.1514
node-048,2024-01-01 19:39:00,0.8098,16603593.4126,0.131,0.3147,100625.6742,0.0,6004226.7695,894.5836
node-049,2024-01-01 19:39:00,0.4855,14839847.9269,0.0,0.0963,79582.1833,4.0042,5426835.9118,839.2309
node-050,2024-01-01 19:39:00,0.0426,15830672.3251,0.6047,0.1166,94006.5411,2.0263,5485681.4484,836.4891
node-051,2024-01-01 19:39:00,2.0943,16373658.3307,0.2358,1.0724,140838.5415,17.5707,6176325.5244,928.035
node-052,2024-01-01 19:39:00,0.3119,16691600.6367,0.3365,0.6329,87775.6658,6.3001,6256227.7658,875.0558
node-053,2024-01-01 19:39:00,1.1549,16295644.113,0.5155,0.9482,75035.3581,7.9059,6156895.9702,894.4851
node-054,2024-01-01 19:39:00,0.0965,15338628.963,0.0,1.0166,115490.9806,8.5813,6095067.0231,938.7848
node-055,2024-01-01 19:39:00,0.6509,16338403.2571,0.8906,0.4113,100336.5797,6.0829,6148121.2183,915.2756
node-056,2024-01-01 19:39:00,0.255,16558933.1364,0.0,0.5075,140700.4161,5.9535,5730650.7603,892.452
node-057,2024-01-01 19:39:00,0.1131,14322099.4008,0.0,0.7743,119392.7598,8.9843,6140100.0686,910.1931
node-058,2024-01-01 19:39:00,0.4868,16716825.0689,0.0,0.8385,139041.0102,8.9692,6201118.428,904.5532
node-059,2024-01-01 19:39:00,0.1482,17112746.6661,0.1198,0.514,118698.8474,10.0342,6288449.0752,901.5169
node-060,2024-01-01 19:39:00,0.0842,15932468.2001,0.3659,0.3494,100964.086,7.0064,5379771.944,929.8112
node-061,2024-01-01 19:39:00,0.1914,16654019.781,0.0,0.7075,119706.2556,12.0509,5406935.7555,926.0096
node-062,2024-01-01 19:39:00,0.1032,16763248.5661,0.0,0.6233,132191.3057,1.9597,5595554.3423,910.3615
node-063,2024-01-01 19:39:00,0.0994,15938961.2334,0.7663,0.891,98099.3877,10.0522,6224976.9067,858.7987
node-064,2024-01-01 19:39:00,0.4981,15729533.489,0.0,0.9318,125153.999,7.5753,6237944.8369,915.3746
node-065,2024-01-01 19:39:00,0.1059,16943477.3802,0.0,1.4895,122025.053,8.008,6282619.2511,931.2276
node-066,2024-01-01 19:39:00,0.2078,16508236.2544,0.0382,0.4801,130456.5307,15.0728,6248529.0727,910.4414
node-067,2024-01-01 19:39:00,0.0,15482032.8985,0.0,0.3684,114760.0686,7.2628,6133215.6446,931.1353
node-068,2024-01-01 19:39:00,0.9603,16729774.4817,0.0,0.3005,95959.684,7.3287,6154294.6978,892.5693
node-069,2024-01-01 19:39:00,0.1956,9592143.9136,14.1711,0.9096,133543.1344,7.9708,5447741.8019,951.0433
node-070,2024-01-01 19:39:00,0.1986,16358669.1935,0.171,0.5868,208410.0738,13.9574,6243582.3406,923.2049
node-071,2024-01-01 19:39:00,0.3096,15751981.0121,0.2865,0.2113,124667.9223,5.9145,6243951.8337,910.9727
node-072,2024-01-01 19:39:00,0.006,112840080.0786,0.6576,0.1766,109427.5165,3.0226,6036654.8372,874.7733
node-073,2024-01-01 19:39:00,0.1911,15343168.5167,0.7458,0.2295,98177.7732,6.4894,5461718.2722,895.7641
node-074,2024-01-01 19:39:00,0.8154,15935955.4391,0.1484,0.3768,115683.0396,4.3311,6198615.9346,927.7423
node-075,2024-01-01 19:39:00,0.0995,17407200.7474,0.4487,0.9011,95369.0182,3.0487,6089594.1775,931.9476
node-076,2024-01-01 19:39:00,0.0,17061433.432,0.0,0.1112,112186.2578,0.0426,6312496.5711,830.3298
node-077,2024-01-01 19:39:00,0.1152,16397184.0366,0.0,0.5888,135223.397,3.8993,6172713.7821,917.3708
node-078,2024-01-01 19:39:00,0.4642,16710469.1702,1.0695,0.5152,135988.3518,3.6907,6210726.8907,922.9788
node-079,2024-01-01 19:39:00,0.0806,16421902.5807,0.0,0.4757,124770.4218,15.938,6179589.9735,841.2142
node-080,2024-01-01 19:39:00,0.2164,15751595.1241,0.0,0.9996,118856.587,7.9285,5619393.19,894.1686
node-081,2024-01-01 19:39:00,5.7942,15936123.6763,1.0414,0.5128,156730.5396,9.0239,6187410.7454,895.9673
node-082,2024-01-01 19:39:00,0.0,14857074.3939,0.0,0.0944,108983.565,5.9161,6314854.7001,828.8952
node-083,2024-01-01 19:39:00,0.1925,16112753.8504,0.9258,0.658,111326.7487,13.9958,5587188.3975,900.9988
node-084,2024-01-01 19:39:00,0.9761,16461663.1993,0.6426,0.914,100228.5461,0.0,6259544.0849,916.7769
node-085,2024-01-01 19:39:00,1.0514,16535360.4295,0.6159,0.2822,112085.7677,8.9405,6073262.4785,842.9726
node-086,2024-01-01 19:39:00,1.7949,16989363.4614,0.088,0.9112,114008.3921,6.8445,6037248.5619,925.7624
node-087,2024-01-01 19:39:00,2.7959,16063707.8416,0.0,0.4371,111998.1982,5.9325,5976823.5235,888.4051
node-088,2024-01-01 19:39:00,0.5617,15611391.3493,0.0,0.8116,108128.1232,4.9539,6193595.4399,905.6951
node-089,2024-01-01 19:39:00,0.6878,16107398.0465,1.451,0.7925,123982.1199,12.5454,6175514.4436,933.1159
node-090,2024-01-01 19:39:00,0.1082,17399779.0195,0.0,0.5884,160603.4014,0.0,6184782.9661,915.1394
node-091,2024-01-01 19:39:00,0.6225,15750583.8935,1.3065,0.3821,118454.1146,6.8971,6231002.0818,894.6048
node-092,2024-01-01 19:39:00,0.3001,17080022.2959,0.0,0.526,75295.6129,4.1041,6173744.8349,930.0551
node-093,2024-01-01 19:39:00,0.5059,17138240.2919,0.0,0.7033,105169.3077,20.9106,6043482.6654,910.4246
node-094,2024-01-01 19:39:00,1.6888,16595007.3553,0.0,1.0779,95881.5476,0.5042,6321215.3791,953.7295
node-095,2024-01-01 19:39:00,0.9072,15661746.2568,0.0,0.2951,109166.9026,15.1143,6200872.3402,945.9035
node-096,2024-01-01 19:39:00,0.0112,16702536.5614,0.0,0.5487,108493.4689,0.0662,5431013.7855,912.4055
node-097,2024-01-01 19:39:00,0.2401,16392390.7554,0.0,0.302,110714.3562,6.8506,6229881.6188,903.2332
node-098,2024-01-01 19:39:00,0.2035,16373335.2314,0.0,0.3128,105082.8761,8.9353,5506928.0989,941.8904
node-099,2024-01-01 19:39:00,0.073,15250660.8429,0.0,0.5657,85148.0231,10.0643,5367574.7007,903.5292
node-100,2024-01-01 19:39:00,0.2055,16233986.8562,0.0,0.5941,161592.8028,4.7703,6162277.7134,895.638
node-101,2024-01-01 19:39:00,0.112,14364852.577,0.3684,0.1064,113688.82,1.9039,5949131.8668,823.4811
node-102,2024-01-01 19:39:00,0.6051,16501889.2928,0.0,0.5045,98833.3543,10.0503,5801293.0695,925.7645
node-103,2024-01-01 19:39:00,1.0874,15680858.3017,0.0,0.7161,111033.2349,8.0808,6137299.0303,908.0939
node-104,2024-01-01 19:39:00,0.9127,16372833.5308,0.0,0.7511,112511.0854,3.1155,6210802.6116,900.3774
node-105,2024-01-01 19:39:00,0.4499,16972864.5795,0.0,0.5821,125400.8678,3.95,6178705.348,923.9028
node-106,2024-01-01 19:39:00,0.0609,15965668.9006,0.2451,0.1121,117572.6158,2.9568,5658309.6617,829.8278
node-107,2024-01-01 19:39:00,0.0552,15267839.2572,0.0,0.3915,122499.7252,9.9194,6156063.8729,918.1978
node-108,2024-01-01 19:39:00,1.1821,16821339.1309,0.1343,3.4971,128384.8457,11.3162,6275854.4381,938.9158
node-109,2024-01-01 19:39:00,1.1013,16329245.0829,0.569,0.4119,121462.4806,2.0018,6151448.8802,891.9238
node-110,2024-01-01 19:39:00,1.3087,15933116.2136,0.0,0.2994,103001.5317,6.052,6225852.7652,937.2506
node-111,2024-01-01 19:39:00,0.7013,16998213.2523,0.0,3.9839,124615.6482,1.9274,5871012.1551,925.1382
node-112,2024-01-01 19:39:00,0.0937,15608685.4423,0.0,0.6042,123789.6103,8.0787,6167671.5314,906.9118
node-113,2024-01-01 19:39:00,0.6144,16435501.5094,0.0,0.6986,110369.5408,6.9518,6209373.9621,910.9962
node-114,2024-01-01 19:39:00,0.9939,16208169.8951,0.72,0.4942,162341.7564,7.9487,6155637.1076,892.5384
node-115,2024-01-01 19:39:00,0.4815,15982331.5289,0.0,0.6521,123137.4237,9.0569,6234127.0783,913.1653
node-116,2024-01-01 19:39:00,0.3958,16011919.4105,0.0,0.5447,80482.3451,8.9378,5586546.4243,908.4923
node-117,2024-01-01 19:39:00,0.0963,9618298.9587,0.0,1.1916,94522.312,9.2367,6237722.617,908.9436
node-118,2024-01-01 19:39:00,0.8028,16341865.3966,0.0,0.4809,113247.1931,9.0114,5863102.3001,863.9465
node-119,2024-01-01 19:39:00,0.0995,17618563.758,0.0,0.4206,118017.4928,0.0,6404228.6044,937.7882
node-000,2024-01-01 19:40:00,0.086,15797259.8021,0.6547,0.7023,140548.5001,7.6792,5391512.6621,830.7011
node-001,2024-01-01 19:40:00,0.2571,15516426.1669,0.2504,0.7971,116787.0878,5.0414,6119129.5306,823.5523
node-002,2024-01-01 19:40:00,0.0779,9933054.3581,1.414,0.5922,84420.9745,10.536,6200833.4776,800.6914
node-003,2024-01-01 19:40:00,0.1279,16386426.0475,1.2306,0.4485,105159.9906,7.9562,6214255.9654,805.597
node-004,2024-01-01 19:40:00,0.683,15595392.8028,0.0507,0.571,132280.8499,12.8879,5590504.271,819.7589
node-005,2024-01-01 19:40:00,0.1845,8626115.5866,0.0,0.7048,119916.5671,8.2809,6161375.9792,815.2032
node-006,2024-01-01 19:40:00,0.1895,16069173.0177,0.0,0.1916,115419.647,1.2244,6038042.3533,753.8977
node-007,2024-01-01 19:40:00,1.0079,15384651.9896,0.0,0.4901,137244.8782,9.9885,5508736.1777,822.1882
node-008,2024-01-01 19:40:00,0.6522,14844050.8611,0.0,0.1801,145079.7628,5.7828,5414859.1979,831.6765
node-009,2024-01-01 19:40:00,0.2261,16097284.2631,0.0,0.7909,110315.6,10.0441,5990440.917,856.9305
node-010,2024-01-01 19:40:00,1.2884,15377814.5127,0.775,0.7917,88912.9443,8.9975,5467080.8266,770.2625
node-011,2024-01-01 19:40:00,0.1206,14921448.8336,0.7439,0.4417,121042.9783,6.0092,6156684.2857,831.2951
node-012,2024-01-01 19:40:00,2.3084,15004107.9764,0.4716,0.494,106985.956,3.4043,6129678.7664,824.3918
node-013,2024-01-01 19:40:00,0.5914,15641509.9696,0.0,0.8966,147033.317,0.0259,49004.5634,821.8901
node-014,2024-01-01 19:40:00,0.5042,16915630.3947,0.0798,0.4679,104112.4898,5.9417,6008309.0651,837.5823
node-015,2024-01-01 19:40:00,0.1059,15743757.0921,0.0,0.1246,139026.0323,1.9624,5494046.5583,776.3204
node-016,2024-01-01 19:40:00,0.8846,15763772.7769,0.3244,0.7942,113528.6511,10.0624,6216857.5925,816.2956
node-017,2024-01-01 19:40:00,0.0847,18253937.4368,0.0,0.8026,143769.8432,0.0,6069575.142,781.6518
node-018,2024-01-01 19:40:00,0.9449,15999021.5943,0.0,0.8108,106543.9617,10.0899,5470224.3494,814.4833
node-019,2024-01-01 19:40:00,1.0072,16405102.7816,0.0,0.5066,114499.1562,8.0302,6222205.6973,932.2799
node-020,2024-01-01 19:40:00,0.8568,16214643.4837,1.0848,0.645,116277.6024,8.0539,5376830.1497,772.9736
node-021,2024-01-01 19:40:00,2.3844,16099464.2222,0.0,1.1074,102154.9445,0.0,6181375.6493,802.4497
node-022,2024-01-01 19:40:00,0.0,16142492.6041,0.0,0.598,118661.3523,7.0461,6013052.4567,841.8363
node-023,2024-01-01 19:40:00,0.8871,15380547.808,0.0,0.4,107667.8536,8.0024,5997759.9538,929.3686
node-024,2024-01-01 19:40:00,0.2369,15902217.7935,0.0,0.9045,115620.9035,10.9553,5861334.9832,770.5423
node-025,2024-01-01 19:40:00,2.9059,16809053.5279,0.8802,0.6006,103538.7685,14.0237,5752388.2174,837.0496
node-026,2024-01-01 19:40:00,0.6501,15996881.7313,0.3883,0.1263,206239.6235,1.9218,5298222.5356,773.092
node-027,2024-01-01 19:40:00,0.6868,15590896.4375,0.6541,0.6095,111855.8523,14.2041,6387221.6031,947.4485
node-028,2024-01-01 19:40:00,0.3107,17187314.6171,0.0,0.4828,125530.5409,3.041,6351439.2445,817.45
node-029,2024-01-01 19:40:00,0.3784,16047578.2088,0.0,0.5107,103641.8842,6.9157,5459520.9013,809.0422
node-030,2024-01-01 19:40:00,0.2947,15986447.1618,0.0,0.2087,113765.798,3.9831,5745854.0166,942.9858
node-031,2024-01-01 19:40:00,0.0777,28936506.9551,0.0,0.2021,807.2324,0.0,56444.0387,0.0
node-032,2024-01-01 19:40:00,0.5887,15865822.7779,0.0,0.3247,116729.3014,8.2582,5535712.6511,820.3085
node-033,2024-01-01 19:40:00,0.2994,15060010.6471,0.0,0.699,105763.7301,10.015,5726634.6905,845.5856
node-034,2024-01-01 19:40:00,0.74,14929262.1044,0.0,0.0929,127419.7319,3.9608,5353418.304,760.304
node-035,2024-01-01 19:40:00,0.2533,17724364.7231,0.0,0.6924,108704.4794,9.4679,5833662.5605,809.2458
node-036,2024-01-01 19:40:00,0.1097,16178931.9487,0.6746,0.445,122895.8215,11.1619,5481743.4701,904.2384
node-037,2024-01-01 19:40:00,4.1191,15669224.5441,0.0,0.6957,98664.6949,9.123,5677265.7263,853.0522
node-038,2024-01-01 19:40:00,0.4424,15736864.1879,0.2142,0.4857,97689.2929,6.3267,6335279.209,838.4993
node-039,2024-01-01 19:40:00,0.4386,17249219.3336,0.3595,0.4882,124542.5466,5.0528,5667064.59,859.5634
node-040,2024-01-01 19:40:00,0.0277,16947171.0742,0.0,0.1612,113328.737,3.9599,6149980.7845,765.5783
node-041,2024-01-01 19:40:00,0.2822,16782292.0111,0.0,0.4223,114379.3083,1.9487,6289176.8912,771.1464
node-042,2024-01-01 19:40:00,1.556,16151995.0337,0.5201,0.5089,114338.5644,7.8686,6177897.5907,827.0394
node-043,2024-01-01 19:40:00,0.0991,17008628.2433,0.0,0.4759,122545.2852,7.9247,5682550.6342,884.0839
node-044,2024-01-01 19:40:00,7.0929,15652649.0734,0.4468,0.5876,85925.2134,7.9498,6179192.5161,817.7288
node-045,2024-01-01 19:40:00,0.1671,16062532.4235,0.0,0.5946,131429.908,8.9863,6112160.7062,808.8146
node-046,2024-01-01 19:40:00,0.1956,14830260.6331,0.0,0.8572,127067.0633,3.9698,6189750.3512,806.9815
node-047,2024-01-01 19:40:00,0.2535,14640291.3896,0.0,0.7051,115097.6706,8.9527,6073546.1859,777.538
node-048,2024-01-01 19:40:00,0.1962,16302277.338,0.1721,0.4974,126282.1511,12.9951,6153672.8098,894.0071
node-049,2024-01-01 19:40:00,0.2906,14570982.7051,0.0,0.1573,109445.0163,4.0841,6410534.5653,793.1577
node-050,2024-01-01 19:40:00,0.0,15025836.7861,0.0,0.0789,105101.4084,2.0559,6028708.9438,755.0553
node-051,2024-01-01 19:40:00,0.4921,14997452.3535,0.0,1.3211,145495.4726,17.99,5902351.1662,817.2349
node-052,2024-01-01 19:40:00,2.4021,15913456.2248,0.0,0.3194,96693.4734,8.0326,5559186.2596,793.4356
node-053,2024-01-01 19:40:00,1.8523,15901323.4209,0.0,0.6974,67904.9279,6.4418,5818611.6525,879.9164
node-054,2024-01-01 19:40:00,1.1935,15330304.0991,0.0,0.5007,97625.804,8.9649,5818327.1288,810.5989
node-055,2024-01-01 19:40:00,0.0976,16590147.1287,0.0,0.9037,101019.5686,7.763,5679091.6319,848.6848
node-056,2024-01-01 19:40:00,1.0874,16602764.0266,1.1538,0.4187,108136.3667,17.0309,6300220.5413,840.6839
node-057,2024-01-01 19:40:00,1.3444,13976561.4602,0.0,1.0557,88899.6549,4.1847,5545699.297,836.6341
node-058,2024-01-01 19:40:00,0.2743,16687357.9554,2.1155,0.3841,160401.0922,5.6056,5727716.1905,810.289
node-059,2024-01-01 19:40:00,0.0989,16180032.1414,1.3938,0.6956,82289.3179,6.9209,6038020.4115,769.9177
node-060,2024-01-01 19:40:00,5.3962,15518905.8968,0.0,0.393,115227.2352,8.0289,6158279.9372,792.6318
node-061,2024-01-01 19:40:00,0.3979,15483872.5201,0.0,0.5657,110780.2642,3.1097,6093837.6103,807.005
node-062,2024-01-01 19:40:00,0.1048,16057308.0213,0.0,0.5929,118795.4874,4.4005,6259434.2961,834.3109
node-063,2024-01-01 19:40:00,0.2325,16297371.9025,0.6549,0.8988,115846.612,9.0388,6058630.0828,819.6524
node-064,2024-01-01 19:40:00,0.7027,15485545.0027,0.0,0.7394,68398.3793,8.878,5748223.6399,789.5787
node-065,2024-01-01 19:40:00,0.3418,16130679.2765,0.0,4.6137,125318.1426,8.0186,5712796.6194,853.9195
node-066,2024-01-01 19:40:00,0.0982,16593414.5255,0.0589,1.2404,110160.6522,14.964,6144282.5571,837.7463
node-067,2024-01-01 19:40:00,0.2488,14822838.4829,0.0,0.4996,101831.7432,6.9197,5481263.3827,794.1889
node-068,2024-01-01 19:40:00,0.5298,16702798.7088,0.42,0.2996,129704.2985,13.0218,5715432.0169,770.3085
node-069,2024-01-01 19:40:00,0.2705,9549041.9725,12.3225,0.5841,124500.0108,12.8893,6232027.0165,813.9061
node-070,2024-01-01 19:40:00,0.1311,15992026.1992,0.6262,0.5958,172124.5082,14.0669,6195332.0659,837.9199
node-071,2024-01-01 19:40:00,0.902,15513545.1215,0.7605,0.4517,111340.0552,4.9941,6223057.5601,841.5381
node-072,2024-01-01 19:40:00,0.0673,112517040.3053,0.0,0.1844,115094.1761,1.0495,6165579.1912,797.5568
node-073,2024-01-01 19:40:00,0.0,15315218.6499,0.0,0.4482,112622.2112,7.9976,6278132.4742,833.619
node-074,2024-01-01 19:40:00,0.3934,15763399.3038,0.345,0.8505,118922.1511,8.0609,6083073.2823,946.6498
node-075,2024-01-01 19:40:00,0.0978,17005699.9608,0.5438,0.6552,131518.2397,2.8463,6231868.7085,783.8906
node-076,2024-01-01 19:40:00,0.0,16770251.9153,0.4254,0.1225,125804.5603,0.0244,5441797.4911,873.9155
node-077,2024-01-01 19:40:00,0.0815,16095702.0906,0.0,0.5902,141041.3637,5.9464,6208510.3901,833.9838
node-078,2024-01-01 19:40:00,0.1573,16678388.9654,0.0,1.1475,128076.6473,0.0,5823838.9364,838.8438
node-079,2024-01-01 19:40:00,0.1119,15981349.3253,0.3358,0.9664,135919.8834,8.9835,6186549.4356,824.0531
node-080,2024-01-01 19:40:00,0.6744,15520474.6137,0.5033,0.8099,88948.3924,8.8056,6168942.9373,839.1543
node-081,2024-01-01 19:40:00,0.3849,16295172.2286,0.8171,0.7916,168963.2609,7.9966,5907693.418,818.8153
node-082,2024-01-01 19:40:00,0.4775,15193162.4934,0.6063,0.1188,94955.0403,4.9803,5402040.2164,796.851
node-083,2024-01-01 19:40:00,0.101,15855929.4611,0.0,1.0628,108535.1998,6.8769,6062759.6797,765.9225
node-084,2024-01-01 19:40:00,0.7594,16126666.1059,0.0,0.6687,120260.6332,7.2522,5650160.2546,857.3953
node-085,2024-01-01 19:40:00,1.8768,16601587.2828,0.8166,0.6148,124473.5623,9.0298,6230559.9599,834.4595
node-086,2024-01-01 19:40:00,0.2858,16519701.5638,0.1488,0.8125,118440.5139,7.1191,6258026.8638,827.1924
node-087,2024-01-01 19:40:00,0.2025,15827340.7796,0.4678,0.4864,89877.4334,9.0574,6122065.3477,782.9171
node-088,2024-01-01 19:40:00,0.1057,15326635.7565,0.6955,0.5932,93490.3291,7.022,5985865.6415,894.4202
node-089,2024-01-01 19:40:00,0.7006,15928781.0958,0.0,1.0535,113589.8018,13.9639,5423197.8247,802.8114
node-090,2024-01-01 19:40:00,0.9178,16766400.3899,0.0,0.4363,129990.5056,6.0063,5837925.5838,793.6738
node-091,2024-01-01 19:40:00,0.4322,16110559.812,0.7915,0.5116,120904.8931,8.9317,5759883.1547,826.7646
node-092,2024-01-01 19:40:00,0.094,16428311.3952,0.0,0.6734,109510.7079,5.019,5367136.8891,816.9278
node-093,2024-01-01 19:40:00,0.4197,17053023.1706,0.0,1.0,112359.3216,5.8019,5787327.9518,828.4422
node-094,2024-01-01 19:40:00,0.5001,16168747.726,0.3557,1.103,140230.8222,7.8398,6274551.75,779.8499
node-095,2024-01-01 19:40:00,1.3079,15685834.4423,0.0,1.189,117971.7831,10.0144,6098045.278,811.673
node-096,2024-01-01 19:40:00,5.0956,16801631.0531,0.3147,0.8309,110805.0003,5.8021,5999006.0937,825.7991
node-097,2024-01-01 19:40:00,0.7167,16489047.7403,0.0,1.165,118982.6923,6.0839,6181016.0478,838.5704
node-098,2024-01-01 19:40:00,1.0509,15842637.4699,0.0,0.3733,120872.4276,9.0413,5806767.3467,814.3593
node-099,2024-01-01 19:40:00,0.089,15527074.5138,0.0,0.8417,116575.7761,8.337,6285227.1043,791.5014
node-100,2024-01-01 19:40:00,0.5098,15939670.7984,0.0,0.6804,135224.3882,5.0085,5622515.4651,841.0575
node-101,2024-01-01 19:40:00,0.7621,14162485.0928,0.0569,0.0825,125030.541,0.0,5799063.5204,812.7584
node-102,2024-01-01 19:40:00,0.0806,16549012.9827,0.9778,0.5932,103551.5027,9.035,6208505.5917,850.3331
node-103,2024-01-01 19:40:00,1.0909,15224280.6847,1.2149,0.5808,101214.9928,10.0521,5378311.8057,804.2178
node-104,2024-01-01 19:40:00,0.1533,16408704.2501,0.1467,0.3822,111983.0272,9.0736,5579524.0709,838.7535
node-105,2024-01-01 19:40:00,1.8626,16494061.3635,0.8676,0.5949,150393.905,4.9586,5831778.4745,881.6814
node-106,2024-01-01 19:40:00,0.0927,14988160.7208,0.1025,0.1957,116823.3492,3.0331,6032624.5791,793.7919
node-107,2024-01-01 19:40:00,0.2544,14568664.3709,0.1781,0.694,117125.2659,10.0927,5259042.066,776.1351
node-108,2024-01-01 19:40:00,0.7744,16707614.1784,0.1841,1.7,128611.8942,14.0684,5475539.8679,840.8283
node-109,2024-01-01 19:40:00,1.5168,15794167.4473,0.5691,0.5863,90050.8226,8.0195,5590392.4526,831.4687
node-110,2024-01-01 19:40:00,0.3492,15520001.9404,0.0,0.5347,93249.1673,6.0326,6289710.5001,957.3438
node-111,2024-01-01 19:40:00,1.759,16558609.4885,0.0,4.5265,127872.0044,0.0767,6320748.5799,760.919
node-112,2024-01-01 19:40:00,0.4086,15027772.2638,0.0144,0.497,126065.6388,8.8853,5621896.0559,832.0485
node-113,2024-01-01 19:40:00,0.1301,16413321.5171,0.111,0.785,106262.5245,10.0262,6123352.4173,836.9742
node-114,2024-01-01 19:40:00,0.9022,15458157.1561,0.2753,0.7438,158894.6974,6.1023,5483943.8028,806.8533
node-115,2024-01-01 19:40:00,0.1975,15693011.2884,0.7326,0.8825,92346.8196,4.0294,5481560.9213,827.5311
node-116,2024-01-01 19:40:00,0.1806,15554397.6952,0.3264,0.7146,80876.1807,7.315,6361654.1974,816.101
node-117,2024-01-01 19:40:00,0.0943,9936341.9576,0.0,0.9235,95601.1841,8.9531,5813931.705,786.8749
node-118,2024-01-01 19:40:00,0.1152,15920988.0212,0.0,0.6343,127854.5848,10.483,5530059.7481,834.0841
node-119,2024-01-01 19:40:00,0.1289,17180301.3686,0.5982,0.3061,107162.7563,6.994,6113218.426,846.4408
node-000,2024-01-01 19:41:00,0.8143,15438555.3926,0.0,0.9416,117685.0489,7.8905,6083873.6876,905.609
node-001,2024-01-01 19:41:00,0.1017,15156763.9241,0.0,0.5029,117125.8878,7.942,6140403.5774,888.2632
node-002,2024-01-01 19:41:00,0.3272,9807140.2818,0.0,0.6024,107960.5269,11.0233,6133761.4383,877.9813
node-003,2024-01-01 19:41:00,0.4882,16136963.8853,0.5927,0.7543,121731.2679,6.0167,6077141.8201,894.4122
node-004,2024-01-01 19:41:00,0.0073,15394269.7918,0.0,0.7322,85750.7459,8.927,6146717.7801,874.4608
node-005,2024-01-01 19:41:00,0.3252,8769062.0679,0.0,0.5398,122137.2721,7.9489,6199098.5436,907.066
node-006,2024-01-01 19:41:00,0.5974,15945875.069,0.0,0.1755,101594.8168,1.1176,6199673.5789,842.2534
node-007,2024-01-01 19:41:00,1.0063,15589666.6957,0.0,1.1928,113123.0503,9.9043,6165263.7619,801.2716
node-008,2024-01-01 19:41:00,0.8774,15236965.374,0.3736,0.5924,119806.7971,4.0332,6121928.6686,927.2477
node-009,2024-01-01 19:41:00,0.0038,15752854.9155,0.0332,0.7005,111858.1245,5.8348,6239553.2172,912.1798
node-010,2024-01-01 19:41:00,0.0,15247481.3536,0.6793,0.9997,113454.3421,12.0042,6219870.04,918.2734
node-011,2024-01-01 19:41:00,0.2274,14702341.0296,0.0,0.3172,83142.7546,8.0221,6248696.387,850.1235
node-012,2024-01-01 19:41:00,1.4522,14498485.1926,0.3305,0.5032,95178.2833,2.0727,6271938.0622,951.6157
node-013,2024-01-01 19:41:00,1.664,15513973.4596,0.0,0.4527,147029.8282,0.0,0.0,931.3446
node-014,2024-01-01 19:41:00,1.4224,16681275.8165,0.6837,0.6038,82628.5639,3.9328,6284770.8444,949.2088
node-015,2024-01-01 19:41:00,0.6132,15308302.9663,0.0,0.1,103618.2426,3.1075,6009813.8376,804.7088
node-016,2024-01-01 19:41:00,0.768,15558302.2383,0.0,0.8067,83872.8711,6.8714,6202050.2225,923.7442
node-017,2024-01-01 19:41:00,0.3656,17525567.8255,0.3931,0.4076,158126.5387,5.9906,6150824.4454,1053.2868
node-018,2024-01-01 19:41:00,0.0923,15605985.8295,0.0,0.798,120554.7147,10.0428,6204380.9966,845.9126
node-019,2024-01-01 19:41:00,0.3527,16020611.6116,0.0,0.5686,118610.4003,6.3327,6046827.0167,917.472
node-020,2024-01-01 19:41:00,0.3504,15812813.9303,0.0,0.5936,120517.6088,9.0354,6261382.2494,908.6364
node-021,2024-01-01 19:41:00,0.2253,16234082.5344,0.5818,1.0724,102738.105,0.0124,6133006.751,886.0385
node-022,2024-01-01 19:41:00,0.0991,15551652.3611,0.1697,0.578,117004.9057,6.9553,6106140.579,881.54
node-023,2024-01-01 19:41:00,0.8955,14866619.0617,0.0,0.5983,105728.0507,7.0373,6286290.3563,892.695
node-024,2024-01-01 19:41:00,0.0919,15394943.7635,0.6174,0.9226,100444.6464,7.9156,6284237.0841,879.5769
node-025,2024-01-01 19:41:00,0.0908,16545158.4937,0.0264,0.4958,96196.674,2.9373,6313865.1979,940.0213
node-026,2024-01-01 19:41:00,0.0034,15724807.3392,0.5013,0.1958,154179.3674,4.9404,6240528.3289,875.9039
node-027,2024-01-01 19:41:00,0.6868,15340691.1292,1.4329,1.8043,107600.0076,8.9642,6142014.9424,893.0304
node-028,2024-01-01 19:41:00,0.0242,16623094.5544,0.0,0.4234,106743.9063,3.0088,6139595.1282,929.2751
node-029,2024-01-01 19:41:00,3.7886,15933667.227,0.0,0.3042,108744.1014,6.8729,6130592.9425,872.2107
node-030,2024-01-01 19:41:00,5.669,15591750.5707,0.5256,0.6087,112887.1209,5.8467,6220167.2363,827.8866
node-031,2024-01-01 19:41:00,0.1053,28893042.1708,0.3322,0.1055,0.0,0.0569,90159.0636,0.0
node-032,2024-01-01 19:41:00,1.2136,14748304.498,0.5056,1.1834,103126.6476,7.9827,6212701.9797,892.8839
node-033,2024-01-01 19:41:00,0.0969,14960430.1029,0.0,2.1093,133878.9414,3.9439,6418450.0336,952.4344
node-034,2024-01-01 19:41:00,0.0,15219843.6542,0.6986,0.071,117794.9735,4.9658,6081571.5867,841.6712
node-035,2024-01-01 19:41:00,0.1114,17549327.139,0.0,0.463,91018.528,8.9934,6218217.0637,912.7351
node-036,2024-01-01 19:41:00,2.2482,15930542.0633,0.2654,0.5978,118521.9596,10.0971,6106892.3816,877.7215
node-037,2024-01-01 19:41:00,0.3907,15256372.3072,0.2777,0.5764,140067.7886,3.138,6149578.4845,899.6573
node-038,2024-01-01 19:41:00,0.2931,15059129.547,0.8257,0.5427,115474.736,7.9486,6052010.9368,953.0315
node-039,2024-01-01 19:41:00,0.7969,16670003.6329,0.0,0.9049,114134.4683,7.3733,6263200.021,894.097
node-040,2024-01-01 19:41:00,0.3942,16524172.5577,0.0,0.0863,155738.3597,1.9256,6157338.0041,846.8989
node-041,2024-01-01 19:41:00,2.6752,16288485.8763,0.0,0.6915,120752.9013,6.9125,6177764.0216,1028.4701
node-042,2024-01-01 19:41:00,0.9455,15698388.6392,0.2454,0.4913,114306.3498,5.3142,6224759.8456,937.0173
node-043,2024-01-01 19:41:00,1.4703,16163705.0365,0.9722,0.7022,123659.1829,4.6892,6351116.1741,934.2961
node-044,2024-01-01 19:41:00,0.2824,14922244.945,0.0,1.0857,116769.6925,7.9275,6177916.2139,906.5095
node-045,2024-01-01 19:41:00,0.503,15914093.9329,0.0,0.8706,82275.8829,6.0609,6217974.2905,884.4675
node-046,2024-01-01 19:41:00,1.3282,14910744.1493,0.9815,0.6068,98774.9563,7.0875,6073093.4877,917.488
node-047,2024-01-01 19:41:00,0.8803,14659085.8064,0.8785,0.499,122022.9954,8.9973,6114070.1729,908.5599
node-048,2024-01-01 19:41:00,0.5947,15936766.0886,0.0,0.6113,110503.6294,5.0252,6117485.1285,901.0823
node-049,2024-01-01 19:41:00,0.5258,14259051.7079,0.6305,0.1544,108784.5389,4.1738,6088525.4559,847.4581
node-050,2024-01-01 19:41:00,0.009,14404002.3813,0.2538,0.1637,90611.8848,3.966,6295987.2734,802.0492
node-051,2024-01-01 19:41:00,0.9236,14981422.5758,0.0,1.3143,171066.5331,7.0771,6256202.2485,900.3063
node-052,2024-01-01 19:41:00,1.9886,15358865.7415,1.4699,0.4675,126310.6342,1.0474,6623522.129,969.3149
node-053,2024-01-01 19:41:00,2.6123,15553515.579,0.0,0.4965,76508.694,6.0195,6086521.6798,889.5487
node-054,2024-01-01 19:41:00,1.2172,15375653.3359,0.2506,0.4827,128543.2436,7.8007,6281702.4638,904.8277
node-055,2024-01-01 19:41:00,0.0998,15895583.0401,0.5011,0.8786,113610.595,8.0638,6007205.8807,907.3348
node-056,2024-01-01 19:41:00,0.4098,15543183.195,0.0,1.0828,95927.9637,7.9741,6237097.941,886.3511
node-057,2024-01-01 19:41:00,0.1976,13624367.1801,0.0,0.8222,99370.0845,3.037,6327977.5701,934.0809
node-058,2024-01-01 19:41:00,0.2003,15909903.0347,0.0,0.6782,115116.2873,4.9065,6223272.9935,908.5263
node-059,2024-01-01 19:41:00,0.4899,16261022.5877,0.0,0.6843,108831.4529,6.9839,6163497.3504,888.9007
node-060,2024-01-01 19:41:00,0.8097,15274447.7508,0.063,1.3005,103290.1277,6.9111,6154219.5887,917.1762
node-061,2024-01-01 19:41:00,1.4999,15464575.0382,0.0,5.5058,120734.3629,5.0654,6115575.8537,901.7549
node-062,2024-01-01 19:41:00,0.0862,16120758.0148,0.2183,0.6003,75522.6702,5.0812,6315748.879,931.1848
node-063,2024-01-01 19:41:00,0.2863,15232160.4327,0.0,0.7275,123736.8306,6.3144,6342718.2264,882.7951
node-064,2024-01-01 19:41:00,0.2657,15180978.0803,0.4942,0.5408,111836.8478,4.8978,6615863.2692,913.4593
node-065,2024-01-01 19:41:00,0.309,15956761.5959,0.4683,0.7889,130322.8559,8.032,6240986.5028,907.5008
node-066,2024-01-01 19:41:00,0.2229,16650158.1921,0.1068,0.3016,134655.2849,10.0558,6056865.5351,893.9764
node-067,2024-01-01 19:41:00,2.2161,14992795.5872,0.2589,0.4526,104878.2489,5.9346,6184061.3095,911.9747
node-068,2024-01-01 19:41:00,0.5179,16029966.0238,0.1137,0.8064,114920.3028,7.9507,6225288.3277,894.956
node-069,2024-01-01 19:41:00,0.0208,9399952.7327,13.7458,0.7467,116085.2369,7.11,6176163.2772,918.8403
node-070,2024-01-01 19:41:00,0.3376,15697127.8551,0.5078,0.7271,99636.8915,8.0404,6103863.9198,919.699
node-071,2024-01-01 19:41:00,0.9156,15454447.5866,0.4913,0.5147,82900.2122,6.2215,6031551.6138,899.9207
node-072,2024-01-01 19:41:00,0.112,112324489.6684,0.0,0.1997,106040.0507,2.886,6090628.5604,827.2563
node-073,2024-01-01 19:41:00,0.4606,14681753.4092,0.4263,0.706,104576.1547,7.0067,6025371.2758,806.3331
node-074,2024-01-01 19:41:00,0.2092,15363069.2573,0.0,0.5927,107238.7238,5.8551,6108144.727,901.3592
node-075,2024-01-01 19:41:00,0.685,16688725.8386,0.718,0.2028,125868.6227,5.6356,6122600.6313,925.1788
node-076,2024-01-01 19:41:00,0.3905,16685538.7742,0.2427,0.1994,110059.7322,2.9196,6130368.4383,806.5557
node-077,2024-01-01 19:41:00,0.7121,15776812.6236,0.1569,0.7077,117991.721,7.9458,6119271.053,914.1899
node-078,2024-01-01 19:41:00,0.0368,16350434.1798,0.0,0.4861,110756.1867,1.9608,6125214.1953,928.7081
node-079,2024-01-01 19:41:00,1.718,15651383.7374,0.0,0.7123,82516.6216,9.9665,6055133.3853,914.0948
node-080,2024-01-01 19:41:00,0.4571,15066298.1944,0.0,0.9198,114176.7421,8.9966,6169190.181,881.3488
node-081,2024-01-01 19:41:00,0.8773,15597591.7596,0.9235,0.4139,147783.2221,11.0577,6200109.0921,920.0132
node-082,2024-01-01 19:41:00,0.4792,14430187.3744,0.6258,0.1666,81761.9581,1.8656,6082990.554,825.7435
node-083,2024-01-01 19:41:00,0.588,15725501.4005,0.686,0.7096,112124.0558,6.044,6208828.0295,901.2
node-084,2024-01-01 19:41:00,3.0817,15866057.9494,0.2236,0.8239,110378.923,8.9697,6507351.2295,885.2112
node-085,2024-01-01 19:41:00,1.8901,15933761.4439,0.0,0.4921,140572.5991,9.0996,6240156.8814,908.4708
node-086,2024-01-01 19:41:00,0.2785,15488693.3642,0.0,0.6,129420.1892,7.0717,6247732.1413,870.7909
node-087,2024-01-01 19:41:00,1.7892,15606472.9206,0.9979,0.9703,144087.9341,6.9916,6190039.3968,910.4626
node-088,2024-01-01 19:41:00,1.7057,14768653.7902,0.2611,0.5746,112659.1808,12.8429,6039447.0567,876.2456
node-089,2024-01-01 19:41:00,0.1277,15569088.233,0.0,1.1036,124638.5022,7.829,6194879.8135,892.5191
node-090,2024-01-01 19:41:00,0.0906,16985395.2002,0.0,0.6015,147846.7346,8.9725,6246134.9383,913.229
node-091,2024-01-01 19:41:00,0.8746,15367231.4371,0.0,0.8969,93565.638,8.0704,6360622.39,893.2236
node-092,2024-01-01 19:41:00,0.3963,16290195.996,0.0,0.4043,104789.3358,7.0091,6229581.2502,914.1906
node-093,2024-01-01 19:41:00,0.1716,16822995.9496,0.0,1.0114,146534.7137,1.9034,6202613.0604,921.6327
node-094,2024-01-01 19:41:00,0.2007,15938158.8636,0.2278,0.8911,79180.7797,8.9591,6183427.7342,938.1637
node-095,2024-01-01 19:41:00,1.2519,14849013.1477,0.9685,1.2074,110027.0351,7.1098,6104347.6296,928.0251
node-096,2024-01-01 19:41:00,0.1421,16697081.7543,0.6366,0.5946,113296.6618,0.9592,6180566.7255,1011.3095
node-097,2024-01-01 19:41:00,2.4866,15820123.2449,0.3001,0.9096,106666.4584,7.0926,6154943.5825,875.823
node-098,2024-01-01 19:41:00,0.0986,15614135.364,0.217,1.0725,122550.2117,3.9507,6528560.6927,981.4715
node-099,2024-01-01 19:41:00,0.3267,15053575.5115,0.0,0.8512,103810.2968,7.8505,6154891.7259,913.2528
node-100,2024-01-01 19:41:00,0.0951,15356769.7373,0.6256,0.5994,158296.3015,5.0329,6126880.7099,877.0354
node-101,2024-01-01 19:41:00,0.0,14368307.5965,0.0,0.078,138276.2505,3.9033,5952020.5215,822.8186
node-102,2024-01-01 19:41:00,0.9015,15641977.6207,0.0,1.2937,120806.3504,6.9516,6223410.6273,899.4771
node-103,2024-01-01 19:41:00,0.0239,14750749.8927,0.3246,0.4197,127037.3883,7.0356,6318630.2343,897.9495
node-104,2024-01-01 19:41:00,0.279,15982372.0541,0.6177,0.5973,118489.3778,7.9354,6158576.8073,890.694
node-105,2024-01-01 19:41:00,0.0884,15713183.8145,0.0869,0.8066,129459.4877,5.0548,6289868.7483,949.7989
node-106,2024-01-01 19:41:00,0.1877,15021482.878,0.0,0.1648,118325.2207,0.9045,6125407.2973,800.226
node-107,2024-01-01 19:41:00,0.2487,14429286.6719,0.1686,0.652,110073.9101,11.0213,6273439.1277,896.5525
node-108,2024-01-01 19:41:00,0.6352,16689415.1638,0.0,0.7795,118643.2748,4.0084,6411837.3267,932.4085
node-109,2024-01-01 19:41:00,4.4102,15709128.5895,0.0,0.3172,74125.6096,4.0253,6400940.5276,938.8135
node-110,2024-01-01 19:41:00,0.0025,15206037.0085,0.5039,0.3116,119036.2087,9.0301,5747635.5346,849.7173
node-111,2024-01-01 19:41:00,0.1958,16585171.9402,0.433,1.0411,104270.503,2.0112,6023017.6726,943.0782
node-112,2024-01-01 19:41:00,0.1564,14815714.4166,0.0,0.3856,95337.8821,4.8882,6119821.6395,890.1676
node-113,2024-01-01 19:41:00,0.6096,15849523.89,0.0,0.5696,117875.8898,4.9509,6025900.2101,931.4765
node-114,2024-01-01 19:41:00,1.7278,15128616.3686,1.1271,0.3819,119342.5867,9.9159,6071674.2524,909.2866
node-115,2024-01-01 19:41:00,0.1353,15108634.3162,0.4822,0.5062,113761.2115,7.8476,6110336.7404,914.1088
node-116,2024-01-01 19:41:00,0.0843,15284004.0364,0.6601,0.8044,130802.5458,6.9794,6066931.768,909.5401
node-117,2024-01-01 19:41:00,0.0841,10103196.7088,0.0,0.8996,111398.9648,8.8888,6268736.8363,911.1917
node-118,2024-01-01 19:41:00,0.8218,14655300.6079,0.8661,0.5212,108447.3147,11.1466,6189343.778,919.9712
node-119,2024-01-01 19:41:00,1.8436,17037985.0875,0.3904,0.8994,94786.0994,5.0091,6120306.7632,894.6595
node-000,2024-01-01 19:42:00,0.5771,14865362.1272,0.4082,0.6945,168095.9502,10.1172,6224893.8749,938.8187
node-001,2024-01-01 19:42:00,0.1103,14953270.3679,0.9027,0.4982,114687.0288,10.0323,6195599.3711,936.7847
node-002,2024-01-01 19:42:00,0.1547,9636431.4326,1.0499,0.7938,104266.1423,8.0256,6186771.3607,911.5663
node-003,2024-01-01 19:42:00,0.0212,15860641.2996,0.0,0.3847,99114.4485,8.9837,6121906.3397,913.3993
node-004,2024-01-01 19:42:00,0.2965,15091108.3018,0.4901,1.1291,146999.6247,13.9847,6265478.1819,949.9478
node-005,2024-01-01 19:42:00,0.3014,8580213.656,0.0999,0.5333,82360.4125,9.0332,6120602.7394,935.006
node-006,2024-01-01 19:42:00,0.1147,15497996.4706,0.0,0.1966,116415.1299,3.9711,6462400.288,865.4751
node-007,2024-01-01 19:42:00,0.1055,14952122.3054,1.7396,0.4716,165919.0233,9.0247,6228275.0801,950.8503
node-008,2024-01-01 19:42:00,0.0265,14450829.8232,0.0315,0.5041,138274.6256,7.1322,6080826.2947,934.4991
node-009,2024-01-01 19:42:00,0.5632,15583974.2664,0.0,0.6706,128884.8642,5.9504,6165028.2302,949.1841
node-010,2024-01-01 19:42:00,0.9023,15015549.3515,0.0,1.0938,127681.745,14.0668,6190739.6871,922.5393
node-011,2024-01-01 19:42:00,0.0896,14209126.2307,0.5697,0.6997,95183.0184,8.7164,5942266.5511,892.4524
node-012,2024-01-01 19:42:00,0.0,13947497.2436,0.7923,0.4885,139469.4004,6.1011,6209614.7823,922.1733
node-013,2024-01-01 19:42:00,0.459,14648678.1065,0.0,0.6707,147345.8336,0.1066,0.0,911.2229
node-014,2024-01-01 19:42:00,0.1183,16333917.2876,0.0,0.4557,127913.8029,6.8878,6140579.4053,922.826
node-015,2024-01-01 19:42:00,0.176,15237504.6194,0.2691,0.1135,117845.3126,0.0,6208352.1951,889.7247
node-016,2024-01-01 19:42:00,0.0976,15852056.6947,0.0,0.6456,113723.9384,0.9698,6066026.2175,944.1826
node-017,2024-01-01 19:42:00,1.0857,17258117.6324,0.0,0.502,108325.0952,2.0537,6118585.6535,920.9877
node-018,2024-01-01 19:42:00,0.25,14720759.5371,0.9129,0.5988,121111.5875,9.9281,6211752.689,911.2195
node-019,2024-01-01 19:42:00,0.8064,15647037.7222,0.0,0.5501,112969.1601,5.9802,6133912.2444,935.5766
node-020,2024-01-01 19:42:00,0.5402,14394522.7358,0.9109,0.5422,161454.8934,8.996,6060849.108,909.0381
node-021,2024-01-01 19:42:00,0.0529,15417494.8331,0.0,1.1133,135680.086,4.9621,6190011.0772,938.9107
node-022,2024-01-01 19:42:00,0.1152,15068546.2484,0.0,0.4956,128878.7862,6.1806,5960548.0586,904.2281
node-023,2024-01-01 19:42:00,0.3314,14734926.1166,0.7563,0.3987,106946.3451,6.9953,6152964.5553,941.272
node-024,2024-01-01 19:42:00,0.0859,14751698.4715,0.0,0.6519,99991.8633,8.0017,6131470.2084,914.9771
node-025,2024-01-01 19:42:00,0.9944,16395468.3345,0.0231,0.7041,120071.4504,5.3659,6087221.8407,916.8313
node-026,2024-01-01 19:42:00,0.3521,14997983.9493,0.2593,0.0859,94248.1164,3.4977,6285299.4443,885.3104
node-027,2024-01-01 19:42:00,0.7014,14797047.49,0.0,1.6033,94542.902,9.8903,6153266.2621,961.7453
node-028,2024-01-01 19:42:00,0.2218,16290908.0792,0.0,0.4728,96475.8496,6.0371,6123159.4319,910.4969
node-029,2024-01-01 19:42:00,0.0895,15207802.0513,0.597,0.6699,98190.6711,6.0467,6190645.7281,948.2689
node-030,2024-01-01 19:42:00,5.0865,15194477.146,0.1388,0.5278,117341.1273,7.8545,5930975.5766,942.5785
node-031,2024-01-01 19:42:00,0.0353,28807281.9081,0.0,0.0295,5286.9763,4.0413,64291.3401,0.0
node-032,2024-01-01 19:42:00,0.021,14931367.2915,0.0,0.5119,103761.6524,7.1095,6026271.831,929.7185
node-033,2024-01-01 19:42:00,0.1989,14292397.5941,0.2776,1.5193,139275.8666,8.031,5982081.6006,920.0845
node-034,2024-01-01 19:42:00,0.0,14706373.0743,0.0,0.0676,120356.8432,4.9646,6271162.9116,893.121
node-035,2024-01-01 19:42:00,0.1073,16986247.9766,0.6913,0.4548,107916.6157,6.0722,6043435.9083,903.2677
node-036,2024-01-01 19:42:00,0.0713,15343829.3445,0.2596,1.9235,109487.279,8.9565,6232344.3467,936.8388
node-037,2024-01-01 19:42:00,0.4966,14724585.9359,0.3144,0.4904,107423.8862,7.0543,6121472.0954,928.1582
node-038,2024-01-01 19:42:00,0.4507,14514551.4808,0.0,0.4941,108337.0284,2.8537,6133178.7487,943.4741
node-039,2024-01-01 19:42:00,0.1,15967698.3856,0.0,0.3973,113652.1401,7.9683,6197483.836,946.3194
node-040,2024-01-01 19:42:00,0.0555,15603638.8973,0.0,0.1085,99270.7438,1.9233,6154221.9339,868.2286
node-041,2024-01-01 19:42:00,3.913,15678661.3774,0.2054,0.4369,92594.8998,4.1494,6149758.8812,920.5479
node-042,2024-01-01 19:42:00,0.1095,15648659.4673,0.0,3.0727,113523.048,4.0352,6246107.3209,928.2978
node-043,2024-01-01 19:42:00,0.138,15758179.7818,0.0,0.428,116738.1558,3.1061,6191343.4133,934.316
node-044,2024-01-01 19:42:00,0.3067,14884876.4227,0.0,0.8039,108848.2331,7.9999,6127701.8231,953.9165
node-045,2024-01-01 19:42:00,0.1173,15184456.0512,1.0777,0.7459,127258.9981,12.0882,6103154.4687,930.6025
node-046,2024-01-01 19:42:00,0.2404,14647280.3514,0.0,0.5026,138459.6105,9.785,6232484.0449,904.4081
node-047,2024-01-01 19:42:00,0.8679,14150697.6472,0.6084,0.7131,135772.5152,8.9331,6098515.1353,929.6353
node-048,2024-01-01 19:42:00,0.0939,14937873.261,0.7114,0.5916,104287.383,5.49,6000705.9408,928.9103
node-049,2024-01-01 19:42:00,0.0632,14130514.1706,0.2498,0.0989,116832.7331,0.0,6007823.824,860.8062
node-050,2024-01-01 19:42:00,0.0688,14961893.7622,0.0,0.1733,94985.5403,2.0024,6306378.1298,905.0327
node-051,2024-01-01 19:42:00,0.1428,14779792.3601,0.0,1.3541,158822.1423,8.9891,6179575.6303,917.1767
node-052,2024-01-01 19:42:00,0.15,15288083.0511,0.0,0.5799,133647.4355,6.9931,6084848.1465,922.3609
node-053,2024-01-01 19:42:00,0.0999,15550787.9868,0.1359,0.9938,98228.8563,7.9138,6184904.2927,926.4964
node-054,2024-01-01 19:42:00,0.3801,14002891.2312,0.6054,0.8748,130094.9356,6.9161,6160868.8492,917.8132
node-055,2024-01-01 19:42:00,0.0945,15554789.8549,0.6454,0.4169,81224.5275,9.063,6271007.7029,936.7873
node-056,2024-01-01 19:42:00,0.2323,15104568.6174,0.2864,0.9378,107081.5165,7.6014,5999805.0927,930.1725
node-057,2024-01-01 19:42:00,0.1573,13354084.2584,0.7411,0.9615,96710.9496,7.0873,6147281.8484,920.9148
node-058,2024-01-01 19:42:00,0.0975,15596224.2316,0.3882,0.714,144240.5729,9.9735,6239355.6249,925.695
node-059,2024-01-01 19:42:00,0.1128,15778950.4853,0.0,0.8447,109100.4938,7.3375,6193693.422,893.6011
node-060,2024-01-01 19:42:00,0.1741,15050631.8847,0.0,0.438,91785.6543,6.8739,6128711.3883,901.0064
node-061,2024-01-01 19:42:00,0.1774,14626445.5568,0.0,4.7125,179484.3757,9.4916,6036568.0073,909.3233
node-062,2024-01-01 19:42:00,0.1221,16020195.8345,0.0,0.5201,119918.7974,6.9656,6131944.9005,915.9548
node-063,2024-01-01 19:42:00,0.3127,15152610.0353,0.3055,0.6221,118274.301,2.0573,6122982.8802,880.8845
node-064,2024-01-01 19:42:00,0.3722,14120736.7684,0.0,0.679,129228.195,6.0181,6142229.9288,896.8717
node-065,2024-01-01 19:42:00,0.1509,14882095.3871,0.0,0.8653,107754.4022,7.0075,6109055.063,965.0977
node-066,2024-01-01 19:42:00,0.1541,15450177.7458,1.5907,0.6476,121381.9922,6.9921,6044850.6668,944.0348
node-067,2024-01-01 19:42:00,0.1263,14109747.0477,0.2977,0.7241,125481.4072,8.9787,6180155.4279,913.5439
node-068,2024-01-01 19:42:00,0.7828,15766219.5746,0.0,0.6436,80951.9788,10.0086,6265085.142,972.6385
node-069,2024-01-01 19:42:00,0.0561,9371959.0723,14.7396,0.7015,124043.4917,9.0283,6226186.5952,927.7166
node-070,2024-01-01 19:42:00,0.5054,15018494.0189,0.5651,0.7113,123239.0658,0.8469,6087564.1812,955.4493
node-071,2024-01-01 19:42:00,0.1463,14587636.4762,1.6428,0.3841,104560.5268,7.9656,6365675.7159,946.5362
node-072,2024-01-01 19:42:00,0.0835,112062283.8089,0.0,0.0779,105633.1098,5.0855,5932742.9916,902.0664
node-073,2024-01-01 19:42:00,0.0994,14318513.6494,0.0,0.4445,119627.8242,6.0189,6100959.75,910.4922
node-074,2024-01-01 19:42:00,0.1092,14915772.9787,0.0,0.3701,87410.9701,6.9803,6195612.5378,934.296
node-075,2024-01-01 19:42:00,0.1268,16494968.7993,0.0,0.4212,90135.6827,6.9075,6176747.3834,907.8548
node-076,2024-01-01 19:42:00,0.0,16441446.3658,0.403,0.0856,79587.7066,3.0946,6122088.817,869.6127
node-077,2024-01-01 19:42:00,0.1483,14888845.0936,0.1895,0.692,121417.3949,8.9319,6250605.984,967.3523
node-078,2024-01-01 19:42:00,0.0855,15678325.1816,0.0,0.5041,126062.2475,2.1788,6148617.0504,878.7547
node-079,2024-01-01 19:42:00,0.4331,15175597.0637,0.3156,0.6779,109608.9196,10.0285,6250765.9269,940.644
node-080,2024-01-01 19:42:00,0.1088,14518828.9262,0.2021,0.5674,136362.3567,9.1332,5904038.2391,935.516
node-081,2024-01-01 19:42:00,0.1003,14336634.5815,0.0066,0.9752,150483.3908,11.0291,6202523.3567,908.0649
node-082,2024-01-01 19:42:00,0.4123,14067956.3904,0.0,0.0985,117686.1501,2.3847,6022038.1747,865.048
node-083,2024-01-01 19:42:00,0.9082,14896218.3904,0.0,0.556,117711.1473,11.9162,6175573.0575,904.5078
node-084,2024-01-01 19:42:00,1.0968,15708763.6444,0.0,0.7677,94060.7738,3.0052,6209220.6229,968.5992
node-085,2024-01-01 19:42:00,0.1014,15442212.7509,0.0,0.5248,114743.5143,10.9301,5947069.7887,943.9902
node-086,2024-01-01 19:42:00,0.4664,15029991.5265,0.0,0.5951,117704.1275,6.9736,6074406.6008,910.2854
node-087,2024-01-01 19:42:00,0.3081,15311220.8125,1.2016,0.4998,114088.1084,8.0446,6179330.0015,911.4455
node-088,2024-01-01 19:42:00,0.0,14921836.341,1.0168,0.5613,123488.3032,13.1716,6175924.7727,939.5218
node-089,2024-01-01 19:42:00,0.1469,15333575.546,1.1487,1.4542,64438.9401,9.0646,6078417.0725,894.6889
node-090,2024-01-01 19:42:00,0.2317,16340190.0445,0.0,0.7391,183706.323,6.0853,6113117.9693,908.0624
node-091,2024-01-01 19:42:00,2.6647,15394459.7715,0.6909,0.5512,127905.5851,8.0182,6189406.7403,943.6598
node-092,2024-01-01 19:42:00,0.2322,15658404.3646,0.0,0.8781,108553.5165,6.0627,6167682.5444,933.0233
node-093,2024-01-01 19:42:00,0.0209,15880979.1131,0.0,0.3686,112157.1395,8.1529,6067672.0821,927.6806
node-094,2024-01-01 19:42:00,0.0992,15362086.826,1.2903,1.0103,119078.0419,10.0177,6121773.431,922.7292
node-095,2024-01-01 19:42:00,0.0723,14801111.0177,0.0,0.1971,118854.0978,6.4931,6257138.7401,913.1602
node-096,2024-01-01 19:42:00,0.2286,15718806.2459,0.0,0.4046,137278.8104,5.9912,6072504.8452,925.419
node-097,2024-01-01 19:42:00,0.0936,15477523.0506,1.7457,1.3119,100514.9954,8.5197,6395824.2166,940.0328
node-098,2024-01-01 19:42:00,0.1017,15359232.8664,0.8726,1.2932,90628.4666,9.086,6076580.7696,907.3603
node-099,2024-01-01 19:42:00,0.1157,14687063.0863,0.0,0.6128,115848.4386,10.0568,6063029.369,931.5901
node-100,2024-01-01 19:42:00,0.3897,15438441.7419,1.2037,0.4494,146032.8819,6.9158,6111268.5041,916.3025
node-101,2024-01-01 19:42:00,0.5803,13719852.9871,0.3496,0.2068,91339.5027,2.5404,6173578.4235,871.9459
node-102,2024-01-01 19:42:00,0.2251,15426415.9547,0.9125,0.6943,130172.1627,6.051,6145423.394,922.815
node-103,2024-01-01 19:42:00,0.7393,14448866.5104,0.0324,0.3709,107292.3671,7.1627,6246010.4517,918.9673
node-104,2024-01-01 19:42:00,0.0813,15341384.6334,0.0,1.2192,112045.3658,9.0666,6208658.5072,926.9153
node-105,2024-01-01 19:42:00,0.0454,15941978.7889,0.0,0.5013,131024.7837,5.1209,6124599.9473,932.4395
node-106,2024-01-01 19:42:00,0.0,14769425.2383,0.0,0.2054,106555.3386,3.9446,6062068.8949,875.9868
node-107,2024-01-01 19:42:00,0.1354,14174922.7445,1.0355,0.8235,117971.0677,10.0507,6157355.5435,846.019
node-108,2024-01-01 19:42:00,0.1483,15539922.3208,0.0,0.5327,128060.4487,5.9386,6098510.0395,926.8445
node-109,2024-01-01 19:42:00,0.71,15052087.6986,0.029,0.4974,104335.4289,3.0094,6108810.7092,923.6004
node-110,2024-01-01 19:42:00,0.1015,14488506.5762,0.0,0.6717,135944.4509,8.0047,6176246.2017,931.2025
node-111,2024-01-01 19:42:00,0.1043,15754548.7643,0.0,0.6305,144100.4694,4.179,6092865.0358,912.1718
node-112,2024-01-01 19:42:00,0.1282,14344137.346,1.3529,0.4907,113035.1819,8.0201,6202819.1361,940.7557
node-113,2024-01-01 19:42:00,0.8943,15702576.3508,0.8387,0.524,116808.8703,7.1249,6137705.1373,929.8069
node-114,2024-01-01 19:42:00,0.0233,14551146.0394,0.0,0.5848,145567.9833,9.0163,6161616.8178,920.3123
node-115,2024-01-01 19:42:00,0.1087,14931271.9841,0.0,0.4124,143085.9282,13.1324,6303816.959,945.0946
node-116,2024-01-01 19:42:00,0.1175,14655496.4511,0.0,0.5786,114509.3728,10.9332,6073867.3891,925.2243
node-117,2024-01-01 19:42:00,0.4888,9680033.1768,0.0,1.1881,147657.1806,8.9421,6210050.6216,915.8733
node-118,2024-01-01 19:42:00,0.0611,14751618.4788,0.0,0.9831,119943.2562,6.9437,6354418.9918,965.4
node-119,2024-01-01 19:42:00,0.0852,16295449.2914,0.3046,0.4913,109468.4595,3.9183,6233805.812,885.0344
node-000,2024-01-01 19:43:00,0.6866,14538157.0086,0.7762,0.8053,118116.6631,3.9721,6142182.928,871.0493
node-001,2024-01-01 19:43:00,0.8681,14566245.7286,0.694,0.6019,79411.3035,6.7817,6665713.458,916.4967
node-002,2024-01-01 19:43:00,0.081,9439338.1365,0.3477,1.0097,134591.0546,9.9168,6405694.8117,892.2796
node-003,2024-01-01 19:43:00,0.1131,15113514.8879,0.2845,0.4587,95471.5635,8.7116,6294533.5891,888.7209
node-004,2024-01-01 19:43:00,0.3766,14381576.8432,0.0122,0.6294,114045.3415,11.3436,6033506.9592,891.3513
node-005,2024-01-01 19:43:00,0.7036,8753307.5255,0.0,0.5438,124931.9006,6.9916,6160717.8185,906.531
node-006,2024-01-01 19:43:00,0.1049,14981469.8159,0.0,0.1011,112480.3545,0.9068,6203226.852,778.74
node-007,2024-01-01 19:43:00,0.117,14428004.0526,0.0,0.5329,115456.3728,7.8245,6297398.248,906.7481
node-008,2024-01-01 19:43:00,0.0358,14737096.2567,0.9438,0.6454,104388.5222,2.9956,6347605.7505,871.6901
node-009,2024-01-01 19:43:00,0.0607,14867303.7873,0.0,0.6016,114172.9899,7.1153,6069208.5824,909.3712
node-010,2024-01-01 19:43:00,0.029,14504436.5509,0.0,1.0934,121304.6845,12.8613,6124559.9849,905.4011
node-011,2024-01-01 19:43:00,0.1562,13899372.2776,0.2777,0.4579,126007.157,8.928,6176782.1032,831.8427
node-012,2024-01-01 19:43:00,0.649,14063055.8449,0.6772,0.7114,119284.4219,6.0416,6075708.0823,890.5782
node-013,2024-01-01 19:43:00,0.7258,14272304.9173,0.0,0.5411,133877.6793,0.0,83590.3014,911.3244
node-014,2024-01-01 19:43:00,0.0503,15691758.236,0.0,0.37,83749.9447,7.1257,6297515.2164,900.3106
node-015,2024-01-01 19:43:00,0.0,14882754.7343,1.0652,0.1103,93069.7532,1.8783,6146873.3521,856.3966
node-016,2024-01-01 19:43:00,0.1309,14814747.9858,0.8545,0.5035,118811.79,6.9315,6171874.3195,919.9041
node-017,2024-01-01 19:43:00,0.046,17086947.8975,0.0,0.4963,146724.064,9.0508,6107309.3798,918.8044
node-018,2024-01-01 19:43:00,0.1786,14439419.079,0.0,0.4135,128812.3395,8.9474,6086475.0604,909.8131
node-019,2024-01-01 19:43:00,0.0922,15357303.3651,0.3235,0.6767,113384.7722,12.0173,6170433.4656,918.3435
node-020,2024-01-01 19:43:00,0.5153,14366289.5424,0.491,0.5012,156365.6523,8.0331,6078810.5834,889.3749
node-021,2024-01-01 19:43:00,0.5965,14739985.11,0.0,1.1151,118126.0836,4.0938,6113942.1368,917.4038
node-022,2024-01-01 19:43:00,0.1257,14760609.8017,0.0,0.5651,130301.6411,5.1394,6294180.1745,867.7914
node-023,2024-01-01 19:43:00,0.4685,14153398.296,0.1585,0.3052,118085.9556,7.884,6170384.3481,912.6272
node-024,2024-01-01 19:43:00,0.1835,14933683.9915,0.9105,0.3973,116786.1761,6.9934,6165178.429,885.8153
node-025,2024-01-01 19:43:00,0.1622,15806945.7165,0.6247,0.5068,122584.2464,8.1113,6265787.823,897.2815
node-026,2024-01-01 19:43:00,0.1309,14875877.9909,0.0,0.1192,74919.6498,2.9462,6010085.7555,837.0586
node-027,2024-01-01 19:43:00,0.1929,14700740.7753,0.0,0.5016,109120.4951,9.9259,6067508.6165,911.622
node-028,2024-01-01 19:43:00,0.4682,15836784.1205,0.0,0.4899,81832.4209,4.9295,6153914.4993,911.3283
node-029,2024-01-01 19:43:00,0.0995,14840277.1404,0.373,0.6318,131910.6586,0.8814,6070228.8655,911.9011
node-030,2024-01-01 19:43:00,0.403,14717111.3702,0.0,0.8971,115915.5319,7.9867,6289627.1773,886.895
node-031,2024-01-01 19:43:00,0.0,28542251.5618,0.0,0.6004,2423.4304,1.0712,64062.0791,10.9536
node-032,2024-01-01 19:43:00,0.3745,14726542.7612,0.0,0.5365,119758.5576,3.084,6225387.9072,858.6269
node-033,2024-01-01 19:43:00,0.0823,14322770.8223,0.0,0.5894,82622.7816,10.9997,6153859.9732,898.6612
node-034,2024-01-01 19:43:00,0.0936,13983451.0659,0.004,0.1003,108049.2904,4.0337,6008481.8663,836.6864
node-035,2024-01-01 19:43:00,0.11,16515104.6274,0.0,0.3999,119735.5155,8.8991,6186347.5614,904.8533
node-036,2024-01-01 19:43:00,0.5444,14824495.7152,0.0,0.5795,92408.7126,8.1844,6051752.5538,909.073
node-037,2024-01-01 19:43:00,0.3752,14379532.8069,0.0,0.4916,115404.9216,0.0694,5916254.2274,842.1899
node-038,2024-01-01 19:43:00,0.0032,14647280.1582,0.0,0.7997,104185.7423,5.0097,6196461.623,893.5033
node-039,2024-01-01 19:43:00,0.9362,15648641.1639,0.1719,0.4297,114665.2924,7.9417,6206968.6479,883.066
node-040,2024-01-01 19:43:00,0.0,15522641.5441,0.0,0.109,114036.7591,2.8568,6005629.318,830.065
node-041,2024-01-01 19:43:00,0.1911,15627531.9666,0.0551,0.609,102052.4894,7.0234,6200205.4659,914.705
node-042,2024-01-01 19:43:00,0.1267,15236999.832,0.0,0.6817,121471.1405,6.1017,6236596.466,874.4627
node-043,2024-01-01 19:43:00,0.0528,15186809.6955,0.31,0.4056,108226.1609,6.0281,6247369.0108,930.0167
node-044,2024-01-01 19:43:00,0.269,14742638.4994,0.712,0.6641,81137.6847,11.1078,6131685.9599,894.9395
node-045,2024-01-01 19:43:00,0.5988,14714252.4815,0.0,0.6864,139939.4981,10.3495,6145946.7389,888.0814
node-046,2024-01-01 19:43:00,0.9073,13674386.7357,0.7778,0.6164,125761.404,9.0232,6206672.6626,914.2364
node-047,2024-01-01 19:43:00,0.0608,13464948.6164,0.0,0.5134,125132.9082,5.8402,5927886.8497,907.9391
node-048,2024-01-01 19:43:00,0.2987,15028363.6279,0.0,0.2996,103496.729,5.9685,6399251.2067,890.7859
node-049,2024-01-01 19:43:00,0.1689,13262895.7092,0.1543,0.1055,111589.6658,8.1014,6223439.5123,848.6299
node-050,2024-01-01 19:43:00,0.0069,13916835.8024,0.0,0.11,87614.6126,2.0467,6011567.5559,861.347
node-051,2024-01-01 19:43:00,0.2493,14060602.7807,0.0,1.3677,125740.941,9.0009,6241855.2342,915.5288
node-052,2024-01-01 19:43:00,0.5285,14788145.8682,0.1495,0.4655,122349.0778,5.462,6160097.694,891.3536
node-053,2024-01-01 19:43:00,0.152,15144523.2796,0.1385,0.7175,119627.6757,3.9897,5951654.1597,892.7747
node-054,2024-01-01 19:43:00,0.4331,13726097.579,0.9007,0.6108,114304.439,6.6605,6091079.6802,909.4884
node-055,2024-01-01 19:43:00,0.6939,15324287.7633,0.0,0.6029,106555.3861,7.0529,6144949.2265,907.5055
node-056,2024-01-01 19:43:00,0.1954,15052250.7417,0.0,0.4049,101811.3394,6.9224,6175619.7078,894.3279
node-057,2024-01-01 19:43:00,0.0,12971114.1159,0.1204,0.8179,133367.6979,0.9945,6086912.8068,878.0535
node-058,2024-01-01 19:43:00,0.1988,15067491.8142,0.2079,0.6785,152546.8168,14.9308,5981010.391,898.0187
node-059,2024-01-01 19:43:00,0.1128,15646552.7015,0.0,0.4915,129556.7047,7.9735,6163356.5084,883.1261
node-060,2024-01-01 19:43:00,1.2904,14637342.189,0.0,0.5999,108140.7944,7.0229,6151574.3126,910.2966
node-061,2024-01-01 19:43:00,0.6198,14527412.713,0.3482,0.3318,134868.8508,10.0336,6115838.0545,894.4793
node-062,2024-01-01 19:43:00,0.1413,14790061.8608,0.8102,0.5013,117843.3494,6.9734,6100122.5819,909.5062
node-063,2024-01-01 19:43:00,0.8146,14638794.2521,0.195,0.5917,126370.439,8.9241,6107776.6883,886.8737
node-064,2024-01-01 19:43:00,0.5222,14334394.5761,0.0063,0.7224,122973.4931,8.9648,6137441.4863,881.8921
node-065,2024-01-01 19:43:00,0.0769,14866090.9504,0.0931,0.9584,112226.0373,6.0024,6019649.7613,917.4326
node-066,2024-01-01 19:43:00,0.116,15349175.4609,0.0052,0.777,116894.1071,15.0534,6297985.0845,886.6385
node-067,2024-01-01 19:43:00,1.1143,14090174.6092,0.0,0.6766,121470.6041,8.7599,6109748.4622,912.8253
node-068,2024-01-01 19:43:00,0.0896,15631029.0425,0.3934,0.5076,121033.0826,7.6076,6100060.8243,911.6675
node-069,2024-01-01 19:43:00,0.0811,9719895.08,15.3472,0.7857,76207.5821,9.0824,6155745.923,917.2449
node-070,2024-01-01 19:43:00,0.1765,14597981.0275,0.0,0.6538,101683.8267,9.125,6050566.6828,914.9106
node-071,2024-01-01 19:43:00,0.097,14876616.2825,0.9296,0.6672,131783.5375,2.9991,6182303.446,876.7388
node-072,2024-01-01 19:43:00,0.0176,111339599.0597,0.1033,0.1302,109876.6201,5.0303,6246266.563,805.0724
node-073,2024-01-01 19:43:00,0.1115,14057922.2956,0.0,0.697,122664.6815,6.3747,6230165.1542,876.0793
node-074,2024-01-01 19:43:00,0.1055,14760664.344,0.0,0.4355,126120.3536,7.073,6215672.2336,920.0247
node-075,2024-01-01 19:43:00,0.3335,15774920.9781,0.5619,0.5175,101281.8807,7.9884,6150305.0309,856.2443
node-076,2024-01-01 19:43:00,0.0759,15563157.1798,0.0861,0.107,99876.8369,3.8514,5989771.9341,800.7443
node-077,2024-01-01 19:43:00,0.0951,14936695.086,0.0,0.6703,111612.6247,10.0053,6213508.0023,912.1591
node-078,2024-01-01 19:43:00,1.4431,15925195.3638,0.0,0.6048,111171.8611,3.434,6140529.3766,951.5254
node-079,2024-01-01 19:43:00,0.6919,14898139.2055,0.5058,0.738,109566.7786,8.8953,5998110.8933,893.1634
node-080,2024-01-01 19:43:00,0.1117,14748333.143,0.2657,0.5993,125757.7995,4.9644,6365048.4007,861.9566
node-081,2024-01-01 19:43:00,0.1554,14473222.504,0.0,0.3023,146630.6016,7.9932,6107342.3341,918.0831
node-082,2024-01-01 19:43:00,0.5097,13521937.3149,0.0,0.1011,108363.411,2.8917,5974725.1116,865.6737
node-083,2024-01-01 19:43:00,0.0845,14856993.7216,0.0669,0.6069,126590.2009,11.5681,6053053.6425,890.2234
node-084,2024-01-01 19:43:00,0.184,14997961.7142,1.1075,0.4899,179027.3376,7.9571,6092371.4888,929.7073
node-085,2024-01-01 19:43:00,0.1847,15319432.2178,0.0,0.5182,117092.0277,9.9709,6133936.3105,899.1125
node-086,2024-01-01 19:43:00,0.7931,15667167.207,0.0,0.6022,81100.5921,11.0099,6002917.9987,899.5998
node-087,2024-01-01 19:43:00,0.2391,15097182.2617,0.0,0.4806,110035.8156,8.6409,6086654.4512,873.8831
node-088,2024-01-01 19:43:00,0.1116,14224310.9716,0.0,0.5157,93850.1589,5.9908,5944890.3671,868.3249
node-089,2024-01-01 19:43:00,0.3037,14524411.2224,0.96,1.0044,103286.1125,14.0069,6283730.0595,910.3742
node-090,2024-01-01 19:43:00,2.9216,15610001.895,0.2296,0.4945,154725.8278,7.1244,6292190.0708,905.712
node-091,2024-01-01 19:43:00,3.61,14915979.2775,0.203,0.3018,130789.0114,7.9896,5934390.267,897.1952
node-092,2024-01-01 19:43:00,1.3115,15718131.4863,0.0,0.4935,134196.0443,9.0461,6267495.5278,908.0748
node-093,2024-01-01 19:43:00,0.1398,15524555.8872,0.0,0.5148,154575.9704,0.0,6404573.7639,881.2198
node-094,2024-01-01 19:43:00,0.1705,15235404.5256,0.0,0.9054,122544.0039,9.9357,6257769.9785,900.5446
node-095,2024-01-01 19:43:00,2.1324,13368460.9567,0.0,0.2054,139844.555,6.079,5189184.2547,896.4378
node-096,2024-01-01 19:43:00,0.0756,15914601.44,0.2764,0.5111,92359.0976,6.4667,6214838.6242,903.7448
node-097,2024-01-01 19:43:00,0.1398,15158092.562,0.0,0.7915,118443.6879,10.9316,6149739.2201,940.5493
node-098,2024-01-01 19:43:00,1.3977,14236316.4102,0.0,0.4995,108639.5846,9.0315,6207626.5504,903.9439
node-099,2024-01-01 19:43:00,0.3767,14020786.3716,0.0,1.2212,104030.6507,8.0445,6337631.9372,877.9656
node-100,2024-01-01 19:43:00,0.4261,14583890.5298,0.7895,0.4644,145596.0386,0.8767,5915757.5901,879.4555
node-101,2024-01-01 19:43:00,0.0151,13262982.1425,0.6751,0.0875,144846.2425,2.0117,6128782.6632,856.4336
node-102,2024-01-01 19:43:00,1.6065,15168425.4544,0.0031,0.6083,118161.6765,7.9637,6140406.297,951.245
node-103,2024-01-01 19:43:00,0.9996,14397050.2806,1.6238,0.5106,101020.8358,6.7953,6021142.4443,898.6719
node-104,2024-01-01 19:43:00,0.1075,14505121.7727,0.0,1.1841,147944.3442,6.2205,5986139.5233,867.6295
node-105,2024-01-01 19:43:00,3.3002,15138531.8392,0.0,0.5803,162450.626,6.0338,6149098.0802,907.0363
node-106,2024-01-01 19:43:00,0.1258,14173930.4964,0.2404,0.128,110570.8491,1.0513,6269164.5636,845.1271
node-107,2024-01-01 19:43:00,0.0,13690402.1894,0.4051,0.5017,78572.4521,9.8965,6051406.1532,846.3362
node-108,2024-01-01 19:43:00,0.2592,15801632.4898,0.7508,0.4778,117576.8773,7.6985,6272483.9925,912.6138
node-109,2024-01-01 19:43:00,0.2084,15124609.6338,0.0,0.3957,119759.714,6.9931,6076419.1034,883.2021
node-110,2024-01-01 19:43:00,0.1216,14151779.2254,0.0,0.344,101062.9963,1.0016,6047758.5168,880.4346
node-111,2024-01-01 19:43:00,0.1101,15016981.9147,0.3658,0.6094,91908.7512,5.1624,6180539.7361,887.8516
node-112,2024-01-01 19:43:00,0.8107,13980733.4953,0.0,0.5063,119746.2026,6.9454,6115977.8637,876.8123
node-113,2024-01-01 19:43:00,0.1174,14866270.9617,0.0,0.3924,107673.269,10.0115,6104510.6381,879.6888
node-114,2024-01-01 19:43:00,0.0163,14333529.2775,0.0,0.3956,147723.4678,8.0161,6201171.5781,902.6841
node-115,2024-01-01 19:43:00,1.6826,13861584.1302,0.0,0.6978,118485.5565,10.0565,6128577.5303,895.9299
node-116,2024-01-01 19:43:00,0.1003,14049783.6401,0.0,0.6077,115014.6563,5.0617,6369120.9296,877.8043
node-117,2024-01-01 19:43:00,0.109,9812312.8447,0.0,0.9286,133939.6677,9.3897,6187413.907,903.8391
node-118,2024-01-01 19:43:00,0.6,14286718.7706,0.7696,0.6441,126875.1331,7.8951,6122058.3191,926.6576
node-119,2024-01-01 19:43:00,0.5593,15864413.6666,1.5257,0.5953,143681.2162,7.01,6163236.708,907.1848
