nodeId,timestamp,cpu_wio,mem_free,Missed Buffers_P1,cpu_user,bytes_out,proc_run,bytes_in,pkts_out
node-000,2024-01-01 18:24:00,0.0947,7758336.2855,0.0,0.0066,171768.1068,8.8164,46518.9744,972.4706
node-001,2024-01-01 18:24:00,0.1024,7429387.8973,0.0,0.0155,141178.2438,7.9857,20833.0993,930.4147
node-002,2024-01-01 18:24:00,0.1274,9462913.3597,0.3679,0.0,126198.2431,12.3042,6213753.6662,955.2267
node-003,2024-01-01 18:24:00,0.1184,9811621.9132,0.0,0.0012,105039.4931,9.9772,63605.9089,930.6211
node-004,2024-01-01 18:24:00,0.0993,8356435.4524,0.0,0.0088,134461.1086,6.9975,47150.4592,957.093
node-005,2024-01-01 18:24:00,0.2031,8021530.2647,0.0,0.0,93721.5639,6.2439,55912.412,968.6665
node-006,2024-01-01 18:24:00,0.0346,6260203.3582,0.1856,0.0,119655.3805,3.2528,0.0,890.8798
node-007,2024-01-01 18:24:00,0.1039,7074215.37,0.5206,0.026,167349.0095,8.0483,94218.3637,943.7546
node-008,2024-01-01 18:24:00,0.0811,8398894.9122,0.0065,0.0,138111.4123,9.1417,33387.0079,953.5386
node-009,2024-01-01 18:24:00,0.1374,8268022.2546,0.1356,0.0,119139.4209,6.1085,8013.5813,949.6973
node-010,2024-01-01 18:24:00,0.077,8455387.8482,0.0,1.3064,127103.6203,9.0212,6173449.7156,949.7043
node-011,2024-01-01 18:24:00,0.3364,7426356.3634,0.0,1.6232,133598.1192,5.9998,25889.3265,956.8797
node-012,2024-01-01 18:24:00,0.0191,7290528.3637,0.0,0.0174,126984.056,7.0328,35943.2202,925.3026
node-013,2024-01-01 18:24:00,0.0059,8012453.565,0.0,0.9161,158069.7208,0.008,0.0,952.771
node-014,2024-01-01 18:24:00,0.0904,9470613.2351,0.0,0.8874,110504.6769,7.0263,0.0,944.3576
node-015,2024-01-01 18:24:00,0.0,5575848.8978,0.4025,0.0866,109779.4607,2.0313,6163819.8404,907.3675
node-016,2024-01-01 18:24:00,0.0825,7963135.0518,0.7915,0.0104,128096.1317,8.9658,0.0,940.8826
node-017,2024-01-01 18:24:00,0.0636,8887503.9933,0.0887,0.0,149430.9249,3.9593,0.0,944.208
node-018,2024-01-01 18:24:00,0.0833,8609748.7877,0.1492,0.0,95925.3166,9.9627,0.0,939.6008
node-019,2024-01-01 18:24:00,0.1292,7793635.505,0.8777,0.0,103060.4862,6.9996,0.0,944.8633
node-020,2024-01-01 18:24:00,0.1201,8352255.8942,0.1072,0.9913,152799.614,12.9773,6256882.0659,955.5207
node-021,2024-01-01 18:24:00,0.1146,8536609.7575,0.0,0.009,127436.8866,7.7653,0.0,942.1138
node-022,2024-01-01 18:24:00,0.1022,8831789.0074,0.0,0.0005,124895.1862,8.0898,50090.1085,950.5593
node-023,2024-01-01 18:24:00,0.1863,7798545.2864,0.6622,0.6225,125059.8621,5.9027,0.0,945.0229
node-024,2024-01-01 18:24:00,0.0938,7847009.563,5.0259,0.6174,109599.386,6.0524,0.0,961.6568
node-025,2024-01-01 18:24:00,0.0733,9470020.7323,0.4999,0.7969,93596.8496,10.0489,48122.4785,941.429
node-026,2024-01-01 18:24:00,0.04,5941731.7252,0.0,0.2122,123934.9911,3.0502,0.0,896.2677
node-027,2024-01-01 18:24:00,0.1302,8482152.5839,0.3856,0.0151,139908.7996,5.9987,28645.5118,966.9386
node-028,2024-01-01 18:24:00,0.0187,8416252.0064,0.0,0.0,109381.5029,6.5338,0.0,907.2888
node-029,2024-01-01 18:24:00,0.2013,8024991.996,10.5507,0.9924,82507.0907,12.0125,0.0,952.2566
node-030,2024-01-01 18:24:00,0.2043,8080838.5373,0.1298,0.0,130757.0471,8.0653,47965.9716,979.9998
node-031,2024-01-01 18:24:00,0.022,28712700.9714,0.6173,0.0,554.4044,0.0198,18907.8154,0.0
node-032,2024-01-01 18:24:00,0.0999,7845505.8747,1.0034,0.0075,118240.8819,9.2225,26700.901,961.9903
node-033,2024-01-01 18:24:00,0.2128,8017892.7414,0.0,0.0015,112313.7551,10.0145,0.0,959.9887
node-034,2024-01-01 18:24:00,0.0217,5377944.9549,0.0,0.0158,148238.933,3.1543,23836.3346,918.358
node-035,2024-01-01 18:24:00,0.0216,9073927.4884,0.0,0.0083,166867.0246,8.4506,27103.7854,952.4011
node-036,2024-01-01 18:24:00,0.1551,8431956.2196,0.0,0.0214,129939.6861,8.0266,0.0,955.3791
node-037,2024-01-01 18:24:00,0.1043,8574221.3241,11.2182,0.7038,109790.7449,8.1567,6218495.6245,961.16
node-038,2024-01-01 18:24:00,0.2634,7288775.9344,0.791,0.0103,123645.0153,12.3815,0.0,948.8659
node-039,2024-01-01 18:24:00,0.111,8805919.2519,0.0,0.0,95883.2482,13.9608,6732.8002,954.1757
node-040,2024-01-01 18:24:00,0.0074,5742337.5007,0.0,0.0,131252.9568,4.9998,6310390.4065,884.0179
node-041,2024-01-01 18:24:00,0.0876,8180051.3986,0.5453,0.0127,110195.2422,6.9682,26100.5825,957.8204
node-042,2024-01-01 18:24:00,0.2694,7637617.6832,0.4364,0.0021,120718.1403,11.9163,0.0,913.834
node-043,2024-01-01 18:24:00,0.1985,9145214.8547,0.0,0.0,135846.2484,5.9757,0.0,963.2337
node-044,2024-01-01 18:24:00,0.3755,7900491.9773,1.6985,0.0064,118280.9742,13.9639,1073.9395,952.1769
node-045,2024-01-01 18:24:00,0.1978,7682570.4876,0.0,0.0,143522.266,10.0402,80308.6277,948.5413
node-046,2024-01-01 18:24:00,0.0993,8525790.8405,0.0,0.0118,122082.8554,8.8759,4555.2405,959.0465
node-047,2024-01-01 18:24:00,0.1012,7870941.4857,0.1659,0.0,113503.744,8.0208,0.0,942.118
node-048,2024-01-01 18:24:00,0.1144,8483915.7321,0.0698,0.0249,114044.0825,6.9597,0.0,969.9018
node-049,2024-01-01 18:24:00,0.0,6070256.1343,1.3331,0.0087,82999.1606,4.924,43361.0488,892.6566
node-050,2024-01-01 18:24:00,0.0,2401956.1672,0.2053,0.0053,122827.4672,2.0367,98123.8412,899.5827
node-051,2024-01-01 18:24:00,0.0916,7692975.7348,0.0,0.0,146585.7739,6.0149,58749.5365,954.8586
node-052,2024-01-01 18:24:00,0.1838,8004067.3609,0.0226,0.9465,87317.3739,7.001,6176239.6934,940.0661
node-053,2024-01-01 18:24:00,0.0888,8352142.6703,0.6139,1.1041,125444.6226,6.0702,0.0,965.5062
node-054,2024-01-01 18:24:00,0.3434,7629627.8108,0.2064,0.0174,133841.4558,6.8679,0.0,979.1779
node-055,2024-01-01 18:24:00,0.0837,7587285.6743,0.926,1.0542,130973.3691,6.9635,6111575.6093,956.6287
node-056,2024-01-01 18:24:00,0.0,8151144.8188,0.0518,0.0046,104770.6398,7.0084,29392.2484,969.5456
node-057,2024-01-01 18:24:00,0.1039,5422680.5147,7.3658,1.114,116090.2992,6.0633,6172980.7033,920.1098
node-058,2024-01-01 18:24:00,0.286,8413056.0766,0.0,0.0,154000.0834,8.3645,39731.1244,942.2118
node-059,2024-01-01 18:24:00,0.261,8251290.224,0.0,0.0,115327.8708,9.0729,80494.8996,948.425
node-060,2024-01-01 18:24:00,0.1716,7383779.422,0.0,0.0058,131471.0976,6.0263,211.13,965.0026
node-061,2024-01-01 18:24:00,0.0832,7896855.9338,0.0,0.0143,124433.0072,11.2487,0.0,946.3687
node-062,2024-01-01 18:24:00,0.1024,8569761.7241,0.0,0.0021,132234.2249,11.7399,0.0,937.9488
node-063,2024-01-01 18:24:00,0.2126,7851026.863,0.0135,0.0,120369.3384,10.773,0.0,962.4311
node-064,2024-01-01 18:24:00,0.1895,7887046.7313,7.5086,1.3121,122259.4408,9.0505,10255.9722,947.8279
node-065,2024-01-01 18:24:00,0.0799,8449581.957,0.0,0.0068,139715.2905,5.954,86216.4703,961.8479
node-066,2024-01-01 18:24:00,0.1025,8337163.298,0.04,0.0025,130064.6344,6.9023,0.0,942.0405
node-067,2024-01-01 18:24:00,0.0,8030713.4636,1.2505,0.8111,106496.1572,6.0478,6160844.0502,936.9143
node-068,2024-01-01 18:24:00,0.0718,8616835.5039,0.0,0.0,116839.7459,9.0295,13862.8433,960.4993
node-069,2024-01-01 18:24:00,0.0978,8610717.1063,0.016,0.0033,118013.493,10.0337,8276.3859,986.3698
node-070,2024-01-01 18:24:00,0.1115,7845106.5566,0.1121,0.0248,132010.309,6.0014,20854.4489,946.6955
node-071,2024-01-01 18:24:00,0.1999,8276538.6777,0.3437,0.0,124420.5507,9.0617,0.0,946.6611
node-072,2024-01-01 18:24:00,0.0,102577462.8069,0.0134,0.2113,104479.5688,3.9581,73895.7886,907.3665
node-073,2024-01-01 18:24:00,0.1197,7947296.1634,0.0,0.0,118489.497,8.955,50031.2433,962.215
node-074,2024-01-01 18:24:00,0.1138,7848857.0385,0.0,0.02,135181.8888,8.0011,52638.0134,968.247
node-075,2024-01-01 18:24:00,0.1003,9524998.7927,0.0871,0.0,78129.7582,5.0547,0.0,934.5589
node-076,2024-01-01 18:24:00,0.0,6595947.5229,0.7929,0.1238,113736.171,1.9806,0.0,921.6068
node-077,2024-01-01 18:24:00,0.09,7586530.6026,0.0,0.0047,132336.6854,9.1265,14576.672,958.8015
node-078,2024-01-01 18:24:00,0.0858,8382738.1266,0.3665,0.0234,113900.7556,12.9521,6046.9827,946.9863
node-079,2024-01-01 18:24:00,0.1788,8208108.6252,1.2144,0.0,121458.5635,6.9209,14077.4489,951.4308
node-080,2024-01-01 18:24:00,0.1022,7769022.7328,0.8964,0.0,122632.9657,8.8354,4835.5223,957.1819
node-081,2024-01-01 18:24:00,0.1794,7273419.1632,0.9406,0.6024,156038.994,4.8582,0.0,964.4981
node-082,2024-01-01 18:24:00,0.0,5775822.2671,0.1234,0.0231,118322.0127,2.08,0.0,891.9754
node-083,2024-01-01 18:24:00,0.3737,8548546.6447,0.8633,0.0,136981.9498,10.0349,0.0,948.7142
node-084,2024-01-01 18:24:00,0.1115,8520544.0808,0.1092,0.0087,127955.3198,7.7132,21705.3479,960.313
node-085,2024-01-01 18:24:00,0.0931,8181130.9131,0.0,0.0041,99554.1043,8.1611,33790.6036,970.0607
node-086,2024-01-01 18:24:00,0.1053,8078242.4241,0.0,0.0,131169.3075,7.9448,13142.0606,966.0143
node-087,2024-01-01 18:24:00,0.0877,8234744.2284,0.951,0.0101,119105.2735,6.9832,0.0,955.2929
node-088,2024-01-01 18:24:00,0.0919,7925016.2161,0.0,0.7563,136533.9156,6.0282,6235301.9703,974.9287
node-089,2024-01-01 18:24:00,0.1211,7926804.7686,0.0,1.3746,143940.5457,8.019,6204981.253,928.0332
node-090,2024-01-01 18:24:00,0.1745,9241678.4216,0.0,0.9632,160155.9427,8.9503,0.0,918.036
node-091,2024-01-01 18:24:00,0.0946,8205324.5819,0.0663,0.0,125482.5677,4.9595,0.0,956.0635
node-092,2024-01-01 18:24:00,0.1577,9229625.863,0.3606,0.763,165376.4879,5.0568,6302769.6798,960.6222
node-093,2024-01-01 18:24:00,0.1115,8981290.9512,0.0,0.6727,94659.6067,6.9067,0.0,939.471
node-094,2024-01-01 18:24:00,0.2258,8610910.2542,0.359,0.0177,131561.7129,5.8781,14664.2367,953.6822
node-095,2024-01-01 18:24:00,0.1057,7910491.8568,0.7509,0.003,125104.2736,5.0055,35933.6502,937.2191
node-096,2024-01-01 18:24:00,0.1538,9052093.1193,0.0,1.0146,129091.91,8.0628,14630.4001,947.448
node-097,2024-01-01 18:24:00,0.2201,7259895.894,0.818,0.0071,126240.5502,7.9229,18193.6555,968.513
node-098,2024-01-01 18:24:00,0.188,8331718.5111,0.0,0.0088,152549.6349,8.9659,44384.8445,947.4214
node-099,2024-01-01 18:24:00,0.0975,7919743.0583,0.0,0.0,101405.7384,8.7895,59295.2135,972.6654
node-100,2024-01-01 18:24:00,0.1859,8247810.2319,0.0,0.9386,147133.1071,7.1305,6249037.0583,941.9421
node-101,2024-01-01 18:24:00,0.0227,5370387.2833,0.0324,0.1708,118319.9194,3.0043,6263135.7621,901.8527
node-102,2024-01-01 18:24:00,0.1037,8122599.4346,1.1492,0.0,131328.3445,8.0075,18566.1212,957.1711
node-103,2024-01-01 18:24:00,0.0851,8005493.3968,0.1591,0.0102,143349.6526,6.8517,0.0,922.262
node-104,2024-01-01 18:24:00,0.0994,8008992.8524,0.0,0.9499,117940.7976,10.003,6295771.0365,962.9615
node-105,2024-01-01 18:24:00,0.0867,7935207.1305,9.6361,1.2235,152837.8437,10.8002,6245229.9259,947.6136
node-106,2024-01-01 18:24:00,0.0255,5785770.1175,0.0,0.2061,96479.4495,6.1228,27862.1577,917.6161
node-107,2024-01-01 18:24:00,0.1879,7452938.0026,0.3163,1.1132,121049.2039,7.9409,6289003.142,949.0848
node-108,2024-01-01 18:24:00,0.0979,9209490.3065,0.0,0.7887,122180.2375,7.0536,6216117.8569,954.5571
node-109,2024-01-01 18:24:00,0.0946,8426014.9215,0.0,0.6951,113555.0488,8.0286,6288834.6055,945.5424
node-110,2024-01-01 18:24:00,0.0969,8756101.1755,4.6999,0.7035,122738.9736,8.0524,6185799.8494,949.2203
node-111,2024-01-01 18:24:00,0.0978,8926785.503,0.0,0.0014,115951.9858,8.1203,29147.0622,955.5057
node-112,2024-01-01 18:24:00,0.0087,8011851.5391,9.2864,0.481,127908.5573,6.9271,6376567.0338,942.2879
node-113,2024-01-01 18:24:00,0.0848,8098390.0224,0.0,0.0,114395.5613,6.8431,30464.3622,936.7932
node-114,2024-01-01 18:24:00,0.0954,7668458.6811,14.5454,0.8151,170141.1714,5.8926,6323665.5679,956.0824
node-115,2024-01-01 18:24:00,0.1018,7823316.4243,0.0,1.086,110554.9169,10.5427,6295233.8423,956.3345
node-116,2024-01-01 18:24:00,0.1012,8155370.1063,0.0,0.0068,109354.0235,11.047,0.0,954.5405
node-117,2024-01-01 18:24:00,0.0812,9241829.3556,0.0,1.0911,115007.0593,8.0237,0.0,943.239
node-118,2024-01-01 18:24:00,0.2076,7977394.7058,7.9927,1.4898,132083.5122,7.8302,6271149.0966,952.2993
node-119,2024-01-01 18:24:00,0.0867,9051581.8056,0.1395,0.0,136434.0804,6.9519,130200.1417,927.9148
node-000,2024-01-01 18:25:00,0.0239,7790870.6005,0.4631,0.0,173750.003,0.0203,0.0,0.0
node-001,2024-01-01 18:25:00,0.001,7683779.3939,0.5601,0.0029,109866.3333,6.0365,6151807.9857,0.0
node-002,2024-01-01 18:25:00,0.0148,8519335.1915,0.3724,0.0124,98687.3803,9.967,6163794.0929,0.0
node-003,2024-01-01 18:25:00,0.0043,0.0,0.5211,0.0252,54.2702,0.0591,0.0,0.3857
node-004,2024-01-01 18:25:00,0.01,0.0,0.0,0.0,0.0,0.042,0.0,0.0
node-005,2024-01-01 18:25:00,0.0,7928835.4701,0.7259,0.0017,133277.8941,6.0029,50666.0401,4.6913
node-006,2024-01-01 18:25:00,0.0,518858.6882,0.5704,0.0,2317.1743,0.0,20767.3766,7.8588
node-007,2024-01-01 18:25:00,0.0045,7320698.369,0.7623,0.0165,143668.6427,0.0,17308.3501,5.6086
node-008,2024-01-01 18:25:00,0.0047,0.0,0.0,0.0077,0.0,0.0975,0.0,3.4097
node-009,2024-01-01 18:25:00,0.0032,8101104.8025,0.3986,0.0063,116993.9957,0.0,78911.1489,13.5813
node-010,2024-01-01 18:25:00,0.0,0.0,0.0,0.0244,539.4958,0.0595,0.0,2.1942
node-011,2024-01-01 18:25:00,0.0,0.0,0.0,0.0134,0.0,0.0,0.0,8.1858
node-012,2024-01-01 18:25:00,0.0,75210.5456,0.0,0.6121,158.836,0.0,6180221.8984,0.0
node-013,2024-01-01 18:25:00,0.0,0.0,1.2933,0.0,174115.9226,0.0,0.0,11.8112
node-014,2024-01-01 18:25:00,0.0084,0.0,0.0,0.0002,1290.2674,0.0,35939.8587,3.3113
node-015,2024-01-01 18:25:00,0.0287,5850994.6079,0.6831,0.0011,138124.1502,2.9818,0.0,0.0
node-016,2024-01-01 18:25:00,0.1634,8089338.6721,0.0,0.0095,132770.1679,5.9138,13548.9348,0.0
node-017,2024-01-01 18:25:00,0.0519,9034819.3885,0.6386,0.0,166634.2452,5.9794,6349320.7923,0.0
node-018,2024-01-01 18:25:00,0.0,317939.7797,0.0,0.0,117718.3894,0.0523,0.0,4.3179
node-019,2024-01-01 18:25:00,0.0294,8226625.3078,0.0,0.0108,137443.7462,6.0756,0.0,2.8185
node-020,2024-01-01 18:25:00,0.0,0.0,0.0,0.0287,1720.8907,0.0788,0.0,2.0736
node-021,2024-01-01 18:25:00,0.0007,274503.4737,0.0,0.0194,2042.1331,0.0,6248582.7144,0.0
node-022,2024-01-01 18:25:00,0.0,35601.7802,0.6958,0.0,108109.9412,0.0,0.0,5.2469
node-023,2024-01-01 18:25:00,0.0,7759231.0701,0.6806,0.0,135559.5723,8.5377,0.0,5.1129
node-024,2024-01-01 18:25:00,0.0202,7984535.9256,0.0,0.0,128837.945,0.16,0.0,0.0
node-025,2024-01-01 18:25:00,0.0147,0.0,0.8847,0.0089,0.0,0.0,0.0,0.0
node-026,2024-01-01 18:25:00,0.0,317498.3068,0.0,0.0,1552.8398,0.0,0.0,7.6271
node-027,2024-01-01 18:25:00,0.0,32097.4928,0.2512,0.0296,131333.4393,0.0,6239764.9619,0.0
node-028,2024-01-01 18:25:00,0.0,8803383.0564,0.0,0.0047,121912.7387,4.958,11115.3856,0.0
node-029,2024-01-01 18:25:00,0.0237,7810218.6723,0.47,0.0,119772.4395,0.0787,0.0,8.2444
node-030,2024-01-01 18:25:00,0.0,7896060.9681,0.0,0.0,96795.0281,5.0307,60018.1425,10.8579
node-031,2024-01-01 18:25:00,0.0,29150098.7456,0.0,0.0,0.0,0.0,17604.4285,3.3644
node-032,2024-01-01 18:25:00,0.0136,8025573.686,0.3479,0.0133,127597.256,0.0,0.0,0.0
node-033,2024-01-01 18:25:00,0.0036,0.0,0.0,0.0,754.5346,0.0,93835.6831,0.0
node-034,2024-01-01 18:25:00,0.0041,5599458.0799,0.0,0.0,139510.1251,0.0,25143.834,0.0
node-035,2024-01-01 18:25:00,0.0,9247474.4421,0.1913,0.0,119976.3763,8.0316,0.0,5.8349
node-036,2024-01-01 18:25:00,0.0,8474220.3374,0.0,0.0042,130548.9977,0.0,0.0,0.0
node-037,2024-01-01 18:25:00,0.006,419731.2051,1.3089,0.0,138739.836,0.0,0.0,3.3008
node-038,2024-01-01 18:25:00,0.0,7634321.8158,0.112,0.0002,107483.491,14.0477,3383.4441,8.8649
node-039,2024-01-01 18:25:00,0.0119,8961454.863,0.0,0.0151,130405.1625,5.695,0.0,0.0
node-040,2024-01-01 18:25:00,0.0,6499646.1968,0.067,0.0014,148899.7206,3.0909,6165212.6583,0.0
node-041,2024-01-01 18:25:00,0.0,8032296.1881,0.7574,0.0,156567.4171,7.9266,0.0,14.0465
node-042,2024-01-01 18:25:00,0.0107,7784776.8722,11.2386,0.0026,99818.669,0.0,6190452.8801,0.0
node-043,2024-01-01 18:25:00,0.0,8933941.0183,0.0,0.0,151073.2223,0.0021,0.0,6.4334
node-044,2024-01-01 18:25:00,0.0103,7880089.353,0.2285,0.0193,110104.6565,0.0335,51774.7881,0.0
node-045,2024-01-01 18:25:00,0.0,8053474.4923,0.3939,0.0191,119625.9264,0.0185,91853.5608,3.5133
node-046,2024-01-01 18:25:00,0.0216,0.0,0.0,0.0202,1253.0539,0.0735,6166101.1844,8.8055
node-047,2024-01-01 18:25:00,0.0222,409124.8777,0.2871,0.0,0.0,0.0,6247109.9007,3.8834
node-048,2024-01-01 18:25:00,0.0037,8310825.3567,0.3234,0.0,96702.56,0.0641,35833.98,0.0
node-049,2024-01-01 18:25:00,0.0,5526572.0158,0.0,0.0,119747.6771,2.9951,0.0,13.946
node-050,2024-01-01 18:25:00,0.0062,2555239.5497,0.0,0.0062,108661.0198,4.0663,38764.2631,1.9068
node-051,2024-01-01 18:25:00,0.0021,0.0,0.0,0.0,417.6171,0.1213,56622.8097,0.0
node-052,2024-01-01 18:25:00,0.0,547360.6306,0.0,0.0035,0.0,0.0683,21999.7955,7.9439
node-053,2024-01-01 18:25:00,0.0065,8654612.3408,0.2259,0.0107,130434.7042,0.0474,20173.5054,1.5315
node-054,2024-01-01 18:25:00,0.0,376120.5063,0.8107,0.0072,0.0,0.0528,0.0,13.2486
node-055,2024-01-01 18:25:00,0.1036,7744870.1621,0.0,0.0,139633.9374,6.8754,12445.8425,4.2966
node-056,2024-01-01 18:25:00,0.0,8435231.5318,0.3736,0.0023,129557.479,0.0451,0.0,0.0
node-057,2024-01-01 18:25:00,0.0,5366222.707,0.0,0.0,107148.889,0.1347,0.0,0.0
node-058,2024-01-01 18:25:00,0.0,8463293.1013,0.9193,0.0,148613.3744,0.0761,27084.97,0.0
node-059,2024-01-01 18:25:00,0.0139,8542706.9852,0.2028,0.0026,125286.2482,0.0439,21590.5122,0.0
node-060,2024-01-01 18:25:00,0.0,8144684.6267,0.0,0.0,130278.4606,0.0,88057.8745,4.9512
node-061,2024-01-01 18:25:00,0.0179,47507.4585,0.7114,0.0025,0.0,0.1359,0.0,10.5625
node-062,2024-01-01 18:25:00,0.0024,7949103.5115,0.9029,0.0,85826.2653,14.0624,9279.2461,1.9203
node-063,2024-01-01 18:25:00,0.0208,7901920.9426,0.0,0.0009,132027.2814,0.0572,0.0,0.0
node-064,2024-01-01 18:25:00,0.0021,0.0,0.0,0.0,1217.8516,0.0741,0.0,6.9765
node-065,2024-01-01 18:25:00,0.0051,8073294.3203,0.4425,0.0075,133284.6838,10.0081,36535.5258,6.3415
node-066,2024-01-01 18:25:00,0.0,8573943.3281,8.4591,0.0201,134518.5569,9.1567,6198715.6801,0.3686
node-067,2024-01-01 18:25:00,0.0088,86638.5715,0.6616,0.0,1695.2836,0.0,0.0,15.7886
node-068,2024-01-01 18:25:00,0.325,8347199.1802,0.8171,0.0048,130589.1448,8.9258,18237.9762,0.0
node-069,2024-01-01 18:25:00,0.0,265113.4466,0.0,0.0,0.0,0.1286,0.0,4.0398
node-070,2024-01-01 18:25:00,0.0948,7647454.1344,0.1451,0.0,143497.2957,13.0043,38693.4999,0.0
node-071,2024-01-01 18:25:00,0.0112,0.0,0.7702,0.0,126117.0219,0.0412,6219144.9151,12.8788
node-072,2024-01-01 18:25:00,0.0,0.0,1.0933,0.0021,118095.8608,0.0,0.0,3.5285
node-073,2024-01-01 18:25:00,0.0,0.0,0.0,0.0,0.0,0.0,6190938.6776,0.6946
node-074,2024-01-01 18:25:00,0.45,7769760.4875,0.0,0.0,127043.0489,4.9677,6094105.0956,0.0
node-075,2024-01-01 18:25:00,0.0252,9352477.2411,0.5099,0.0,124087.2537,0.0327,0.0,9.1883
node-076,2024-01-01 18:25:00,0.0048,6609383.8696,0.0,0.0092,142196.6644,2.9201,0.0,0.1578
node-077,2024-01-01 18:25:00,0.0,8085868.0856,0.1441,0.0,139125.6336,0.0785,59055.7593,0.0
node-078,2024-01-01 18:25:00,0.0043,8077492.9166,0.2114,0.0,128481.4137,7.0095,6229776.0787,0.0
node-079,2024-01-01 18:25:00,0.0005,8403553.9524,0.0,0.0,149151.9111,0.0,6256048.9183,0.0
node-080,2024-01-01 18:25:00,0.0,13344.5915,0.0,0.0085,0.0,0.0997,0.0,0.0
node-081,2024-01-01 18:25:00,0.0203,7178045.6807,0.4609,0.0,149309.5813,0.189,0.0,0.0
node-082,2024-01-01 18:25:00,0.0,6435870.9249,0.0,0.0054,140195.4665,0.0846,0.0,0.0
node-083,2024-01-01 18:25:00,0.0162,8155886.2232,0.0,0.0052,124053.9087,0.0,0.0,0.0
node-084,2024-01-01 18:25:00,0.0848,8588152.802,0.1038,0.0067,123671.3582,7.8271,2731.6476,0.0
node-085,2024-01-01 18:25:00,0.1164,8019583.2838,0.0,0.0,139175.4435,8.5905,0.0,0.0
node-086,2024-01-01 18:25:00,0.0007,7760421.3909,0.6512,0.0,128314.6399,6.4084,53511.5989,8.3472
node-087,2024-01-01 18:25:00,0.0,8412350.6736,0.2374,0.0,139983.9465,0.0527,60282.6102,4.1118
node-088,2024-01-01 18:25:00,0.0116,0.0,0.1774,0.0098,132919.8104,0.0,0.0,7.0252
node-089,2024-01-01 18:25:00,0.0,7750792.9251,1.0866,0.0124,152947.0932,0.0439,0.0,3.2732
node-090,2024-01-01 18:25:00,0.0399,173941.2705,0.0,0.0062,0.0,0.0,0.0,7.2028
node-091,2024-01-01 18:25:00,0.0,0.0,0.2408,0.0,0.0,0.0,34369.8953,0.0
node-092,2024-01-01 18:25:00,0.0032,0.0,0.1053,0.022,123572.9087,0.0,55305.2953,5.7966
node-093,2024-01-01 18:25:00,0.0292,8709986.9749,0.5337,0.0,120527.3203,0.0,0.0,0.1216
node-094,2024-01-01 18:25:00,0.1081,7880770.7829,0.0,0.0052,129401.8383,7.8568,0.0,2.3868
node-095,2024-01-01 18:25:00,0.0,102243.5351,13.892,0.0362,120183.9799,0.0,6248481.1233,5.1901
node-096,2024-01-01 18:25:00,0.0032,0.0,0.1469,0.0,1947.8817,0.0,7488.9953,0.0
node-097,2024-01-01 18:25:00,0.006,7215026.095,0.0,0.0157,156483.5424,0.064,6196452.9443,4.7149
node-098,2024-01-01 18:25:00,0.0107,47948.3643,0.8355,0.0029,106029.4676,0.0616,0.0,2.2062
node-099,2024-01-01 18:25:00,0.006,0.0,0.9622,0.003,116851.9688,0.0104,13379.0788,0.0
node-100,2024-01-01 18:25:00,0.0,401510.252,0.044,0.0069,136157.9378,0.0774,0.0,0.0
node-101,2024-01-01 18:25:00,0.0238,0.0,0.0,0.0213,126506.7325,0.0,15112.8474,4.7332
node-102,2024-01-01 18:25:00,0.0,7998392.3686,0.0,0.0209,132331.0202,0.0322,23548.7103,5.6917
node-103,2024-01-01 18:25:00,0.0057,0.0,0.0,0.0098,124293.5651,0.0,0.0,0.0
node-104,2024-01-01 18:25:00,0.0,8077119.8523,0.833,0.0041,124326.714,0.0,39878.6867,2.2139
node-105,2024-01-01 18:25:00,0.0066,7907804.2251,0.2171,0.0064,165519.8413,0.0637,0.0,0.0
node-106,2024-01-01 18:25:00,0.0009,5206747.803,0.4857,0.0263,123576.2757,2.9549,0.0,0.0
node-107,2024-01-01 18:25:00,0.0,0.0,0.0,0.0,0.0,0.0,45456.4785,4.2419
node-108,2024-01-01 18:25:00,0.0159,0.0,0.7352,0.0063,434.2416,0.1169,12316.1076,1.819
node-109,2024-01-01 18:25:00,0.0,8345532.7401,0.0,0.0033,145799.3156,7.9987,14888.6746,1.8044
node-110,2024-01-01 18:25:00,0.0,0.0,0.0,0.0,759.2565,0.0149,16610.9475,1.3969
node-111,2024-01-01 18:25:00,0.0,8797169.1766,0.0,0.0,130073.6966,0.0,0.0,0.0
node-112,2024-01-01 18:25:00,0.0237,0.0,0.0,0.0124,404.3251,0.0,0.0,11.3911
node-113,2024-01-01 18:25:00,0.0114,8319918.254,0.9699,0.0,143644.6652,0.0517,6147705.6705,0.0
node-114,2024-01-01 18:25:00,0.0,336020.2997,0.0,0.0,158390.3918,0.0,0.0,0.0
node-115,2024-01-01 18:25:00,0.0,87422.1281,0.0,0.0,0.0,0.0,0.0,1.2633
node-116,2024-01-01 18:25:00,0.0161,195925.3396,0.0,0.0087,0.0,0.0,0.0,0.0
node-117,2024-01-01 18:25:00,0.008,0.0,0.5519,0.0,131094.6761,0.0,0.0,0.0
node-118,2024-01-01 18:25:00,0.0053,0.0,0.1948,0.0003,173.8177,0.0,0.0,5.2037
node-119,2024-01-01 18:25:00,0.0042,0.0,0.0,0.008,70.3923,0.0,6297794.0303,0.0
node-000,2024-01-01 18:26:00,0.0,564207.4436,0.0,0.0013,137852.4933,0.0,0.0,7.8254
node-001,2024-01-01 18:26:00,0.0,6928.5018,0.3318,0.7529,0.0,0.0,6008630.7089,0.0
node-002,2024-01-01 18:26:00,0.022,117448.1262,0.0,0.893,0.0,0.0,5850644.1048,0.5695
node-003,2024-01-01 18:26:00,0.0,228290.595,4.8799,0.0159,0.0,0.0,6145682.768,0.0
node-004,2024-01-01 18:26:00,0.0,14932.2008,0.0,0.0,883.468,0.0107,0.0,0.0
node-005,2024-01-01 18:26:00,0.0,7970681.9187,0.0,0.5045,152508.1868,0.0,6179517.4339,0.0
node-006,2024-01-01 18:26:00,0.0,188455.5375,10.4556,0.1016,145.0728,0.0893,6058924.932,1.0593
node-007,2024-01-01 18:26:00,0.0186,7012108.3343,7.3504,0.0,146906.584,0.0603,6254222.1515,0.1209
node-008,2024-01-01 18:26:00,0.0182,0.0,0.7659,0.0,0.0,0.1661,0.0,16.7552
node-009,2024-01-01 18:26:00,0.0,0.0,0.2274,0.0,105042.629,0.0,54266.5523,0.0
node-010,2024-01-01 18:26:00,0.0,282369.0742,0.6567,0.0149,0.0,0.0,18265.8192,0.0
node-011,2024-01-01 18:26:00,0.018,0.0,0.1583,0.0,0.0,0.0633,9005.1657,1.283
node-012,2024-01-01 18:26:00,0.0053,0.0,0.2453,0.7007,0.0,0.0,6232900.8274,0.0
node-013,2024-01-01 18:26:00,0.0,0.0,1.1743,0.0,1414.5809,0.0,26440.4527,0.0
node-014,2024-01-01 18:26:00,0.0,0.0,0.0,0.0,109.303,0.0017,49222.6864,1.6877
node-015,2024-01-01 18:26:00,0.0063,5416972.4585,0.0,0.0109,116346.4749,0.0758,0.0,10.4164
node-016,2024-01-01 18:26:00,0.0,7891724.2026,9.5258,0.7085,110489.5178,0.0,6180464.7445,0.7813
node-017,2024-01-01 18:26:00,0.0043,8924618.957,0.6499,0.6064,127987.0997,0.0,6077417.6906,0.0
node-018,2024-01-01 18:26:00,0.0,0.0,0.1266,0.0022,668.568,0.0,23224.7341,0.0
node-019,2024-01-01 18:26:00,0.0113,8325621.6116,0.0,0.7058,136746.5582,0.0642,6239578.6615,0.0
node-020,2024-01-01 18:26:00,0.0,212577.658,0.7531,0.0051,664.6436,0.0,92588.9541,0.0
node-021,2024-01-01 18:26:00,0.0038,363551.1497,0.0,1.2614,0.0,0.0,6179014.1102,1.8731
node-022,2024-01-01 18:26:00,0.0,362144.44,0.0,0.9019,127.8495,0.0189,6089458.0895,8.1687
node-023,2024-01-01 18:26:00,0.0,0.0,0.0,0.0,140222.4598,0.0,5374.2321,0.3125
node-024,2024-01-01 18:26:00,0.0,7453084.3765,0.0,0.0103,120283.8923,0.0,0.0,7.2485
node-025,2024-01-01 18:26:00,0.0085,75608.644,0.0,0.0,888.805,0.0216,36377.7041,0.0
node-026,2024-01-01 18:26:00,0.0,0.0,0.3013,0.0027,2495.3707,0.0,53154.7218,0.0
node-027,2024-01-01 18:26:00,0.0031,16038.101,5.5984,0.887,102298.8202,0.0743,6118031.4154,0.0
node-028,2024-01-01 18:26:00,0.0,8527232.2194,5.0002,0.5934,117517.6247,0.0,6251589.5485,4.4906
node-029,2024-01-01 18:26:00,0.0013,0.0,0.0,0.0094,579.5608,0.0169,12497.8478,0.0
node-030,2024-01-01 18:26:00,0.0,7608405.5188,0.0,0.4086,141767.615,0.079,6179827.3692,0.0
node-031,2024-01-01 18:26:00,0.0,264836.3767,0.9389,0.9112,0.0,0.0,60530.1658,0.0
node-032,2024-01-01 18:26:00,0.0,0.0,0.4589,0.0,0.0,0.1531,14843.0864,0.0
node-033,2024-01-01 18:26:00,0.0,0.0,0.0,0.0128,1651.6175,0.0327,62886.8829,0.0
node-034,2024-01-01 18:26:00,0.015,5394323.6221,0.0,0.0082,113961.0974,0.0,70704.7916,3.6576
node-035,2024-01-01 18:26:00,0.0203,9024359.6842,0.3361,0.0,102754.0477,0.0352,47982.0861,3.563
node-036,2024-01-01 18:26:00,0.0147,0.0,0.5988,0.0,113279.147,0.0167,0.0,3.8302
node-037,2024-01-01 18:26:00,0.0,55655.3859,0.0,0.0232,0.0,0.0,9847.3153,0.0
node-038,2024-01-01 18:26:00,0.0,7332338.5577,3.1611,0.6116,127953.9763,0.0338,6173467.2368,0.0
node-039,2024-01-01 18:26:00,0.0,8688655.3066,0.0,0.0071,133194.0695,0.0,0.0,0.0
node-040,2024-01-01 18:26:00,0.0148,5921343.069,0.0,0.0975,152304.3381,0.1066,6178793.1797,7.4032
node-041,2024-01-01 18:26:00,0.0,7965730.3662,5.0445,0.8046,115103.2426,0.0234,6216103.903,0.0
node-042,2024-01-01 18:26:00,0.032,8048370.1416,10.5635,0.396,114483.4813,0.0,6111662.5641,0.0
node-043,2024-01-01 18:26:00,0.0,332797.6706,0.0,0.0123,521.3221,0.0,5184.1558,8.7449
node-044,2024-01-01 18:26:00,0.0181,521961.4895,0.0,0.0,1441.4728,0.0199,6219343.726,1.6681
node-045,2024-01-01 18:26:00,0.0059,0.0,0.0,0.0016,0.0,0.0807,0.0,0.0
node-046,2024-01-01 18:26:00,0.0096,0.0,0.0006,1.5307,780.5927,0.0,6138286.0212,4.1525
node-047,2024-01-01 18:26:00,0.0,0.0,0.3129,0.5693,1287.2952,0.066,6102545.8339,0.8874
node-048,2024-01-01 18:26:00,0.0,0.0,0.0,0.0,105078.0291,0.0,6223747.1873,2.3383
node-049,2024-01-01 18:26:00,0.0,114221.4267,0.0,0.0942,263.5323,0.0,6238884.4483,0.0
node-050,2024-01-01 18:26:00,0.0,110058.702,0.0,0.0,127516.0918,0.0903,6205108.2981,2.7344
node-051,2024-01-01 18:26:00,0.006,503384.9191,0.0312,0.0044,0.0,0.0,32861.0107,0.7295
node-052,2024-01-01 18:26:00,0.0268,51711.2629,0.4331,0.011,812.6658,0.0074,0.0,4.6716
node-053,2024-01-01 18:26:00,0.0,223262.8881,0.0,0.0096,108459.5755,0.0627,34500.173,5.8605
node-054,2024-01-01 18:26:00,0.0285,160282.4334,0.0,0.0,0.0,0.0,0.0,0.0
node-055,2024-01-01 18:26:00,0.0,7779177.559,0.0,0.0,128207.7361,0.0,39094.8836,0.0
node-056,2024-01-01 18:26:00,0.0,259148.2833,0.4301,0.0,0.0,0.1042,6212536.4412,0.0
node-057,2024-01-01 18:26:00,0.0116,110820.7493,0.0,0.0,94820.3639,0.0265,0.0,3.9423
node-058,2024-01-01 18:26:00,0.0045,4710.0422,0.2035,0.0,365.9837,0.0,0.0,1.4267
node-059,2024-01-01 18:26:00,0.0,8802470.2045,0.0,0.0149,124002.5396,0.0848,14129.5474,0.0
node-060,2024-01-01 18:26:00,0.0152,0.0,3.6927,0.0118,0.0,0.0,6265619.3091,0.0
node-061,2024-01-01 18:26:00,0.0236,0.0,0.8001,0.0095,252.7268,0.0,6286425.7538,0.0
node-062,2024-01-01 18:26:00,0.0027,8010990.4152,0.0755,0.0144,118759.2226,0.1516,13977.9535,0.0
node-063,2024-01-01 18:26:00,0.0,0.0,0.0,0.0,218.8272,0.0,0.0,1.0362
node-064,2024-01-01 18:26:00,0.0,0.0,0.4448,0.0261,985.2426,0.0407,0.0,0.0
node-065,2024-01-01 18:26:00,0.0048,7644177.9113,0.0,0.0,130819.5151,0.051,0.0,0.0
node-066,2024-01-01 18:26:00,0.011,8228024.5466,7.9487,1.3031,132816.2491,0.0,6142337.6132,0.0
node-067,2024-01-01 18:26:00,0.0048,183173.4306,0.0,0.0059,1572.1804,0.0,20586.5467,3.7221
node-068,2024-01-01 18:26:00,0.0,8370988.5259,0.2305,0.0,147891.0398,0.0,60459.6064,0.0
node-069,2024-01-01 18:26:00,0.0,42640.8072,13.3807,0.6124,0.0,0.0,6236648.2719,1.108
node-070,2024-01-01 18:26:00,0.0,7897775.1598,0.0,0.7171,104970.8259,0.0088,6263403.5974,0.0
node-071,2024-01-01 18:26:00,0.0025,0.0,0.0,0.7132,0.0,0.0,6332350.3709,2.3462
node-072,2024-01-01 18:26:00,0.0076,0.0,0.0,0.0079,619.7613,0.0,0.0,1.3343
node-073,2024-01-01 18:26:00,0.0137,0.0,0.0,0.0,0.0,0.0,6087672.9206,3.1405
node-074,2024-01-01 18:26:00,0.0022,52629.0159,10.8307,0.4938,0.0,0.0,6468194.9909,9.4044
node-075,2024-01-01 18:26:00,0.0,9279999.5641,7.656,0.4982,110523.3954,0.0,6285940.7733,4.5359
node-076,2024-01-01 18:26:00,0.0072,6292699.1551,0.0,0.0,121355.8598,0.0,0.0,0.0
node-077,2024-01-01 18:26:00,0.0027,7485842.8495,4.8104,0.6938,104864.3687,0.0,6232814.5979,0.0
node-078,2024-01-01 18:26:00,0.0007,8421212.8828,8.1683,0.8173,117097.004,0.012,6123450.8807,0.0
node-079,2024-01-01 18:26:00,0.001,8039563.8961,1.638,0.713,136158.7698,0.0191,6014094.7942,0.0
node-080,2024-01-01 18:26:00,0.0182,286292.6382,0.0,0.0028,38.8991,0.0,6133287.7317,2.0564
node-081,2024-01-01 18:26:00,0.0,151669.7372,0.0,0.0,0.0,0.0637,71193.5208,0.0
node-082,2024-01-01 18:26:00,0.0103,217868.8315,0.008,0.0,117821.8105,0.0042,10887.306,0.0
node-083,2024-01-01 18:26:00,0.0,246781.2619,1.0697,0.0011,117411.8417,0.025,0.0,0.0
node-084,2024-01-01 18:26:00,0.0072,0.0,0.5957,0.0,0.0,0.0,9332.9255,0.0
node-085,2024-01-01 18:26:00,0.0073,8029294.2213,5.0423,0.7215,153011.5528,0.0,6083970.8495,0.0
node-086,2024-01-01 18:26:00,0.0114,7997993.8744,6.0002,0.8985,170581.0922,0.0396,6077598.1605,1.2009
node-087,2024-01-01 18:26:00,0.0,316645.7514,0.0,0.0,0.0,0.0043,6219675.5314,0.0
node-088,2024-01-01 18:26:00,0.0,188675.6262,0.0,0.0231,222.3135,0.0325,0.0,0.0
node-089,2024-01-01 18:26:00,0.0,0.0,0.3969,0.0,111110.7929,0.0,78375.6319,0.0
node-090,2024-01-01 18:26:00,0.0028,0.0,0.6114,0.0,0.0,0.0,0.0,6.4448
node-091,2024-01-01 18:26:00,0.0,0.0,0.0521,0.014,0.0,0.0,0.0,17.0379
node-092,2024-01-01 18:26:00,0.0,0.0,0.724,0.0,452.5512,0.0,21628.8309,2.7134
node-093,2024-01-01 18:26:00,0.0,78104.1824,0.0,0.0087,4.0161,0.0,30114.8475,7.4278
node-094,2024-01-01 18:26:00,0.0266,8531890.4543,0.0,1.1001,120259.0447,0.0,6128073.2368,0.0
node-095,2024-01-01 18:26:00,0.0015,0.0,14.2575,0.8168,0.0,0.0,6070241.7266,0.0
node-096,2024-01-01 18:26:00,0.0146,0.0,0.8341,0.0046,0.0,0.1371,44467.8884,0.0
node-097,2024-01-01 18:26:00,0.0,7356981.2066,0.0,0.7645,113003.6983,0.0446,6123256.1178,0.0
node-098,2024-01-01 18:26:00,0.0,0.0,0.3365,0.0,0.0,0.1201,0.0,0.0
node-099,2024-01-01 18:26:00,0.0065,0.0,10.8995,0.7796,1082.4475,0.0161,6238061.6448,4.3989
node-100,2024-01-01 18:26:00,0.0,265484.0409,0.0,0.0152,0.0,0.0752,78188.7478,0.0
node-101,2024-01-01 18:26:00,0.0054,0.0,0.0,0.0,1193.4951,0.0,40384.0499,0.0
node-102,2024-01-01 18:26:00,0.0,0.0,0.0,0.018,118506.7303,0.0,6256688.112,0.0
node-103,2024-01-01 18:26:00,0.0,0.0,0.8208,0.0169,0.0,0.0151,76893.5466,0.0
node-104,2024-01-01 18:26:00,0.0,7769031.1127,0.0,0.0144,107882.6414,0.0371,0.0,11.9185
node-105,2024-01-01 18:26:00,0.0,96083.397,0.5376,0.014,471.268,0.0,13532.3395,5.6413
node-106,2024-01-01 18:26:00,0.0,0.0,0.8674,0.0145,122240.8751,0.0757,6067626.0991,5.7103
node-107,2024-01-01 18:26:00,0.0153,0.0,0.2984,0.0062,0.0,0.0509,23956.6796,0.0
node-108,2024-01-01 18:26:00,0.0046,73423.1929,0.0,0.0096,1307.4866,0.0,0.0,4.569
node-109,2024-01-01 18:26:00,0.0002,1404.0391,0.0936,0.0,123268.1601,0.0641,56457.008,3.589
node-110,2024-01-01 18:26:00,0.0116,0.0,0.9555,0.0,488.6982,0.0,0.0,5.8398
node-111,2024-01-01 18:26:00,0.0,0.0,0.6803,0.0171,0.0,0.0649,6144297.081,5.1113
node-112,2024-01-01 18:26:00,0.0118,0.0,0.5576,0.0,0.0,0.1373,8895.2912,0.0
node-113,2024-01-01 18:26:00,0.0127,8415585.5893,0.7249,0.6994,105363.0846,0.0277,6156108.4589,0.0
node-114,2024-01-01 18:26:00,0.0053,0.0,0.0,0.0,0.0,0.045,57895.993,0.0
node-115,2024-01-01 18:26:00,0.0104,0.0,0.0,0.0032,0.0,0.0307,0.0,4.2734
node-116,2024-01-01 18:26:00,0.005,0.0,8.9752,0.0,0.0,0.0027,6222157.4426,1.6826
node-117,2024-01-01 18:26:00,0.0,0.0,0.1212,0.0174,0.0,0.0655,0.0,3.5583
node-118,2024-01-01 18:26:00,0.0019,0.0,0.3208,0.0,0.0,0.0,0.0,0.7537
node-119,2024-01-01 18:26:00,0.0,0.0,0.3299,0.6995,0.0,0.0,6163239.8672,10.7666
node-000,2024-01-01 18:27:00,0.1041,0.0,0.0,1.7744,164.7524,14.0994,6189354.9847,941.4203
node-001,2024-01-01 18:27:00,0.0,12668.4672,0.0,0.6783,0.0,0.1341,6252445.1976,0.0
node-002,2024-01-01 18:27:00,0.0,0.0,0.0,0.8257,53.8951,0.0,6277437.5768,0.0
node-003,2024-01-01 18:27:00,0.1171,9300361.8016,6.2394,0.4033,127660.9164,10.0275,5963078.8693,926.0642
node-004,2024-01-01 18:27:00,0.1102,8233299.1537,0.0,0.7982,129606.5789,6.9924,6284917.7559,934.2986
node-005,2024-01-01 18:27:00,0.0274,0.0,0.382,0.6827,114717.0107,0.0,6098364.688,954.5194
node-006,2024-01-01 18:27:00,0.0,312366.9484,10.3049,0.0975,1610.009,0.0219,6124078.8362,894.521
node-007,2024-01-01 18:27:00,0.0,0.0,6.4562,0.6047,372.2434,0.0,6058662.9404,938.1308
node-008,2024-01-01 18:27:00,0.105,8038040.6461,12.7728,0.5217,186.2725,4.0387,6136312.4683,922.8246
node-009,2024-01-01 18:27:00,0.0,253392.3914,3.493,0.811,0.0,0.0536,6204016.1552,2.5814
node-010,2024-01-01 18:27:00,0.1014,8625305.9786,0.5603,1.1986,118339.9542,16.9805,6361433.1733,961.59
node-011,2024-01-01 18:27:00,0.5123,0.0,8.0518,0.5954,0.0,3.0629,6218428.8412,937.5558
node-012,2024-01-01 18:27:00,0.1197,0.0,0.0,0.596,0.0,0.0468,6177854.7443,914.0121
node-013,2024-01-01 18:27:00,0.0965,0.0,0.0,0.9094,0.0,0.0,36428.142,949.1147
node-014,2024-01-01 18:27:00,0.105,0.0,0.9295,0.6964,0.0,5.0297,6178213.3966,914.9045
node-015,2024-01-01 18:27:00,0.0,230380.7117,0.0,0.1816,100336.6179,0.0,6290243.8126,904.4776
node-016,2024-01-01 18:27:00,0.0,0.0,7.4409,0.535,101149.7332,0.0,5921750.65,942.4885
node-017,2024-01-01 18:27:00,0.0,9206879.503,0.7778,0.534,162357.1963,0.0147,6200122.732,943.605
node-018,2024-01-01 18:27:00,0.0,0.0,8.1197,1.2806,410.5563,0.0,6254801.0062,945.7196
node-019,2024-01-01 18:27:00,0.0183,8224140.4551,0.0,0.8312,133444.1184,0.0,6024024.2091,0.0
node-020,2024-01-01 18:27:00,0.0893,8048430.6934,0.0,0.6847,0.0,11.0104,6254061.189,961.4457
node-021,2024-01-01 18:27:00,0.0,0.0,0.0,1.2297,394.6413,0.0716,6195023.9944,0.0
node-022,2024-01-01 18:27:00,0.0064,216791.2765,0.0,0.9111,859.2731,0.0713,6158733.5688,934.372
node-023,2024-01-01 18:27:00,0.0,0.0,6.5691,0.5951,116890.4064,0.0,6172708.3191,8.5092
node-024,2024-01-01 18:27:00,0.0,0.0,5.6119,0.5085,121172.4164,0.0,6209089.1396,937.9671
node-025,2024-01-01 18:27:00,0.0,0.0,0.4,0.8176,976.317,0.0483,6211575.4361,930.5653
node-026,2024-01-01 18:27:00,0.0,3478.0008,0.0,0.089,0.0,2.0667,6372544.0162,895.9294
node-027,2024-01-01 18:27:00,0.0,64787.2676,5.7326,0.7047,199.2957,0.0,6114560.733,0.0
node-028,2024-01-01 18:27:00,0.008,192972.0839,4.8237,0.6281,113917.9398,0.1258,6076080.7983,922.4271
node-029,2024-01-01 18:27:00,0.2768,0.0,9.3608,0.7611,131.0051,6.0145,6207266.7992,916.6897
node-030,2024-01-01 18:27:00,0.025,135317.8911,0.0946,0.6169,125353.422,0.0,6163037.4096,942.5685
node-031,2024-01-01 18:27:00,0.0001,166050.0482,0.0384,0.183,1017.445,0.0,62378.0528,3.2777
node-032,2024-01-01 18:27:00,0.0829,0.0,10.7442,1.0865,1624.4102,6.9846,6144899.4801,930.2564
node-033,2024-01-01 18:27:00,0.42,0.0,3.6616,0.9109,0.0,7.9362,6265044.741,944.5727
node-034,2024-01-01 18:27:00,0.0,0.0,0.0,0.1192,0.0,0.0,6214267.3754,872.0775
node-035,2024-01-01 18:27:00,0.0,237848.5297,0.0,0.5967,103640.3277,0.0892,6215760.5559,932.7149
node-036,2024-01-01 18:27:00,0.0,0.0,0.0,0.7085,0.0,0.1299,6275399.2578,17.0078
node-037,2024-01-01 18:27:00,0.0,71206.6945,11.8716,0.788,0.0,0.0663,6162996.3008,936.1901
node-038,2024-01-01 18:27:00,0.0357,0.0,4.0175,0.4839,118746.8448,0.0149,6125467.2258,941.9398
node-039,2024-01-01 18:27:00,0.0034,0.0,8.1928,0.7012,0.0,0.0,6184976.2283,920.9353
node-040,2024-01-01 18:27:00,0.0183,66646.0913,0.0,0.0916,0.0,0.0,6172378.6712,887.2047
node-041,2024-01-01 18:27:00,0.0,354341.5787,5.6656,0.5113,113501.3551,0.0,6108724.4336,936.6263
node-042,2024-01-01 18:27:00,0.0128,329758.5697,11.1723,0.5016,130199.3499,0.0,6145622.7066,890.7397
node-043,2024-01-01 18:27:00,0.0,42597.6029,0.3478,0.5673,0.0,0.0013,6216284.755,935.6873
node-044,2024-01-01 18:27:00,0.0,0.0,11.0107,0.6164,30.3287,0.0454,6075103.7741,950.8914
node-045,2024-01-01 18:27:00,0.0,0.0,0.711,0.72,0.0,0.1261,6236948.4878,939.7403
node-046,2024-01-01 18:27:00,0.9109,75418.69,0.0,0.87,178.2044,10.0591,6230016.3599,938.7956
node-047,2024-01-01 18:27:00,0.0098,0.0,0.0,0.6157,0.0,0.0109,6212040.6307,951.8159
node-048,2024-01-01 18:27:00,0.0112,0.0,2.2979,0.5344,130548.4892,0.0,6135093.52,933.1351
node-049,2024-01-01 18:27:00,0.0,405726.3684,0.8952,0.0671,1208.6265,0.0,6068909.7552,894.5766
node-050,2024-01-01 18:27:00,0.0,269867.6974,0.1433,0.0837,1528.5792,0.106,6156974.5819,875.2554
node-051,2024-01-01 18:27:00,0.1332,397940.1211,11.3562,1.4869,644.2486,9.9248,6243990.1889,946.3519
node-052,2024-01-01 18:27:00,0.0036,0.0,1.3088,0.6062,69.2128,0.0607,6229339.9679,921.8881
node-053,2024-01-01 18:27:00,0.0593,0.0,0.558,0.9764,132712.3343,10.9276,6154174.9463,936.9943
node-054,2024-01-01 18:27:00,0.0876,7896811.4071,0.0,0.9288,0.0,5.9981,6276399.5702,944.2758
node-055,2024-01-01 18:27:00,0.0224,8284813.8285,1.3276,0.901,113545.8557,0.0295,6200512.0457,935.1515
node-056,2024-01-01 18:27:00,0.0,0.0,4.7798,1.3025,627.4801,0.0823,6120073.9885,940.9749
node-057,2024-01-01 18:27:00,0.2091,84463.7107,7.0697,1.1186,1405.0168,6.0178,6185521.5311,927.2989
node-058,2024-01-01 18:27:00,0.4046,0.0,0.0,0.9193,1100.8844,0.0,6118315.8427,947.1016
node-059,2024-01-01 18:27:00,0.0,0.0,10.0438,0.4938,131689.3041,0.0,6255859.3326,939.6351
node-060,2024-01-01 18:27:00,0.4032,0.0,3.9211,0.521,497.3431,0.0769,6142477.3371,950.8237
node-061,2024-01-01 18:27:00,0.0862,0.0,1.0963,0.71,21.6394,9.0516,5940690.2105,952.4892
node-062,2024-01-01 18:27:00,0.0088,0.0,12.4013,1.1014,0.0,0.0262,6380898.7009,922.1479
node-063,2024-01-01 18:27:00,0.0,0.0,15.4998,0.6844,0.0,0.0,6257238.1708,931.8781
node-064,2024-01-01 18:27:00,0.0871,8124029.1433,7.9723,0.802,125988.1435,8.0541,6228522.0421,954.7821
node-065,2024-01-01 18:27:00,0.0,237833.31,0.1914,0.9949,134945.8631,0.0,6269950.707,958.9807
node-066,2024-01-01 18:27:00,0.0028,0.0,8.6965,0.8011,135359.2898,0.0368,6137208.2273,933.087
node-067,2024-01-01 18:27:00,0.0991,7421936.4703,0.0,0.7849,132666.7588,8.0806,6376951.0544,961.1273
node-068,2024-01-01 18:27:00,0.0124,0.0,10.2466,0.7886,167177.7821,0.0,6143913.8487,935.4738
node-069,2024-01-01 18:27:00,0.0035,113947.8434,14.9252,0.6037,565.6086,0.0,6308311.0969,940.7415
node-070,2024-01-01 18:27:00,0.0,0.0,0.8728,0.8013,106548.4035,0.0,5832979.7601,0.0
node-071,2024-01-01 18:27:00,0.0,177606.1385,1.3163,0.6994,0.0,0.0,6081073.9626,943.454
node-072,2024-01-01 18:27:00,0.0,101777914.6087,0.4504,0.1147,645.3152,1.9937,6029320.0505,863.3497
node-073,2024-01-01 18:27:00,0.0013,186592.7251,0.553,0.4444,0.0,0.0,6124148.6168,940.9144
node-074,2024-01-01 18:27:00,0.0,0.0,12.0078,0.5912,551.3465,0.0,6188121.5664,2.7491
node-075,2024-01-01 18:27:00,0.0059,53775.9501,7.508,0.5032,158.6763,0.0888,6081421.9732,928.2101
node-076,2024-01-01 18:27:00,0.006,0.0,1.5376,0.0821,73732.638,0.0113,6210936.9735,0.0
node-077,2024-01-01 18:27:00,0.0,0.0,4.2156,0.6709,112274.1556,0.0,6060054.3046,1.3601
node-078,2024-01-01 18:27:00,0.0,8061371.5006,8.2264,0.5824,121792.3667,0.0,6164578.4347,929.0509
node-079,2024-01-01 18:27:00,0.0026,0.0,0.3426,0.6959,57.2632,0.0619,6210074.6572,955.657
node-080,2024-01-01 18:27:00,0.1158,217172.3246,0.0,1.2943,0.0,8.0531,6286200.137,928.3974
node-081,2024-01-01 18:27:00,0.0221,0.0,0.8727,0.6974,960.8778,0.0223,6347047.4327,957.8095
node-082,2024-01-01 18:27:00,0.0062,0.0,0.0,0.1804,1830.0514,0.0,6402561.86,894.4404
node-083,2024-01-01 18:27:00,0.0053,156817.2172,0.7646,0.612,113728.6091,0.0,6256857.5308,940.6461
node-084,2024-01-01 18:27:00,0.0193,445051.2662,13.6443,0.6195,0.0,0.0868,6198325.5236,0.0
node-085,2024-01-01 18:27:00,0.0123,0.0,5.9251,0.6892,114019.0406,0.0104,6167368.157,950.5075
node-086,2024-01-01 18:27:00,0.0018,0.0,7.9273,0.5882,0.0,0.0,6278179.6885,936.4645
node-087,2024-01-01 18:27:00,0.0,0.0,0.0,0.9792,422.7788,0.1024,6167687.3108,950.9483
node-088,2024-01-01 18:27:00,0.0034,0.0,0.0,0.6923,500.8897,0.0,6128165.334,947.8166
node-089,2024-01-01 18:27:00,0.0978,0.0,0.0,1.2012,158.2419,9.9922,6245279.9609,936.8864
node-090,2024-01-01 18:27:00,0.0883,0.0,0.0646,0.5326,0.0,0.0187,6373630.9871,954.7794
node-091,2024-01-01 18:27:00,0.1858,0.0,13.285,0.7864,938.2092,0.0,6254409.307,930.1642
node-092,2024-01-01 18:27:00,0.0942,95419.5421,0.0,0.4891,612.644,4.9941,6153858.568,948.7477
node-093,2024-01-01 18:27:00,0.0992,0.0,6.817,0.7212,803.4591,3.1146,6142502.2967,915.8591
node-094,2024-01-01 18:27:00,0.0,418925.9341,0.0509,0.7139,783.8319,0.0033,6027806.9676,947.8375
node-095,2024-01-01 18:27:00,0.0187,212105.7661,13.8643,0.7983,0.0,0.0931,6238909.3159,946.8837
node-096,2024-01-01 18:27:00,0.0,0.0,0.0,6.4872,0.0,0.0282,6277481.6575,937.479
node-097,2024-01-01 18:27:00,0.0279,0.0,0.696,0.6807,114379.3341,0.0,6320375.1721,928.9682
node-098,2024-01-01 18:27:00,0.599,0.0,7.0313,0.804,0.0,9.0834,6223912.8778,937.7364
node-099,2024-01-01 18:27:00,0.0076,0.0,12.1917,0.8141,0.0,0.0,6086816.1613,946.0233
node-100,2024-01-01 18:27:00,0.2031,0.0,0.0,0.8149,0.0,0.0475,6123332.8571,914.2668
node-101,2024-01-01 18:27:00,0.0091,0.0,0.0,0.1006,0.0,0.013,6265100.6177,883.6435
node-102,2024-01-01 18:27:00,0.0,0.0,0.0,0.9358,117452.1372,0.0,6198055.8933,7.7204
node-103,2024-01-01 18:27:00,0.1853,255988.8074,0.0,0.6089,2115.0416,7.9261,6315956.2214,939.9415
node-104,2024-01-01 18:27:00,0.0215,0.0,0.4886,1.1052,130752.8166,0.1389,6233036.9135,938.664
node-105,2024-01-01 18:27:00,0.1867,386937.6972,7.9119,0.8178,0.0,0.0,6233502.597,938.9698
node-106,2024-01-01 18:27:00,0.0,239120.102,0.0683,0.1952,0.0,0.0051,6328097.7774,874.0089
node-107,2024-01-01 18:27:00,0.1075,0.0,0.6337,0.7063,0.0,9.1083,6156734.8969,953.1671
node-108,2024-01-01 18:27:00,0.0,77724.9482,0.0,0.6913,80.689,0.0,6169128.0485,931.515
node-109,2024-01-01 18:27:00,0.0149,580642.1666,0.0,0.6999,37.3346,0.0497,6215563.7445,941.568
node-110,2024-01-01 18:27:00,0.0062,0.0,3.4962,0.6737,518.6116,0.0,6233766.8695,911.1515
node-111,2024-01-01 18:27:00,0.0786,49261.8176,0.1246,0.8399,0.0,5.8682,6061132.3697,959.0394
node-112,2024-01-01 18:27:00,0.0,0.0,10.5555,1.0162,188.7715,0.0729,6180464.7032,883.8789
node-113,2024-01-01 18:27:00,0.0,184087.9995,0.1448,0.7009,97578.0844,0.0,6292467.5078,948.9471
node-114,2024-01-01 18:27:00,0.2026,0.0,14.6581,0.8056,864.4025,0.0,6254731.4296,925.7386
node-115,2024-01-01 18:27:00,0.1092,7882773.926,0.0,0.8042,115801.8082,8.9567,6218696.9932,929.9899
node-116,2024-01-01 18:27:00,0.2007,8408659.8912,9.0601,0.9213,116613.7416,4.1093,6067317.0151,932.1628
node-117,2024-01-01 18:27:00,0.1097,0.0,0.8074,0.7943,0.0,13.8486,6248592.2306,964.3151
node-118,2024-01-01 18:27:00,0.0047,0.0,7.0145,0.701,631.4474,0.0571,6207128.2604,948.1091
node-119,2024-01-01 18:27:00,0.0,83249.8157,0.0,0.5015,0.0,0.0,6004764.4422,905.7173
node-000,2024-01-01 18:28:00,0.0902,229281.7163,0.2767,0.7225,1288.8685,6.9978,6131810.0988,917.0132
node-001,2024-01-01 18:28:00,0.0858,172500.126,0.0,0.6132,0.0,0.0663,6093487.6485,933.1016
node-002,2024-01-01 18:28:00,2.0916,327808.5906,0.0,0.912,0.0,6.0457,6189412.288,941.1887
node-003,2024-01-01 18:28:00,0.0868,9449986.1471,5.508,0.6024,121531.6086,10.1181,6235967.7936,905.3602
node-004,2024-01-01 18:28:00,0.4401,8608678.3115,0.0,0.7343,102346.2404,6.9019,5914173.0049,896.2255
node-005,2024-01-01 18:28:00,0.0599,0.0,0.0,0.7107,0.0,4.9423,6321459.9435,942.8646
node-006,2024-01-01 18:28:00,0.0875,6256129.5275,9.9314,0.1077,127322.6445,3.9668,6013438.6843,853.5774
node-007,2024-01-01 18:28:00,0.0956,22677.6247,7.6098,0.6062,0.0,6.9437,6146148.367,903.2279
node-008,2024-01-01 18:28:00,0.0032,8289476.0724,12.4517,0.5938,118799.2005,6.642,6069540.1888,920.8265
node-009,2024-01-01 18:28:00,0.4837,117354.2503,3.0378,0.9412,479.4734,6.9954,6112749.1762,919.8496
node-010,2024-01-01 18:28:00,0.0944,7926327.9944,0.2302,1.1665,118170.3475,17.0335,6156428.5918,929.2709
node-011,2024-01-01 18:28:00,2.7871,7593918.2543,7.9245,0.6677,117981.4996,3.0506,6101690.406,910.288
node-012,2024-01-01 18:28:00,0.0921,7723824.2161,0.9766,0.622,111644.9964,6.8276,6186988.1577,924.8241
node-013,2024-01-01 18:28:00,1.0655,8074573.8039,0.463,0.7752,384.3806,0.0,0.0,930.1407
node-014,2024-01-01 18:28:00,0.1839,9556592.5251,0.2583,0.5724,115180.8135,5.915,6096965.155,895.2752
node-015,2024-01-01 18:28:00,0.0,0.0,0.7601,0.2013,97323.489,0.0,5597094.8915,790.5128
node-016,2024-01-01 18:28:00,0.1081,0.0,8.6297,0.6823,3.4012,0.0082,6217474.6715,908.4276
node-017,2024-01-01 18:28:00,0.1153,126195.3808,0.74,0.6047,148381.6692,0.0,6163185.9198,887.749
node-018,2024-01-01 18:28:00,0.0872,8319435.0845,9.2356,0.805,136055.7971,8.9526,6257368.8118,925.5152
node-019,2024-01-01 18:28:00,0.0282,0.0,0.0,0.6799,0.0,0.0563,6186797.012,922.3759
node-020,2024-01-01 18:28:00,0.1105,8262128.3239,0.2215,0.8239,146085.7208,4.9064,6048384.9427,896.9467
node-021,2024-01-01 18:28:00,0.0124,8354001.9741,0.9844,1.1672,123190.3986,7.7459,6108598.0932,921.8056
node-022,2024-01-01 18:28:00,0.0669,8409336.9109,0.0,0.7757,1006.7154,8.0263,6080582.8671,925.9468
node-023,2024-01-01 18:28:00,0.0998,21974.1627,7.0671,0.5993,0.0,8.0589,6213593.29,946.8703
node-024,2024-01-01 18:28:00,0.2229,63656.4886,5.5727,0.6015,0.0,5.0158,6235634.4923,934.9611
node-025,2024-01-01 18:28:00,0.0304,9502066.4452,1.0271,0.6938,135955.226,13.06,6121663.3344,915.8924
node-026,2024-01-01 18:28:00,0.9999,6151673.6904,0.4992,0.1041,79548.1833,1.8988,6021784.1966,847.838
node-027,2024-01-01 18:28:00,0.0847,8754738.5138,6.2319,0.7878,0.0,6.1466,6096041.9216,924.4298
node-028,2024-01-01 18:28:00,0.0914,100161.4585,4.7367,0.6112,487.4908,11.1026,6170904.7793,916.5821
node-029,2024-01-01 18:28:00,0.1568,0.0,10.2361,0.8499,0.0,10.4606,6130435.3896,896.1183
node-030,2024-01-01 18:28:00,0.0,76345.396,0.0,0.6614,153975.3362,0.0,6100682.4168,913.0379
node-031,2024-01-01 18:28:00,0.0033,28763372.4567,0.0,0.0058,0.0,0.0,31961.2892,7.8506
node-032,2024-01-01 18:28:00,0.7987,7380740.1076,10.8423,0.6044,134735.5102,14.7665,6235364.1429,923.3622
node-033,2024-01-01 18:28:00,0.2351,7677327.736,3.8039,0.7256,99093.9355,6.248,6210201.6383,940.2575
node-034,2024-01-01 18:28:00,0.0747,233916.3992,0.0,0.1079,0.0,1.0108,5993863.5726,841.4722
node-035,2024-01-01 18:28:00,0.2074,63167.8785,0.0055,0.5147,0.0,6.0901,6149181.0395,898.5819
node-036,2024-01-01 18:28:00,0.1109,138174.9512,0.6164,0.6906,0.0,7.0004,6060878.7633,948.6958
node-037,2024-01-01 18:28:00,0.2431,8637841.2262,12.4961,0.6837,1075.3393,2.8907,6169830.4626,924.0293
node-038,2024-01-01 18:28:00,0.0756,0.0,2.6724,0.601,220.6622,0.0344,6072735.0819,916.8487
node-039,2024-01-01 18:28:00,0.0876,0.0,8.8114,0.7033,1385.766,6.1328,6299271.6446,913.071
node-040,2024-01-01 18:28:00,0.0,0.0,0.0,0.2021,0.0,0.0,6023600.0535,849.9008
node-041,2024-01-01 18:28:00,0.0981,249067.1744,5.9291,0.8549,307.2753,0.0771,6153158.9665,898.7451
node-042,2024-01-01 18:28:00,0.5957,19736.26,11.23,0.5202,130288.3927,5.8263,6161065.2834,904.8559
node-043,2024-01-01 18:28:00,0.1686,290659.9218,0.0,0.5814,1589.4405,6.0436,6000176.393,924.8717
node-044,2024-01-01 18:28:00,0.5928,0.0,10.1765,0.901,50.2563,13.906,6269737.9146,914.9062
node-045,2024-01-01 18:28:00,0.0977,0.0,0.6736,0.7025,0.0,8.1166,6072970.3652,937.2752
node-046,2024-01-01 18:28:00,1.8291,8287915.7835,0.0,0.4851,123027.3768,8.943,6155494.2037,924.0326
node-047,2024-01-01 18:28:00,0.1144,7641344.9473,0.0,0.4215,124505.362,9.0438,6103694.3578,931.4389
node-048,2024-01-01 18:28:00,0.0627,227379.6773,2.7476,0.5675,1330.3894,5.0666,6016551.3382,915.2885
node-049,2024-01-01 18:28:00,0.0254,5719201.9924,0.0,0.0917,120293.8461,0.906,6147774.0848,823.9701
node-050,2024-01-01 18:28:00,0.0024,6531.1851,0.0,0.0757,0.0,1.9642,6148910.0207,853.0854
node-051,2024-01-01 18:28:00,0.0943,7323876.5486,11.3633,1.3163,134714.3191,9.9534,6173574.7113,921.2327
node-052,2024-01-01 18:28:00,0.0797,8061623.6337,0.4183,0.5881,140354.1559,8.0744,6012383.7069,929.2946
node-053,2024-01-01 18:28:00,0.6398,8439832.1764,0.0,0.8501,0.0,15.2278,6173221.2897,926.0379
node-054,2024-01-01 18:28:00,0.2424,7558264.5623,0.0,0.7924,113012.3401,5.9208,6145972.9055,923.0563
node-055,2024-01-01 18:28:00,0.1072,30385.2981,0.0297,0.718,1822.4863,0.0437,6030239.211,889.3543
node-056,2024-01-01 18:28:00,0.19,8012394.2275,5.3375,0.6025,113390.1054,6.9355,6167246.4159,928.938
node-057,2024-01-01 18:28:00,0.1807,4995065.6429,5.0409,1.066,134.5024,8.6214,6203274.8273,919.8889
node-058,2024-01-01 18:28:00,0.2352,7763766.4341,0.1153,0.764,126989.0006,6.4157,6104662.1105,912.2847
node-059,2024-01-01 18:28:00,0.0927,0.0,10.6994,0.4833,1547.2954,8.055,5514363.4294,941.1082
node-060,2024-01-01 18:28:00,0.0836,159572.0799,4.6562,0.8,0.0,6.9614,6250524.7297,916.8054
node-061,2024-01-01 18:28:00,0.16,7905674.9297,0.35,0.726,115345.3911,9.0569,6153528.9156,898.2038
node-062,2024-01-01 18:28:00,0.1044,151518.518,10.8102,1.0989,806.3527,7.0752,5977343.4947,920.8109
node-063,2024-01-01 18:28:00,0.1043,8095150.5186,18.0608,0.6872,0.0,19.0606,6200647.5387,910.5135
node-064,2024-01-01 18:28:00,0.0976,7593891.7484,7.2236,0.8535,118558.7694,2.8611,5962742.9624,868.7737
node-065,2024-01-01 18:28:00,0.2998,0.0,0.0569,1.0869,116601.7295,6.0778,5986488.0197,910.7304
node-066,2024-01-01 18:28:00,0.1778,239353.4574,8.9501,0.7159,1563.4681,7.8705,6287757.8745,902.0315
node-067,2024-01-01 18:28:00,0.0966,7717285.9413,0.2093,0.7515,101549.4526,8.0976,6180777.2877,898.8696
node-068,2024-01-01 18:28:00,0.094,206045.849,11.74,0.8296,131363.8006,0.1012,6066211.1484,923.3571
node-069,2024-01-01 18:28:00,0.1023,8750822.9929,14.5231,0.8362,129288.8659,9.998,6144745.2933,954.3115
node-070,2024-01-01 18:28:00,0.0033,115263.0202,0.2913,0.6298,1440.1306,0.0,6222036.2937,949.4144
node-071,2024-01-01 18:28:00,0.0665,7929385.7079,0.3447,0.2845,0.0,3.9774,6201732.6214,916.0196
node-072,2024-01-01 18:28:00,0.0,102442385.0947,0.5944,0.0945,0.0,2.0034,6164234.4296,850.2552
node-073,2024-01-01 18:28:00,0.4175,8179274.996,0.5085,0.697,124423.1752,3.1116,6358404.4172,904.121
node-074,2024-01-01 18:28:00,0.0893,0.0,11.5321,0.6856,290.0184,0.0,6067371.729,881.4652
node-075,2024-01-01 18:28:00,0.1062,108184.1667,7.163,0.556,0.0,7.9432,6208444.6132,885.5858
node-076,2024-01-01 18:28:00,0.0187,0.0,0.0015,0.1153,114167.4044,2.1172,6178298.6179,890.885
node-077,2024-01-01 18:28:00,0.1096,0.0,4.6863,0.8419,0.0,9.9191,6237192.9808,947.4248
node-078,2024-01-01 18:28:00,0.235,0.0,7.5614,0.6188,115089.2647,6.9741,6152259.5482,921.6611
node-079,2024-01-01 18:28:00,0.0886,46463.9129,0.0,0.8405,1741.3206,10.0309,6209605.2474,914.2384
node-080,2024-01-01 18:28:00,0.1158,8073782.936,0.0,0.9091,139696.7515,6.3644,6043879.0444,940.574
node-081,2024-01-01 18:28:00,0.0356,275689.1486,0.0,0.4891,639.451,5.064,6132401.1282,922.5977
node-082,2024-01-01 18:28:00,0.0,5973885.9463,0.3566,0.0938,675.7818,3.0579,5990776.8667,829.9789
node-083,2024-01-01 18:28:00,0.1108,0.0,1.4028,0.6784,92.9682,8.9268,5885263.5912,940.6858
node-084,2024-01-01 18:28:00,1.0954,90716.7563,13.2787,0.6104,0.0,0.0,6162590.8258,931.5431
node-085,2024-01-01 18:28:00,0.008,330799.724,6.0017,0.689,554.2135,0.0,6230710.2164,921.6268
node-086,2024-01-01 18:28:00,0.0762,44013.4122,6.7096,0.5736,0.0,0.0159,6162921.6468,908.7171
node-087,2024-01-01 18:28:00,0.1048,55295.6271,0.0,0.7025,1013.4338,9.0984,6284426.3527,950.0031
node-088,2024-01-01 18:28:00,0.243,8107599.5127,0.7252,0.6976,0.0,4.0461,6159550.2512,920.939
node-089,2024-01-01 18:28:00,1.7966,262400.0952,0.0,1.203,0.0,5.7996,6033641.6676,893.6443
node-090,2024-01-01 18:28:00,0.1035,8687922.2062,0.0,0.5732,174001.5866,9.006,6046010.458,916.586
node-091,2024-01-01 18:28:00,0.2058,8804174.2654,12.409,0.8038,123836.8848,7.9159,6158624.3532,930.7966
node-092,2024-01-01 18:28:00,2.3233,9208199.2548,0.0,0.5048,0.0,2.3884,6046441.5627,906.2654
node-093,2024-01-01 18:28:00,0.1046,9099744.0096,6.5587,0.6805,0.0,8.2725,6084216.2492,916.9049
node-094,2024-01-01 18:28:00,0.4077,195271.9158,0.1279,0.8283,0.0,0.0,6229985.5952,919.2713
node-095,2024-01-01 18:28:00,0.0939,7423705.7361,14.3766,0.6991,127221.4053,7.0068,6163079.4485,911.4846
node-096,2024-01-01 18:28:00,0.2785,9307061.086,0.1753,1.1021,138299.3025,16.9841,6097606.4523,915.2757
node-097,2024-01-01 18:28:00,0.0486,32720.8144,0.7555,0.718,0.0,10.0422,6193095.3698,907.9869
node-098,2024-01-01 18:28:00,0.6112,8134707.7883,8.1512,0.6965,1417.7047,5.6076,6068913.0411,923.8243
node-099,2024-01-01 18:28:00,0.1037,7349289.2606,12.2848,0.8203,127290.0999,7.9782,6209053.4998,905.6358
node-100,2024-01-01 18:28:00,0.2071,7968706.7937,0.0,0.6648,0.0,6.074,6175002.782,876.651
node-101,2024-01-01 18:28:00,0.0,5280529.7222,0.0,0.1184,0.0,0.1072,6007541.9961,849.6037
node-102,2024-01-01 18:28:00,0.2915,0.0,0.5094,0.6127,1483.6135,8.9558,6346642.8308,941.2429
node-103,2024-01-01 18:28:00,0.4459,8202842.0797,0.0,0.5701,0.0,7.9893,6279439.3693,937.6457
node-104,2024-01-01 18:28:00,0.568,0.0,0.0,0.9089,812.1689,5.9933,6213982.077,910.9009
node-105,2024-01-01 18:28:00,0.0928,195364.59,8.4906,0.7961,238.2728,10.7172,6127390.5338,911.5966
node-106,2024-01-01 18:28:00,0.0327,0.0,0.5116,0.1843,795.6215,0.9531,5860305.2218,874.8704
node-107,2024-01-01 18:28:00,0.0937,7181662.5587,1.7715,0.7687,106317.0691,9.0054,6176274.1227,931.9321
node-108,2024-01-01 18:28:00,0.1208,9331047.3237,0.0622,0.7038,149879.6164,10.969,6180337.7962,915.3787
node-109,2024-01-01 18:28:00,0.1858,7964899.5277,0.1457,0.6639,0.0,3.9555,6206930.3389,928.6213
node-110,2024-01-01 18:28:00,0.0061,7707294.8273,3.4716,0.7211,121255.8033,7.0637,6207778.0991,920.8491
node-111,2024-01-01 18:28:00,0.1221,8584464.8734,0.0,0.8176,140803.0969,11.0593,6026934.5711,924.7379
node-112,2024-01-01 18:28:00,1.2805,8091640.1029,8.9462,0.5444,130180.4707,6.1004,6187195.8256,899.1742
node-113,2024-01-01 18:28:00,0.0781,342726.4066,0.0,0.6866,0.0,5.9868,6217372.3774,908.2498
node-114,2024-01-01 18:28:00,0.0942,7799811.9971,14.9383,0.5959,117675.7843,5.8783,6153943.7928,913.0338
node-115,2024-01-01 18:28:00,0.0,8163402.7959,0.0,0.687,120530.471,5.9652,6024322.9997,890.4153
node-116,2024-01-01 18:28:00,0.2172,8115835.8704,9.636,0.863,126837.4722,7.4274,6049972.5744,921.1054
node-117,2024-01-01 18:28:00,0.0928,9208502.705,0.62,0.8212,0.0,13.8192,6256958.1384,930.1415
node-118,2024-01-01 18:28:00,0.0,7738360.7646,10.125,0.7728,146601.6068,3.2684,6223030.7148,939.9589
node-119,2024-01-01 18:28:00,0.0966,9551958.9363,0.0,0.6468,64002.6264,6.0051,6362481.9465,926.5253
node-000,2024-01-01 18:29:00,0.407,7778141.817,0.0,0.7341,1169.8562,5.8752,6196532.1968,940.9878
node-001,2024-01-01 18:29:00,0.084,7515185.8094,0.5267,0.6263,121285.3495,9.0273,6046315.6427,909.07
node-002,2024-01-01 18:29:00,2.0778,8922189.8712,0.4019,0.891,123896.2746,6.0158,6089846.0505,879.9409
node-003,2024-01-01 18:29:00,0.1634,9422230.6883,5.4294,0.588,84164.8345,4.0433,6179256.4317,919.485
node-004,2024-01-01 18:29:00,0.6751,8295988.715,0.0,0.9998,108801.9998,7.9226,6167212.2364,951.6402
node-005,2024-01-01 18:29:00,0.2004,72133.1566,0.0,0.6955,1050.0228,4.9496,6128795.8151,931.9974
node-006,2024-01-01 18:29:00,0.4538,6050535.3001,10.1081,0.0966,108877.1464,4.1378,6015329.4101,856.8498
node-007,2024-01-01 18:29:00,0.0821,6853679.0665,7.5161,0.688,726.1525,2.9775,6061825.3335,911.2531
node-008,2024-01-01 18:29:00,0.4008,8230425.7052,12.7724,0.5946,196671.5445,6.9293,6088701.8391,937.4245
node-009,2024-01-01 18:29:00,0.146,8353862.8431,3.605,0.6899,339.4269,3.6662,6221799.7688,902.2338
node-010,2024-01-01 18:29:00,0.1861,8363034.6838,0.0,4.5913,120532.3004,7.0107,6250601.4804,948.7342
node-011,2024-01-01 18:29:00,1.8563,7509518.931,7.0908,0.7105,108067.2614,10.0563,6061817.4001,903.0009
node-012,2024-01-01 18:29:00,0.1155,7234388.3989,1.1375,0.601,119196.0713,7.9203,6120439.331,909.3747
node-013,2024-01-01 18:29:00,0.1002,7461646.3881,0.0,0.6857,146394.0236,0.0,4549.0864,945.8014
node-014,2024-01-01 18:29:00,0.1044,9894714.7713,0.1284,0.6592,78258.4776,5.9463,6296127.66,884.7414
node-015,2024-01-01 18:29:00,2.4548,137786.8214,0.0,0.1292,72.068,3.9018,6581410.0275,907.1662
node-016,2024-01-01 18:29:00,0.1002,189899.1496,8.2138,1.1632,457.1256,8.7593,6226464.953,942.5888
node-017,2024-01-01 18:29:00,0.0934,0.0,0.0,0.653,0.0,7.9862,6170738.386,908.6207
node-018,2024-01-01 18:29:00,0.0829,8473109.8079,9.9834,1.2056,72464.2499,7.3959,6191713.6969,925.3545
node-019,2024-01-01 18:29:00,0.1102,301543.1444,0.6254,0.6043,508.9647,2.9164,6019560.3191,913.305
node-020,2024-01-01 18:29:00,0.1039,7950497.0554,0.0,0.7756,137794.4478,3.9499,6160259.3299,932.3643
node-021,2024-01-01 18:29:00,0.0082,8630939.6578,0.0,1.2047,114179.3155,8.0806,6195623.2331,926.7983
node-022,2024-01-01 18:29:00,0.0877,8444269.3484,0.1309,4.1983,117511.1589,7.2652,6135352.7172,898.1793
node-023,2024-01-01 18:29:00,0.1856,7906103.4498,6.4196,0.6845,552.1911,7.9838,6248685.283,903.1237
node-024,2024-01-01 18:29:00,0.1035,7977271.1203,4.8984,0.615,0.0,4.2216,6316030.84,938.9292
node-025,2024-01-01 18:29:00,0.0097,9342952.2119,0.0,0.3722,119635.6463,7.9986,6202325.467,922.4042
node-026,2024-01-01 18:29:00,0.2691,5802620.8088,0.0,0.1149,118682.6245,4.8598,6159530.6782,882.5857
node-027,2024-01-01 18:29:00,0.1117,8006136.995,5.2059,1.0983,459.2009,6.0284,6228792.0005,929.2699
node-028,2024-01-01 18:29:00,0.9461,318153.4493,6.1909,0.58,780.242,3.0519,6031910.5566,924.3564
node-029,2024-01-01 18:29:00,0.1993,8284323.7139,10.3553,0.4966,71166.349,11.0766,6113343.0924,920.4389
node-030,2024-01-01 18:29:00,0.1712,0.0,0.0,0.5555,1118.0575,2.8228,6201241.0523,920.9173
node-031,2024-01-01 18:29:00,0.0,29097257.7759,0.0,0.0102,1296.3057,0.0702,109138.5837,0.0
node-032,2024-01-01 18:29:00,1.6141,7883196.8835,10.6778,0.7054,135225.3783,15.8444,6122815.7878,918.646
node-033,2024-01-01 18:29:00,0.2011,7662550.3032,1.8698,0.5005,102704.62,5.94,6268243.9408,935.2025
node-034,2024-01-01 18:29:00,0.485,5211839.3892,0.8668,0.1009,1638.2994,4.9285,6036797.1114,879.2966
node-035,2024-01-01 18:29:00,0.7267,0.0,0.0,0.549,0.0,2.543,6155478.6171,930.6997
node-036,2024-01-01 18:29:00,0.0982,8592668.8775,0.0,0.7864,320.3576,7.8609,6161235.0955,907.4945
node-037,2024-01-01 18:29:00,1.2107,8657606.6547,13.5302,0.765,79950.9852,5.0202,6080665.3093,911.1473
node-038,2024-01-01 18:29:00,0.0726,0.0,3.8915,0.7131,0.0,7.0426,6100746.6914,921.9091
node-039,2024-01-01 18:29:00,0.1247,9064522.6723,7.9408,0.6994,353.9721,8.5807,6169039.8805,921.6537
node-040,2024-01-01 18:29:00,0.4278,0.0,0.0,0.0929,0.0,2.9198,6116374.4773,851.8306
node-041,2024-01-01 18:29:00,0.0755,0.0,3.4421,0.7604,0.0,8.9607,6078373.4502,924.9692
node-042,2024-01-01 18:29:00,0.5422,333652.277,10.929,0.5986,18.5946,5.9689,6098375.2762,911.9184
node-043,2024-01-01 18:29:00,0.2323,9003294.1123,0.2817,0.7424,135175.9642,6.9006,6155838.8374,932.571
node-044,2024-01-01 18:29:00,0.3052,8186586.5285,9.8632,0.7907,124230.2693,8.8769,6241489.1133,934.8937
node-045,2024-01-01 18:29:00,0.1005,7728324.0181,1.0913,0.783,127679.6379,6.9621,6115922.2724,905.5608
node-046,2024-01-01 18:29:00,0.1245,7850554.4275,0.424,0.8332,118335.0332,7.4033,6251561.5202,935.8606
node-047,2024-01-01 18:29:00,0.0744,7718084.628,0.5526,0.5008,126310.1497,8.9154,6038982.5822,932.7904
node-048,2024-01-01 18:29:00,0.2063,8285085.4696,1.9339,0.6091,390.8752,6.7572,6056173.9926,911.3257
node-049,2024-01-01 18:29:00,0.0237,5360647.1859,0.0,0.0952,72947.3356,1.0336,6119898.4361,852.018
node-050,2024-01-01 18:29:00,0.0087,2495840.2554,0.1367,0.0844,112024.9803,2.0516,6136095.0359,883.5956
node-051,2024-01-01 18:29:00,0.2247,7476652.7446,11.0823,1.2925,141527.3932,7.973,6378280.357,960.8084
node-052,2024-01-01 18:29:00,0.1035,8116337.1891,0.0366,0.6695,130121.6907,6.9834,6126926.688,900.0819
node-053,2024-01-01 18:29:00,0.3814,8111686.1369,0.8148,0.8199,417.5515,16.0778,6112120.8811,916.3693
node-054,2024-01-01 18:29:00,0.0,7840987.4829,0.0,0.7097,99876.2412,5.9082,6022600.6076,922.1587
node-055,2024-01-01 18:29:00,0.1061,78397.0174,0.0,0.7259,474.2302,7.9069,6137309.9568,920.4628
node-056,2024-01-01 18:29:00,0.1008,7724934.327,5.972,0.5975,89777.4973,5.2418,6164945.9464,873.0231
node-057,2024-01-01 18:29:00,0.2246,5035782.8574,6.8003,1.1182,123427.8088,8.9103,6021072.7614,904.7654
node-058,2024-01-01 18:29:00,0.5851,8647687.0237,0.4109,0.3736,144073.6509,4.9349,6213725.8331,905.8808
node-059,2024-01-01 18:29:00,0.4328,0.0,9.6584,0.6823,207.5261,2.8629,6410948.1752,979.1762
node-060,2024-01-01 18:29:00,0.1167,8287107.5413,4.6446,0.7941,97316.7755,6.9673,6273767.7756,945.2682
node-061,2024-01-01 18:29:00,0.1972,8448570.6098,0.0,0.9179,117135.0923,10.6443,6217435.3983,941.2182
node-062,2024-01-01 18:29:00,0.1028,0.0,11.1801,0.5995,1344.5474,4.383,6231824.3204,908.7375
node-063,2024-01-01 18:29:00,0.9972,7833242.0769,16.623,0.797,106889.1209,13.0299,6205106.9104,914.3801
node-064,2024-01-01 18:29:00,0.1987,7528353.7158,8.1558,0.7593,118169.3963,2.1158,5902947.5603,871.5005
node-065,2024-01-01 18:29:00,0.3054,7714454.1141,0.0,0.8214,0.0,6.0157,6174612.8912,905.8698
node-066,2024-01-01 18:29:00,1.5006,301468.3432,7.1055,0.6861,346.7079,7.9024,6317620.5834,878.88
node-067,2024-01-01 18:29:00,0.3321,7756478.4079,0.2094,0.92,115672.6285,3.9705,6192687.468,939.9172
node-068,2024-01-01 18:29:00,0.1177,0.0,10.443,0.7997,116.0647,9.9591,6225122.5144,905.9728
node-069,2024-01-01 18:29:00,0.3224,8983851.7701,13.5374,1.3948,123174.9916,0.0,6348047.367,933.5786
node-070,2024-01-01 18:29:00,0.1111,0.0,0.0,0.731,0.0,8.0248,6161910.6097,872.9089
node-071,2024-01-01 18:29:00,0.0,8128997.4796,0.1642,0.4134,110695.0782,4.7771,6169881.3319,908.1524
node-072,2024-01-01 18:29:00,0.0038,102238229.0618,0.0,0.1308,104774.5423,3.0867,6080640.9644,855.8286
node-073,2024-01-01 18:29:00,0.1687,8116699.8729,0.3744,0.4558,109915.8795,7.028,6099469.6352,902.6207
node-074,2024-01-01 18:29:00,0.0043,8520536.8339,10.6418,0.7013,152955.8162,5.8609,6224847.8103,978.4698
node-075,2024-01-01 18:29:00,1.3372,9327783.1402,7.6547,0.4857,126484.8128,1.0288,6274737.9761,899.9352
node-076,2024-01-01 18:29:00,1.1338,0.0,0.2645,0.1282,1025.369,1.9049,6104215.9188,869.9453
node-077,2024-01-01 18:29:00,0.1087,7625557.3714,3.3058,0.8013,0.0,0.1103,6058710.3255,889.538
node-078,2024-01-01 18:29:00,0.0959,81544.0186,8.7329,0.6999,0.0,14.0848,6153562.9952,902.0226
node-079,2024-01-01 18:29:00,0.0914,0.0,0.1697,0.6804,363.4978,12.6106,6294568.1036,936.6697
node-080,2024-01-01 18:29:00,0.1055,7807539.1061,0.0,0.6027,126532.4627,5.9855,6162137.7431,912.99
node-081,2024-01-01 18:29:00,0.0,7678269.7148,0.0,0.5049,127365.5736,5.8754,6244274.2265,939.7956
node-082,2024-01-01 18:29:00,0.0185,5930951.9753,0.3009,0.0942,124039.7434,3.0091,6174106.9877,871.944
node-083,2024-01-01 18:29:00,0.0898,7750278.3037,0.0,0.9047,0.0,4.8837,6225738.4198,917.0884
node-084,2024-01-01 18:29:00,0.6047,8327288.1521,14.6455,0.7033,123524.4621,12.0426,6272782.3586,912.1296
node-085,2024-01-01 18:29:00,0.1088,53306.5598,5.7964,0.794,313.1192,7.9541,6210411.0678,921.9892
node-086,2024-01-01 18:29:00,0.0924,0.0,8.831,0.6234,0.0,7.709,6270155.4745,917.5495
node-087,2024-01-01 18:29:00,1.0983,8374425.6764,1.3991,4.6539,117735.2364,9.0049,6190362.3761,928.7835
node-088,2024-01-01 18:29:00,1.6214,7611536.0583,0.0,0.6179,124834.4492,5.529,6087729.1608,921.3467
node-089,2024-01-01 18:29:00,1.0634,7932565.5447,0.0,1.336,108944.3394,4.976,6175230.692,932.6429
node-090,2024-01-01 18:29:00,0.4243,9116944.26,0.642,0.5337,128430.284,1.0859,6190735.6464,921.3018
node-091,2024-01-01 18:29:00,1.1745,8528644.8397,12.0702,0.7274,124576.3672,8.9771,6072388.0648,901.3785
node-092,2024-01-01 18:29:00,0.7477,9141974.5206,0.0,0.6545,112057.3369,1.874,6260469.2365,941.1041
node-093,2024-01-01 18:29:00,0.1873,8660743.0926,6.1929,0.7912,104662.6863,9.1167,6197912.3219,926.9702
node-094,2024-01-01 18:29:00,0.1384,59072.1867,0.0166,1.1892,441.7475,6.9718,6229380.4656,935.6357
node-095,2024-01-01 18:29:00,0.1338,7473526.0015,13.4004,0.7052,114299.9026,6.9777,6225108.0678,929.8174
node-096,2024-01-01 18:29:00,0.0955,9626757.7382,0.3927,0.5601,85625.4775,2.019,6178382.2651,896.0836
node-097,2024-01-01 18:29:00,1.2254,356295.0289,0.5866,0.7719,1151.3945,11.6624,6080476.1427,929.6459
node-098,2024-01-01 18:29:00,0.4884,8140588.1922,6.8607,1.04,109181.8915,5.0092,6094808.708,909.0473
node-099,2024-01-01 18:29:00,0.2828,7713384.9645,11.8858,0.7038,82664.1741,7.0691,6196636.9037,940.1383
node-100,2024-01-01 18:29:00,1.4987,7706853.7355,0.4077,0.7445,127172.2404,7.894,6051134.9921,879.7867
node-101,2024-01-01 18:29:00,0.0979,4745201.0926,0.0818,0.1052,125942.7297,1.1473,6238750.6302,889.6159
node-102,2024-01-01 18:29:00,0.1745,8506385.7306,0.0,0.7062,499.8582,9.0283,6042650.4618,880.5788
node-103,2024-01-01 18:29:00,0.0909,7504635.161,0.0,0.6041,109172.3809,7.0471,6214770.1265,887.5431
node-104,2024-01-01 18:29:00,0.1031,450814.9188,0.0,0.902,0.0,7.9642,6080350.2178,906.6184
node-105,2024-01-01 18:29:00,0.7172,8372394.9438,9.2557,0.6599,153345.0615,10.9674,6093337.4601,919.2244
node-106,2024-01-01 18:29:00,0.3603,5353906.2036,0.347,0.1911,126262.6343,1.0194,6673041.2958,853.8432
node-107,2024-01-01 18:29:00,0.0,7087665.0244,0.0,0.4031,79010.525,8.036,6251357.0489,931.3619
node-108,2024-01-01 18:29:00,0.0838,9229706.7358,0.3685,0.4913,120021.2284,7.009,6088685.3909,905.5898
node-109,2024-01-01 18:29:00,0.9061,8332240.3952,1.1599,0.6758,1130.8898,8.1964,6053073.9196,921.8882
node-110,2024-01-01 18:29:00,0.3974,7872220.0414,4.2792,0.61,127102.8423,11.1141,6188406.3347,919.1874
node-111,2024-01-01 18:29:00,0.5002,9059023.3946,0.2249,0.8966,131476.1193,9.3699,6183460.902,907.1425
node-112,2024-01-01 18:29:00,0.3075,7992157.0379,10.297,0.5048,110227.8938,5.021,6066110.8605,882.3513
node-113,2024-01-01 18:29:00,0.0755,51841.2951,0.2691,0.8616,427.6213,7.5806,6033535.7817,915.1118
node-114,2024-01-01 18:29:00,0.283,7877975.5508,14.7349,0.8278,155645.2786,3.8925,6194558.0508,919.5845
node-115,2024-01-01 18:29:00,1.1274,7963580.8388,0.0,0.794,79052.5417,6.0315,6253506.3125,903.3798
node-116,2024-01-01 18:29:00,0.5047,7569495.8525,9.5531,0.793,90012.8923,7.998,6291162.8942,899.5192
node-117,2024-01-01 18:29:00,0.6651,9618410.6696,0.0,1.1784,124991.1233,10.0165,6282805.3116,929.4756
node-118,2024-01-01 18:29:00,0.1156,8201956.6193,8.908,0.687,120925.6822,0.0,6218225.5868,915.8097
node-119,2024-01-01 18:29:00,0.2997,9211376.5,0.0,0.6136,117471.071,6.9163,6137036.6649,913.5278
node-000,2024-01-01 18:30:00,0.1076,7604774.2321,0.2595,0.7913,170928.7941,7.0524,6237464.3079,939.0349
node-001,2024-01-01 18:30:00,0.2067,7276663.9425,0.0,0.6948,136126.3645,2.985,6254429.9385,933.4747
node-002,2024-01-01 18:30:00,0.1534,8792892.0381,0.2505,0.5936,79477.2132,0.0,6187848.7395,942.1899
node-003,2024-01-01 18:30:00,0.2321,9321957.9552,5.8127,0.5222,146354.5581,10.8361,6248810.7604,902.9072
node-004,2024-01-01 18:30:00,2.1258,8801801.9634,0.7488,1.3398,133752.8629,10.9402,6155973.1771,901.0361
node-005,2024-01-01 18:30:00,0.1951,7933153.3707,0.178,0.9015,0.0,3.0582,6313810.3923,911.646
node-006,2024-01-01 18:30:00,0.2446,5966226.4473,9.9156,0.2166,113444.2491,0.0193,5551967.6445,849.1562
node-007,2024-01-01 18:30:00,0.0789,7429978.6961,6.4753,0.5172,138607.8156,7.9647,6254450.8567,884.6237
node-008,2024-01-01 18:30:00,1.1266,8087597.4895,13.7081,0.6783,114640.6433,8.9761,6314946.5087,925.0232
node-009,2024-01-01 18:30:00,0.4992,7795471.6613,3.1233,0.9475,131404.856,3.112,6140270.0742,934.5539
node-010,2024-01-01 18:30:00,0.1766,8613205.4287,0.7455,6.3396,89731.1031,9.9625,6284402.7608,926.1556
node-011,2024-01-01 18:30:00,0.2802,7425466.9166,7.8981,0.4699,124243.1869,9.6537,6164842.6805,916.3779
node-012,2024-01-01 18:30:00,0.1338,7609151.9616,0.0184,0.5884,95705.737,10.0393,6244058.7112,915.3252
node-013,2024-01-01 18:30:00,0.1581,7855430.4264,0.0,1.0263,137480.1118,0.0,16704.8464,932.9503
node-014,2024-01-01 18:30:00,0.1119,9168864.5946,0.4536,0.5275,114598.2136,7.9385,6240952.7752,917.9685
node-015,2024-01-01 18:30:00,0.3675,4999575.4427,0.3508,0.0798,85.8601,2.9307,5999259.6036,836.5221
node-016,2024-01-01 18:30:00,0.1357,7549975.154,7.7385,1.1786,116561.3388,4.8761,5997912.6828,937.8346
node-017,2024-01-01 18:30:00,0.5029,582272.312,0.353,0.4353,0.0,0.1295,6221749.8104,923.1953
node-018,2024-01-01 18:30:00,0.3057,8695850.4078,8.6596,0.9799,118044.4254,7.0112,6194666.5125,952.5368
node-019,2024-01-01 18:30:00,0.2247,8013835.5869,0.3676,0.7305,0.0,0.0,6259902.8568,913.0508
node-020,2024-01-01 18:30:00,0.1436,8187248.8404,0.0,0.7006,131593.2495,7.9678,6103215.699,926.7217
node-021,2024-01-01 18:30:00,0.032,8767646.0337,0.0,1.2099,109241.4331,7.0245,6192459.7597,907.2704
node-022,2024-01-01 18:30:00,0.1994,8158715.6396,0.0,6.1959,127999.6369,4.2164,6314050.6874,855.9708
node-023,2024-01-01 18:30:00,0.5681,7689302.3102,7.1326,0.9005,113072.9117,8.024,6260978.4741,936.8916
node-024,2024-01-01 18:30:00,0.0944,7648456.9379,5.7269,0.6192,1166.6047,3.9695,6135160.9015,916.9157
node-025,2024-01-01 18:30:00,0.1902,9148545.4696,0.0,0.6,101018.7808,8.0293,6154259.8079,922.0506
node-026,2024-01-01 18:30:00,0.2425,5990251.2409,0.507,0.1714,106608.945,5.3162,6149640.5109,856.8002
node-027,2024-01-01 18:30:00,0.197,8127534.1009,5.5545,0.6616,120722.8937,6.7124,6068037.7427,876.3613
node-028,2024-01-01 18:30:00,0.7321,8533948.6162,5.0982,0.5011,0.0,2.0606,6222616.2217,929.059
node-029,2024-01-01 18:30:00,0.0387,8067097.5361,8.8205,0.7197,108582.4864,0.934,6237065.8594,922.3655
node-030,2024-01-01 18:30:00,0.1066,7956079.8527,0.0,0.6653,265.6407,7.0843,6249907.4104,930.4902
node-031,2024-01-01 18:30:00,0.1252,28722495.2006,0.0483,0.0,437.4765,0.0692,91994.6027,17.3313
node-032,2024-01-01 18:30:00,1.7187,7445046.9732,9.2311,0.7098,112126.2824,6.0126,6276285.2981,928.2864
node-033,2024-01-01 18:30:00,0.4171,8041807.2838,2.8102,0.5142,171974.331,9.9683,6292858.5173,938.7886
node-034,2024-01-01 18:30:00,0.2907,5122368.6224,0.0,0.0961,128519.7412,6.0523,6254103.9452,879.9121
node-035,2024-01-01 18:30:00,0.305,8680408.7892,0.0,0.6625,135926.2598,2.0108,6207885.6126,948.259
node-036,2024-01-01 18:30:00,0.131,8622548.9712,0.0,0.8991,117382.8929,7.8786,6145193.1155,928.8738
node-037,2024-01-01 18:30:00,0.5046,8570529.9814,11.8368,0.9531,120168.2573,1.9593,6153472.5529,908.9035
node-038,2024-01-01 18:30:00,0.0954,7537718.5235,2.0318,0.6045,0.0,4.9218,6092291.9888,937.9513
node-039,2024-01-01 18:30:00,0.098,8805682.1301,8.2138,0.4026,135289.7809,9.0272,6317056.6302,920.6366
node-040,2024-01-01 18:30:00,0.0,5382320.7017,0.7457,0.2051,146499.2628,1.3933,6088860.7502,871.0672
node-041,2024-01-01 18:30:00,0.304,7845311.4887,4.7359,0.621,112266.3837,3.0094,6114030.6339,923.8742
node-042,2024-01-01 18:30:00,0.9002,7853282.441,10.4206,0.5207,0.0,5.8873,6108874.8851,917.9724
node-043,2024-01-01 18:30:00,0.2218,8975402.3501,0.2537,0.6184,128191.8492,7.0972,6179798.5077,924.0242
node-044,2024-01-01 18:30:00,0.5588,8094872.2522,11.2995,0.6635,119242.7487,8.036,6234104.1972,902.7871
node-045,2024-01-01 18:30:00,0.1075,7313471.9355,1.0528,0.7951,123709.1699,9.972,6265993.0985,888.4749
node-046,2024-01-01 18:30:00,0.1407,8120299.4543,0.0,0.7037,112157.8024,7.0386,5959134.1567,920.4605
node-047,2024-01-01 18:30:00,0.004,7630811.6519,0.0,0.7785,123090.3168,5.0073,6067233.8704,913.0966
node-048,2024-01-01 18:30:00,0.6108,8132249.7121,2.4081,0.5078,0.0,5.5965,6115110.9555,913.4589
node-049,2024-01-01 18:30:00,0.0,5617236.1338,0.0,0.1133,86734.6249,5.0813,6181504.5205,859.0996
node-050,2024-01-01 18:30:00,0.2839,2390019.9877,1.9422,0.075,78541.8782,4.0542,6236341.1018,836.4197
node-051,2024-01-01 18:30:00,0.0816,7440689.3403,11.4189,1.3423,148272.5923,6.0901,6196702.3027,918.1571
node-052,2024-01-01 18:30:00,0.116,8343390.5682,1.1103,0.3935,88104.8632,9.788,6259268.5585,926.0086
node-053,2024-01-01 18:30:00,0.0905,8351044.8892,1.4504,0.6769,87121.9149,6.9743,6195465.7539,917.0693
node-054,2024-01-01 18:30:00,0.2226,7468245.2498,1.3209,0.9109,91734.3323,6.0487,6261495.9018,932.885
node-055,2024-01-01 18:30:00,0.3396,7892495.2082,0.6472,0.6972,136215.3137,8.0261,6158181.0767,901.7072
node-056,2024-01-01 18:30:00,0.9866,7678750.0689,6.0517,0.7045,99846.1257,5.8366,6172150.1561,880.6029
node-057,2024-01-01 18:30:00,0.1133,4967764.2258,7.1015,0.9358,117922.4193,8.1086,6250246.1887,930.4214
node-058,2024-01-01 18:30:00,1.9881,8317947.0857,0.0,1.0128,148734.3477,8.9634,6160788.6918,912.0066
node-059,2024-01-01 18:30:00,0.1114,8485456.6899,9.734,0.678,570.6578,5.0532,6211809.8143,916.3288
node-060,2024-01-01 18:30:00,0.1053,7575289.5296,2.6422,0.4905,97380.8104,7.4334,6220785.4984,937.6101
node-061,2024-01-01 18:30:00,0.0825,7700180.3511,0.5557,0.3936,114699.4628,11.0857,6285150.9124,928.5516
node-062,2024-01-01 18:30:00,0.0477,8248445.2965,10.7232,0.7329,118451.543,3.9455,6070771.9733,921.9374
node-063,2024-01-01 18:30:00,0.2334,8077901.7482,17.3634,0.8024,107987.3654,11.8571,6326897.3859,913.2585
node-064,2024-01-01 18:30:00,0.0257,7658453.1557,8.6951,0.7086,106097.5149,6.0354,6178331.3464,934.0538
node-065,2024-01-01 18:30:00,0.143,8150019.9045,0.0,0.7952,0.0,6.9619,6128671.8232,902.2942
node-066,2024-01-01 18:30:00,0.0969,8164348.568,7.8852,0.6929,143.2416,9.9585,6245795.77,855.6222
node-067,2024-01-01 18:30:00,0.1062,7774844.8713,0.1364,0.667,116469.524,6.0594,6160825.472,913.7712
node-068,2024-01-01 18:30:00,0.7377,8403377.4116,12.2718,0.894,398.4347,5.0718,6270952.7722,867.0429
node-069,2024-01-01 18:30:00,0.1656,8304638.653,13.7719,0.6071,125776.7805,8.9357,6303467.5259,968.1833
node-070,2024-01-01 18:30:00,0.4058,7957799.9867,0.3696,0.585,134728.0492,1.0643,6063923.7662,930.4116
node-071,2024-01-01 18:30:00,0.0,8091754.3766,0.0,0.4483,102787.6305,5.0253,6365584.1033,930.8032
node-072,2024-01-01 18:30:00,0.0038,101940723.5042,0.0,0.0961,100332.5502,3.9548,6109754.7321,877.769
node-073,2024-01-01 18:30:00,1.0574,7922004.9675,0.0,0.3128,103400.4088,3.1052,6066735.9524,926.3952
node-074,2024-01-01 18:30:00,0.5881,7706520.2991,10.5631,0.5046,113116.9391,11.041,6241047.2433,923.4958
node-075,2024-01-01 18:30:00,1.245,9651548.7495,7.6264,0.6757,89375.0846,0.0904,6150159.8778,936.4786
node-076,2024-01-01 18:30:00,0.4944,6462796.8883,0.0,0.1189,0.0,3.0983,6234416.4879,866.5484
node-077,2024-01-01 18:30:00,0.213,7726929.7663,4.3429,0.8264,126263.5398,5.3892,6286428.7081,925.333
node-078,2024-01-01 18:30:00,0.2528,8164749.4126,6.4056,0.6886,1415.3262,6.9721,6358736.5031,924.0624
node-079,2024-01-01 18:30:00,0.3443,8469338.854,0.0,0.7051,113165.8544,13.0454,6165351.688,908.9009
node-080,2024-01-01 18:30:00,0.0882,7755425.6683,0.0646,0.6756,109656.7155,7.945,6195216.304,912.2729
node-081,2024-01-01 18:30:00,0.0499,8200685.1123,0.4741,0.4874,137411.0569,6.0322,6133162.1632,908.8012
node-082,2024-01-01 18:30:00,0.0005,5916027.6978,0.0,0.1062,125624.4461,3.3197,5924374.857,817.1872
node-083,2024-01-01 18:30:00,0.1897,8424825.5181,0.9707,0.8624,24.4351,21.9893,6186349.9,929.6929
node-084,2024-01-01 18:30:00,0.585,8378427.7734,14.3581,0.6784,111525.3327,7.0811,6156231.1808,938.4759
node-085,2024-01-01 18:30:00,0.0986,8339369.6524,6.2648,1.2993,1365.1895,7.0783,6134065.6559,936.9677
node-086,2024-01-01 18:30:00,0.0941,7626489.3608,9.3008,0.6152,138213.6134,4.035,6209352.5098,878.7932
node-087,2024-01-01 18:30:00,2.3492,8413379.7227,0.0,5.9026,121875.0485,9.9518,6244385.148,892.1852
node-088,2024-01-01 18:30:00,0.2062,7766301.4386,0.0,1.2356,113475.067,6.023,6246000.4235,927.1464
node-089,2024-01-01 18:30:00,0.1283,8151413.7292,0.2551,1.2998,122135.753,7.9367,6151859.7194,916.1946
node-090,2024-01-01 18:30:00,0.0903,9302890.1179,0.0,0.4861,120912.4859,6.9096,6216596.633,931.5378
node-091,2024-01-01 18:30:00,0.2073,8445807.234,14.303,0.714,115564.2079,9.8918,6168368.7424,938.5651
node-092,2024-01-01 18:30:00,0.7188,8983074.7659,0.6556,0.6019,121715.8843,7.1071,6143144.2824,923.9532
node-093,2024-01-01 18:30:00,1.7685,8948509.9454,5.8013,0.7212,126715.704,8.0752,6185534.2644,929.9415
node-094,2024-01-01 18:30:00,0.0,8216850.2327,0.0,1.0947,109338.0419,5.1655,5947138.2908,908.6737
node-095,2024-01-01 18:30:00,0.0865,7620269.8218,14.7841,1.4811,114720.7085,6.555,6069227.4326,907.5933
node-096,2024-01-01 18:30:00,0.1934,9484046.1397,0.0,1.1109,108377.359,8.9535,6282629.525,925.0112
node-097,2024-01-01 18:30:00,0.0915,7512902.1701,0.5039,1.0159,0.0,7.2914,6223406.3594,940.7265
node-098,2024-01-01 18:30:00,3.2956,8237169.1498,7.8758,0.7725,117962.3586,9.946,6157350.2263,930.2191
node-099,2024-01-01 18:30:00,1.3055,7763192.2767,11.0746,0.9156,113047.012,7.0985,6326876.3347,904.1112
node-100,2024-01-01 18:30:00,0.1928,7982138.1885,0.0,0.7622,151540.8096,6.0262,6102971.1228,910.8025
node-101,2024-01-01 18:30:00,0.0852,4662390.847,0.7394,0.0972,111388.5222,2.6242,6071176.4835,852.6722
node-102,2024-01-01 18:30:00,0.4345,8279432.6051,0.0,0.6639,0.0,5.0027,6099831.5319,936.8664
node-103,2024-01-01 18:30:00,0.2498,7807094.6876,0.0,0.489,120557.0482,4.9542,6020520.4435,863.1958
node-104,2024-01-01 18:30:00,0.0766,8051244.1406,0.3768,0.6659,95.1823,5.0895,6191812.9357,913.1666
node-105,2024-01-01 18:30:00,0.0031,7973597.9485,8.0753,0.6102,149667.0917,5.0,6144816.0461,929.8171
node-106,2024-01-01 18:30:00,0.2197,5350955.8195,0.1184,0.2036,118766.932,1.0586,6137094.0715,850.4726
node-107,2024-01-01 18:30:00,0.0,7058511.2443,0.0,0.3826,126567.6776,8.9971,6125771.2292,900.7616
node-108,2024-01-01 18:30:00,0.2129,8754611.7046,0.2837,0.5525,131902.5665,9.8836,6282494.5341,933.9836
node-109,2024-01-01 18:30:00,0.895,8300759.2497,1.1656,0.6279,124572.8571,9.0564,6159729.4957,920.8314
node-110,2024-01-01 18:30:00,0.9004,8232159.215,4.1605,0.5816,90517.5615,3.995,6181742.5603,923.4653
node-111,2024-01-01 18:30:00,0.1038,8668872.8809,0.0,0.9097,116813.7036,8.7373,6132913.2556,932.6969
node-112,2024-01-01 18:30:00,0.1125,7719831.5695,10.3275,0.5111,113560.5623,5.8868,6176464.7907,905.6399
node-113,2024-01-01 18:30:00,0.1136,8033213.9597,0.0,0.6453,135829.9101,7.9155,6167630.1324,927.9393
node-114,2024-01-01 18:30:00,0.301,7809140.9147,14.6685,0.9019,152319.0626,4.2965,6260758.2716,912.6625
node-115,2024-01-01 18:30:00,0.6998,7389738.0001,0.5297,0.6892,74772.4031,7.9525,6163030.0677,907.622
node-116,2024-01-01 18:30:00,0.1016,7843745.8452,9.783,0.6925,111341.4831,7.0604,6065608.4486,932.3781
node-117,2024-01-01 18:30:00,0.901,9191752.7337,0.0,1.1729,103270.1519,7.1168,6155827.3215,905.1174
node-118,2024-01-01 18:30:00,0.0731,8243734.0271,8.2905,0.6951,125900.8399,15.0681,6046787.5851,895.8929
node-119,2024-01-01 18:30:00,0.4722,9035229.4005,0.0,0.7174,102699.6045,7.0659,6124226.6303,937.7339
node-000,2024-01-01 18:31:00,0.1998,8065989.6554,0.0,0.9118,162864.1819,7.9718,6247725.6331,916.7774
node-001,2024-01-01 18:31:00,0.0937,7796766.6447,0.0,0.8998,117280.2738,3.7346,6157082.9589,897.6785
node-002,2024-01-01 18:31:00,0.1805,9203276.6539,0.0,0.6924,112496.8825,6.9955,5934131.5515,906.4309
node-003,2024-01-01 18:31:00,1.259,9409111.8883,4.5328,0.6467,102969.3736,10.5314,6022353.3523,909.6756
node-004,2024-01-01 18:31:00,0.2882,8313074.4966,0.4629,0.7057,111769.2463,10.4543,6178006.6047,927.8961
node-005,2024-01-01 18:31:00,0.1992,7474448.6886,0.597,0.477,132984.5132,4.0187,6123528.8413,909.7649
node-006,2024-01-01 18:31:00,0.1319,5991807.221,9.8058,0.1997,93395.7502,5.8336,6417473.0914,847.1833
node-007,2024-01-01 18:31:00,0.1085,7340624.2278,7.0269,0.8814,115802.3078,8.2098,5989138.5639,924.3106
node-008,2024-01-01 18:31:00,0.0985,8131653.2952,12.121,0.4955,147278.582,5.9337,6020544.1642,919.0496
node-009,2024-01-01 18:31:00,0.0032,8196147.2965,2.9068,0.7145,98972.0422,3.8424,6274901.8494,906.1628
node-010,2024-01-01 18:31:00,0.2246,8446146.3685,0.0,4.3985,118719.7015,9.9241,6112820.0101,903.0662
node-011,2024-01-01 18:31:00,0.079,7557142.3286,8.2241,0.4786,113185.4135,8.9846,6001321.6607,915.626
node-012,2024-01-01 18:31:00,0.1018,7499463.4808,0.0092,0.6059,114858.4895,4.0115,5943797.7585,918.3681
node-013,2024-01-01 18:31:00,0.0711,7777951.8181,0.0,0.7318,145364.4956,0.0282,0.0,905.242
node-014,2024-01-01 18:31:00,0.1194,9162287.5972,0.0,0.5969,125648.2891,6.0465,6162317.6918,854.9156
node-015,2024-01-01 18:31:00,0.1647,5471726.7636,0.2104,0.0777,294.8736,2.6273,6347344.3147,885.2662
node-016,2024-01-01 18:31:00,0.0857,7765924.4697,6.797,0.7561,86207.5652,13.9785,6059104.8266,922.9453
node-017,2024-01-01 18:31:00,0.0979,8737546.4098,0.0,0.6281,1189.449,7.8537,6145083.3607,922.6243
node-018,2024-01-01 18:31:00,0.7141,8803078.1623,8.5823,1.0093,123465.886,6.0246,6275699.2134,910.9732
node-019,2024-01-01 18:31:00,3.0943,8205010.8877,0.0,0.8126,122051.8182,6.9659,6162144.5624,938.9106
node-020,2024-01-01 18:31:00,1.4965,7961233.5372,0.1692,0.5838,151653.1489,7.9499,6244667.1571,930.6181
node-021,2024-01-01 18:31:00,0.1958,8476197.715,0.5337,1.212,91740.2797,5.92,6108998.7427,911.6378
node-022,2024-01-01 18:31:00,0.38,8313363.2,0.0,0.5086,105615.2312,2.9544,6220178.5416,889.1752
node-023,2024-01-01 18:31:00,0.1043,7344329.9481,8.0104,0.5944,133052.8844,5.0372,6142677.8075,888.2667
node-024,2024-01-01 18:31:00,1.2198,7538300.0373,4.662,0.5835,112229.13,5.127,6252473.1345,921.8862
node-025,2024-01-01 18:31:00,0.0875,8868983.8775,0.483,0.7491,127802.023,7.995,6236662.374,899.1989
node-026,2024-01-01 18:31:00,0.2061,6048099.0307,0.0,0.0877,144787.3736,5.9092,6220647.4959,868.4434
node-027,2024-01-01 18:31:00,0.2017,8003569.1868,5.0721,0.6743,119543.2797,7.0016,6222944.7194,882.7321
node-028,2024-01-01 18:31:00,0.4652,8691581.2026,5.5293,0.5762,130416.5014,9.1267,6058660.121,893.7509
node-029,2024-01-01 18:31:00,0.1047,8587125.6275,9.1417,0.8117,122651.5165,6.8778,6154188.1968,930.5962
node-030,2024-01-01 18:31:00,0.1969,8048469.0936,0.0,0.989,128350.8913,7.913,6213666.8462,933.5866
node-031,2024-01-01 18:31:00,0.0,28511365.6941,0.4944,0.0048,0.0,0.0,95287.535,12.4324
node-032,2024-01-01 18:31:00,0.1377,7737751.5366,9.8761,1.4852,110615.2537,7.9408,5633470.1138,934.7029
node-033,2024-01-01 18:31:00,0.6092,7519178.2374,3.3207,0.5155,136078.2975,7.1569,6195302.4513,915.9828
node-034,2024-01-01 18:31:00,0.5007,5632817.365,0.0119,0.1147,106797.8448,5.9253,6170605.4101,879.3171
node-035,2024-01-01 18:31:00,0.7079,9328644.2217,0.0,0.4773,92854.3881,9.9674,6253200.8752,924.5012
node-036,2024-01-01 18:31:00,0.1926,8126723.846,0.0,0.8737,89562.0967,7.9211,6283115.796,929.6591
node-037,2024-01-01 18:31:00,0.9152,8195263.001,11.6692,0.5169,109522.9939,8.8871,6186225.8356,929.4808
node-038,2024-01-01 18:31:00,1.0056,7011006.2456,3.2035,0.5002,124414.4382,11.06,6218153.8203,897.2588
node-039,2024-01-01 18:31:00,0.0056,8511863.3961,8.871,1.0576,112212.2327,4.1051,5690687.1501,925.0635
node-040,2024-01-01 18:31:00,0.1021,5956856.9713,0.0,0.0938,105290.5808,0.9227,6087555.5817,822.444
node-041,2024-01-01 18:31:00,0.1847,7736343.5369,4.7785,0.6621,121306.9228,9.9197,6122913.5985,924.8429
node-042,2024-01-01 18:31:00,0.4857,7953374.9317,11.5524,0.6875,105393.2013,10.0602,6142909.2218,887.1165
node-043,2024-01-01 18:31:00,0.2551,8965943.6814,0.0,0.9795,117669.289,8.0242,6134642.4104,912.5283
node-044,2024-01-01 18:31:00,0.1881,7802113.654,9.299,1.3979,110807.4061,5.0171,6180347.4693,911.523
node-045,2024-01-01 18:31:00,0.1226,8069084.5928,0.0,0.7022,105697.7444,10.9224,6318475.5849,924.7315
node-046,2024-01-01 18:31:00,0.1985,8439599.9509,0.6731,0.7022,114015.9239,5.0019,6215800.8222,928.3365
node-047,2024-01-01 18:31:00,0.1912,7409896.213,0.026,0.5919,96653.8233,3.9926,6126367.0266,914.6731
node-048,2024-01-01 18:31:00,0.1386,8296312.7065,2.4389,0.8175,124549.8464,5.0442,6046704.8984,916.0279
node-049,2024-01-01 18:31:00,0.0497,5691776.2962,0.0,0.0894,86301.5203,5.0615,6058143.1564,874.5944
node-050,2024-01-01 18:31:00,0.1087,2136261.3937,0.3987,0.3212,102284.0824,3.013,6154249.2322,886.6801
node-051,2024-01-01 18:31:00,0.0941,7576140.3848,10.0869,1.3552,151949.6025,6.2692,6225718.2786,914.5218
node-052,2024-01-01 18:31:00,0.2748,8165637.1733,1.6907,0.662,127721.9291,9.0764,6107327.0905,913.4219
node-053,2024-01-01 18:31:00,0.1185,8501075.3022,0.0,0.8052,121598.5284,13.006,6321795.97,940.8605
node-054,2024-01-01 18:31:00,0.2336,7816625.4999,0.0,0.7097,91530.1827,6.2925,6277630.7482,920.4065
node-055,2024-01-01 18:31:00,0.3113,7501794.1808,0.0901,0.7034,90808.7966,5.0241,6318536.972,924.8479
node-056,2024-01-01 18:31:00,0.0954,8155756.2779,7.0392,0.4964,96648.5465,6.0025,6154455.5174,921.2293
node-057,2024-01-01 18:31:00,0.0005,5006748.9878,6.5993,0.9936,75280.7812,2.1171,6229748.872,917.4211
node-058,2024-01-01 18:31:00,0.1134,7992400.2971,0.0,0.8114,134773.1645,9.8727,6201727.6207,911.8596
node-059,2024-01-01 18:31:00,0.1087,8850783.2968,10.0977,0.9589,84780.6259,6.9819,6367267.5198,912.8162
node-060,2024-01-01 18:31:00,0.3198,7518020.4056,4.3028,0.783,126699.4855,7.9309,6102569.0413,915.885
node-061,2024-01-01 18:31:00,1.9205,8391281.0078,0.2087,0.7758,86923.7352,3.0873,6086413.9151,911.9483
node-062,2024-01-01 18:31:00,0.0126,8281152.4067,11.6073,1.3144,96171.7197,8.0721,6062236.6378,935.6786
node-063,2024-01-01 18:31:00,0.0829,7885233.4842,17.0222,0.7882,116451.7691,4.9966,6072812.2422,929.8789
node-064,2024-01-01 18:31:00,0.0331,7925387.535,7.4068,0.9088,107376.025,8.0405,6243566.5962,935.7543
node-065,2024-01-01 18:31:00,0.0973,8430245.3254,0.398,0.8192,123204.4591,6.9911,6206078.8298,930.0277
node-066,2024-01-01 18:31:00,0.6567,8419061.212,6.7853,0.631,108053.8109,5.0657,6120093.0129,900.0857
node-067,2024-01-01 18:31:00,0.0,8143172.4388,0.0,0.4963,115278.2797,6.0886,6257927.82,901.0704
node-068,2024-01-01 18:31:00,1.0229,8080278.1255,12.4709,1.0194,110605.2429,5.3016,6142942.3303,930.9312
node-069,2024-01-01 18:31:00,1.1104,8569077.1291,13.9102,0.7209,110969.022,8.7715,6107823.657,905.2227
node-070,2024-01-01 18:31:00,0.0943,7542649.4808,0.0,0.7056,104635.9447,8.0374,6121119.3896,915.6747
node-071,2024-01-01 18:31:00,0.3315,7912846.2763,0.0617,0.6879,91578.1314,8.0543,5972508.8478,940.8348
node-072,2024-01-01 18:31:00,0.0,102242075.4756,1.1717,0.0971,115754.339,3.6985,6242165.2244,837.4785
node-073,2024-01-01 18:31:00,0.2596,7849502.4518,0.8767,0.2212,112904.2837,4.9397,6129198.7904,887.68
node-074,2024-01-01 18:31:00,0.4202,8013001.5572,10.5901,0.5175,114155.5936,8.4208,6166260.7258,927.8826
node-075,2024-01-01 18:31:00,2.0898,9570803.398,5.8203,0.4945,109020.9363,7.0756,6116374.274,886.6567
node-076,2024-01-01 18:31:00,1.0112,6635800.0066,0.0,0.3028,107348.2059,3.9839,6208717.5706,896.5684
node-077,2024-01-01 18:31:00,0.19,7629758.4303,3.6246,0.7445,82926.2058,8.9213,6199786.944,928.7639
node-078,2024-01-01 18:31:00,0.1203,8561514.1302,6.7291,0.6967,0.0,6.7115,5930436.7899,906.9592
node-079,2024-01-01 18:31:00,0.0811,8285061.7053,0.0,0.7324,142955.5031,7.0001,6316284.9676,922.2076
node-080,2024-01-01 18:31:00,0.0962,7561404.2185,0.0,1.0046,128679.4052,15.0825,6081876.9538,934.2145
node-081,2024-01-01 18:31:00,0.0989,7502683.327,0.0,0.4561,151715.8785,3.0657,6194409.2121,908.7152
node-082,2024-01-01 18:31:00,0.0639,5624110.0191,0.0206,0.1905,120793.7724,3.928,6046053.8809,893.7022
node-083,2024-01-01 18:31:00,0.1163,7865338.2309,0.0211,0.8818,94441.0582,20.356,6103530.277,935.8098
node-084,2024-01-01 18:31:00,0.5,8591163.1875,14.0857,0.8928,131734.6587,10.9785,6147997.4036,925.3018
node-085,2024-01-01 18:31:00,0.3018,8111008.7888,5.5629,1.3125,122371.0184,4.011,6242285.956,929.5933
node-086,2024-01-01 18:31:00,0.0949,7848878.2224,7.9123,0.892,129270.4952,4.9429,6232387.0928,938.2533
node-087,2024-01-01 18:31:00,0.1733,8324480.1455,0.0,0.8182,132160.8075,9.0636,6198483.2537,859.9159
node-088,2024-01-01 18:31:00,0.4847,7884447.1985,0.0174,0.5361,129714.9288,11.0173,6250349.002,910.3299
node-089,2024-01-01 18:31:00,1.295,7857632.2007,0.0,1.1984,115303.0272,10.0188,6256842.206,921.9266
node-090,2024-01-01 18:31:00,0.3127,8879851.4268,0.9007,0.785,159168.11,7.1207,6191342.7291,927.8106
node-091,2024-01-01 18:31:00,0.4923,8541666.333,12.5833,0.8952,115454.681,12.0538,6054860.8232,917.4542
node-092,2024-01-01 18:31:00,0.2031,8862342.7531,0.0,0.5783,99400.7541,6.8895,6230377.6185,927.5842
node-093,2024-01-01 18:31:00,0.2728,8778742.5477,6.6149,1.1612,124833.8438,3.9173,6066492.9082,929.4577
node-094,2024-01-01 18:31:00,0.0729,8072286.1858,1.0251,1.0892,81697.7214,5.0201,6217680.0954,931.8182
node-095,2024-01-01 18:31:00,0.133,7657590.2137,13.1442,0.7596,117828.8603,5.9411,6326477.2667,910.1447
node-096,2024-01-01 18:31:00,0.0314,8787777.0886,0.0,0.5955,118724.2371,8.6936,6178446.332,901.6957
node-097,2024-01-01 18:31:00,1.4067,7671329.9301,1.1689,0.7942,105795.5038,5.0317,5984428.8624,919.2199
node-098,2024-01-01 18:31:00,1.4736,8046081.3788,8.0833,0.7981,133090.3032,9.0607,6170778.8486,915.6544
node-099,2024-01-01 18:31:00,0.2095,7727215.3619,11.6057,0.9151,89725.9738,11.0134,6176438.4235,932.265
node-100,2024-01-01 18:31:00,1.2222,7927267.4132,0.5156,0.2951,116319.6267,8.0682,6249826.7767,939.7047
node-101,2024-01-01 18:31:00,0.081,5123785.1674,0.4223,0.0861,93145.7177,5.9772,6322041.2593,881.6584
node-102,2024-01-01 18:31:00,1.0101,8211962.5467,0.0111,1.0864,100972.7879,8.0158,6290700.9518,902.258
node-103,2024-01-01 18:31:00,0.2355,7924911.8262,0.6914,0.394,118379.1057,5.5038,6186160.0498,894.9305
node-104,2024-01-01 18:31:00,0.1052,7561539.484,0.0,0.7555,118722.2479,6.0165,6232023.2975,923.8002
node-105,2024-01-01 18:31:00,0.0992,8398711.0583,9.2985,0.9909,147867.0223,8.9449,6057813.75,941.3927
node-106,2024-01-01 18:31:00,0.5135,5235498.4168,0.0,0.2123,119538.0938,2.5117,6449102.0224,885.1995
node-107,2024-01-01 18:31:00,0.0869,7133046.569,0.2,0.7323,120151.1814,10.4681,6280133.7993,935.1027
node-108,2024-01-01 18:31:00,0.3016,9425804.5366,0.0,0.3774,109634.9825,8.9799,6087004.7655,900.0035
node-109,2024-01-01 18:31:00,0.3961,8280205.335,0.0,0.5866,103605.6638,10.057,6056576.3901,908.4188
node-110,2024-01-01 18:31:00,0.0218,8066886.7443,3.8276,0.502,79495.9118,10.962,6227359.182,920.4598
node-111,2024-01-01 18:31:00,0.112,9169375.2655,0.2852,0.9021,108269.4002,7.9447,6248926.2832,918.4693
node-112,2024-01-01 18:31:00,2.1031,7492713.3656,9.9767,0.509,133965.3505,4.9774,6129889.4221,927.7243
node-113,2024-01-01 18:31:00,0.5461,7960944.2676,0.0,0.807,114203.1847,6.0238,5995636.1351,917.3368
node-114,2024-01-01 18:31:00,0.0927,7504767.2168,14.4294,0.4262,142212.1275,5.0538,6265733.194,901.352
node-115,2024-01-01 18:31:00,0.1105,7862306.7444,1.3791,0.8019,103609.8053,11.9676,6284719.9173,920.7475
node-116,2024-01-01 18:31:00,0.4563,7620184.6609,9.1071,1.1623,98253.6567,3.9432,6052971.7481,913.6588
node-117,2024-01-01 18:31:00,0.0999,8947084.8516,0.5433,0.8136,116650.8276,8.128,6277694.8445,899.0411
node-118,2024-01-01 18:31:00,0.1048,7849502.7277,7.8468,0.725,117295.3787,9.8915,6272528.9445,915.1941
node-119,2024-01-01 18:31:00,0.34,9442359.7328,0.619,0.7761,112197.9163,13.9787,6098040.4484,877.182
node-000,2024-01-01 18:32:00,1.2037,7619048.6893,0.0,0.7245,130803.8818,9.0286,6286514.7095,930.4422
node-001,2024-01-01 18:32:00,0.089,7466084.7714,0.9536,0.4912,112373.2928,4.8845,6084710.1096,894.1862
node-002,2024-01-01 18:32:00,0.2134,8946389.3501,0.0,0.5764,122349.1302,7.1141,6089328.5991,900.2292
node-003,2024-01-01 18:32:00,0.102,9756409.3485,4.5299,0.5361,121451.3037,7.0278,6159759.0092,906.1401
node-004,2024-01-01 18:32:00,0.0882,8536109.3564,0.5054,0.8913,116069.9081,6.9859,6177551.9706,893.9724
node-005,2024-01-01 18:32:00,0.1811,7586105.9295,1.536,0.5767,73309.0193,4.3351,6246842.4469,906.4013
node-006,2024-01-01 18:32:00,0.7957,5897525.2193,9.9387,0.0856,88457.3451,2.932,5834320.9713,817.0599
node-007,2024-01-01 18:32:00,0.1067,7286968.8082,7.0675,0.7163,136804.7586,9.0507,6284391.9646,893.4464
node-008,2024-01-01 18:32:00,0.1135,7937388.1001,13.1144,0.5882,113644.0919,6.1922,6316722.3318,894.9124
node-009,2024-01-01 18:32:00,0.0082,8185936.5712,2.2559,0.974,123782.8781,9.9244,6000266.7659,902.2706
node-010,2024-01-01 18:32:00,0.1908,8196853.9898,0.0,1.4231,130305.9823,9.9381,6107644.6963,914.694
node-011,2024-01-01 18:32:00,0.5084,7746145.6691,7.8515,0.3935,73534.5822,2.8002,6242983.3816,917.4547
node-012,2024-01-01 18:32:00,0.0113,7916669.1662,1.0935,0.5893,125918.8271,4.2824,6260006.2557,897.0857
node-013,2024-01-01 18:32:00,0.1002,7890021.0926,0.1244,0.9112,150469.6609,0.0,48013.0945,916.7053
node-014,2024-01-01 18:32:00,0.1057,9635386.5983,1.1682,0.6015,92044.0322,5.9777,6147957.3283,881.7066
node-015,2024-01-01 18:32:00,0.0,5562682.5646,0.0,0.1209,115116.9849,1.9304,6158791.5004,852.7799
node-016,2024-01-01 18:32:00,0.0977,7555534.0362,8.3229,0.6834,136353.1579,13.4596,5906346.6716,921.9086
node-017,2024-01-01 18:32:00,0.0819,8948938.7312,0.0,1.4716,161269.5052,8.0236,6135103.8012,901.9927
node-018,2024-01-01 18:32:00,0.2181,8150573.027,9.6533,0.9133,117936.2142,12.9761,6109425.6487,889.275
node-019,2024-01-01 18:32:00,0.243,7988287.7571,0.0,0.7794,119263.9474,7.9035,6246940.2349,908.6435
node-020,2024-01-01 18:32:00,0.0808,8368368.1861,0.0,0.798,123255.0371,8.0302,6051026.945,906.7088
node-021,2024-01-01 18:32:00,0.1179,8252271.6891,0.0,1.3486,123081.8952,7.9764,6113551.6636,892.0279
node-022,2024-01-01 18:32:00,0.1982,8101141.3358,0.7261,0.4778,128358.0561,6.9508,6179819.2397,891.4968
node-023,2024-01-01 18:32:00,0.2681,7115629.101,8.4889,0.7942,110409.6571,11.973,6311947.5613,876.507
node-024,2024-01-01 18:32:00,0.0906,8071615.623,4.518,0.6014,110482.2121,8.0259,6073746.5137,909.265
node-025,2024-01-01 18:32:00,0.2266,9270760.2597,0.0,1.186,115482.5812,5.1031,6210575.6325,928.097
node-026,2024-01-01 18:32:00,0.0171,6182523.9224,0.0,0.1198,117998.2483,1.0332,6133256.2982,845.2125
node-027,2024-01-01 18:32:00,0.195,7803668.3734,5.4417,0.6833,95321.0767,9.9823,5894832.1102,886.0187
node-028,2024-01-01 18:32:00,0.8809,8560255.8513,5.9733,0.5131,114957.0192,4.8713,6209928.5896,909.633
node-029,2024-01-01 18:32:00,0.1236,7872804.984,10.4546,0.8942,106556.7275,7.946,6300550.3401,933.2342
node-030,2024-01-01 18:32:00,0.1698,7724903.5547,0.7895,0.5846,110335.0363,8.8704,6186309.3112,914.9765
node-031,2024-01-01 18:32:00,0.0,29071217.66,0.1596,0.0023,8386.632,0.0059,28675.2566,0.0
node-032,2024-01-01 18:32:00,0.333,7757835.8743,10.475,0.8823,116299.4375,7.9963,6802096.1404,860.4297
node-033,2024-01-01 18:32:00,0.6243,8119087.8108,2.4924,0.5137,128970.1081,6.9526,6157307.9976,912.3551
node-034,2024-01-01 18:32:00,0.8008,5239090.2334,0.5412,0.1069,80607.2351,0.9374,6316023.5394,866.5407
node-035,2024-01-01 18:32:00,5.0344,9290079.5493,0.0,0.5579,116958.0594,8.1039,6055373.3076,910.9309
node-036,2024-01-01 18:32:00,0.2671,8098496.1509,0.8851,2.8391,115002.7426,6.0475,6134407.7724,921.2536
node-037,2024-01-01 18:32:00,0.4217,8382030.9736,12.1854,0.6135,117098.1096,9.0381,6045206.7335,901.837
node-038,2024-01-01 18:32:00,0.6197,7003116.1775,2.2759,0.6586,88325.8946,9.9801,6085551.7277,920.1506
node-039,2024-01-01 18:32:00,1.4058,8897340.9235,8.3921,0.5524,124996.7967,9.0463,6579818.3419,952.5143
node-040,2024-01-01 18:32:00,0.0,5378081.5717,0.6382,0.077,147666.5345,0.9073,6123251.6711,855.1671
node-041,2024-01-01 18:32:00,0.0963,8107859.5501,5.2398,0.6836,124003.2489,9.9362,5955946.3104,910.2897
node-042,2024-01-01 18:32:00,0.5368,7791991.8573,11.2846,0.6718,95681.4241,4.8446,6086638.8569,907.4247
node-043,2024-01-01 18:32:00,0.1859,8937811.9054,0.5211,0.4987,108737.961,3.052,6232201.3696,914.5602
node-044,2024-01-01 18:32:00,0.2726,7855706.3962,11.3176,0.8957,95642.4716,9.9593,6143073.3789,916.8916
node-045,2024-01-01 18:32:00,0.0805,7508616.782,0.2408,0.8127,105301.6115,13.1162,6203507.6884,900.4266
node-046,2024-01-01 18:32:00,0.2281,7665571.8898,0.0,0.6653,134221.1839,8.8878,5839307.2796,894.048
node-047,2024-01-01 18:32:00,0.0399,7689484.951,0.0,0.3998,109232.5995,8.9719,6143616.22,903.7579
node-048,2024-01-01 18:32:00,0.4873,8322910.849,3.2009,0.6076,107208.8322,5.0247,6304458.5516,897.0602
node-049,2024-01-01 18:32:00,0.1877,5679455.1918,0.1996,0.1217,133488.8984,4.2885,6293934.7038,843.6433
node-050,2024-01-01 18:32:00,0.0968,2336170.4986,0.0,0.1448,70563.9691,2.5912,6236739.6686,882.0937
node-051,2024-01-01 18:32:00,0.0,7708234.6503,11.0613,1.0033,142873.3295,8.0137,6065388.663,901.748
node-052,2024-01-01 18:32:00,0.1917,8423119.3204,0.0,0.5996,109322.1077,2.9761,6168457.9962,917.9322
node-053,2024-01-01 18:32:00,0.0849,8399970.0748,0.0,0.987,112837.9986,13.0016,6158301.796,937.3337
node-054,2024-01-01 18:32:00,0.0863,7685824.0274,1.2643,0.6817,155972.3416,8.1299,6132265.0604,921.7587
node-055,2024-01-01 18:32:00,0.0864,7801018.0786,0.0,0.6115,114887.8873,6.175,6069266.3958,894.7111
node-056,2024-01-01 18:32:00,0.9321,7903513.6546,5.9017,0.64,127637.296,9.0068,6139473.206,889.5465
node-057,2024-01-01 18:32:00,0.0029,5011317.614,7.2897,0.9117,113447.5018,2.774,6112643.7217,890.8829
node-058,2024-01-01 18:32:00,0.095,7901562.1718,0.0929,1.0012,168835.5601,7.0673,6263673.1732,907.9252
node-059,2024-01-01 18:32:00,0.1096,9103294.1439,9.9261,0.6965,69967.0682,8.1599,6096801.3161,915.2286
node-060,2024-01-01 18:32:00,0.2018,7644160.7529,5.0603,4.5813,118456.176,8.9739,6266262.004,906.8509
node-061,2024-01-01 18:32:00,0.0947,8279438.3666,0.0,0.7688,152588.6496,9.0167,6198568.0847,917.5843
node-062,2024-01-01 18:32:00,0.551,8137261.6509,10.2085,0.7003,97165.9842,8.0684,6120319.941,910.0029
node-063,2024-01-01 18:32:00,0.0842,7931275.0829,17.8282,0.8664,129488.0316,8.9639,6222677.9166,892.7994
node-064,2024-01-01 18:32:00,0.0964,7815247.066,8.3456,0.7909,95878.7027,7.8619,6044821.2538,920.8226
node-065,2024-01-01 18:32:00,0.121,7710590.9009,0.8497,0.763,127909.189,6.8586,6198129.4184,929.0347
node-066,2024-01-01 18:32:00,0.0065,8358426.7219,7.0576,0.5959,102275.8732,5.8732,6191545.3452,878.347
node-067,2024-01-01 18:32:00,0.2605,7654545.1481,0.0171,0.7712,94623.1185,6.9449,6128034.8806,917.9932
node-068,2024-01-01 18:32:00,1.3865,8005385.3607,12.3692,0.7581,137974.4268,5.9519,6092206.7854,892.2151
node-069,2024-01-01 18:32:00,0.1033,8748700.0486,14.6917,0.8436,116639.939,7.9561,6188974.9907,917.6755
node-070,2024-01-01 18:32:00,0.1068,7690591.4884,0.5629,0.7001,84839.0586,8.032,6005262.49,911.553
node-071,2024-01-01 18:32:00,0.3103,7987922.1808,0.109,0.4937,91456.5116,7.0571,6351468.4761,883.4153
node-072,2024-01-01 18:32:00,0.271,101724989.333,0.0,0.0975,104251.0868,0.9285,6237291.9961,825.6842
node-073,2024-01-01 18:32:00,0.0126,8351125.4969,0.0,0.474,119811.7221,5.0965,5978124.4731,846.1891
node-074,2024-01-01 18:32:00,0.378,8329000.6865,9.8848,0.7065,66058.2742,3.1351,6018031.0647,926.4563
node-075,2024-01-01 18:32:00,0.2521,8916606.1649,6.7029,0.4697,101873.8421,5.9932,6292634.4891,874.8013
node-076,2024-01-01 18:32:00,0.1891,6258350.0614,0.0,0.0849,101574.7735,6.0765,6130029.1739,847.0496
node-077,2024-01-01 18:32:00,0.6,7766926.3956,3.8737,0.7051,81971.3851,8.1284,6176978.0786,925.0444
node-078,2024-01-01 18:32:00,0.0963,8322206.7851,7.9984,0.6869,124170.9687,6.037,6141808.2119,920.9841
node-079,2024-01-01 18:32:00,0.0988,7901343.6513,0.0,0.6184,112745.3466,9.0627,6066402.5408,896.7634
node-080,2024-01-01 18:32:00,0.1005,7575744.7295,0.1911,0.8018,93614.0708,14.5359,6252515.7706,907.9188
node-081,2024-01-01 18:32:00,0.3981,7528760.8665,0.6306,0.5071,170762.0013,6.0003,6152374.3807,896.9879
node-082,2024-01-01 18:32:00,0.579,5365022.6984,0.0994,0.1313,121392.3124,0.0,6209511.8643,863.5571
node-083,2024-01-01 18:32:00,0.1025,7844731.6492,0.0,0.9058,117150.173,10.0481,6052059.8918,924.4576
node-084,2024-01-01 18:32:00,0.6708,8491752.6481,14.8651,0.7442,83954.4927,10.226,6186377.9752,912.0187
node-085,2024-01-01 18:32:00,0.1048,7906948.0958,7.2677,1.3256,118942.6127,8.9761,6154959.4542,869.5334
node-086,2024-01-01 18:32:00,0.132,7856609.2993,7.7466,0.8003,121457.724,11.0116,6073074.973,902.0464
node-087,2024-01-01 18:32:00,0.4682,8249738.8721,0.0,0.4075,71526.8285,6.9015,6309223.7911,901.4843
node-088,2024-01-01 18:32:00,0.4138,7781054.1028,0.0,1.087,124642.4867,4.853,6411687.7406,940.3794
node-089,2024-01-01 18:32:00,0.2095,7872028.1362,1.2225,1.0879,116441.1659,9.6412,6097555.8406,921.3077
node-090,2024-01-01 18:32:00,1.509,9313116.8568,0.0,0.5054,92037.0571,7.9018,6133728.6918,917.3253
node-091,2024-01-01 18:32:00,0.5069,8497734.4076,12.4813,0.7943,94041.2547,6.9479,6215224.6518,911.4608
node-092,2024-01-01 18:32:00,0.1269,9365396.3049,0.1427,0.4848,99555.3559,6.6479,6086825.0652,935.55
node-093,2024-01-01 18:32:00,0.4148,8894349.3752,6.5111,2.9396,124910.6611,4.3047,6200708.0432,896.0364
node-094,2024-01-01 18:32:00,0.105,8354002.268,0.2551,0.8857,146267.6104,4.0036,6139557.3557,911.0127
node-095,2024-01-01 18:32:00,0.1155,7924738.5365,13.8477,0.494,95405.4959,10.0583,5970025.4175,901.3985
node-096,2024-01-01 18:32:00,0.6498,9252390.4124,0.1223,0.5817,101179.0702,7.053,6150602.0016,917.0264
node-097,2024-01-01 18:32:00,0.6923,7743313.7512,0.4784,0.8044,88792.48,10.9974,6092596.5789,918.4524
node-098,2024-01-01 18:32:00,0.0837,8082767.1605,7.601,0.785,149693.2341,9.0789,6307641.4267,909.5712
node-099,2024-01-01 18:32:00,0.1132,7659500.3653,10.9978,0.8043,123203.9782,10.7412,6217225.8371,906.1458
node-100,2024-01-01 18:32:00,0.5033,7777675.8412,0.0,0.5062,167023.7863,7.9037,6407918.6303,961.3592
node-101,2024-01-01 18:32:00,0.0141,4395150.1907,0.4244,0.1158,118085.1005,3.0629,6241628.2703,869.7402
node-102,2024-01-01 18:32:00,0.1071,8478432.7844,0.0,0.6437,118217.141,9.1733,6170843.9447,935.7138
node-103,2024-01-01 18:32:00,1.0087,7606195.6091,0.4384,0.5603,97247.9877,9.0633,6156071.825,888.0665
node-104,2024-01-01 18:32:00,5.2712,7714981.8555,0.0,1.0485,122780.8896,9.0707,5584915.4371,834.6502
node-105,2024-01-01 18:32:00,0.1062,7846133.0796,9.5076,0.6854,185194.7425,9.1512,6135418.2568,922.6352
node-106,2024-01-01 18:32:00,0.48,5229532.5485,0.0,0.2259,115062.1903,5.9137,5855476.7416,890.2633
node-107,2024-01-01 18:32:00,0.0943,7186133.4671,0.0203,1.0187,121354.4064,19.9784,6199047.7853,929.8949
node-108,2024-01-01 18:32:00,0.2384,9749600.5828,0.2797,0.7021,100763.1644,2.9735,6220792.0364,920.8575
node-109,2024-01-01 18:32:00,0.2518,8035427.8366,0.0,0.3123,147305.2219,2.9599,6077568.291,904.1383
node-110,2024-01-01 18:32:00,0.7025,7912607.4021,4.6338,0.5839,123092.6238,10.7176,6234366.5184,916.7709
node-111,2024-01-01 18:32:00,0.2138,8880239.6,0.0,0.6929,132014.2412,6.8847,6100123.2063,936.9
node-112,2024-01-01 18:32:00,0.2109,7590889.5226,10.1142,0.8945,102870.0788,5.0671,6025570.4627,872.1873
node-113,2024-01-01 18:32:00,0.8629,8184263.463,0.9423,0.7258,76420.6768,6.0431,6262310.4199,913.6801
node-114,2024-01-01 18:32:00,0.1883,7430771.2481,14.8811,1.0619,145910.1324,11.0413,6121439.718,912.3842
node-115,2024-01-01 18:32:00,0.1156,7849421.9721,0.0,0.7975,113476.6192,5.0534,6042576.8157,892.565
node-116,2024-01-01 18:32:00,0.0098,7842774.1195,8.3198,0.9723,129576.5534,4.4043,6204594.0176,910.1471
node-117,2024-01-01 18:32:00,0.1473,8866846.8305,0.0984,0.8139,125179.4001,16.8822,6147716.2418,887.7321
node-118,2024-01-01 18:32:00,0.1011,7609765.4471,7.6024,0.8687,117257.2597,10.1347,6063075.4655,888.2161
node-119,2024-01-01 18:32:00,0.2251,9456264.4918,0.0,0.5629,110190.9012,5.0926,6086121.7399,893.564
node-000,2024-01-01 18:33:00,0.0949,7495045.5215,0.0,0.802,141591.9276,9.0634,5995496.5738,946.1814
node-001,2024-01-01 18:33:00,0.1084,7442385.8603,0.0,0.7853,116142.2899,10.9849,5974757.4506,901.4032
node-002,2024-01-01 18:33:00,0.1369,9305718.0519,0.0,0.8389,112582.4518,9.0867,5924822.0186,913.3968
node-003,2024-01-01 18:33:00,0.1176,9512192.089,5.3251,0.492,105626.5481,5.0577,5906789.8658,924.245
node-004,2024-01-01 18:33:00,0.1034,8233522.6638,1.2356,0.729,120726.0084,8.0339,6201615.1895,946.0123
node-005,2024-01-01 18:33:00,0.5593,7894997.1911,0.2588,0.5503,112868.5433,7.1793,6075090.7134,885.3323
node-006,2024-01-01 18:33:00,0.0397,6125346.4894,9.2723,0.0799,118295.0278,2.9408,6112863.4612,894.5519
node-007,2024-01-01 18:33:00,0.0934,7047643.7692,6.8944,0.6965,108947.3361,5.0372,5903326.4862,934.3089
node-008,2024-01-01 18:33:00,0.2933,8253647.3361,12.6228,0.5872,109377.2486,8.1127,6064418.5236,941.9236
node-009,2024-01-01 18:33:00,0.8056,8220419.4434,3.1456,0.5252,114157.9391,9.966,6273149.4508,902.9367
node-010,2024-01-01 18:33:00,0.0837,8703350.6239,0.3258,1.2161,103512.1682,6.8854,6208342.4109,928.3606
node-011,2024-01-01 18:33:00,0.5111,7170922.2045,6.7288,0.6459,123617.9013,7.0538,5876109.2028,957.6401
node-012,2024-01-01 18:33:00,0.1933,7351921.1791,0.0,0.6183,115529.9114,7.0137,6054786.1592,908.4179
node-013,2024-01-01 18:33:00,0.0993,7927996.9344,0.2819,0.4001,168295.9399,0.0337,87505.4038,933.4115
node-014,2024-01-01 18:33:00,0.6934,9562050.6274,0.1875,0.6639,111013.4778,5.8266,5998259.7097,874.76
node-015,2024-01-01 18:33:00,0.0012,5708017.0022,1.2609,0.0796,93965.8722,0.049,6127270.4739,839.5731
node-016,2024-01-01 18:33:00,0.49,7829380.3769,7.5065,0.6743,110257.1614,8.9795,6176802.8755,929.9202
node-017,2024-01-01 18:33:00,0.1941,8914632.336,0.0,5.7011,109299.664,9.1613,6135884.3976,910.4694
node-018,2024-01-01 18:33:00,0.0997,8709821.3838,8.579,0.9045,120500.9153,10.8321,6171701.0075,901.8867
node-019,2024-01-01 18:33:00,0.1231,7756975.6536,0.8693,0.7508,108226.6351,8.0418,5935139.1077,880.7013
node-020,2024-01-01 18:33:00,0.0902,7977457.5633,0.4673,0.788,138769.9991,4.0482,6305467.6768,904.7683
node-021,2024-01-01 18:33:00,0.0077,8633055.6793,0.0,1.1848,111889.6974,7.9883,6063169.0978,933.2923
node-022,2024-01-01 18:33:00,0.1078,8463588.3357,0.0,0.4959,116074.3591,8.9963,5999789.2539,911.3441
node-023,2024-01-01 18:33:00,0.3213,7406077.1078,5.6377,0.6958,128189.5102,7.0251,5923151.9419,929.8484
node-024,2024-01-01 18:33:00,0.0891,7958351.1659,5.9016,0.6041,113992.4932,9.1227,6209790.5565,915.5007
node-025,2024-01-01 18:33:00,0.6478,9309776.0334,0.0,0.4911,110622.861,7.0301,5998395.2187,917.2646
node-026,2024-01-01 18:33:00,0.1915,6061885.0067,0.6626,0.0928,110539.0664,4.0057,5876229.8679,877.123
node-027,2024-01-01 18:33:00,2.4078,7924431.2788,4.8014,0.6958,94258.5683,5.1087,6231490.7041,905.968
node-028,2024-01-01 18:33:00,0.2786,8637786.7275,4.5401,0.5059,141384.9063,5.0613,6142615.3583,924.3672
node-029,2024-01-01 18:33:00,0.1137,8262425.2007,10.5488,0.9037,104824.2268,8.0208,5936594.4896,947.0515
node-030,2024-01-01 18:33:00,0.0907,8291954.4821,0.0,1.1901,128348.7883,6.0919,6001540.5176,943.7533
node-031,2024-01-01 18:33:00,0.1204,28969166.7339,0.2451,0.0971,0.0,0.0832,11696.4612,0.0
node-032,2024-01-01 18:33:00,0.105,7598609.9261,11.1243,0.7991,89540.1924,7.9753,5778834.9935,925.3723
node-033,2024-01-01 18:33:00,0.8877,7900246.2141,3.2207,0.6785,111035.805,8.02,6119430.3957,925.6706
node-034,2024-01-01 18:33:00,0.164,5201599.6903,0.0151,0.0845,118917.795,1.6849,6066303.3025,884.137
node-035,2024-01-01 18:33:00,0.0907,8967794.5476,0.0,0.4606,136996.4805,7.9977,6204316.4875,933.7615
node-036,2024-01-01 18:33:00,0.4818,8310386.1561,0.0,0.7876,89812.947,6.0524,6133202.5801,934.2933
node-037,2024-01-01 18:33:00,0.0751,8048017.5363,12.15,0.6236,109528.812,7.9403,6166878.2375,927.6844
node-038,2024-01-01 18:33:00,0.0855,7145266.1765,2.498,0.6913,104013.3913,3.0858,6156735.9594,918.5985
node-039,2024-01-01 18:33:00,0.1576,8839103.2975,8.5513,0.49,132713.2971,10.9883,5855508.255,916.0445
node-040,2024-01-01 18:33:00,0.0,5707012.9086,0.0,0.088,160803.5333,5.0716,6031374.1231,832.8524
node-041,2024-01-01 18:33:00,0.1009,8336299.2127,3.8065,0.7528,141901.6563,8.9317,6131447.3232,897.9434
node-042,2024-01-01 18:33:00,0.0811,7709852.2396,10.9624,0.5183,113695.7403,8.138,6044943.7068,922.9129
node-043,2024-01-01 18:33:00,0.2939,9220584.2518,0.8594,0.5186,104719.6173,5.9092,6165169.5509,905.3422
node-044,2024-01-01 18:33:00,0.2109,8266385.5322,10.1276,0.8405,120730.5077,9.9495,6064801.6833,925.578
node-045,2024-01-01 18:33:00,0.097,7641224.8399,0.0157,1.4093,120478.0343,7.9698,6089124.9947,920.5952
node-046,2024-01-01 18:33:00,0.6778,7937136.4869,0.9965,0.5778,106111.726,9.0189,6018690.7137,921.6532
node-047,2024-01-01 18:33:00,0.0966,7685761.6505,0.1213,0.6154,120272.2897,7.4114,5878163.2518,922.1958
node-048,2024-01-01 18:33:00,0.9052,8506555.1149,2.491,0.5035,113398.9196,6.9343,5913998.6115,944.5931
node-049,2024-01-01 18:33:00,0.1999,5389932.3273,0.0234,0.0972,108046.0615,0.0281,5992158.6266,883.1261
node-050,2024-01-01 18:33:00,0.2594,2665886.1284,0.4845,0.1046,135426.5219,0.0,5842957.9927,857.0332
node-051,2024-01-01 18:33:00,0.73,7405223.3068,12.2785,1.2074,163968.4811,10.9834,6069233.9482,927.5299
node-052,2024-01-01 18:33:00,0.0946,8025936.7004,0.0,0.6061,103839.5228,6.955,6042387.6571,917.4109
node-053,2024-01-01 18:33:00,0.0876,7921281.8178,0.0,0.9814,125607.3728,12.8281,5769660.7144,957.0927
node-054,2024-01-01 18:33:00,0.6108,8183456.7228,0.0,0.6216,103619.6575,12.091,6160120.0766,920.2174
node-055,2024-01-01 18:33:00,0.1213,7970891.1078,1.041,0.6416,102562.0639,9.1018,6206254.2592,948.5157
node-056,2024-01-01 18:33:00,0.4239,8254430.307,6.47,0.5937,118515.3723,4.959,5963288.7763,933.8343
node-057,2024-01-01 18:33:00,0.3708,5329743.3461,5.9163,0.9201,117189.3788,14.1074,6117397.9395,918.0182
node-058,2024-01-01 18:33:00,0.0702,8163668.1748,0.1058,1.0042,160186.0705,7.0313,6395118.4302,942.3896
node-059,2024-01-01 18:33:00,0.1072,8539058.9755,11.3483,0.6999,122968.037,6.2753,6214871.6981,935.9236
node-060,2024-01-01 18:33:00,0.2619,8113594.1557,3.5257,5.187,130927.4516,6.9825,5847336.0534,926.0335
node-061,2024-01-01 18:33:00,0.1091,8389836.2515,0.8174,0.7386,118883.8319,7.491,5926594.8381,917.6791
node-062,2024-01-01 18:33:00,0.1847,8131507.7285,10.6926,0.6068,99680.0268,7.8154,5989604.2421,910.4363
node-063,2024-01-01 18:33:00,0.2023,7635584.6557,17.9665,0.8159,119395.7304,8.9268,6219482.6957,922.2413
node-064,2024-01-01 18:33:00,0.3408,7418863.4683,8.0682,0.7267,121050.5433,2.9707,6440652.2235,940.6378
node-065,2024-01-01 18:33:00,0.0838,7819286.1697,0.8525,0.8045,125276.4999,6.9373,6220725.6834,920.9047
node-066,2024-01-01 18:33:00,0.0885,8505716.1656,8.5562,0.82,132220.4036,12.1655,5829932.9996,903.7706
node-067,2024-01-01 18:33:00,0.094,7732549.294,0.2399,0.5528,106668.1497,7.8624,6309472.8914,922.8911
node-068,2024-01-01 18:33:00,3.9275,8133525.4152,11.6834,0.8068,109578.0533,8.0046,6114473.0944,916.5019
node-069,2024-01-01 18:33:00,0.5376,8653980.397,14.3391,0.7222,133949.6448,2.9795,5938326.519,886.8244
node-070,2024-01-01 18:33:00,0.0691,7466599.3944,0.0,0.7008,104954.931,7.9877,6121925.5899,924.5122
node-071,2024-01-01 18:33:00,0.0255,8712164.4995,0.0561,0.5856,115401.8809,7.0369,6059199.9451,927.2549
node-072,2024-01-01 18:33:00,0.1103,101566927.3333,0.5328,0.1139,109234.0933,6.9867,6027508.4031,871.1829
node-073,2024-01-01 18:33:00,0.6058,8059616.1434,0.0,0.6178,129079.47,9.061,5978750.4415,913.7922
node-074,2024-01-01 18:33:00,0.4116,7741434.8121,10.3376,0.5069,120958.2851,11.0404,6199796.4765,945.768
node-075,2024-01-01 18:33:00,0.1813,9085669.097,6.5257,0.5162,141066.5302,3.7655,5968604.322,877.9025
node-076,2024-01-01 18:33:00,0.2454,6284152.5631,0.0,0.1089,102051.9238,1.095,5982669.9813,880.1913
node-077,2024-01-01 18:33:00,0.0863,7662442.496,3.8036,0.7083,121622.2237,4.7696,6091074.0183,922.9314
node-078,2024-01-01 18:33:00,0.0846,7927448.1943,7.4081,0.6688,120226.5212,6.9707,5855920.7692,911.6834
node-079,2024-01-01 18:33:00,0.1035,7989489.3408,0.0,0.895,93778.1969,8.5675,6234342.8146,934.7658
node-080,2024-01-01 18:33:00,0.2995,7549385.3575,0.0,0.7399,123237.2637,7.0297,5748604.5589,932.5714
node-081,2024-01-01 18:33:00,0.0952,7115331.8413,0.0163,0.5107,171297.1361,6.5405,6393938.9783,928.2758
node-082,2024-01-01 18:33:00,0.0041,5699424.0706,0.0,0.0948,107179.2363,3.0684,6168523.4521,876.9221
node-083,2024-01-01 18:33:00,0.1211,7993262.0803,1.0652,0.9043,119948.5109,3.9964,6181126.3869,910.0323
node-084,2024-01-01 18:33:00,0.1143,8514554.5057,14.7312,0.7392,108943.1164,4.8252,6018447.2346,934.2319
node-085,2024-01-01 18:33:00,0.1085,8688403.2153,6.6841,0.6961,95266.6326,8.7694,6216349.0882,902.1705
node-086,2024-01-01 18:33:00,0.0,7987413.0478,9.1408,0.7292,73149.0828,10.7022,6234867.6442,925.3768
node-087,2024-01-01 18:33:00,0.3337,8459785.6471,0.0214,0.6939,103449.0268,9.9146,5956759.2619,895.7063
node-088,2024-01-01 18:33:00,0.111,8065032.707,0.2785,0.4072,97554.6996,7.3552,6272628.1449,922.5699
node-089,2024-01-01 18:33:00,1.1984,8227884.3951,0.0193,1.9203,116852.1431,4.0597,6168512.1328,929.4666
node-090,2024-01-01 18:33:00,0.2847,8865780.1908,0.0,0.6598,159278.2719,2.9024,6305346.7257,930.2921
node-091,2024-01-01 18:33:00,0.3222,8652303.8089,13.6228,0.7995,125758.2158,6.8506,6053892.8349,919.9134
node-092,2024-01-01 18:33:00,0.4985,9237601.3933,0.0,0.5043,133350.446,1.8838,6183716.2838,894.1631
node-093,2024-01-01 18:33:00,0.2911,8773307.1606,5.843,4.8951,144628.9769,8.0546,5735926.0609,930.5517
node-094,2024-01-01 18:33:00,0.3036,8072302.1684,0.0,0.9049,108796.6216,8.0738,6013941.4552,914.3306
node-095,2024-01-01 18:33:00,0.3994,7919296.0389,14.5473,0.5363,90728.435,9.9724,6267771.2335,912.7659
node-096,2024-01-01 18:33:00,0.0972,9335884.2023,0.0,0.4966,122898.541,4.8858,6059481.6512,895.1431
node-097,2024-01-01 18:33:00,0.4851,7771461.6436,0.8143,0.7924,115261.0276,7.1117,6103162.7042,915.9279
node-098,2024-01-01 18:33:00,0.1164,8362602.7782,9.113,0.7214,100757.8264,10.0328,6077835.4505,922.5223
node-099,2024-01-01 18:33:00,0.1199,7441957.7171,11.4893,0.9101,128098.4916,8.0572,5913874.3631,926.5199
node-100,2024-01-01 18:33:00,2.0618,7913401.7003,0.0,0.6451,151649.3969,6.912,6123875.0272,938.2781
node-101,2024-01-01 18:33:00,0.0082,4896730.3287,0.3842,0.0942,89327.3194,2.9169,6131415.5365,891.8545
node-102,2024-01-01 18:33:00,1.3107,7979808.5801,0.2165,0.5253,120480.1255,7.434,6060864.507,939.8753
node-103,2024-01-01 18:33:00,0.8104,7902799.7138,0.8261,0.6235,109946.1164,7.104,6217288.9577,898.7369
node-104,2024-01-01 18:33:00,0.2386,7443386.0098,0.6096,0.9661,111596.4465,7.078,6173405.5985,909.9511
node-105,2024-01-01 18:33:00,0.0909,7971847.7457,9.356,0.6657,184654.0807,12.8498,6229566.977,930.6063
node-106,2024-01-01 18:33:00,0.0984,5295256.2044,0.0687,0.137,120501.1027,1.0171,6528500.2052,927.6114
node-107,2024-01-01 18:33:00,1.6275,6832681.1975,0.0,0.5341,136595.4082,18.9965,6227156.6611,914.4178
node-108,2024-01-01 18:33:00,0.0041,9419336.8722,0.0,0.7002,91431.7206,6.0123,6073603.1752,904.0833
node-109,2024-01-01 18:33:00,0.0122,7874746.4555,0.0,0.5889,123871.9178,3.4775,6235434.0674,927.0321
node-110,2024-01-01 18:33:00,0.0902,8636582.9442,5.259,0.5695,113404.3686,6.9304,6317577.9562,933.7918
node-111,2024-01-01 18:33:00,0.0925,9303576.825,0.0,0.5917,116708.0834,5.0178,6169968.6208,904.8212
node-112,2024-01-01 18:33:00,0.0174,7447871.6618,9.205,0.6543,123969.3134,7.9891,6232258.6857,878.7662
node-113,2024-01-01 18:33:00,0.0914,7711055.935,0.0,0.8229,114244.574,11.0274,6287458.3492,913.7062
node-114,2024-01-01 18:33:00,0.1113,7953211.343,15.8147,0.5,145095.5,8.9258,6269053.2258,911.8888
node-115,2024-01-01 18:33:00,0.7004,7666207.9707,0.0,0.9954,133972.9526,4.9207,6273924.0314,931.1981
node-116,2024-01-01 18:33:00,0.1723,7692627.5933,9.9014,0.3932,118929.4423,10.9474,6029293.0507,914.0005
node-117,2024-01-01 18:33:00,0.3289,9296652.6196,0.3362,0.9399,120150.1287,8.9254,6182500.9733,929.657
node-118,2024-01-01 18:33:00,1.2891,7590268.6267,8.5073,0.7131,99059.7587,12.0244,6146713.9776,929.1042
node-119,2024-01-01 18:33:00,1.078,8800430.0459,1.0795,0.5009,130107.1235,4.9852,6062031.6791,912.601
