nodeId,timestamp,cpu_wio,mem_free,Missed Buffers_P1,cpu_user,bytes_out,proc_run,bytes_in,pkts_out
node-000,2024-01-01 18:34:00,0.0925,7567170.7775,1.1504,0.7885,152094.9759,5.9708,6033255.664,884.6336
node-001,2024-01-01 18:34:00,0.212,7548637.6476,0.0,0.7117,99157.4173,6.9076,6020567.2501,885.4486
node-002,2024-01-01 18:34:00,0.3506,8793398.4022,0.0,0.8936,105616.2842,7.9395,6042855.6089,890.3509
node-003,2024-01-01 18:34:00,1.5803,9470506.2154,4.5596,0.539,114103.3033,7.9821,6354310.0069,888.7718
node-004,2024-01-01 18:34:00,0.1095,8705181.7795,0.0,0.6954,101123.2326,6.0094,5999938.4059,858.9683
node-005,2024-01-01 18:34:00,0.0875,7784395.5031,0.0,0.6818,94511.3336,8.0275,6363358.0731,833.7917
node-006,2024-01-01 18:34:00,0.4113,5966998.2098,9.73,0.1916,113458.6012,2.017,6611630.1897,791.5579
node-007,2024-01-01 18:34:00,0.1202,7202856.6108,6.3231,0.6039,225311.4749,8.9734,6124258.0506,864.1911
node-008,2024-01-01 18:34:00,0.0852,8053563.9819,12.6099,0.5008,96827.1055,0.8986,6272701.374,893.5117
node-009,2024-01-01 18:34:00,6.306,8209638.2993,4.1194,0.5933,130221.7668,9.9818,5930964.2029,924.7483
node-010,2024-01-01 18:34:00,0.1156,8018186.1747,0.5294,1.394,99614.4879,6.9452,5959639.6719,883.765
node-011,2024-01-01 18:34:00,0.2059,7456307.0553,8.5322,0.59,110590.4504,8.1296,6055440.0221,882.3422
node-012,2024-01-01 18:34:00,0.1923,7674412.988,0.3015,0.6046,102234.9502,5.0728,6287867.6768,874.4562
node-013,2024-01-01 18:34:00,0.1426,7623817.202,0.0,0.8075,132887.2307,0.0,7797.1214,885.2126
node-014,2024-01-01 18:34:00,0.1337,9019694.4742,1.1467,0.6766,115358.3409,8.0489,6133830.9743,844.5788
node-015,2024-01-01 18:34:00,0.0048,5554984.3698,0.6419,0.0995,108304.5451,4.0529,5845493.4154,812.5894
node-016,2024-01-01 18:34:00,0.0997,7431268.7893,8.3342,0.6732,102241.6547,1.9445,5983866.8505,894.2398
node-017,2024-01-01 18:34:00,0.317,8924645.6744,0.0,0.7867,179593.5504,3.8726,6072143.6956,899.6683
node-018,2024-01-01 18:34:00,0.1089,8014490.666,9.3188,0.6201,110829.4252,8.9687,6134589.8585,872.3921
node-019,2024-01-01 18:34:00,0.0762,8587762.345,0.0,0.5611,107991.369,6.9301,6117172.0399,879.747
node-020,2024-01-01 18:34:00,0.2374,7754175.6878,0.0,1.105,148843.1268,7.0131,5954488.2943,858.2143
node-021,2024-01-01 18:34:00,0.1126,8605409.7336,0.1146,1.2092,122383.5691,4.9282,6173458.6135,875.4134
node-022,2024-01-01 18:34:00,0.0985,8209305.8049,0.2579,0.4981,111646.341,7.4205,6079755.9929,861.6077
node-023,2024-01-01 18:34:00,0.0606,7624113.2178,5.5645,0.7089,104556.8768,6.9629,6853458.1342,865.9636
node-024,2024-01-01 18:34:00,0.3256,7610524.5434,4.9068,0.5097,119534.5605,9.9645,5989149.8096,839.7337
node-025,2024-01-01 18:34:00,0.4699,9444028.1601,0.2226,0.4832,107635.3476,7.2991,6186695.656,875.7809
node-026,2024-01-01 18:34:00,0.5304,5831055.9448,0.4904,0.0934,66371.8009,4.0204,6025390.7833,789.8936
node-027,2024-01-01 18:34:00,2.393,8261780.4097,6.548,0.7157,120186.7631,8.0193,5788145.1655,910.4223
node-028,2024-01-01 18:34:00,0.3452,8260768.7454,5.9231,4.8056,106705.0899,5.0138,6170961.5096,881.4231
node-029,2024-01-01 18:34:00,0.3168,8390581.0792,9.7816,1.2793,122010.6125,3.9435,6120484.1071,882.3978
node-030,2024-01-01 18:34:00,0.4547,7566957.6762,0.908,0.5241,126733.9515,6.8694,6077698.0024,880.4184
node-031,2024-01-01 18:34:00,0.0529,29055650.2199,0.0,0.3858,342.4695,0.0,139763.1083,12.9927
node-032,2024-01-01 18:34:00,0.1079,7833277.1532,10.5489,0.4984,100385.544,6.9653,6167437.8598,878.3609
node-033,2024-01-01 18:34:00,1.6845,7704397.22,2.9767,0.6673,119322.1675,8.9786,6340293.1745,910.4058
node-034,2024-01-01 18:34:00,0.3076,5051875.1201,0.0,0.1625,116829.1731,2.1113,6013362.9567,855.5665
node-035,2024-01-01 18:34:00,0.6266,8812288.2967,0.1853,0.4893,130452.0163,5.0519,6099459.3629,884.8659
node-036,2024-01-01 18:34:00,0.1035,8368037.9273,0.0458,2.5621,97116.6923,5.9218,5903139.5249,884.3036
node-037,2024-01-01 18:34:00,0.0331,8285457.0691,11.9882,0.4955,122202.1745,2.975,5969331.4356,881.3777
node-038,2024-01-01 18:34:00,0.2897,7443595.2124,2.7776,1.0999,116825.5541,5.9927,6053177.5433,873.5057
node-039,2024-01-01 18:34:00,0.0956,8868553.2963,7.9622,0.4936,94197.8197,11.0819,6176984.2147,882.9716
node-040,2024-01-01 18:34:00,0.0306,5402315.2336,0.8788,0.1819,103180.0155,2.0148,5901319.0138,817.0935
node-041,2024-01-01 18:34:00,1.7785,7887693.2632,4.6758,0.6041,106693.6708,3.9732,5906854.6264,872.9774
node-042,2024-01-01 18:34:00,0.1255,7747295.0535,11.731,1.3101,109339.7629,8.0234,6131352.8536,885.6926
node-043,2024-01-01 18:34:00,0.1977,9095366.535,1.0592,0.615,85134.2871,4.421,6186024.9794,888.6128
node-044,2024-01-01 18:34:00,0.3399,8178014.614,9.5171,0.7265,108125.8764,9.96,6247659.2487,871.7405
node-045,2024-01-01 18:34:00,0.0806,7647441.454,0.0,0.7482,122631.9983,9.0555,6135400.193,853.7017
node-046,2024-01-01 18:34:00,0.1263,7706076.2309,0.0,0.5989,111824.1171,9.0668,5834975.6167,881.6416
node-047,2024-01-01 18:34:00,0.4692,7937866.1267,0.2069,0.4376,103551.7571,6.1321,6123817.3363,881.4926
node-048,2024-01-01 18:34:00,0.9661,8535194.5995,1.3971,0.2668,106659.0698,6.2568,6032685.4768,875.6226
node-049,2024-01-01 18:34:00,0.2792,5216130.9849,0.05,0.1069,112482.7306,3.9744,6299990.6512,824.204
node-050,2024-01-01 18:34:00,0.1452,2609501.5555,0.7149,0.189,142552.7314,3.9685,6158569.6839,806.7976
node-051,2024-01-01 18:34:00,0.3045,7878271.9998,9.6537,1.6387,158594.4003,6.114,5887642.4063,874.2588
node-052,2024-01-01 18:34:00,0.6785,8574554.3319,0.0,0.5256,123598.4614,6.0805,6033635.2741,880.3018
node-053,2024-01-01 18:34:00,0.2858,8540762.2407,0.7511,0.894,92400.2752,4.0336,6348441.833,880.1346
node-054,2024-01-01 18:34:00,0.0173,7439936.378,0.0,0.7949,88284.387,4.9106,5934911.9333,879.4817
node-055,2024-01-01 18:34:00,0.0698,8067896.6322,0.073,0.6808,115847.0353,8.0388,5994081.1197,874.0917
node-056,2024-01-01 18:34:00,0.2107,8037697.7123,6.1156,0.7199,176533.695,6.5006,6290043.3343,872.1154
node-057,2024-01-01 18:34:00,0.0769,5039040.5918,6.8066,0.7797,109626.7693,3.9724,5995717.5285,869.9897
node-058,2024-01-01 18:34:00,8.6956,7788679.3664,0.0,0.5987,156319.3162,10.9256,6117533.747,873.6583
node-059,2024-01-01 18:34:00,0.3517,8736892.238,10.0164,0.7258,126491.261,5.4095,5973298.8266,938.7819
node-060,2024-01-01 18:34:00,2.209,7762398.7584,3.8711,5.2089,123612.357,6.7317,6005580.0454,888.3768
node-061,2024-01-01 18:34:00,0.0851,7887103.0598,0.5923,0.913,125138.3249,6.9553,6205210.3578,894.3824
node-062,2024-01-01 18:34:00,1.4583,7388774.9839,10.3141,0.5958,118881.2152,6.0516,6122559.7413,885.1711
node-063,2024-01-01 18:34:00,0.0942,7696627.841,17.2103,0.6862,113301.8074,8.878,6127856.7302,869.4859
node-064,2024-01-01 18:34:00,0.4114,7134777.7021,7.5384,0.6805,114778.4808,7.0911,5967308.564,898.2675
node-065,2024-01-01 18:34:00,0.0963,8006623.5537,0.5339,0.7922,119486.8674,6.0551,6020473.147,900.6345
node-066,2024-01-01 18:34:00,0.1171,8557597.3844,7.58,0.8144,122636.1132,5.8558,6105734.7917,869.3794
node-067,2024-01-01 18:34:00,0.1306,7850958.0766,0.1395,0.7028,103540.1065,3.9375,6391443.9243,920.7135
node-068,2024-01-01 18:34:00,0.092,8021819.9386,12.258,0.604,129172.8659,8.954,6044384.5685,873.2328
node-069,2024-01-01 18:34:00,1.3171,8338547.4459,14.4227,0.6162,93999.1005,7.9666,6047991.8991,847.4806
node-070,2024-01-01 18:34:00,0.109,7609783.0834,0.0,0.7049,136397.7136,2.9543,6058368.0679,876.314
node-071,2024-01-01 18:34:00,0.0,8093505.8604,1.2394,0.7688,117286.9177,7.0167,6002191.6817,871.6605
node-072,2024-01-01 18:34:00,0.5057,101851589.5068,0.0,0.0985,102631.4099,1.016,6192590.3952,801.9742
node-073,2024-01-01 18:34:00,0.2997,7728051.3075,0.8223,0.6055,107476.071,3.1047,6553012.1797,863.5799
node-074,2024-01-01 18:34:00,0.1683,7671729.1768,10.7154,0.5027,119718.4472,9.1279,5909021.9414,894.461
node-075,2024-01-01 18:34:00,0.5182,9305577.8291,6.2294,0.5025,116227.5248,2.0332,6143481.3948,864.8814
node-076,2024-01-01 18:34:00,0.1899,6329546.3727,0.0,0.082,123758.3825,4.054,6201129.5928,792.0524
node-077,2024-01-01 18:34:00,0.1126,7812825.7895,4.1749,0.7648,140882.9174,4.0112,6080466.4684,912.659
node-078,2024-01-01 18:34:00,0.1077,8020535.3219,8.0204,0.5894,119867.2029,5.0378,5885708.0671,872.8212
node-079,2024-01-01 18:34:00,0.1188,7851828.654,1.2089,0.7282,112147.7,7.9909,5895607.4284,863.4966
node-080,2024-01-01 18:34:00,0.1024,7799662.1643,1.0431,0.896,83681.5537,5.1214,6235258.0197,843.677
node-081,2024-01-01 18:34:00,0.9102,7615156.0991,0.0,0.3594,150846.8149,7.0914,6065675.473,824.8785
node-082,2024-01-01 18:34:00,0.0,5536923.8938,0.0,0.1057,95159.9675,2.6575,5972564.3881,831.8532
node-083,2024-01-01 18:34:00,0.3908,7723814.2506,0.0,0.7904,128376.897,9.0154,6138578.5981,904.4836
node-084,2024-01-01 18:34:00,0.0948,8258398.2976,13.0162,0.6875,132602.3736,7.0668,6128335.8255,871.2729
node-085,2024-01-01 18:34:00,0.0944,8484565.2128,6.5731,0.5995,85748.9895,6.0403,5871190.207,857.9073
node-086,2024-01-01 18:34:00,0.4182,7712463.887,8.3019,0.7168,116147.2211,4.9031,5806726.0682,869.8713
node-087,2024-01-01 18:34:00,0.2722,8551909.4621,0.1546,0.7998,116756.8124,6.0283,6205611.3841,837.6409
node-088,2024-01-01 18:34:00,0.3872,7776515.0296,0.5441,0.6898,149465.8453,7.9074,5821616.7405,848.2507
node-089,2024-01-01 18:34:00,2.168,8171756.6507,0.0,1.2172,100687.1095,7.0804,6016656.994,852.0956
node-090,2024-01-01 18:34:00,0.1983,8976701.0218,0.0,0.5095,136211.5086,6.0859,6113809.8247,896.4352
node-091,2024-01-01 18:34:00,0.3975,8234665.3682,13.6415,0.7836,108999.319,5.8493,6137678.8329,884.8538
node-092,2024-01-01 18:34:00,0.0989,9313627.896,0.0,0.5929,142225.903,5.857,5989209.7649,848.7615
node-093,2024-01-01 18:34:00,0.1031,8640498.9213,5.1254,0.4929,93707.0488,3.9398,6214977.5861,871.6535
node-094,2024-01-01 18:34:00,0.1126,8062157.9017,1.2565,0.8933,111994.6953,7.4877,5830022.6347,872.8754
node-095,2024-01-01 18:34:00,0.389,7572982.3765,13.0737,0.5918,110203.8116,8.4452,5867260.8417,876.0766
node-096,2024-01-01 18:34:00,0.4873,9202333.3937,0.0,0.6737,112905.8481,9.0001,6132777.6941,880.6059
node-097,2024-01-01 18:34:00,3.1063,7667995.5144,0.0,0.8101,113752.486,5.4266,6156455.168,906.8711
node-098,2024-01-01 18:34:00,0.1162,8192053.119,7.1446,1.0183,109943.5614,6.0143,6099388.3841,878.0177
node-099,2024-01-01 18:34:00,0.1003,7349365.8184,10.9857,0.6441,110289.318,10.0462,6114855.0407,861.6181
node-100,2024-01-01 18:34:00,2.3229,7793040.4337,0.6314,0.5527,160029.4689,3.0225,5954730.8571,874.6482
node-101,2024-01-01 18:34:00,0.3208,4800659.185,0.2881,0.1113,83559.7572,3.5749,5973783.0046,838.3625
node-102,2024-01-01 18:34:00,0.0928,8314101.416,0.0,0.6825,107802.7893,5.8907,6188261.909,874.9095
node-103,2024-01-01 18:34:00,0.7192,8068390.0162,0.0,0.5216,109478.5242,4.9771,6012495.3018,828.533
node-104,2024-01-01 18:34:00,0.1132,7859527.5689,0.9572,0.9675,103292.7756,6.1719,5912620.6403,825.137
node-105,2024-01-01 18:34:00,1.8948,8368610.6956,8.9392,0.6926,170402.0174,5.96,5987116.2151,881.5753
node-106,2024-01-01 18:34:00,0.3549,4906186.583,0.0,0.1963,121077.9068,1.9975,6106836.3289,829.975
node-107,2024-01-01 18:34:00,1.2332,7162832.1645,0.1751,0.634,108345.2103,11.0745,5888126.124,882.8147
node-108,2024-01-01 18:34:00,0.1133,9352960.82,0.5208,0.6924,110359.2443,6.9083,6063507.743,891.7548
node-109,2024-01-01 18:34:00,0.1475,8229812.1622,0.0,0.8827,103194.2735,9.1037,6103443.4644,895.2795
node-110,2024-01-01 18:34:00,0.5037,7998517.3394,5.5729,0.823,89997.8412,4.9537,6015313.2287,885.832
node-111,2024-01-01 18:34:00,0.0965,9118423.5352,0.0,0.6924,109092.1265,6.9386,5918331.026,872.6609
node-112,2024-01-01 18:34:00,0.112,7587543.5327,9.9912,0.5643,115676.5405,7.0519,5899429.7385,836.5729
node-113,2024-01-01 18:34:00,0.7943,8008628.6412,1.557,0.7692,99137.7823,8.7384,5965641.7305,861.2384
node-114,2024-01-01 18:34:00,0.1404,7478296.8507,14.9878,0.6605,142290.7528,5.1758,5955108.9025,884.5369
node-115,2024-01-01 18:34:00,0.6948,7688828.0566,0.6894,0.9883,120354.8859,6.0629,5540446.4097,822.1286
node-116,2024-01-01 18:34:00,0.0972,7982088.7699,9.4811,0.5032,102193.0102,9.0182,5954152.0153,887.1313
node-117,2024-01-01 18:34:00,0.1713,9024017.9411,1.0958,0.8824,119302.6536,5.8923,5981048.9855,888.351
node-118,2024-01-01 18:34:00,1.1464,8063777.6185,8.2819,0.9121,121443.1185,15.9593,5794812.1737,860.3438
node-119,2024-01-01 18:34:00,0.1438,8796353.0641,0.0,0.4214,120440.8465,4.9508,5913666.5937,886.6123
node-000,2024-01-01 18:35:00,0.1323,7748779.8272,0.0,0.7414,187871.2856,9.0711,6220162.8677,922.701
node-001,2024-01-01 18:35:00,0.1033,7753971.6526,0.0,0.8054,104697.3904,6.2303,6117736.1421,853.9415
node-002,2024-01-01 18:35:00,0.1245,9222688.5074,0.0,0.7151,119897.8269,6.0439,6319387.6405,891.9566
node-003,2024-01-01 18:35:00,1.4168,9465417.5381,4.7806,0.5052,97889.3841,8.0222,5996426.3797,887.5426
node-004,2024-01-01 18:35:00,0.1148,8201394.758,0.3939,0.6326,121980.1754,6.5963,6071855.8804,911.5397
node-005,2024-01-01 18:35:00,0.0,7695342.2075,0.8856,0.6264,106098.9583,1.9818,5907775.924,862.9382
node-006,2024-01-01 18:35:00,0.4755,5452883.0146,10.8163,0.127,121717.1967,5.0645,6116230.4686,860.6603
node-007,2024-01-01 18:35:00,0.7838,7100698.1478,7.5674,0.9006,151392.1665,8.7256,5897784.5595,883.0855
node-008,2024-01-01 18:35:00,0.327,7733801.6333,13.0398,0.7144,116498.6184,3.0024,5803591.9867,899.5117
node-009,2024-01-01 18:35:00,1.0216,8363233.4651,4.0366,0.8887,112004.6863,6.0324,6285230.0413,888.5102
node-010,2024-01-01 18:35:00,0.0998,8217699.2205,0.0,1.3277,121979.6426,7.2602,5972606.9598,898.499
node-011,2024-01-01 18:35:00,0.6101,7833646.1318,7.5487,0.4957,114191.7174,10.011,6102188.0394,918.1339
node-012,2024-01-01 18:35:00,0.725,7876443.9934,0.0423,0.6987,100693.4398,1.2155,6110134.9707,888.1517
node-013,2024-01-01 18:35:00,0.0971,7809924.69,0.7177,0.6856,142293.3013,0.0,36709.8903,920.8161
node-014,2024-01-01 18:35:00,0.4408,9377496.1404,0.0,0.5324,113979.782,5.9136,6130503.0081,863.6507
node-015,2024-01-01 18:35:00,0.0,5356584.1074,0.8188,0.1069,89401.2883,2.9769,6041005.7728,838.0144
node-016,2024-01-01 18:35:00,0.0951,7434591.4648,8.1968,0.6864,133285.3225,9.9619,5956792.9664,936.2577
node-017,2024-01-01 18:35:00,1.0964,8990957.3456,0.0001,0.5653,140441.8755,6.0227,6042160.9351,908.3703
node-018,2024-01-01 18:35:00,0.0977,8502088.9977,9.1059,0.5685,116411.5282,7.9853,6179783.5323,872.7916
node-019,2024-01-01 18:35:00,0.1016,8202280.8123,0.0,0.3949,109346.2109,9.0097,5807910.9392,873.2116
node-020,2024-01-01 18:35:00,0.9319,7787684.2197,0.7388,0.9915,148416.9453,10.119,6154315.711,882.7953
node-021,2024-01-01 18:35:00,0.0804,8238735.7276,0.097,1.1875,112450.7441,10.9745,5927144.8596,911.0242
node-022,2024-01-01 18:35:00,0.0757,8489631.1325,1.0305,0.5161,65030.6441,7.1028,5949437.6913,925.5526
node-023,2024-01-01 18:35:00,1.7914,7501792.6213,6.3947,0.6017,98921.9884,6.165,6032049.3518,981.7114
node-024,2024-01-01 18:35:00,0.0915,7451882.343,5.0216,0.5066,108408.0296,5.9759,6323502.0838,884.7725
node-025,2024-01-01 18:35:00,0.0,9166494.6198,0.0,0.3646,141721.0787,7.9946,6018818.2372,901.8783
node-026,2024-01-01 18:35:00,0.1049,5969886.6592,0.0,0.1097,147829.9006,4.1112,6145470.7795,880.062
node-027,2024-01-01 18:35:00,2.38,8162720.222,7.3205,0.6963,119073.646,9.1293,6110447.0434,916.0039
node-028,2024-01-01 18:35:00,0.6198,8754532.0638,4.8415,2.3111,112441.2883,8.0335,6188479.5895,900.7981
node-029,2024-01-01 18:35:00,0.0922,8155336.0502,10.6214,0.5336,84741.2519,9.0299,6080908.5108,925.8378
node-030,2024-01-01 18:35:00,0.692,7842327.1485,0.0,0.6206,116406.7549,6.9226,6158454.2878,929.519
node-031,2024-01-01 18:35:00,0.0,29112909.621,0.1341,0.4067,442.0741,0.0,39066.359,2.3685
node-032,2024-01-01 18:35:00,0.0,7970116.1428,9.7891,0.6775,114069.9505,6.9305,6047629.8788,919.6982
node-033,2024-01-01 18:35:00,0.1321,7517588.9963,3.8739,0.9094,111010.8018,5.0416,5864651.7806,902.6715
node-034,2024-01-01 18:35:00,0.5044,5225152.2998,0.0,0.0941,122115.4774,3.0011,6069068.2008,835.3652
node-035,2024-01-01 18:35:00,0.3373,8848113.9452,0.3964,0.4506,106061.2459,8.0832,6136009.4245,904.2706
node-036,2024-01-01 18:35:00,2.9298,8033410.9676,0.6006,6.6991,117845.677,5.9456,6147270.9323,912.4184
node-037,2024-01-01 18:35:00,2.0849,8419509.5045,12.146,0.5054,99599.624,4.0557,6038570.9179,901.7874
node-038,2024-01-01 18:35:00,0.3154,7168720.2755,2.2408,0.4044,108365.6996,7.0764,6175807.5465,894.228
node-039,2024-01-01 18:35:00,0.1182,8491900.3411,8.0463,0.4881,94773.5498,3.9366,6151239.4187,926.5838
node-040,2024-01-01 18:35:00,0.0103,5970113.6952,0.6725,0.0922,170192.225,0.935,6175876.6551,824.6369
node-041,2024-01-01 18:35:00,0.9889,7930092.8437,4.9433,0.7856,134559.5288,8.0278,5856120.2546,929.6335
node-042,2024-01-01 18:35:00,0.1984,7787479.0224,10.8908,0.4026,67234.0063,9.0242,5959929.9908,920.6754
node-043,2024-01-01 18:35:00,0.9045,8997567.2209,0.6153,0.4173,103637.8815,3.8772,6016399.1553,887.2542
node-044,2024-01-01 18:35:00,0.9307,7188989.7742,9.9968,0.7156,113913.9039,5.9931,5873239.6151,924.9075
node-045,2024-01-01 18:35:00,0.0734,7793544.2372,0.0,0.8745,111268.7639,9.2832,5814658.9019,922.6842
node-046,2024-01-01 18:35:00,0.5974,7956524.3819,0.0,0.6935,110827.1606,7.0662,6057096.4593,901.8712
node-047,2024-01-01 18:35:00,0.1187,7696753.5767,0.0,0.7381,107126.0423,5.0481,6258305.9019,896.1872
node-048,2024-01-01 18:35:00,0.1106,8345938.4552,1.9577,1.2026,88680.0248,5.9831,6208444.2064,917.5473
node-049,2024-01-01 18:35:00,0.0915,5632672.746,0.0139,0.0889,91929.7991,3.9954,5968809.7697,853.4802
node-050,2024-01-01 18:35:00,0.4045,2330903.2963,0.0,0.0837,117367.54,5.9908,5796026.7535,867.2699
node-051,2024-01-01 18:35:00,0.0223,7015802.7069,11.4365,1.593,159767.0503,7.2097,6217030.0336,901.2064
node-052,2024-01-01 18:35:00,0.1135,7958339.1322,0.0,0.6194,143328.4784,5.5065,6079228.3037,907.3858
node-053,2024-01-01 18:35:00,0.3336,8241227.7477,0.0,0.8932,123950.5799,8.0638,6114313.5911,916.9196
node-054,2024-01-01 18:35:00,0.024,7513197.2255,1.5912,5.8845,121287.2225,5.7288,6208584.3691,918.9035
node-055,2024-01-01 18:35:00,1.2234,7453612.5837,0.0,0.6117,120405.6958,8.103,5914203.2122,874.5123
node-056,2024-01-01 18:35:00,0.0764,8152224.1254,6.1528,1.2877,118774.4778,7.0292,5909082.0859,916.2023
node-057,2024-01-01 18:35:00,0.0,5154611.9181,7.4704,1.1143,111478.3761,3.9696,5953751.0845,883.8193
node-058,2024-01-01 18:35:00,7.0222,7898935.6104,0.1326,0.5465,134038.0464,7.0493,6175673.9232,915.5239
node-059,2024-01-01 18:35:00,0.0006,8855462.833,10.1631,0.8064,115695.762,7.0857,6188404.9612,894.9861
node-060,2024-01-01 18:35:00,1.8076,7925545.1989,4.9455,0.9016,118695.7993,5.9866,5968735.9389,908.3183
node-061,2024-01-01 18:35:00,0.0994,7954351.2639,0.9901,0.8179,125859.3552,5.0124,5878524.4904,904.3283
node-062,2024-01-01 18:35:00,1.7848,7842052.6532,11.8032,0.7102,141665.6176,9.9949,5884817.3998,872.7327
node-063,2024-01-01 18:35:00,0.1076,8389468.178,17.4218,0.6864,103420.9489,4.998,5864447.5049,905.5115
node-064,2024-01-01 18:35:00,0.4397,7556912.8655,7.9187,0.7987,97167.2925,19.0689,6124487.4041,903.1331
node-065,2024-01-01 18:35:00,0.0,7956813.0518,0.2733,0.7835,106961.1663,4.0012,6264102.3873,916.3263
node-066,2024-01-01 18:35:00,0.1711,8709912.5462,8.0673,0.9671,103709.5618,5.0854,6238670.2643,913.3875
node-067,2024-01-01 18:35:00,0.1042,7684761.8335,0.0,0.6892,121864.512,4.8052,6094496.9899,874.3897
node-068,2024-01-01 18:35:00,0.1942,8306777.285,12.258,0.7931,123056.6602,7.9175,6349032.7143,923.0951
node-069,2024-01-01 18:35:00,0.1045,8993638.7464,13.7641,1.014,86550.9923,8.0891,5889657.8496,880.4787
node-070,2024-01-01 18:35:00,0.6012,7558042.5297,0.0,0.7032,103570.9349,8.9141,5981176.9328,900.0591
node-071,2024-01-01 18:35:00,1.795,8047323.1665,0.0,1.1995,116202.2281,9.9752,6091328.5278,894.7745
node-072,2024-01-01 18:35:00,0.0201,101718694.6007,0.9306,0.0788,100397.679,0.9731,5959669.5059,841.5148
node-073,2024-01-01 18:35:00,0.3876,8005474.177,0.4993,0.7768,115526.5276,2.9204,5940212.8256,857.4838
node-074,2024-01-01 18:35:00,0.6868,7772237.1,11.3174,0.7136,163154.1057,7.6403,6143825.33,909.2792
node-075,2024-01-01 18:35:00,0.2875,8750153.7711,8.3972,0.5081,95293.799,6.969,6095461.1017,887.199
node-076,2024-01-01 18:35:00,0.1813,6501916.8797,0.1209,0.1015,123342.0616,3.929,6080038.2165,859.0508
node-077,2024-01-01 18:35:00,0.1077,7858157.8597,3.7072,0.9333,117079.0988,8.959,6116208.6797,916.2631
node-078,2024-01-01 18:35:00,0.1154,7917935.6223,7.6976,0.8226,103614.7513,6.0369,6125122.8272,886.9944
node-079,2024-01-01 18:35:00,0.0609,7850775.7043,0.0,1.0186,121013.2002,3.8819,6281371.1146,899.4892
node-080,2024-01-01 18:35:00,0.0842,7631905.5669,0.7003,0.8297,102140.0049,6.8926,6115321.9297,915.1075
node-081,2024-01-01 18:35:00,0.1054,7690489.0155,0.0,0.4964,91496.4771,2.9104,6194449.4531,887.7728
node-082,2024-01-01 18:35:00,0.0,6066917.021,0.9429,0.129,114646.4619,2.1155,6111949.7474,867.6618
node-083,2024-01-01 18:35:00,0.2009,8361983.1654,0.0,0.6809,121833.7138,9.7918,5864863.1408,912.2039
node-084,2024-01-01 18:35:00,2.2107,8445290.1527,14.5855,0.6978,114824.786,7.0784,6020382.7283,921.4287
node-085,2024-01-01 18:35:00,0.0946,8596092.6883,6.1616,1.3143,141208.0539,5.1404,6020932.6096,895.8149
node-086,2024-01-01 18:35:00,0.3478,7642477.6027,7.9252,0.7138,115147.0195,9.9976,6078502.2521,905.7025
node-087,2024-01-01 18:35:00,0.1029,7864612.6417,0.4731,0.9935,147678.2558,6.4488,5964260.7676,852.7118
node-088,2024-01-01 18:35:00,0.3901,8138202.2647,0.0,0.7121,94706.2068,7.9237,6711007.9415,960.4247
node-089,2024-01-01 18:35:00,0.8068,7943219.0132,0.8058,1.3136,114801.4956,10.006,6172612.3246,911.1071
node-090,2024-01-01 18:35:00,1.4958,9191754.2767,1.6805,0.7041,153959.3114,6.8125,6125016.8103,917.0304
node-091,2024-01-01 18:35:00,0.618,8471592.065,13.353,0.6879,111371.8665,3.0199,6221546.414,938.8475
node-092,2024-01-01 18:35:00,0.0,8842757.8944,0.0,0.312,110614.0416,11.915,6280427.6876,890.1122
node-093,2024-01-01 18:35:00,0.098,9358957.7189,6.5765,0.5044,104940.1688,4.0153,6296503.001,917.0262
node-094,2024-01-01 18:35:00,0.089,7993157.1613,0.0697,0.7943,108771.1138,7.0251,6225987.3422,891.6512
node-095,2024-01-01 18:35:00,0.6132,7365522.9006,14.8377,0.611,105334.2233,3.9092,6189310.7523,894.7278
node-096,2024-01-01 18:35:00,5.5033,9318319.2336,0.2499,0.538,91914.0754,7.9216,6171934.8844,870.1229
node-097,2024-01-01 18:35:00,3.0726,7526453.2371,0.0,0.8168,118840.648,5.0459,6069799.6793,916.2907
node-098,2024-01-01 18:35:00,1.1826,8469094.2519,7.358,0.7673,102115.6357,8.9663,6021320.4529,882.1094
node-099,2024-01-01 18:35:00,0.1075,7786695.3659,11.7688,0.6921,77996.6257,6.9022,5936737.3571,904.5812
node-100,2024-01-01 18:35:00,0.0909,7385288.3845,0.0,0.4424,126266.0275,6.8835,6133057.2362,928.8142
node-101,2024-01-01 18:35:00,0.3018,4893045.5282,0.0,0.0892,102690.696,5.1066,6134998.0561,877.6522
node-102,2024-01-01 18:35:00,0.2063,8291377.8666,0.0,0.5961,120192.199,6.0558,5962406.5614,908.3605
node-103,2024-01-01 18:35:00,0.0986,8041067.0527,1.9997,0.5062,111929.9496,5.576,6188601.011,860.6054
node-104,2024-01-01 18:35:00,0.2025,7300981.1498,0.8215,0.6721,120159.0991,7.4268,6075213.213,908.191
node-105,2024-01-01 18:35:00,0.1062,8728546.5414,8.9964,0.5077,151136.0182,7.0391,6177600.0885,883.435
node-106,2024-01-01 18:35:00,0.1902,5311404.0583,0.0,0.2016,123538.9117,3.3259,6074188.2683,857.6154
node-107,2024-01-01 18:35:00,0.0,7207962.0434,0.0,0.6237,107608.4046,10.7179,6038888.4703,894.4409
node-108,2024-01-01 18:35:00,0.0872,9767319.9635,0.0,0.6206,118983.26,6.7837,6054317.9263,904.7943
node-109,2024-01-01 18:35:00,0.6955,8179466.1147,0.0,0.6651,101491.3627,2.9312,5965935.5519,897.2687
node-110,2024-01-01 18:35:00,1.0946,8189955.7234,3.4258,1.0661,119093.1761,9.0008,6045905.2409,923.2168
node-111,2024-01-01 18:35:00,0.4215,8918151.4265,0.061,0.7148,107540.8832,10.9374,6076083.5357,882.204
node-112,2024-01-01 18:35:00,0.2986,7500241.4977,11.0114,0.3927,116764.3599,5.9981,6129875.0236,855.1126
node-113,2024-01-01 18:35:00,1.6769,7935353.7529,0.0,0.7979,137832.1266,8.0169,6078254.519,903.3588
node-114,2024-01-01 18:35:00,2.7485,7362423.0153,15.2994,0.3859,139776.3182,4.9972,6023435.6438,888.7787
node-115,2024-01-01 18:35:00,0.7888,7778379.8835,0.6762,0.6274,121984.2531,2.9928,6343880.4169,939.735
node-116,2024-01-01 18:35:00,0.2568,7630943.7042,8.5152,0.7926,105597.5394,4.9519,6838772.3589,888.346
node-117,2024-01-01 18:35:00,0.3274,9468492.9523,0.0,1.2032,130555.9857,6.7649,6178264.7012,908.3654
node-118,2024-01-01 18:35:00,0.0978,7808000.8459,7.7891,0.6964,88282.7227,4.9977,5941643.9032,877.1069
node-119,2024-01-01 18:35:00,0.0782,9262212.7248,0.5783,0.5406,102487.5345,5.0616,5957565.7801,902.7902
node-000,2024-01-01 18:36:00,1.502,7781211.0162,1.3665,1.5121,174401.8952,10.9255,6028444.52,888.9607
node-001,2024-01-01 18:36:00,0.7586,7583980.0649,0.0,0.6066,117388.7727,3.9494,6218743.3012,834.0269
node-002,2024-01-01 18:36:00,0.4096,8892219.5144,0.0,0.7634,138101.9816,6.6355,6152782.8485,894.1543
node-003,2024-01-01 18:36:00,0.2758,9204813.3119,3.4052,0.5528,65449.0192,7.9623,6195881.318,867.2543
node-004,2024-01-01 18:36:00,0.1007,8294238.2748,0.0,0.6092,107317.6652,8.9361,5954532.5497,850.762
node-005,2024-01-01 18:36:00,0.0904,7659344.443,0.0,0.5776,121365.2478,3.8843,6164619.6679,839.3769
node-006,2024-01-01 18:36:00,0.9631,6138878.0524,10.0679,0.0889,110321.8513,2.0292,6031271.9687,891.2299
node-007,2024-01-01 18:36:00,0.1296,7325921.4332,6.3897,0.4881,145015.7916,7.9935,6080186.2952,846.4564
node-008,2024-01-01 18:36:00,0.097,7874497.8121,12.5548,0.6086,117970.8106,9.0524,6553103.0118,946.5913
node-009,2024-01-01 18:36:00,0.3076,8295006.9495,2.6149,0.9012,133439.1488,8.0482,5802712.0675,878.7275
node-010,2024-01-01 18:36:00,0.2976,8081108.6447,0.0,1.5601,130017.8238,8.0664,5968671.2749,885.3608
node-011,2024-01-01 18:36:00,0.0979,7517205.2549,7.8154,0.5981,116885.5251,5.0637,5966904.0001,903.994
node-012,2024-01-01 18:36:00,2.8019,6984258.1973,0.0,0.5738,154402.0784,8.9724,6248979.6009,936.8274
node-013,2024-01-01 18:36:00,0.4026,7664743.8758,0.0,1.6926,150038.6413,0.0,0.0,887.2499
node-014,2024-01-01 18:36:00,0.7018,9318240.756,0.2937,1.1795,111402.6503,6.0169,6006525.0863,842.8598
node-015,2024-01-01 18:36:00,0.29,5350503.7731,0.7058,0.1041,126599.9655,0.0278,5765456.7719,771.7872
node-016,2024-01-01 18:36:00,0.3907,7617807.3216,6.5972,0.6144,118964.3584,9.9718,6233667.7928,846.3505
node-017,2024-01-01 18:36:00,0.3328,8543974.4876,0.0,0.442,145166.5797,7.362,6113216.1196,880.9866
node-018,2024-01-01 18:36:00,0.2161,8195550.5736,9.6577,0.7547,87843.9429,7.9689,5883759.8027,846.901
node-019,2024-01-01 18:36:00,0.1374,7985822.425,0.2201,0.8548,119696.6259,6.8704,6097202.391,821.0444
node-020,2024-01-01 18:36:00,0.084,8014718.0321,0.1605,1.2898,157475.6092,9.9849,5929299.9518,900.2725
node-021,2024-01-01 18:36:00,1.9865,8086690.1431,0.0412,1.177,90061.4032,7.292,6199680.3703,881.6767
node-022,2024-01-01 18:36:00,0.0937,8665980.8105,0.0,0.7079,131961.342,8.0668,5958518.2379,898.6681
node-023,2024-01-01 18:36:00,0.0406,7424884.7927,7.1234,1.2888,114377.2537,7.1295,6002117.6294,889.9683
node-024,2024-01-01 18:36:00,1.6994,7841481.7201,4.1571,0.7113,120804.9421,8.9659,5846688.2111,862.9426
node-025,2024-01-01 18:36:00,0.0969,9306458.3508,1.7894,0.6927,92483.6675,3.9636,6213483.0242,929.2028
node-026,2024-01-01 18:36:00,0.1047,5817630.0921,0.0,0.1233,71533.104,1.9676,5922142.9887,811.3694
node-027,2024-01-01 18:36:00,2.4033,8159865.9577,6.1935,0.6245,134186.0277,5.0944,6234962.2655,832.0552
node-028,2024-01-01 18:36:00,1.4243,8302254.5774,5.6544,0.5666,117617.2661,7.9943,6042667.3978,862.4936
node-029,2024-01-01 18:36:00,0.2079,8131602.7721,9.7207,1.0367,117283.7439,9.0202,5913983.7032,896.554
node-030,2024-01-01 18:36:00,0.4019,8231582.0244,0.3452,0.4579,91087.7554,7.9554,5941378.3453,903.9837
node-031,2024-01-01 18:36:00,0.3111,29125140.598,0.0,0.0,330.8483,0.0,10854.7104,22.9231
node-032,2024-01-01 18:36:00,0.1001,7596459.1743,10.8689,0.8212,114637.096,7.9398,6126335.2995,902.0385
node-033,2024-01-01 18:36:00,0.207,7860804.0844,2.8493,0.9036,109272.9338,8.9283,6087310.3063,894.6121
node-034,2024-01-01 18:36:00,0.54,5249133.5821,0.0,0.0895,107638.4275,1.0278,5918061.7956,811.0
node-035,2024-01-01 18:36:00,0.0913,9103085.7857,0.0,0.542,128708.5827,8.0578,6096585.5599,872.1883
node-036,2024-01-01 18:36:00,2.0984,8056785.8273,0.2691,2.3682,107198.5087,10.0831,5937506.9637,857.0862
node-037,2024-01-01 18:36:00,0.1004,8204520.9331,12.5905,0.6732,102217.0481,7.958,6092528.4228,902.1417
node-038,2024-01-01 18:36:00,0.398,7146602.2775,3.488,0.4924,110170.708,6.1817,5912758.6526,899.0112
node-039,2024-01-01 18:36:00,0.1105,8376080.3416,9.104,0.503,104601.6562,7.1412,6007630.5845,892.0224
node-040,2024-01-01 18:36:00,0.1053,5157131.1981,0.371,0.1199,139675.4182,0.0866,6023244.8543,816.2245
node-041,2024-01-01 18:36:00,0.1186,7631896.7686,5.8984,0.5019,125606.0015,7.7675,6213048.44,875.4572
node-042,2024-01-01 18:36:00,0.1827,7781473.7022,10.4213,0.4123,116574.4893,5.0666,6311587.9558,877.9625
node-043,2024-01-01 18:36:00,2.3761,9078423.3599,0.1953,0.3043,115443.6291,1.9032,5954052.6556,863.9373
node-044,2024-01-01 18:36:00,1.0089,7989344.9715,9.1039,0.3927,138317.9986,9.9805,6200515.9051,865.2622
node-045,2024-01-01 18:36:00,0.7972,8026554.9104,0.0,0.8881,114247.4166,9.9729,6000743.9882,850.0898
node-046,2024-01-01 18:36:00,0.5052,7422488.6125,0.6215,0.6852,98675.4101,7.0275,6196155.556,902.9405
node-047,2024-01-01 18:36:00,1.1364,7593927.815,0.2222,0.525,113518.9289,7.0112,6164333.0191,859.8968
node-048,2024-01-01 18:36:00,0.105,7758460.2468,1.4608,0.6592,117696.1497,3.9344,5937226.031,918.4183
node-049,2024-01-01 18:36:00,0.204,5112856.0417,0.0,0.1207,107151.7106,3.7997,6181534.6743,816.9887
node-050,2024-01-01 18:36:00,0.1805,2396346.0968,0.108,0.1477,97584.6616,5.0379,5928735.6283,810.1657
node-051,2024-01-01 18:36:00,0.0678,7174982.4881,11.2181,3.3276,156969.6678,11.9719,5902993.2085,900.938
node-052,2024-01-01 18:36:00,0.1074,8564516.5872,0.0,1.1068,91040.354,9.0421,6266671.0006,949.8193
node-053,2024-01-01 18:36:00,0.0984,8282967.1325,0.6243,0.6775,144870.0544,9.8813,6037446.4534,889.6798
node-054,2024-01-01 18:36:00,0.7947,7741271.8019,0.0,0.5986,128849.7735,7.9676,5717096.8014,898.4662
node-055,2024-01-01 18:36:00,0.6853,7489320.5256,0.0,1.4962,113994.0376,7.9728,5887899.2672,865.3775
node-056,2024-01-01 18:36:00,0.0644,8005974.293,5.6142,0.5066,124151.6493,6.9165,6149784.7318,854.4377
node-057,2024-01-01 18:36:00,0.0782,5035870.7715,6.6246,0.9758,108425.9193,7.9627,6181418.975,920.3193
node-058,2024-01-01 18:36:00,0.3069,8297976.3795,0.8245,0.56,150015.625,6.047,5857915.8921,849.7171
node-059,2024-01-01 18:36:00,0.4777,8339554.9361,11.3979,0.7667,123380.2128,8.0416,6022399.1019,870.4594
node-060,2024-01-01 18:36:00,0.2039,7939092.8256,4.1412,0.6043,115922.773,13.062,6106122.5813,865.4769
node-061,2024-01-01 18:36:00,0.1218,8136841.4804,0.0,0.6184,122782.9666,7.0226,6022529.1222,875.5857
node-062,2024-01-01 18:36:00,0.9073,8273517.953,11.3959,0.8026,123375.2854,9.0323,5889422.581,847.6292
node-063,2024-01-01 18:36:00,0.093,7782243.1973,16.8296,1.4836,84697.98,8.1149,5984556.1388,835.8347
node-064,2024-01-01 18:36:00,0.2965,7586301.5254,8.6154,1.0947,110475.3334,19.0511,6004159.3368,889.8351
node-065,2024-01-01 18:36:00,0.0,8019865.9433,0.1001,0.8164,133476.4282,4.3715,5890944.0552,859.7288
node-066,2024-01-01 18:36:00,0.2278,8864422.0602,8.214,1.0305,131454.2948,5.9564,6198787.9663,847.4372
node-067,2024-01-01 18:36:00,0.8175,7772266.4587,0.2975,0.8019,90907.8604,7.9342,5845438.0222,868.6386
node-068,2024-01-01 18:36:00,4.4795,8293006.1706,13.0542,0.6386,128034.0197,4.9496,5216934.0477,861.0696
node-069,2024-01-01 18:36:00,3.497,8728433.5904,13.2903,0.576,106359.0477,8.8785,6067903.1077,882.1562
node-070,2024-01-01 18:36:00,1.4141,7838968.4738,0.0,0.7199,127719.0563,10.3086,6260282.2095,906.376
node-071,2024-01-01 18:36:00,0.3062,8388503.8717,0.2645,0.5839,125487.277,4.8053,6262884.8281,863.5603
node-072,2024-01-01 18:36:00,0.0,101421996.5865,0.3431,0.2177,103785.4454,0.0,5959951.2113,808.7918
node-073,2024-01-01 18:36:00,0.0888,7865666.3211,1.9613,0.4661,109923.5149,7.0414,6249489.5428,974.5332
node-074,2024-01-01 18:36:00,0.3985,7904334.4845,10.0101,0.5385,122664.0566,4.0577,6150487.3456,855.1623
node-075,2024-01-01 18:36:00,0.2822,9748894.3781,6.204,0.5562,108048.3915,8.9515,5861166.5528,880.532
node-076,2024-01-01 18:36:00,0.6129,5828712.6184,0.0,0.0769,103719.514,4.0349,6128730.5934,843.3404
node-077,2024-01-01 18:36:00,0.4156,8110409.4566,3.5911,0.6889,137445.4597,10.0717,5961952.5401,881.537
node-078,2024-01-01 18:36:00,0.1806,8502084.6149,8.1851,0.611,108250.0501,8.0307,6258993.6602,885.2946
node-079,2024-01-01 18:36:00,0.1368,7890626.1874,0.0229,0.8837,117007.5636,10.0079,6201862.3513,865.0264
node-080,2024-01-01 18:36:00,1.4756,7814623.4997,0.2567,0.9299,115538.0409,9.0626,5949224.0662,900.4994
node-081,2024-01-01 18:36:00,1.7704,7280858.6299,0.0,1.2852,119765.1913,11.9596,5667471.8244,871.4896
node-082,2024-01-01 18:36:00,0.0011,5733194.7483,0.2769,0.1099,91262.2901,0.0201,5882555.0233,816.7263
node-083,2024-01-01 18:36:00,0.0832,8268371.3991,1.4206,0.8065,128034.2472,11.9997,6010204.9466,882.6186
node-084,2024-01-01 18:36:00,0.2757,8504683.605,13.7108,0.8212,89710.5951,6.4148,6118743.7338,877.294
node-085,2024-01-01 18:36:00,0.1217,8090380.5773,5.2384,1.2937,113385.8786,6.078,6179536.8361,857.2436
node-086,2024-01-01 18:36:00,2.1027,7590438.8939,8.0854,0.5889,109847.5303,7.0004,6122338.9636,863.6498
node-087,2024-01-01 18:36:00,0.1149,8387809.9751,0.7911,0.7098,116835.5834,7.0007,6101601.438,839.4567
node-088,2024-01-01 18:36:00,0.2781,7950036.5229,0.59,0.5965,119840.1242,3.9465,6177538.1521,905.5012
node-089,2024-01-01 18:36:00,0.8155,8033952.5797,1.1814,1.3195,112443.2504,9.8221,5985216.5876,882.6056
node-090,2024-01-01 18:36:00,0.31,8670402.1577,0.0,0.3926,150747.3531,9.0345,6113328.7133,892.4158
node-091,2024-01-01 18:36:00,0.3134,8654303.8232,13.1522,0.854,121375.0252,7.0014,5912103.2794,906.6748
node-092,2024-01-01 18:36:00,0.5778,9079850.7803,0.1079,1.0905,111415.8204,11.9948,5951998.3784,850.6665
node-093,2024-01-01 18:36:00,0.0,8611043.2526,7.5717,0.6834,87076.4699,10.0725,5974103.8521,911.0611
node-094,2024-01-01 18:36:00,0.1,7940126.3153,0.1684,0.6958,92489.7272,2.9892,6242565.5536,880.2385
node-095,2024-01-01 18:36:00,0.3163,7687696.0939,13.6847,0.7916,111208.5583,8.9926,6098738.4951,874.9832
node-096,2024-01-01 18:36:00,0.6136,9102107.5328,0.0,0.924,99547.449,5.0541,5990190.7899,867.9665
node-097,2024-01-01 18:36:00,3.0998,8013812.0455,1.1108,0.7986,108575.9754,8.9196,6133675.7424,901.681
node-098,2024-01-01 18:36:00,0.1798,7970424.7533,8.5238,0.8638,122258.5183,9.0126,6118728.4394,876.3658
node-099,2024-01-01 18:36:00,0.1886,7641521.3939,10.8118,0.8981,122662.614,5.0804,6212384.8566,868.1876
node-100,2024-01-01 18:36:00,0.8946,7623270.8109,0.2905,0.6072,160558.851,8.0459,5990664.0139,899.569
node-101,2024-01-01 18:36:00,0.1148,4485688.2534,0.1646,0.0924,111405.2,1.9775,6245413.0467,877.4332
node-102,2024-01-01 18:36:00,1.3903,8300224.8586,0.0,0.8737,117909.5056,8.0161,6046184.2403,889.7612
node-103,2024-01-01 18:36:00,0.1247,7805693.9043,0.4112,0.5837,129359.9652,8.0552,5933420.7033,830.7998
node-104,2024-01-01 18:36:00,0.8947,7571561.7732,0.3338,1.1963,120590.2709,10.0011,6091525.7379,891.9051
node-105,2024-01-01 18:36:00,0.2992,7726964.5964,9.2552,1.4876,122873.8337,6.756,5898635.9041,882.4037
node-106,2024-01-01 18:36:00,0.1758,4855188.2247,0.0128,0.3188,70747.087,6.0395,6005648.0904,843.7652
node-107,2024-01-01 18:36:00,0.0975,7481605.764,0.255,0.9847,111987.7776,9.9456,5940492.2471,865.616
node-108,2024-01-01 18:36:00,0.2103,9232097.1842,0.2332,0.5829,135955.0726,4.0534,6318250.5659,933.5804
node-109,2024-01-01 18:36:00,0.3603,7925008.2997,1.9257,0.597,93075.5553,4.8884,6249768.3085,939.6517
node-110,2024-01-01 18:36:00,2.4998,8075205.4993,3.0655,0.9186,112848.9029,7.8526,5986446.0049,886.3076
node-111,2024-01-01 18:36:00,0.081,8378887.6744,0.5718,0.5336,105375.0077,2.9402,5759806.617,869.3148
node-112,2024-01-01 18:36:00,0.1047,7623977.5271,9.8495,0.694,128756.7316,8.9564,6277599.268,899.696
node-113,2024-01-01 18:36:00,1.7039,7952241.1093,0.0,0.8102,112583.7848,8.9829,6234575.5679,916.2737
node-114,2024-01-01 18:36:00,0.4905,7354872.5754,15.363,0.6946,129791.9611,9.0119,5880683.2412,871.0649
node-115,2024-01-01 18:36:00,1.9044,8138626.3909,0.0,2.3989,108890.1777,6.9132,5960588.0425,872.1292
node-116,2024-01-01 18:36:00,0.8669,7748618.7203,8.5573,0.8182,133077.099,12.0712,6131821.3776,1004.6137
node-117,2024-01-01 18:36:00,0.2052,9560637.3208,0.2727,1.4241,107175.2464,10.0413,5878786.9578,865.761
node-118,2024-01-01 18:36:00,0.3062,7882096.7611,8.9611,1.3089,131422.0007,6.0063,5811432.0602,865.6396
node-119,2024-01-01 18:36:00,0.0649,9322952.9404,0.0,0.4899,103344.2617,4.088,6210112.3487,889.8338
node-000,2024-01-01 18:37:00,1.491,7843356.1077,1.5619,1.5019,131227.3218,10.9633,5957314.6283,864.1612
node-001,2024-01-01 18:37:00,0.1999,7443436.239,0.7323,0.5169,137008.0829,6.9807,6123891.2773,885.0551
node-002,2024-01-01 18:37:00,0.1761,8840310.1513,0.4343,2.0078,102238.6733,8.9245,6217941.6662,873.427
node-003,2024-01-01 18:37:00,2.6329,9708146.2353,6.7361,0.6431,91442.1492,3.0876,6057491.822,871.0959
node-004,2024-01-01 18:37:00,0.098,8383862.1486,0.4966,0.6154,85051.9839,4.8793,5994486.3462,860.8514
node-005,2024-01-01 18:37:00,0.2633,7828395.5569,0.0,0.5265,106886.579,10.9546,6236920.5466,885.0172
node-006,2024-01-01 18:37:00,0.7152,5494598.1592,9.4079,0.1132,143868.7304,0.0,6258525.4136,823.6381
node-007,2024-01-01 18:37:00,1.3482,7262147.5296,7.0712,0.4982,118467.4141,7.0084,6351660.7141,889.1893
node-008,2024-01-01 18:37:00,0.9984,7558266.4513,14.3778,0.4185,107556.5706,8.9834,6052986.8051,892.6663
node-009,2024-01-01 18:37:00,0.8153,8211594.2529,2.4651,0.8693,117863.3919,4.3244,6221153.56,903.3538
node-010,2024-01-01 18:37:00,0.6088,8475290.0192,0.4503,1.1452,103035.9033,5.0375,6076364.9731,877.1238
node-011,2024-01-01 18:37:00,0.0932,7702451.4801,9.2577,0.5205,114319.3234,6.5619,6114810.4079,891.5959
node-012,2024-01-01 18:37:00,0.1626,7821116.1997,0.2984,0.7313,85315.625,9.0128,6053408.6748,873.028
node-013,2024-01-01 18:37:00,1.1592,8196336.8231,0.0,0.7786,154145.9227,0.0615,105345.4494,898.142
node-014,2024-01-01 18:37:00,0.3534,9570619.8815,0.0,0.5381,123873.86,8.0377,6210674.2355,848.013
node-015,2024-01-01 18:37:00,0.2918,5201328.4103,0.3984,0.1138,117984.2612,0.0,6116880.3856,830.8479
node-016,2024-01-01 18:37:00,0.0929,7414395.6667,6.107,0.5853,106051.9744,10.1387,6159468.8336,858.7979
node-017,2024-01-01 18:37:00,0.2111,8354009.9207,0.4808,0.5444,165639.6509,10.9871,6177045.9666,839.4049
node-018,2024-01-01 18:37:00,0.2116,8533468.7375,9.4429,0.7186,98086.2683,6.5389,6090637.0662,859.3098
node-019,2024-01-01 18:37:00,0.0,8155550.9946,0.3341,0.85,113009.3328,5.1254,6154489.128,868.6661
node-020,2024-01-01 18:37:00,4.6926,8277711.4786,0.0241,1.0026,156878.2131,5.1218,5869691.1135,863.9069
node-021,2024-01-01 18:37:00,2.0141,8959527.3684,0.2685,1.0717,109019.4515,4.953,6167206.9357,870.1351
node-022,2024-01-01 18:37:00,0.1711,8502797.1137,0.0,1.0033,129425.2322,10.9397,6201328.4532,885.9223
node-023,2024-01-01 18:37:00,2.1736,7685936.2434,6.6129,0.4843,86229.0183,8.8301,6112738.9589,877.8893
node-024,2024-01-01 18:37:00,0.2971,7328135.3884,4.3555,0.5076,111241.5903,7.5834,6058586.081,884.8544
node-025,2024-01-01 18:37:00,0.4646,9104259.5888,0.7333,0.5627,120201.7984,6.8182,5849159.7636,853.539
node-026,2024-01-01 18:37:00,0.0028,5955163.581,0.0,0.1135,117485.1389,6.0736,5939930.9615,785.0729
node-027,2024-01-01 18:37:00,0.7794,7896871.4401,5.0991,0.7858,131343.2433,3.9994,6154930.9654,888.3902
node-028,2024-01-01 18:37:00,0.4635,8129958.2233,4.0074,0.7306,112055.1133,8.0628,6242320.6543,845.3233
node-029,2024-01-01 18:37:00,0.0947,7956925.6712,10.3212,0.5785,109329.2353,8.996,6048844.7444,875.9015
node-030,2024-01-01 18:37:00,0.6971,7941319.7606,0.0,0.4695,132265.8427,5.0159,6093885.3948,883.2904
node-031,2024-01-01 18:37:00,0.06,28689960.4738,0.1132,0.2427,4283.8804,0.0,27363.0599,11.6174
node-032,2024-01-01 18:37:00,1.1592,7956201.1951,8.8949,0.6951,122231.6812,8.1148,6106526.4687,875.6493
node-033,2024-01-01 18:37:00,0.1871,7660884.9848,2.4864,0.9196,116330.6117,9.0241,5870513.4496,870.1956
node-034,2024-01-01 18:37:00,0.6812,5293818.1178,0.1399,0.0985,164326.1144,5.0494,6046481.019,816.9281
node-035,2024-01-01 18:37:00,0.0355,8996995.5138,0.0,0.5989,93922.1228,7.9571,5845198.3338,862.9352
node-036,2024-01-01 18:37:00,0.0833,7956715.9264,0.1034,0.8961,143714.048,4.8845,5964835.2241,845.4114
node-037,2024-01-01 18:37:00,0.8303,8175669.6772,12.4594,0.5502,123904.4159,7.94,5948958.5979,889.3937
node-038,2024-01-01 18:37:00,0.1228,7189181.643,2.0759,0.6021,119961.1779,9.9874,6294409.2641,859.2916
node-039,2024-01-01 18:37:00,0.107,8642508.4628,7.062,0.6027,116899.0754,10.0799,6039130.1666,878.8524
node-040,2024-01-01 18:37:00,0.0082,5727418.3952,0.0,0.1039,126389.7986,3.929,6247461.5266,796.7773
node-041,2024-01-01 18:37:00,0.0813,8061946.0935,4.7926,0.8334,89217.4972,7.0518,6105929.917,850.2949
node-042,2024-01-01 18:37:00,0.2056,7249231.2715,10.6661,0.4432,125297.4484,5.9881,5964902.2866,860.1412
node-043,2024-01-01 18:37:00,3.182,8690924.6471,0.0,0.5929,101957.2536,8.0806,6033133.3951,886.1266
node-044,2024-01-01 18:37:00,0.7455,7542635.7808,11.5753,1.0116,113230.1005,7.1011,6249408.6023,890.6928
node-045,2024-01-01 18:37:00,0.101,7927092.9506,0.0,0.6077,107496.7461,7.9428,6134970.9732,896.6122
node-046,2024-01-01 18:37:00,0.4861,7473045.3367,1.0427,0.6873,108280.6501,6.2476,6161248.6003,885.4165
node-047,2024-01-01 18:37:00,0.1828,7793154.4049,0.3446,0.3028,88363.9379,4.6668,6097346.3443,873.0023
node-048,2024-01-01 18:37:00,0.298,7690022.9063,1.8608,0.4885,131513.1083,10.0192,6092897.6049,867.7639
node-049,2024-01-01 18:37:00,0.2988,5446833.9549,0.7747,0.1374,105460.2364,2.9932,5978835.0697,844.2925
node-050,2024-01-01 18:37:00,0.8264,1858272.863,0.0,0.1051,126414.1982,1.0634,6169656.4722,816.2241
node-051,2024-01-01 18:37:00,0.5738,7356295.2707,10.2385,5.4713,160536.2061,8.0437,6241137.4373,896.2079
node-052,2024-01-01 18:37:00,0.0822,8183665.2223,0.2683,0.5079,115845.9378,9.0382,5931745.0497,869.1911
node-053,2024-01-01 18:37:00,0.6633,8147419.1823,0.2601,0.7527,125742.2997,9.9813,6106534.487,890.6463
node-054,2024-01-01 18:37:00,3.3234,7563640.3099,0.0,0.4554,126626.7459,1.9566,6536923.7795,906.3605
node-055,2024-01-01 18:37:00,0.2816,7553708.1922,0.7329,0.5855,109546.9642,8.0563,5937917.589,888.2934
node-056,2024-01-01 18:37:00,0.6821,8202244.5616,6.3215,1.1005,106102.1965,6.0056,6284594.0405,865.5157
node-057,2024-01-01 18:37:00,0.182,4747375.0336,7.895,0.8412,72613.2541,8.0313,6029033.4019,881.2544
node-058,2024-01-01 18:37:00,2.1127,8275439.4536,0.1621,0.9048,116038.9998,7.4832,6207845.4746,901.9249
node-059,2024-01-01 18:37:00,0.2961,8843808.8163,9.529,0.7072,112002.7632,6.5885,6199679.8178,895.4271
node-060,2024-01-01 18:37:00,0.3575,7594991.374,2.8356,0.4749,103765.1268,5.0414,6235301.2749,884.4942
node-061,2024-01-01 18:37:00,0.1043,8020358.0025,1.0016,0.6598,98970.9037,6.1526,6257356.7133,861.0267
node-062,2024-01-01 18:37:00,0.5326,7869216.6449,11.0247,4.3933,98050.4068,9.0267,6206057.6149,829.5673
node-063,2024-01-01 18:37:00,1.0138,7790948.9401,16.3233,0.8321,115717.7563,8.7648,6166049.3897,877.7711
node-064,2024-01-01 18:37:00,0.2996,7574476.1914,7.9363,1.0926,140681.6841,4.875,5953902.0553,883.7994
node-065,2024-01-01 18:37:00,0.0,7861135.181,0.0,1.0341,107761.4107,5.9578,6044504.3193,892.4059
node-066,2024-01-01 18:37:00,0.2387,7928916.8765,8.7467,0.8258,104026.9532,8.9904,6087343.0144,876.5578
node-067,2024-01-01 18:37:00,0.3343,7918967.6039,0.0,0.7686,93441.013,3.9369,6091262.0446,887.4376
node-068,2024-01-01 18:37:00,1.0856,8452553.1049,11.9413,0.8913,88944.1054,7.9967,7203991.7821,950.6988
node-069,2024-01-01 18:37:00,1.391,8903677.0538,14.0104,0.5964,134341.2065,3.8932,6221601.7533,886.5517
node-070,2024-01-01 18:37:00,1.4326,7890323.2807,0.5583,0.9456,104759.3046,13.9493,6111591.4837,878.6647
node-071,2024-01-01 18:37:00,0.0659,7796930.4189,0.0,0.651,119809.3486,5.7149,6083230.746,850.6827
node-072,2024-01-01 18:37:00,0.1828,101412895.5732,0.0,0.107,104622.1762,3.9243,6114671.8457,830.1642
node-073,2024-01-01 18:37:00,0.3259,8112303.2997,0.7529,0.5171,102091.5215,7.0267,6104233.6006,899.1907
node-074,2024-01-01 18:37:00,0.4041,7876604.9179,10.6476,0.8023,125871.574,9.0741,6097993.8524,889.5246
node-075,2024-01-01 18:37:00,0.3101,9532555.4643,7.091,0.6047,105501.7022,5.1979,6191484.4309,846.685
node-076,2024-01-01 18:37:00,0.6036,6121922.8677,0.0,0.1002,114057.0879,1.0861,5932565.9589,806.083
node-077,2024-01-01 18:37:00,0.3275,8003014.0355,5.4867,0.9582,191234.1096,5.6258,6017490.5816,848.4058
node-078,2024-01-01 18:37:00,0.1154,8292944.2326,7.8664,0.6711,121784.4698,4.0081,6365003.3907,861.3472
node-079,2024-01-01 18:37:00,0.482,8036338.2725,0.8433,0.6887,109923.5179,6.4426,6171600.3961,892.7337
node-080,2024-01-01 18:37:00,0.3374,8042524.2282,0.0,0.8097,99647.8484,9.0412,6160661.7064,861.9703
node-081,2024-01-01 18:37:00,1.0139,8037478.8097,0.8267,0.5393,150644.3195,5.4174,6413711.696,896.0114
node-082,2024-01-01 18:37:00,0.0,5278272.7312,1.0024,0.1201,122094.9887,4.0105,5881171.0718,793.8272
node-083,2024-01-01 18:37:00,4.9194,7770209.0886,0.0385,0.6111,100177.9635,5.0145,6214126.228,855.259
node-084,2024-01-01 18:37:00,2.6155,8300189.8118,14.293,0.7289,105092.4288,6.8985,5901065.6219,847.5831
node-085,2024-01-01 18:37:00,0.8083,8079113.911,6.0663,1.2814,100960.9303,7.1069,6169408.8814,890.5095
node-086,2024-01-01 18:37:00,0.7261,8088237.2391,7.2176,0.6867,131078.6987,5.0443,6145738.072,894.0852
node-087,2024-01-01 18:37:00,0.0353,7868056.9822,0.4324,1.4057,93785.876,7.9915,6226134.5619,854.5833
node-088,2024-01-01 18:37:00,3.7032,7692204.8953,0.0,0.4834,118626.9519,7.8112,5963770.2729,861.0502
node-089,2024-01-01 18:37:00,1.0427,7464916.6444,0.0,0.9691,105465.8546,7.0063,5909904.1493,851.3662
node-090,2024-01-01 18:37:00,2.1681,9284908.3535,0.0,0.4403,121423.6544,3.064,5804156.8242,835.4362
node-091,2024-01-01 18:37:00,0.1311,8155408.6541,13.4361,0.9248,112814.6101,19.013,6055496.0784,882.34
node-092,2024-01-01 18:37:00,0.3522,9136075.4754,0.0,0.4378,97749.3969,5.0852,5854735.4673,835.1087
node-093,2024-01-01 18:37:00,2.1379,8985444.5458,6.0637,0.5414,122850.3586,10.0358,6054142.2593,875.3301
node-094,2024-01-01 18:37:00,0.0,7995010.0715,0.0309,0.6951,110116.0959,8.9224,6201714.2197,901.3494
node-095,2024-01-01 18:37:00,0.0612,7664970.8062,13.5763,0.5923,112427.3475,2.9486,6194198.4461,892.1706
node-096,2024-01-01 18:37:00,0.0722,9220693.2828,0.0,0.4127,77511.6314,5.9918,5773603.8043,849.471
node-097,2024-01-01 18:37:00,3.0922,7776343.2987,1.252,0.9946,167936.4334,6.9072,5966657.9022,895.4132
node-098,2024-01-01 18:37:00,0.0,8309713.1317,7.1754,0.6097,108580.7812,8.1509,5916723.9945,854.5671
node-099,2024-01-01 18:37:00,0.7048,7479651.3593,11.6528,0.7882,110963.2588,7.3266,6176187.3197,911.2279
node-100,2024-01-01 18:37:00,0.4827,7590431.4528,0.0,0.4882,185642.1818,8.0545,5984535.5674,868.3137
node-101,2024-01-01 18:37:00,0.7189,4254031.6255,0.6155,0.1182,104309.1456,4.2577,5871956.1308,797.5335
node-102,2024-01-01 18:37:00,4.8981,7967580.0777,0.9106,0.5978,131642.7846,4.358,6161902.5493,876.1131
node-103,2024-01-01 18:37:00,0.1865,8087498.5176,0.0,0.4682,103230.1602,2.9321,6186413.0872,872.3603
node-104,2024-01-01 18:37:00,0.1005,7382189.7144,0.0,1.2041,112246.9837,9.8958,5943723.1832,880.3089
node-105,2024-01-01 18:37:00,3.5577,7653330.4681,9.1411,0.6019,67483.7502,7.0747,5925265.916,870.8009
node-106,2024-01-01 18:37:00,0.1235,4626927.5194,0.0,0.2204,107285.5025,2.8888,6268104.2098,827.5172
node-107,2024-01-01 18:37:00,0.0874,7225995.1531,0.0924,1.0145,112291.3153,6.9813,6154040.6851,891.555
node-108,2024-01-01 18:37:00,0.1379,9150543.681,0.0,0.5748,109415.0844,4.029,5967553.7823,874.8666
node-109,2024-01-01 18:37:00,0.0927,8311993.6867,0.7997,0.5125,145670.5894,7.0886,5919792.1091,868.6276
node-110,2024-01-01 18:37:00,1.1894,8098230.2337,3.736,0.6914,108131.7939,7.9215,5957034.7354,876.3959
node-111,2024-01-01 18:37:00,0.0,9144402.2802,0.9993,0.5027,122611.5776,4.5057,6408797.8365,845.4847
node-112,2024-01-01 18:37:00,0.081,7767859.9004,9.9932,0.4294,193809.1852,8.9647,6030610.2078,848.1668
node-113,2024-01-01 18:37:00,1.0551,8318755.0814,0.0,0.8546,120031.3089,10.9525,6019720.1025,850.787
node-114,2024-01-01 18:37:00,0.3019,7716863.2422,15.7069,0.6076,139691.3593,6.0051,6242131.5773,891.133
node-115,2024-01-01 18:37:00,1.5953,7675890.6135,0.0682,5.2836,124012.2363,8.5144,6136532.7744,905.6113
node-116,2024-01-01 18:37:00,0.3713,7819611.8623,9.2279,0.9319,91965.5524,11.9841,6191665.7836,904.7604
node-117,2024-01-01 18:37:00,0.4232,9088952.8095,0.7346,0.9592,106329.0348,9.9109,6268748.0522,903.4043
node-118,2024-01-01 18:37:00,0.3017,8019466.8053,7.7184,1.3059,113921.4416,8.287,6125348.0568,898.7253
node-119,2024-01-01 18:37:00,2.2013,9010801.2988,0.5242,0.7027,138287.0051,6.9089,5850250.7319,848.0217
node-000,2024-01-01 18:38:00,1.5915,7404210.2719,0.0,0.7931,130984.1918,10.0292,6189489.9581,896.35
node-001,2024-01-01 18:38:00,0.4416,7104550.0986,0.2701,0.8459,107686.0423,6.0244,6248429.7066,893.9098
node-002,2024-01-01 18:38:00,0.2466,8932532.7004,0.1319,6.4017,114846.7803,6.0372,6205611.304,903.8154
node-003,2024-01-01 18:38:00,0.1062,9227522.6364,4.3175,0.5416,132925.0554,9.0662,6133187.2898,917.4092
node-004,2024-01-01 18:38:00,0.1037,8141491.1126,0.0,1.0106,115344.2855,6.9936,6182259.7963,908.6344
node-005,2024-01-01 18:38:00,0.0,7570798.4539,0.1824,0.5914,102308.9858,4.1395,6142861.7838,917.1288
node-006,2024-01-01 18:38:00,0.0004,5696734.7469,10.3555,0.0718,138336.9971,0.0,5743312.0411,856.1015
node-007,2024-01-01 18:38:00,0.0808,7199842.9231,7.314,0.5241,146989.1705,9.0981,6122749.7735,898.2535
node-008,2024-01-01 18:38:00,0.0,7587623.4658,13.7708,0.4084,110795.2157,5.9879,6233235.7836,908.5188
node-009,2024-01-01 18:38:00,1.9168,8206143.8992,3.104,0.7778,125324.5085,3.0581,6181017.6342,914.3229
node-010,2024-01-01 18:38:00,0.0847,8213705.5545,0.0,1.1208,120993.247,10.0711,6309075.4253,934.5022
node-011,2024-01-01 18:38:00,0.1439,7307188.9699,8.7738,0.5745,112460.7707,7.6452,6113517.292,904.1802
node-012,2024-01-01 18:38:00,0.1394,7726758.9766,0.0,0.6629,108659.8201,5.9991,6218025.1231,915.9553
node-013,2024-01-01 18:38:00,0.104,8031131.7006,0.0,0.5817,166533.6383,0.0,0.0,929.8728
node-014,2024-01-01 18:38:00,0.0186,9612192.4534,0.0467,0.6897,119451.9476,5.074,6202656.4206,916.8791
node-015,2024-01-01 18:38:00,0.3057,4864064.4577,0.0,0.1038,115672.8931,4.943,6359717.6231,882.9837
node-016,2024-01-01 18:38:00,0.4899,7850334.0771,7.7862,0.7963,120498.459,1.9005,6258468.9828,930.3499
node-017,2024-01-01 18:38:00,0.0691,8704822.9163,0.0,0.485,163093.0597,3.9997,6240097.976,921.3652
node-018,2024-01-01 18:38:00,0.7361,8428602.7012,9.0204,0.9444,118276.6872,5.9615,6093589.7558,845.8271
node-019,2024-01-01 18:38:00,0.1887,8328323.3748,0.0,0.8055,128216.1738,6.3912,6122774.9173,873.0411
node-020,2024-01-01 18:38:00,0.1066,8040816.0311,0.0,0.6969,141199.2912,10.9729,6272369.2175,928.4627
node-021,2024-01-01 18:38:00,0.3546,8340243.9404,0.3795,1.1386,117562.6907,4.8813,6285271.1696,914.5521
node-022,2024-01-01 18:38:00,0.2969,8098676.8556,0.5949,0.7732,105087.252,9.0837,6226986.6423,926.484
node-023,2024-01-01 18:38:00,1.9184,7262022.6037,7.438,0.6152,115711.3297,5.7702,6189635.6257,908.1878
node-024,2024-01-01 18:38:00,0.2959,7711535.1356,5.4901,0.4956,119577.6454,7.1127,6153055.6247,935.2068
node-025,2024-01-01 18:38:00,0.1163,9629108.9316,0.529,0.5544,79624.9759,6.214,6388769.5009,927.3187
node-026,2024-01-01 18:38:00,0.1298,5762552.1288,0.5757,0.113,90482.0805,5.3505,6245873.0628,852.6776
node-027,2024-01-01 18:38:00,3.3964,8027284.5033,7.832,0.7897,104717.3682,7.8359,6215238.4815,894.3218
node-028,2024-01-01 18:38:00,1.4944,8493737.0422,5.9947,0.7646,117867.4478,3.9192,6164570.5449,928.9848
node-029,2024-01-01 18:38:00,0.109,8029115.7256,9.2443,0.7288,116246.1729,5.0187,6187240.0928,911.7715
node-030,2024-01-01 18:38:00,0.1409,7678315.55,1.0507,0.695,126436.4902,9.5715,6240191.7362,908.5463
node-031,2024-01-01 18:38:00,0.0,28860895.7822,0.0,0.2009,8079.9853,0.0122,37472.0341,8.5713
node-032,2024-01-01 18:38:00,0.1529,7325652.761,10.1641,0.6326,80680.4768,5.9759,6305325.3617,914.0043
node-033,2024-01-01 18:38:00,0.3004,7671974.5542,3.612,0.6888,114260.9694,4.9122,6105942.8465,915.1021
node-034,2024-01-01 18:38:00,0.0,5608766.8097,0.0737,0.1079,111504.8401,5.3255,6055354.8054,838.8464
node-035,2024-01-01 18:38:00,1.007,9476017.8484,0.0,0.304,119367.8907,4.0405,6092386.4737,933.0474
node-036,2024-01-01 18:38:00,0.0854,8546970.6747,0.0,0.6708,107750.0009,2.9965,6355521.7732,925.5798
node-037,2024-01-01 18:38:00,0.0758,8024777.5027,12.5744,0.5351,119886.6968,5.9986,6269590.6684,924.9437
node-038,2024-01-01 18:38:00,0.0939,7412515.4631,3.1024,0.5104,119193.2317,9.8973,5948682.1232,921.6159
node-039,2024-01-01 18:38:00,0.1194,8435572.5759,7.3154,0.4885,152520.4263,10.0381,6237103.9114,895.4654
node-040,2024-01-01 18:38:00,0.012,5416827.214,0.3786,0.1255,136270.8513,2.419,6294331.1017,845.7668
node-041,2024-01-01 18:38:00,0.0,7734692.636,4.0823,0.8733,75028.868,7.9487,6222163.2134,936.8944
node-042,2024-01-01 18:38:00,0.0,7643015.8381,10.9981,0.6938,124274.9562,5.971,6275783.6575,923.2889
node-043,2024-01-01 18:38:00,1.2141,9070279.6244,0.0,0.576,115732.3153,7.987,6361078.6853,901.7831
node-044,2024-01-01 18:38:00,0.9014,7529630.3293,10.6635,0.7954,113562.9186,5.9964,6216873.0679,925.8505
node-045,2024-01-01 18:38:00,0.9777,8071880.0029,0.0,0.8029,107111.3506,10.0129,6186384.7301,941.2977
node-046,2024-01-01 18:38:00,0.0746,7912180.2185,0.1606,0.4995,95833.5248,6.0634,6175857.9113,944.8726
node-047,2024-01-01 18:38:00,0.8085,7355016.6575,0.0,0.6033,125528.284,3.9859,6302863.9663,925.8181
node-048,2024-01-01 18:38:00,0.6141,8081927.0722,2.3346,0.9878,117986.5887,8.2389,6049586.2628,879.302
node-049,2024-01-01 18:38:00,1.0512,5926255.0111,0.0,0.1145,114377.3757,0.0,6465769.7876,853.4562
node-050,2024-01-01 18:38:00,0.1794,2141244.1566,0.3315,0.1029,121960.9488,5.0928,6337195.6387,874.0835
node-051,2024-01-01 18:38:00,0.8451,7286626.0924,10.2946,1.4218,140121.2416,6.9817,6148729.3169,927.5403
node-052,2024-01-01 18:38:00,0.5177,8291819.9097,0.8657,0.5902,101356.8442,4.0305,6206519.0428,930.4696
node-053,2024-01-01 18:38:00,0.5879,7956246.5852,0.5737,0.8021,121141.9329,6.9789,6243256.6276,922.6262
node-054,2024-01-01 18:38:00,0.6704,7566493.9269,0.0359,0.8402,130769.5267,7.0938,6197878.7344,934.64
node-055,2024-01-01 18:38:00,0.6876,8168978.5713,0.1008,0.6975,110379.3446,7.1224,6183026.2006,921.76
node-056,2024-01-01 18:38:00,0.1387,8314578.2176,5.1337,0.7946,127329.797,7.993,6054094.3404,934.6793
node-057,2024-01-01 18:38:00,0.0465,4797886.0843,7.0605,0.9012,103834.4284,4.0275,6204141.5808,900.0681
node-058,2024-01-01 18:38:00,0.5195,8196123.2155,0.5568,1.0045,161022.3518,7.9555,6214296.8528,902.988
node-059,2024-01-01 18:38:00,0.2093,8221561.7827,9.7438,0.5504,96412.8836,6.6944,6082187.4121,945.5633
node-060,2024-01-01 18:38:00,0.0935,7849211.3827,3.5552,0.4111,107394.5853,5.6522,6155572.2185,926.7234
node-061,2024-01-01 18:38:00,0.2427,8064052.1967,0.0,1.4087,113252.9431,6.0143,6124644.3891,925.275
node-062,2024-01-01 18:38:00,0.5572,8565380.4049,10.9819,6.7918,111097.0637,4.9537,6114221.9211,900.3664
node-063,2024-01-01 18:38:00,0.1807,7664487.5351,16.545,0.9779,123344.4047,8.9794,6173265.5704,925.2776
node-064,2024-01-01 18:38:00,0.1365,7568458.1234,6.9434,0.6746,131832.9231,8.95,6192773.7116,934.2775
node-065,2024-01-01 18:38:00,0.2226,7871427.9833,0.0,0.8011,106828.0842,5.9157,6211907.7817,962.1026
node-066,2024-01-01 18:38:00,0.2971,8397411.6181,8.0667,0.8309,108828.2382,3.9823,6175538.4658,948.4055
node-067,2024-01-01 18:38:00,0.1559,7810108.1003,0.0,0.4267,118512.4909,8.0329,6184699.8709,917.6081
node-068,2024-01-01 18:38:00,1.7758,8042220.4519,12.1621,1.0853,115153.6675,1.0066,6178136.2617,873.4932
node-069,2024-01-01 18:38:00,1.5947,8355425.9262,13.3786,0.7651,118569.8819,9.0929,6171317.5794,925.8132
node-070,2024-01-01 18:38:00,1.4128,7867949.6414,0.244,1.2982,69887.4313,0.9931,6337937.4027,939.6647
node-071,2024-01-01 18:38:00,0.0,8167725.3136,0.0,0.3829,101772.4682,5.9537,6300622.4574,875.0098
node-072,2024-01-01 18:38:00,0.1357,101635746.4517,0.0,0.1044,107136.7242,4.9014,6293984.7443,866.2985
node-073,2024-01-01 18:38:00,0.0958,7597735.9947,0.3383,0.3108,110221.8983,6.9858,6042793.9439,925.7426
node-074,2024-01-01 18:38:00,0.092,7719180.5439,11.2386,0.501,84843.2863,1.9369,6205889.92,898.9965
node-075,2024-01-01 18:38:00,5.1333,8907522.5745,6.6683,0.3926,129720.8531,4.0714,6213855.3761,940.4531
node-076,2024-01-01 18:38:00,0.5881,6432964.9632,0.0024,0.0901,95415.2472,5.5139,6118262.2324,862.7192
node-077,2024-01-01 18:38:00,0.1002,7866413.9884,4.3256,0.7977,104182.4449,5.2324,6199393.2087,937.5218
node-078,2024-01-01 18:38:00,0.8341,8096750.6294,7.9559,0.7298,105277.8833,1.7286,6194712.233,943.4198
node-079,2024-01-01 18:38:00,1.0963,7275682.7814,1.4483,1.2933,106246.7028,5.0493,6284852.062,932.5045
node-080,2024-01-01 18:38:00,0.2143,7745229.3435,0.1571,0.8801,103622.8375,8.0676,6148292.2015,890.9309
node-081,2024-01-01 18:38:00,1.2393,7708046.9515,0.2838,0.5692,148455.1648,3.107,6201452.7704,938.2324
node-082,2024-01-01 18:38:00,0.0092,5638522.0464,0.5142,0.104,116445.8352,4.3548,6266780.0046,892.8117
node-083,2024-01-01 18:38:00,0.112,8507836.0502,0.7494,0.9976,93474.1425,9.0788,6093075.3169,924.0717
node-084,2024-01-01 18:38:00,0.082,9032504.9486,13.6564,1.003,123806.3293,6.9942,6266624.7188,913.1797
node-085,2024-01-01 18:38:00,0.8203,8377400.0138,5.0332,1.3034,117805.841,6.8982,6088548.5885,940.1772
node-086,2024-01-01 18:38:00,0.5846,7552960.6446,8.4273,0.7134,184917.8754,6.4449,6123057.666,911.807
node-087,2024-01-01 18:38:00,0.2082,7750426.0074,0.2076,0.8063,107512.5716,9.0147,6245668.914,909.965
node-088,2024-01-01 18:38:00,0.107,7496782.0888,0.0013,0.491,122589.5838,9.048,6136176.878,883.979
node-089,2024-01-01 18:38:00,0.0022,7980590.3837,0.0,0.9988,96324.8043,9.0281,6216782.2366,917.3631
node-090,2024-01-01 18:38:00,0.0005,9138135.4097,0.7522,0.4018,141613.9019,9.0379,6264466.3565,904.2061
node-091,2024-01-01 18:38:00,0.1248,8404071.6615,12.4277,0.7976,112456.0769,14.7568,6152757.7966,923.6852
node-092,2024-01-01 18:38:00,0.8582,9129558.9596,0.35,0.4956,107529.4799,9.1221,6215448.8294,903.4335
node-093,2024-01-01 18:38:00,0.0346,8764590.0974,6.0311,0.6427,122063.923,9.0244,6216492.5823,918.8471
node-094,2024-01-01 18:38:00,0.1554,8351818.6192,0.0,0.7821,121574.4194,6.7989,6043769.8634,932.0501
node-095,2024-01-01 18:38:00,0.0377,7254720.4682,14.0896,0.5985,103047.6799,4.3348,6191955.7914,915.4466
node-096,2024-01-01 18:38:00,0.3915,9134717.4536,0.0,0.6788,105379.1504,6.0515,6130644.0039,858.3376
node-097,2024-01-01 18:38:00,0.5836,7492087.3881,0.0,0.5957,101207.5001,6.9589,6260486.5137,904.6472
node-098,2024-01-01 18:38:00,0.01,8236303.4987,8.4617,0.7141,126682.4422,8.9144,6260750.1397,920.6482
node-099,2024-01-01 18:38:00,0.0923,7677065.1741,11.119,0.9925,113858.7781,8.0081,6028386.2414,923.0246
node-100,2024-01-01 18:38:00,0.1995,7787081.1967,0.0,0.5074,128394.1245,5.9511,6226666.3226,940.7204
node-101,2024-01-01 18:38:00,0.0699,4468770.0341,0.1909,0.1419,130955.4191,4.2933,6162719.9345,872.2878
node-102,2024-01-01 18:38:00,6.4089,7931663.341,0.0528,0.9055,175624.2504,3.0854,6119476.5064,954.3567
node-103,2024-01-01 18:38:00,0.0,7654432.7837,0.2827,0.368,116288.4221,3.9022,6186054.0417,873.8105
node-104,2024-01-01 18:38:00,0.1091,7907358.6296,0.0,0.87,129156.4065,6.0177,5992102.0673,895.3936
node-105,2024-01-01 18:38:00,0.1919,8069089.8594,9.2429,0.5963,165582.9562,4.12,6222536.6514,940.1773
node-106,2024-01-01 18:38:00,0.01,5065411.5527,0.5099,0.2053,104707.8111,3.7426,6093447.6185,861.6962
node-107,2024-01-01 18:38:00,0.0,7272464.033,0.0,0.5914,117649.2586,10.9665,6152585.2429,932.2549
node-108,2024-01-01 18:38:00,0.1605,9188808.4558,0.0,0.7352,118088.8333,6.047,6203686.6761,925.73
node-109,2024-01-01 18:38:00,0.0732,7996728.7549,0.0,0.5855,92987.6403,6.9644,6166315.225,923.72
node-110,2024-01-01 18:38:00,0.0999,8008470.5343,4.3867,0.5453,99004.145,4.8968,6197584.7051,914.4436
node-111,2024-01-01 18:38:00,0.0103,9551589.0053,0.5984,0.4836,90030.1394,6.3903,5868408.4622,933.0141
node-112,2024-01-01 18:38:00,0.3038,7902412.0861,10.6132,0.516,144128.4649,8.0593,6140947.3567,896.0881
node-113,2024-01-01 18:38:00,0.8854,8219984.783,0.0,1.0442,87415.8917,9.7424,6235729.8211,912.4505
node-114,2024-01-01 18:38:00,1.2408,7426227.0494,14.3976,0.7067,160537.6052,6.9791,6241542.907,922.4751
node-115,2024-01-01 18:38:00,2.003,8172385.0898,0.0146,5.5225,96284.1191,8.9693,6199174.5031,931.1195
node-116,2024-01-01 18:38:00,0.1937,7745923.3389,7.5431,0.4176,116884.37,7.0553,6027038.6967,908.0663
node-117,2024-01-01 18:38:00,0.0949,8796309.0341,0.1304,0.7605,116114.8031,6.9627,6221877.6946,926.1442
node-118,2024-01-01 18:38:00,1.4679,7936302.3065,6.945,0.892,125470.5159,9.0248,6239390.335,876.7607
node-119,2024-01-01 18:38:00,0.0814,9252049.4207,0.0,0.7217,69784.5422,7.9815,6314359.9476,928.2673
node-000,2024-01-01 18:39:00,0.1032,7800519.1377,0.926,0.9039,144553.7094,12.0148,6092795.3106,927.5183
node-001,2024-01-01 18:39:00,0.1018,7549047.7879,0.0,0.9118,96266.3342,6.7099,6140266.7633,908.8645
node-002,2024-01-01 18:39:00,0.0,8659650.2638,0.0,0.8815,109848.5006,7.9878,6236176.9005,941.0698
node-003,2024-01-01 18:39:00,0.1176,9362884.7798,4.798,0.8052,124871.6091,8.7603,6283931.5208,910.8095
node-004,2024-01-01 18:39:00,0.1154,8769625.7144,1.1886,1.3047,101264.7689,7.2827,6277314.0427,909.6359
node-005,2024-01-01 18:39:00,0.0798,7498404.4178,0.0,0.7255,126281.6723,6.9181,6245364.0385,914.8683
node-006,2024-01-01 18:39:00,0.9078,5910471.7446,9.1245,0.1774,116778.7268,4.0979,6257261.1833,860.0951
node-007,2024-01-01 18:39:00,0.1067,7381029.4325,7.8506,0.5869,138412.9376,9.218,6262263.4775,890.6926
node-008,2024-01-01 18:39:00,0.0745,8105822.7606,12.4853,0.4905,136201.3028,7.9993,6001522.8698,899.2072
node-009,2024-01-01 18:39:00,0.0831,8073367.3304,4.0623,1.128,104907.0996,8.0657,5994819.7689,936.3806
node-010,2024-01-01 18:39:00,0.1289,8553257.5715,0.0,1.2762,133826.1452,10.5769,6154726.7901,928.6303
node-011,2024-01-01 18:39:00,0.0013,7338503.9171,9.222,0.4809,124464.7744,9.0742,5987784.554,917.7784
node-012,2024-01-01 18:39:00,0.2141,7443135.9657,0.0168,0.6088,122208.075,3.9909,6204848.2895,887.9584
node-013,2024-01-01 18:39:00,0.0892,7928510.825,0.0,0.6102,163257.5028,0.0,0.0,911.4488
node-014,2024-01-01 18:39:00,1.0132,9349254.7956,0.1635,0.6839,131116.9927,4.0983,6281919.1961,858.0188
node-015,2024-01-01 18:39:00,0.091,4679615.3282,1.2218,0.1061,119204.1575,5.3884,6130693.5907,849.6718
node-016,2024-01-01 18:39:00,0.0149,7611981.8912,8.2055,0.9118,104179.3291,7.9312,6181278.2371,933.6599
node-017,2024-01-01 18:39:00,0.0002,8847450.6711,0.8858,0.6226,141307.0038,7.9531,6232050.6896,892.9011
node-018,2024-01-01 18:39:00,0.0,8189625.2507,9.6096,0.7556,113557.5988,11.0173,6138560.1839,908.1175
node-019,2024-01-01 18:39:00,0.0963,8194878.4194,0.4499,0.8885,122246.1943,6.9252,6269633.574,910.8675
node-020,2024-01-01 18:39:00,0.092,7895590.4713,0.0158,0.8927,128020.2999,6.8714,6228288.0692,925.1495
node-021,2024-01-01 18:39:00,0.1947,8480845.9088,0.0,1.4085,202691.642,8.9599,6332829.254,907.5832
node-022,2024-01-01 18:39:00,0.5608,8068456.0376,0.4651,0.9255,113921.0048,4.8954,6048585.8567,934.4485
node-023,2024-01-01 18:39:00,0.0256,7449216.4308,7.2112,0.6035,119450.8798,5.035,6116687.2376,912.8695
node-024,2024-01-01 18:39:00,0.3014,7631830.8849,5.2265,0.4742,96881.6899,4.9886,6054344.8264,911.8214
node-025,2024-01-01 18:39:00,0.0016,9034443.3136,0.6528,0.5089,116943.2931,4.963,5987650.2952,868.7125
node-026,2024-01-01 18:39:00,0.7023,5354481.4231,0.0,1.3179,115440.9412,3.8746,6234686.4085,887.4223
node-027,2024-01-01 18:39:00,0.0835,8096504.8345,5.9354,1.0044,109730.0393,7.9664,6269158.5311,897.4957
node-028,2024-01-01 18:39:00,0.1155,8390491.9687,4.6521,0.4803,93838.5564,8.9942,6283767.5572,917.1975
node-029,2024-01-01 18:39:00,0.0557,8209454.2555,10.2425,0.7544,105651.9661,9.1165,6128449.2613,918.9709
node-030,2024-01-01 18:39:00,0.1424,7798330.9055,0.0,0.4664,113164.2314,11.12,6066105.37,927.1264
node-031,2024-01-01 18:39:00,0.0,28990745.9281,0.6438,0.3147,0.0,0.0,0.0,7.5126
node-032,2024-01-01 18:39:00,0.0927,7994831.5375,10.9875,0.613,131027.4029,9.0367,6200775.4244,938.146
node-033,2024-01-01 18:39:00,0.1033,7770928.7339,2.9435,0.6445,124964.9246,2.9331,6180249.9962,914.8817
node-034,2024-01-01 18:39:00,0.374,5428991.0552,0.3376,0.1097,90075.6182,5.9663,6282483.7082,899.1852
node-035,2024-01-01 18:39:00,0.0,9000982.877,0.0,0.6907,80224.2216,7.0424,6170594.8733,905.5988
node-036,2024-01-01 18:39:00,0.2587,8257036.3059,0.0,1.0011,118034.7222,5.986,6047716.2246,917.43
node-037,2024-01-01 18:39:00,0.1995,8155338.0814,12.3742,0.7554,111407.2893,8.1344,6171095.708,913.4311
node-038,2024-01-01 18:39:00,0.0799,7644353.283,2.2436,0.4883,122650.5024,2.954,6156576.0867,859.5827
node-039,2024-01-01 18:39:00,0.0738,8496747.3643,8.587,0.4839,120455.3353,6.054,5933996.1819,917.7044
node-040,2024-01-01 18:39:00,0.0,5406719.4956,0.0,0.1596,154454.3579,1.9916,6194343.0397,807.265
node-041,2024-01-01 18:39:00,0.4067,7841104.911,4.8024,0.6997,101862.03,8.0442,6203525.9317,880.8515
node-042,2024-01-01 18:39:00,0.5487,7463935.7861,9.8483,0.7997,121600.6657,5.0498,6331323.205,857.7895
node-043,2024-01-01 18:39:00,0.9832,8888337.7903,1.1381,0.6952,136679.6613,3.9901,5882337.9633,864.7557
node-044,2024-01-01 18:39:00,0.4435,7786894.1997,10.2806,0.7285,109184.1674,8.885,6171813.8465,913.9167
node-045,2024-01-01 18:39:00,0.5304,7875993.2421,0.0,0.8062,115511.7914,8.9935,6081723.999,919.8307
node-046,2024-01-01 18:39:00,0.003,7780628.7672,0.2876,0.8381,99649.5385,6.9575,6193299.4545,909.0649
node-047,2024-01-01 18:39:00,1.0484,7665883.4936,0.0,0.7466,105778.8805,8.0356,6137743.4981,913.6187
node-048,2024-01-01 18:39:00,0.4137,8094636.2683,2.4417,0.905,129055.3232,5.0115,6179906.1557,880.3771
node-049,2024-01-01 18:39:00,0.4634,5260991.1422,0.8034,0.0939,100796.3328,2.9212,6143371.5913,879.0553
node-050,2024-01-01 18:39:00,0.1301,2262795.8878,1.3188,0.1009,118196.8718,5.1923,6278697.6308,882.4868
node-051,2024-01-01 18:39:00,0.0897,7072781.971,11.3497,1.2837,143179.6077,8.0512,6013874.3365,926.6546
node-052,2024-01-01 18:39:00,1.5424,8426752.6897,0.0,0.7048,116645.0645,3.6674,5616563.3168,855.6697
node-053,2024-01-01 18:39:00,0.0948,7926448.1028,0.0,0.939,119875.565,7.9816,6200765.0465,923.7449
node-054,2024-01-01 18:39:00,0.0,7644959.3486,0.0,0.8182,129723.8864,7.4534,6064434.3612,937.2917
node-055,2024-01-01 18:39:00,0.092,7891715.2435,1.2374,0.679,109155.1287,7.0707,6239338.7998,916.9636
node-056,2024-01-01 18:39:00,0.1216,7997327.4384,6.3335,0.7036,122260.993,7.9958,6457218.3998,925.5769
node-057,2024-01-01 18:39:00,0.0634,5081347.1319,6.7702,1.0046,111021.7002,3.0095,5978272.2566,873.7942
node-058,2024-01-01 18:39:00,0.4642,7859940.234,0.8922,1.2061,156538.4459,5.9824,6104840.3192,944.7624
node-059,2024-01-01 18:39:00,1.4752,8115986.1682,10.4969,0.9169,121002.5299,8.1852,6093845.4739,927.0686
node-060,2024-01-01 18:39:00,0.1028,7760882.6799,4.2146,0.4479,116704.143,6.9387,6121840.0081,921.1687
node-061,2024-01-01 18:39:00,0.2895,8089165.9777,0.4303,0.7854,119539.2221,6.0297,6165289.543,923.1458
node-062,2024-01-01 18:39:00,0.2439,7959116.1589,10.5939,6.7962,115271.5392,6.9457,6199517.8566,868.8626
node-063,2024-01-01 18:39:00,0.5093,8271186.651,16.8267,1.1753,111587.5281,5.0466,6085132.8283,919.347
node-064,2024-01-01 18:39:00,0.0,7854862.1605,8.4507,0.668,89961.9107,9.038,6124862.2875,922.1035
node-065,2024-01-01 18:39:00,0.118,7706188.5906,0.0,0.813,126471.0513,3.0094,6073214.2472,921.8964
node-066,2024-01-01 18:39:00,0.3694,8348793.4398,8.9715,0.8569,109614.5643,10.9922,6254654.8878,913.0825
node-067,2024-01-01 18:39:00,0.7377,7841862.3205,0.0,0.5675,109201.0148,7.6518,6094901.8841,907.2989
node-068,2024-01-01 18:39:00,0.0807,8522789.5967,11.8957,0.5984,121435.3726,3.3846,6199386.0646,861.5766
node-069,2024-01-01 18:39:00,0.7941,8713862.4701,14.4981,1.2733,127313.9993,9.1206,6112323.4676,915.5395
node-070,2024-01-01 18:39:00,1.0174,7957992.6936,0.5522,1.1933,130181.9815,8.9046,6183786.3455,934.6157
node-071,2024-01-01 18:39:00,0.0945,8214246.0449,0.0,0.632,121470.3899,7.9635,6219107.1003,860.3826
node-072,2024-01-01 18:39:00,0.0,101296754.1416,1.0528,0.1049,117330.5988,4.9717,5986509.5375,881.0808
node-073,2024-01-01 18:39:00,0.0,7802603.2,0.6285,0.5977,111109.4528,6.935,6221444.3577,911.2923
node-074,2024-01-01 18:39:00,0.0022,7987160.3078,11.4738,0.6596,108215.4694,2.6519,6288438.5217,936.4477
node-075,2024-01-01 18:39:00,0.1527,9587567.5838,7.6729,2.4034,129344.5563,7.9251,6335997.2776,923.6188
node-076,2024-01-01 18:39:00,0.0,6193371.0006,1.0664,0.0749,105819.8829,5.9608,6226720.1606,878.8453
node-077,2024-01-01 18:39:00,0.0,7986034.1336,3.8867,0.8289,120990.0191,7.9184,6233243.9659,926.2277
node-078,2024-01-01 18:39:00,0.1034,8189422.3137,8.4006,0.561,120229.5658,3.0461,6261333.8425,869.523
node-079,2024-01-01 18:39:00,0.2218,7878345.5889,0.4023,0.9082,107574.0967,8.0277,6273947.5771,915.6265
node-080,2024-01-01 18:39:00,0.3697,7870308.9714,0.0,1.0653,95482.5582,8.9446,5980557.9842,916.4626
node-081,2024-01-01 18:39:00,0.0934,7710991.8387,0.0,0.6201,85056.1758,8.0944,6076823.8499,931.6196
node-082,2024-01-01 18:39:00,0.0233,5734274.522,0.0,0.082,108723.3345,5.0097,6179906.851,856.7029
node-083,2024-01-01 18:39:00,0.1054,8240342.1604,0.4828,1.0572,106851.8783,8.436,6384319.6672,927.7273
node-084,2024-01-01 18:39:00,0.0899,8976991.0669,14.7952,0.6064,83234.7271,6.0716,5880857.0858,930.7764
node-085,2024-01-01 18:39:00,0.7961,8544368.1134,5.2579,0.6855,133762.5909,7.9599,6181196.874,936.8276
node-086,2024-01-01 18:39:00,0.2988,7865765.5119,6.8959,0.8309,95708.1413,7.0354,6227361.8829,905.4202
node-087,2024-01-01 18:39:00,0.3054,7913801.8314,0.0,0.7871,111585.2716,8.0332,6247916.1999,894.101
node-088,2024-01-01 18:39:00,0.0932,8192463.2782,0.0,0.6164,109996.2262,10.9858,6255092.5231,902.7192
node-089,2024-01-01 18:39:00,0.1227,7677677.8719,0.3349,1.1516,97741.7959,6.0598,6071328.5183,885.6896
node-090,2024-01-01 18:39:00,0.2119,9008498.883,0.0681,0.8121,139217.8873,8.1907,6112934.5588,892.6403
node-091,2024-01-01 18:39:00,0.5987,8613613.3458,12.7307,0.8108,120803.6403,5.9699,5915033.0949,930.9791
node-092,2024-01-01 18:39:00,0.1101,9338692.6008,1.1593,0.7123,120103.7671,6.0354,5991809.6576,873.3254
node-093,2024-01-01 18:39:00,0.1259,8931800.4525,5.9729,0.6075,108751.7571,6.0903,6045706.295,913.7729
node-094,2024-01-01 18:39:00,0.5309,7923224.0649,0.0,1.1279,110815.4419,5.9684,6210855.8374,924.0382
node-095,2024-01-01 18:39:00,0.0,7835211.289,13.629,0.6083,108980.4396,6.9855,6248911.0253,912.1906
node-096,2024-01-01 18:39:00,0.2603,9104046.4242,1.199,0.7532,131282.8037,6.3726,6349761.8649,881.265
node-097,2024-01-01 18:39:00,0.1133,7440840.4026,1.1944,0.8307,87531.4966,7.0326,6278690.8032,930.7224
node-098,2024-01-01 18:39:00,1.3938,8493988.6375,8.4773,1.1007,97201.9293,8.9113,6163554.1274,899.7654
node-099,2024-01-01 18:39:00,0.2075,7760248.3586,10.7427,1.1065,112681.3704,5.9412,6234622.93,920.6821
node-100,2024-01-01 18:39:00,0.0916,7917092.1549,0.0,0.7442,150798.8424,10.0355,6282997.7587,942.7997
node-101,2024-01-01 18:39:00,0.1347,4552535.4505,0.0,0.1303,107410.4407,2.8415,6033477.1436,838.2738
node-102,2024-01-01 18:39:00,0.2701,8440936.7829,0.0,0.7984,122284.1589,6.9965,6155466.023,934.9321
node-103,2024-01-01 18:39:00,0.1524,7826665.8021,1.2801,0.8056,118531.7877,5.7675,6100229.3672,885.3336
node-104,2024-01-01 18:39:00,0.1109,7970037.6914,0.799,0.6989,110694.7197,6.8257,6184638.0433,920.8267
node-105,2024-01-01 18:39:00,1.3023,8044187.807,10.0278,0.7782,147586.1661,6.9432,6058541.5527,899.9602
node-106,2024-01-01 18:39:00,0.4108,5214970.8072,0.0,0.271,108870.3316,3.9601,6298044.6733,894.1193
node-107,2024-01-01 18:39:00,0.0163,7142445.0398,0.0,0.5975,118722.6485,10.5132,6219174.4098,917.6111
node-108,2024-01-01 18:39:00,0.108,9090430.2263,0.0,0.7732,118264.8611,5.4991,5827563.6486,862.3202
node-109,2024-01-01 18:39:00,0.0764,8495434.1235,0.0,0.4916,124777.1173,6.0932,5968239.3335,892.407
node-110,2024-01-01 18:39:00,0.1178,8818059.0389,4.7736,0.5087,126043.0034,9.8443,6156867.312,911.9114
node-111,2024-01-01 18:39:00,0.0008,8637288.7331,0.0,0.5695,139255.1753,9.0312,6210091.9525,859.4128
node-112,2024-01-01 18:39:00,1.4881,7547247.3303,9.3607,0.6268,107038.1583,7.7717,6079047.5252,880.2865
node-113,2024-01-01 18:39:00,0.3945,7754772.6447,0.0,1.1103,106282.5599,7.1534,6380914.1684,902.9791
node-114,2024-01-01 18:39:00,0.1353,7535622.3559,13.816,0.56,138673.1927,9.1377,6162980.3176,918.0334
node-115,2024-01-01 18:39:00,2.0125,7840938.2193,0.0887,5.5019,110952.2832,9.0819,6012096.9578,917.3157
node-116,2024-01-01 18:39:00,0.406,7659934.5526,9.5266,0.8965,108968.6225,6.989,6169891.3871,893.0909
node-117,2024-01-01 18:39:00,0.3889,8617116.057,0.0,1.0862,115452.6901,7.7949,6102009.6162,921.7443
node-118,2024-01-01 18:39:00,1.1126,7621606.2218,7.7981,0.8165,85799.3541,6.9882,6173045.326,875.5318
node-119,2024-01-01 18:39:00,0.0625,8754149.2218,0.8863,0.5951,119500.5289,4.0285,6238406.8455,854.9925
node-000,2024-01-01 18:40:00,0.1125,7700895.6134,0.0,1.1801,140975.36,9.0386,6326545.0996,903.8598
node-001,2024-01-01 18:40:00,0.1371,7422240.8028,0.0,1.0112,113798.8573,7.9534,6203146.7443,898.55
node-002,2024-01-01 18:40:00,0.1451,8660691.6218,0.1383,0.9954,123343.9827,8.507,6231548.319,921.6903
node-003,2024-01-01 18:40:00,0.2116,9147796.1614,5.8616,0.6836,153486.2029,8.0201,6173108.1891,919.8314
node-004,2024-01-01 18:40:00,0.1027,8427619.9443,0.0,0.9257,81672.9351,7.9896,6181428.1344,906.529
node-005,2024-01-01 18:40:00,0.0905,7808837.9001,0.0112,0.5146,111259.8772,7.5964,6247981.8086,923.1247
node-006,2024-01-01 18:40:00,0.3871,6276446.9149,10.01,0.2112,95048.1339,0.0016,6160829.1075,821.2169
node-007,2024-01-01 18:40:00,0.2212,6739664.0731,6.9499,0.5968,132167.9343,10.0737,6237608.273,886.877
node-008,2024-01-01 18:40:00,0.5632,7912017.7144,13.9841,0.9917,95373.8644,7.6109,6195724.7484,901.0799
node-009,2024-01-01 18:40:00,1.7037,8070274.961,3.893,1.2573,111206.9427,7.0919,6181324.3979,917.2672
node-010,2024-01-01 18:40:00,0.0,8213465.3089,0.6662,1.202,159201.352,12.0739,6347212.1081,955.8984
node-011,2024-01-01 18:40:00,0.3237,7085484.2174,8.6541,0.6864,79338.1353,4.0055,6176261.8632,911.5982
node-012,2024-01-01 18:40:00,0.1357,7525840.675,0.0,0.6752,123429.8901,4.8185,6193408.9107,909.5124
node-013,2024-01-01 18:40:00,0.2962,8107923.4994,0.986,1.4976,146437.2555,0.0535,0.0,950.1114
node-014,2024-01-01 18:40:00,0.1173,9111842.0439,1.0995,0.6836,81410.4852,5.5901,6245421.9309,931.9339
node-015,2024-01-01 18:40:00,0.0964,4942358.1505,0.6515,0.0965,92539.6527,5.991,6121175.8585,830.9304
node-016,2024-01-01 18:40:00,0.208,7505820.5059,8.1765,1.5884,103461.1582,7.9639,6301612.3533,911.7187
node-017,2024-01-01 18:40:00,0.0987,8636501.8118,0.8232,0.6211,154215.3332,6.9927,6190301.3007,926.5364
node-018,2024-01-01 18:40:00,0.1928,8665101.9837,8.3875,0.8263,113436.6312,9.9849,6276008.1301,935.0312
node-019,2024-01-01 18:40:00,0.0642,7821993.947,0.0,1.4272,92887.64,4.9812,6229371.7096,908.901
node-020,2024-01-01 18:40:00,0.1091,8151994.66,0.0,0.7871,133128.7755,7.0499,6293314.4443,919.1019
node-021,2024-01-01 18:40:00,0.374,8709551.9932,0.0,1.3201,108221.6737,9.4183,6256702.3372,943.862
node-022,2024-01-01 18:40:00,3.9973,8434556.7462,0.0,1.0705,120115.2654,10.0654,6131445.5379,907.5929
node-023,2024-01-01 18:40:00,0.0765,7799321.0957,8.1142,0.6055,88692.7378,7.0247,6204524.008,907.2453
node-024,2024-01-01 18:40:00,0.3018,7693234.014,4.1287,0.5527,115325.6642,10.0223,6274626.6698,921.2465
node-025,2024-01-01 18:40:00,0.1697,9315737.0926,0.0,0.6831,119540.9838,10.9862,6303546.0704,930.3871
node-026,2024-01-01 18:40:00,0.185,5495045.723,0.0,0.1992,112314.4519,2.0281,6087282.1501,826.0364
node-027,2024-01-01 18:40:00,0.1007,8164373.0496,6.0282,1.2978,117885.6078,5.031,6247128.2641,895.0259
node-028,2024-01-01 18:40:00,0.1629,8096684.9928,6.241,0.5583,120664.1472,5.0581,6194549.4763,933.4832
node-029,2024-01-01 18:40:00,0.0035,7998399.9917,10.1529,0.7034,116478.1511,9.3314,6160886.2978,906.0531
node-030,2024-01-01 18:40:00,1.4884,7941380.9653,0.0,0.7103,116663.3578,11.0448,6230134.5176,879.4944
node-031,2024-01-01 18:40:00,0.0197,28856002.8993,0.0,0.2108,0.0,0.0057,44111.9251,14.4541
node-032,2024-01-01 18:40:00,0.1296,7493036.91,10.6191,0.9932,106395.1463,10.9056,6207591.4602,924.4627
node-033,2024-01-01 18:40:00,0.0987,7644080.0361,2.9977,0.7687,110175.3238,4.0394,6297779.3649,936.2087
node-034,2024-01-01 18:40:00,0.012,5289650.5932,1.5431,0.2034,114746.0529,0.9671,6307538.4402,876.1214
node-035,2024-01-01 18:40:00,0.1863,9002225.1159,1.4643,0.8141,101999.4995,5.9879,6252709.9946,919.2455
node-036,2024-01-01 18:40:00,0.197,8183990.9999,0.2379,0.7489,112045.2957,5.9954,6162614.9921,909.978
node-037,2024-01-01 18:40:00,0.0932,8129763.061,12.477,1.0402,106561.0607,7.9453,6127988.1371,914.2257
node-038,2024-01-01 18:40:00,0.104,7120314.602,2.5707,0.6985,127875.796,3.2059,6294452.1954,940.9293
node-039,2024-01-01 18:40:00,0.3102,8895046.2161,8.5633,0.6698,117961.4307,8.0472,6221400.4201,897.6498
node-040,2024-01-01 18:40:00,0.1901,5196880.9654,1.0073,0.0784,136830.1108,0.9276,6194704.9749,866.6959
node-041,2024-01-01 18:40:00,0.3107,7766398.7767,5.5434,1.5065,102511.4609,8.7633,6351466.8481,916.8675
node-042,2024-01-01 18:40:00,0.408,7535903.5789,11.3066,0.7059,112349.0712,4.9793,6254132.1498,937.2844
node-043,2024-01-01 18:40:00,0.1573,8744903.0748,0.0,0.8047,118076.5226,4.0789,6434149.9606,926.147
node-044,2024-01-01 18:40:00,0.5343,7717977.5053,9.1949,0.8196,81231.8012,14.0061,6228342.1866,919.84
node-045,2024-01-01 18:40:00,0.4773,8264192.3205,0.0933,0.9469,118201.8893,5.9517,6217261.8947,865.6306
node-046,2024-01-01 18:40:00,0.5341,8131939.7357,0.1732,0.6993,120952.9965,6.1243,6247409.2968,914.0663
node-047,2024-01-01 18:40:00,1.8568,7571161.1332,0.0,1.1046,139772.6792,6.9536,6201387.2534,909.4242
node-048,2024-01-01 18:40:00,0.3889,8387871.2045,2.5345,0.6102,110820.9421,5.9365,6255370.7922,875.4854
node-049,2024-01-01 18:40:00,0.3027,5875172.9775,0.2788,0.1825,133741.0175,2.7078,6185683.1742,849.8498
node-050,2024-01-01 18:40:00,0.9022,2385960.2606,0.0,0.1149,128038.7569,3.6182,6215887.5902,846.724
node-051,2024-01-01 18:40:00,0.2532,7130066.3704,12.1818,1.469,156221.8059,10.8712,6153324.7857,909.8523
node-052,2024-01-01 18:40:00,0.4281,8108354.3344,0.0,0.7337,93943.5726,1.9591,6486136.1928,969.7623
node-053,2024-01-01 18:40:00,3.2958,7949340.6793,0.0,0.717,110663.2957,8.6353,6250517.3422,903.325
node-054,2024-01-01 18:40:00,0.4045,7870970.8047,0.0,0.6485,119806.1182,8.966,6215595.4139,922.2098
node-055,2024-01-01 18:40:00,0.0874,7906582.2538,0.0,0.811,120264.367,7.8319,6207422.2819,923.9909
node-056,2024-01-01 18:40:00,0.1018,8174917.9921,5.9787,0.8962,129161.9544,15.9353,6211884.966,914.5781
node-057,2024-01-01 18:40:00,0.4579,4787482.1608,6.3674,0.7531,103941.2523,3.6062,6135274.8463,892.7197
node-058,2024-01-01 18:40:00,0.2006,8642544.0548,0.0,1.7115,158584.3611,7.0621,6240598.5265,917.9689
node-059,2024-01-01 18:40:00,0.2976,8369750.483,8.9788,0.7141,114336.3608,9.0245,6239767.884,934.5751
node-060,2024-01-01 18:40:00,0.195,8177002.4065,3.0825,0.7384,120924.5337,7.0111,6256377.0101,916.5386
node-061,2024-01-01 18:40:00,0.0,8347083.6887,0.0,0.8186,119554.6258,13.893,6116497.6008,916.9408
node-062,2024-01-01 18:40:00,0.1108,8228640.1092,11.3173,0.9119,81168.7477,5.0363,6410566.5317,912.4254
node-063,2024-01-01 18:40:00,1.3347,7944009.788,17.4849,1.0624,121755.6645,7.0439,6270865.8143,912.0939
node-064,2024-01-01 18:40:00,0.1086,7733403.1951,8.8221,0.7832,95323.9878,8.9836,6332285.5314,946.094
node-065,2024-01-01 18:40:00,0.0,7993101.836,0.4,0.9175,117681.4664,4.4065,6161665.5987,916.2698
node-066,2024-01-01 18:40:00,0.1192,8017346.6949,8.1691,1.2912,115834.1469,10.1695,6183797.3888,895.0895
node-067,2024-01-01 18:40:00,0.3654,7494616.523,0.7032,0.6047,116735.4289,6.9826,6323208.4569,902.4632
node-068,2024-01-01 18:40:00,1.9996,8323612.3063,12.4635,0.9058,138373.6719,8.0316,6363333.6355,915.562
node-069,2024-01-01 18:40:00,0.5914,8846219.0738,13.9347,0.9806,105432.5156,7.1179,6296701.8904,936.0081
node-070,2024-01-01 18:40:00,0.0751,7623040.4309,0.0,1.0913,92331.8365,8.7759,6308341.5341,937.8698
node-071,2024-01-01 18:40:00,0.2519,8564904.316,0.6573,0.7201,111026.8444,5.956,6236828.2595,901.3933
node-072,2024-01-01 18:40:00,0.105,101055894.2587,0.0,0.2127,146415.67,0.0473,6151537.3242,850.4711
node-073,2024-01-01 18:40:00,0.2596,7863344.6255,0.2648,0.6262,110353.7709,6.9969,6215482.7267,912.8468
node-074,2024-01-01 18:40:00,0.0485,7554115.4624,10.315,1.1582,102108.3231,3.9429,6216492.7642,914.9902
node-075,2024-01-01 18:40:00,0.1068,9412102.7045,7.2876,4.3995,121347.0361,8.0191,6207840.1229,920.0704
node-076,2024-01-01 18:40:00,0.2996,6154281.8511,0.5598,0.1692,84293.4909,3.9513,6288657.891,848.3529
node-077,2024-01-01 18:40:00,0.9053,7805167.5407,3.0142,1.2047,90374.7712,5.9162,6195583.2835,894.1508
node-078,2024-01-01 18:40:00,0.6807,7928186.1499,7.514,0.7998,112938.7817,7.0897,6265327.1596,937.5481
node-079,2024-01-01 18:40:00,0.189,8218532.6894,0.0,0.8963,134804.8082,10.0464,6298610.0587,917.9721
node-080,2024-01-01 18:40:00,0.089,7843892.7362,0.0,0.9601,106522.0502,11.1068,6349779.8401,890.3457
node-081,2024-01-01 18:40:00,1.2017,7518288.5827,0.1672,0.997,149927.4217,6.9434,6276223.1422,950.5021
node-082,2024-01-01 18:40:00,0.0112,5179551.5368,0.0,0.0826,127255.1651,2.0245,6033182.4465,821.0631
node-083,2024-01-01 18:40:00,0.1054,8022618.4669,0.6406,0.9917,126140.1479,6.9831,6199349.3083,935.7217
node-084,2024-01-01 18:40:00,1.014,8028854.8005,15.0063,0.5894,110935.5944,4.9479,6326523.9576,917.7302
node-085,2024-01-01 18:40:00,0.7704,8659876.0529,5.7061,1.0536,104083.8532,6.1007,6346933.6044,917.3738
node-086,2024-01-01 18:40:00,0.2936,7943440.2967,8.2586,1.1357,112611.1723,6.0863,6371732.2096,906.3852
node-087,2024-01-01 18:40:00,0.4964,8053059.8751,0.2768,0.9005,78137.1997,5.9499,6169390.8803,895.2235
node-088,2024-01-01 18:40:00,0.81,7823641.1497,0.0,0.9999,107599.5061,2.993,6153974.4885,912.3515
node-089,2024-01-01 18:40:00,0.693,7732099.3161,0.9681,1.2047,118005.1049,6.0518,6233442.4857,913.593
node-090,2024-01-01 18:40:00,0.1014,9098789.2464,0.2017,0.6849,131225.4444,6.2137,6298365.2239,912.7359
node-091,2024-01-01 18:40:00,0.2015,8308109.8406,13.2927,1.5984,93966.4315,5.9904,6219187.1278,913.8637
node-092,2024-01-01 18:40:00,0.7083,9147182.479,0.0,0.5964,101652.0489,6.0295,6216170.0795,908.2635
node-093,2024-01-01 18:40:00,0.2944,8649845.6402,6.1394,0.6933,123005.8128,6.2859,6295680.3116,907.7107
node-094,2024-01-01 18:40:00,0.2129,7812983.0438,0.0,1.1167,110198.5676,5.9268,6189783.9062,921.671
node-095,2024-01-01 18:40:00,0.0,7967811.2851,13.9141,0.8561,87996.4752,5.9811,6171023.667,917.0937
node-096,2024-01-01 18:40:00,0.1379,9028806.0514,0.0,1.008,121107.9393,7.9888,6212908.9847,938.9997
node-097,2024-01-01 18:40:00,0.1027,7540718.1401,0.7059,0.9011,115281.3613,9.9979,6239403.4847,900.8614
node-098,2024-01-01 18:40:00,0.2076,8785974.4352,8.3085,0.9999,139537.989,8.1543,6234271.0353,946.3146
node-099,2024-01-01 18:40:00,0.1068,7433284.94,9.8618,1.5162,118264.8783,6.4473,6315704.6454,908.7482
node-100,2024-01-01 18:40:00,1.5127,7735888.4957,0.4861,1.0928,159939.5212,9.9988,6107941.829,909.8305
node-101,2024-01-01 18:40:00,0.2962,4448718.3199,0.3013,0.1058,109152.8235,2.1563,6180919.0035,861.2358
node-102,2024-01-01 18:40:00,0.3052,7877632.4932,0.0,0.9029,131539.0533,18.0651,6218481.4683,929.4776
node-103,2024-01-01 18:40:00,0.1054,7722536.4226,0.0,0.7718,99202.8542,10.0122,6223829.2578,896.9908
node-104,2024-01-01 18:40:00,0.0064,7478561.6974,0.6925,0.3865,115487.4087,8.9447,6197524.105,916.0622
node-105,2024-01-01 18:40:00,0.3056,7975877.7814,9.3588,0.5804,137065.989,9.0859,6294574.9028,946.7595
node-106,2024-01-01 18:40:00,0.3542,4953701.8362,0.7383,0.2023,126734.9592,3.9906,6298256.5127,845.5195
node-107,2024-01-01 18:40:00,0.0325,6834228.2124,0.0,0.6802,122505.0933,8.9751,6133657.0553,916.6168
node-108,2024-01-01 18:40:00,0.0044,8858971.8718,0.0,0.7407,126799.4807,3.9952,6351799.1139,935.0849
node-109,2024-01-01 18:40:00,0.2105,8253431.9544,0.5154,0.6125,102713.0519,5.9623,6122717.3368,916.0574
node-110,2024-01-01 18:40:00,0.1392,8121318.8589,4.2644,0.6108,123928.7308,9.8546,6150216.3922,902.3706
node-111,2024-01-01 18:40:00,0.1953,9127823.9319,0.0,1.0137,103023.6669,12.0011,6228580.5749,934.033
node-112,2024-01-01 18:40:00,0.7159,7136699.6086,11.416,0.2871,116768.6133,6.9517,6089523.2366,904.9019
node-113,2024-01-01 18:40:00,0.7401,7978409.4104,0.9654,4.4159,102569.3314,6.9358,6159474.0858,904.2969
node-114,2024-01-01 18:40:00,0.1147,7527290.0631,15.2366,1.1383,156221.3781,8.0395,6224964.7524,913.0712
node-115,2024-01-01 18:40:00,0.0995,8132774.6163,0.0,0.899,112457.6502,8.0058,6199615.6375,914.0166
node-116,2024-01-01 18:40:00,0.0156,7946666.1112,9.4642,0.9125,132318.3152,7.4018,6196194.0226,912.975
node-117,2024-01-01 18:40:00,0.089,9301209.8537,0.0,1.0256,96251.3641,9.9437,6318488.114,935.8843
node-118,2024-01-01 18:40:00,0.0,8287442.9821,7.5875,0.3905,86400.8636,6.4016,6079609.9213,918.0344
node-119,2024-01-01 18:40:00,0.3221,9295557.4455,0.0,0.7414,105974.4219,4.9963,6262876.8529,939.8527
node-000,2024-01-01 18:41:00,0.1823,7432598.7051,0.0,1.3974,160943.9931,8.8395,6227323.5457,955.4545
node-001,2024-01-01 18:41:00,0.1019,7222403.5917,0.0,0.8967,122518.5897,7.0557,6181079.1157,937.2628
node-002,2024-01-01 18:41:00,0.1816,8603058.296,0.0,0.8893,115329.2893,9.9864,6378729.7669,951.5186
node-003,2024-01-01 18:41:00,0.1034,9271861.0109,5.0591,1.0301,119106.7874,8.1051,6222017.5603,934.0833
node-004,2024-01-01 18:41:00,0.0915,8201049.3683,0.0,1.1344,132852.8538,7.003,6329615.3596,938.3299
node-005,2024-01-01 18:41:00,0.1108,7725759.4369,0.7112,0.6345,85971.6459,9.0478,6190908.6967,951.9489
node-006,2024-01-01 18:41:00,0.0084,5659075.4458,9.192,0.2286,116255.7272,2.5889,6263865.5422,882.9838
node-007,2024-01-01 18:41:00,0.1796,7181842.4797,7.9888,0.6062,149069.0236,5.9562,6252350.8146,921.0151
node-008,2024-01-01 18:41:00,0.1052,7850390.1027,11.9043,0.5888,112851.9796,7.0768,6173620.9417,932.1664
node-009,2024-01-01 18:41:00,0.0744,7881636.0802,2.6576,0.7993,123780.1864,6.9777,6201725.6611,952.9557
node-010,2024-01-01 18:41:00,0.0663,8002856.7836,0.3991,1.3719,133605.4622,6.9805,6240053.263,957.7832
node-011,2024-01-01 18:41:00,0.1832,7524800.7329,8.1697,0.9281,114402.2225,6.0896,6187963.3028,951.1651
node-012,2024-01-01 18:41:00,0.187,6917457.0671,0.3922,0.8494,124018.2741,6.9742,6250645.2177,962.7836
node-013,2024-01-01 18:41:00,0.1849,7512140.9864,0.0,1.1599,160607.2072,0.0792,2522.6,967.9853
node-014,2024-01-01 18:41:00,0.1076,9757955.4133,0.0,0.7565,138078.9394,9.9801,6097993.6601,931.5134
node-015,2024-01-01 18:41:00,0.0005,4866130.3419,0.8968,0.2012,120227.0946,0.0,6252539.9426,911.048
node-016,2024-01-01 18:41:00,0.0414,7215103.4226,7.3448,0.9519,112975.2603,8.0527,6226771.0698,969.6148
node-017,2024-01-01 18:41:00,0.1674,8825930.4328,0.4986,0.7432,149692.4961,4.0597,6208941.1795,947.9634
node-018,2024-01-01 18:41:00,0.0898,8617302.0436,9.4852,1.1222,139483.0708,8.1211,6192365.3257,933.7062
node-019,2024-01-01 18:41:00,0.1012,7997734.206,0.3471,1.6102,105318.9917,5.5911,6219186.4308,914.7653
node-020,2024-01-01 18:41:00,0.1386,8022872.8573,0.0,1.2393,135358.7604,9.899,6170969.6003,945.8769
node-021,2024-01-01 18:41:00,0.1276,8531416.541,0.3825,1.4023,120387.3577,10.9806,6193022.9426,945.0792
node-022,2024-01-01 18:41:00,0.5475,8229234.5117,0.5731,0.8155,115714.387,8.1036,6181193.0999,958.7413
node-023,2024-01-01 18:41:00,0.3028,7744883.7708,6.9928,0.8179,119305.4676,5.9422,6151605.1208,935.7163
node-024,2024-01-01 18:41:00,0.1177,7679347.8449,4.9015,0.6942,118851.5792,6.0518,6142893.161,960.6793
node-025,2024-01-01 18:41:00,0.1017,9134609.5571,0.0,1.3021,140289.7783,7.1103,6246383.3021,970.397
node-026,2024-01-01 18:41:00,0.0,5980172.6603,0.0,0.2305,160316.628,5.0682,6315605.8139,929.7622
node-027,2024-01-01 18:41:00,0.1002,8388436.6435,6.2925,0.9678,159328.7011,6.053,6304334.7328,929.59
node-028,2024-01-01 18:41:00,0.1087,8369452.3347,4.5508,0.7643,114774.7273,4.9654,6186389.0289,946.1858
node-029,2024-01-01 18:41:00,0.0013,8005275.1453,10.6675,0.7164,122987.0404,9.8917,6278668.8057,955.15
node-030,2024-01-01 18:41:00,0.082,7685997.0887,0.7851,0.672,112463.8208,1.0066,6315574.1025,952.3267
node-031,2024-01-01 18:41:00,0.1093,28776772.8511,0.0,0.2068,1954.7488,0.0511,61092.7483,4.6373
node-032,2024-01-01 18:41:00,0.0876,7331305.5446,10.1384,1.8114,104180.6849,16.0006,6176106.7165,948.0994
node-033,2024-01-01 18:41:00,0.0937,7907799.4449,2.8732,0.8017,143097.6635,6.857,6214257.8855,973.2198
node-034,2024-01-01 18:41:00,0.0002,5321177.1293,0.2563,0.1834,111116.1083,1.7032,6182719.1472,899.659
node-035,2024-01-01 18:41:00,0.7105,9068480.3452,0.0,0.8467,139009.6907,5.9831,6432091.1235,976.0934
node-036,2024-01-01 18:41:00,0.1116,7919556.3515,0.0548,1.0721,81586.8627,11.3117,6326357.7904,940.2748
node-037,2024-01-01 18:41:00,0.4066,8308493.5922,11.2759,0.2847,116610.9181,10.969,6214352.649,957.8522
node-038,2024-01-01 18:41:00,0.0898,7193111.3916,2.8043,0.7104,110398.6708,4.0201,6276639.1749,958.6907
node-039,2024-01-01 18:41:00,0.4678,8929868.2817,9.0701,0.7263,137602.0103,7.9926,6269480.544,964.6674
node-040,2024-01-01 18:41:00,0.0046,5460193.1649,0.0,0.1299,152019.301,6.9762,6174614.6185,891.4626
node-041,2024-01-01 18:41:00,0.1693,7781455.1267,5.6214,0.9455,109434.9865,10.9382,6155991.5826,945.678
node-042,2024-01-01 18:41:00,0.0674,7877560.3733,10.9028,0.6968,106145.6436,9.0722,6250071.6051,960.7145
node-043,2024-01-01 18:41:00,0.0891,8875757.3473,0.8649,1.002,94342.5242,7.8969,6219738.1553,962.7167
node-044,2024-01-01 18:41:00,0.2129,7867667.7063,10.3335,2.3869,99171.7827,10.0949,6192473.7219,941.9552
node-045,2024-01-01 18:41:00,0.1958,7890698.7912,0.2405,0.9155,110149.9671,5.0155,6203213.5778,903.3724
node-046,2024-01-01 18:41:00,0.9024,8094600.562,0.611,0.8573,129535.8924,12.4938,6330784.0925,955.4484
node-047,2024-01-01 18:41:00,0.1332,7898166.3477,0.0,0.7892,110427.6785,6.464,6228402.0874,961.4178
node-048,2024-01-01 18:41:00,0.5926,8177469.9458,1.9423,0.7693,124253.1216,10.9698,6272918.3688,935.2884
node-049,2024-01-01 18:41:00,0.2109,5292776.2415,0.0,0.1335,121117.1396,2.0173,6105954.9102,918.3257
node-050,2024-01-01 18:41:00,0.1083,2266196.3963,0.9053,0.316,120362.6137,0.0402,6205902.6581,921.6679
node-051,2024-01-01 18:41:00,0.1583,7186731.376,8.916,1.489,120962.4054,6.9843,6283188.5397,950.9837
node-052,2024-01-01 18:41:00,0.1093,8536070.1765,0.0,0.7631,112332.8514,12.0858,6228946.223,960.3088
node-053,2024-01-01 18:41:00,0.7161,7964495.4956,0.2869,0.9387,115311.9191,9.9666,6209803.7227,945.7352
node-054,2024-01-01 18:41:00,0.0,7767036.8929,0.0,0.8719,131311.0502,5.0111,6221057.0714,968.564
node-055,2024-01-01 18:41:00,0.0888,7648011.4916,0.5273,0.8639,103538.2197,9.9192,6247995.0164,967.5265
node-056,2024-01-01 18:41:00,0.0911,8448819.8933,7.005,1.2151,110041.7961,4.9038,6243336.5703,973.0393
node-057,2024-01-01 18:41:00,0.1715,4675040.9094,7.6431,1.3144,117918.5346,5.1227,6262006.3366,949.7327
node-058,2024-01-01 18:41:00,0.0889,8125308.6694,0.0,1.104,172524.4279,8.9906,6286019.8202,958.6505
node-059,2024-01-01 18:41:00,0.3669,8210755.3706,9.1273,1.3749,120215.0141,5.9189,6271312.193,956.7243
node-060,2024-01-01 18:41:00,0.0746,7497034.6104,3.5188,1.0012,118717.4102,7.0651,6215566.2973,941.5804
node-061,2024-01-01 18:41:00,0.108,7937538.6639,0.0,1.4362,128402.8567,9.9532,6212573.8415,941.8713
node-062,2024-01-01 18:41:00,0.1735,7825447.2838,10.0458,1.4343,127033.8092,4.9366,6214595.122,932.2033
node-063,2024-01-01 18:41:00,0.0858,7786260.7885,17.2388,1.124,116831.9813,8.3197,6204887.7664,946.8562
node-064,2024-01-01 18:41:00,0.0135,7137418.0839,7.2381,0.9166,130255.2643,6.9283,6312482.3484,953.0054
node-065,2024-01-01 18:41:00,0.1324,7719760.479,0.0,0.9097,113631.5596,8.009,6228438.1428,936.0796
node-066,2024-01-01 18:41:00,0.1021,7979347.704,7.4139,1.297,81291.5392,7.9907,6283430.2204,949.1155
node-067,2024-01-01 18:41:00,0.0988,7855088.0249,0.0,0.7897,137881.2168,7.9775,6201715.3503,958.9612
node-068,2024-01-01 18:41:00,1.6334,8459880.9038,11.4854,1.5098,149314.6531,9.0465,6303621.4766,921.0143
node-069,2024-01-01 18:41:00,0.1417,8769988.1708,13.4848,0.9187,131441.5995,6.0356,6327817.2872,964.705
node-070,2024-01-01 18:41:00,0.107,7330100.5345,0.0,0.9779,119032.3568,8.0677,6246691.388,943.3521
node-071,2024-01-01 18:41:00,0.0458,7356089.7256,0.0,0.7358,99144.8978,6.0194,6342258.4392,939.0784
node-072,2024-01-01 18:41:00,0.0046,101305422.9481,0.0,0.0877,116928.7985,3.0364,6247085.0094,867.6418
node-073,2024-01-01 18:41:00,0.0845,7864401.4907,0.0,0.6039,122878.1213,8.9416,6178443.4494,945.3421
node-074,2024-01-01 18:41:00,0.0371,7456083.8343,10.9658,0.8201,131137.6419,8.8177,6218912.0456,947.743
node-075,2024-01-01 18:41:00,1.2765,9284492.485,6.9467,0.6804,87187.3923,8.2371,6250753.0233,959.8645
node-076,2024-01-01 18:41:00,0.0,5916064.2654,0.0,0.0771,98880.5242,0.0582,6164531.0171,889.3551
node-077,2024-01-01 18:41:00,0.0309,7504039.9161,3.9108,1.5884,135294.1044,7.8699,6303718.4018,920.4787
node-078,2024-01-01 18:41:00,0.0872,8195925.0843,8.4234,1.2959,113638.9376,9.9238,6112231.8087,943.348
node-079,2024-01-01 18:41:00,0.0475,8090918.407,0.0,1.1473,90385.7391,9.0652,6302223.9918,945.7124
node-080,2024-01-01 18:41:00,0.0987,7644175.6731,0.0,0.9002,134197.851,17.0618,6259809.7177,912.1722
node-081,2024-01-01 18:41:00,0.0937,7536068.8718,0.1004,0.8417,148778.5028,7.9439,6192779.0617,962.493
node-082,2024-01-01 18:41:00,0.0244,5023780.1724,0.8497,0.3083,87957.6037,2.0281,6121209.5897,899.5426
node-083,2024-01-01 18:41:00,0.2067,8099671.2474,0.0,1.6273,115709.2821,9.0445,6308823.2897,946.1155
node-084,2024-01-01 18:41:00,1.0148,8269355.478,13.6928,1.6008,110952.5235,2.052,6208789.9594,962.7549
node-085,2024-01-01 18:41:00,0.697,8006208.3297,5.7832,1.1108,118912.2586,5.6117,6236205.9349,966.8762
node-086,2024-01-01 18:41:00,0.1727,8019228.6441,8.6345,0.9848,84159.8254,5.3045,6270919.983,973.7494
node-087,2024-01-01 18:41:00,0.919,8201419.1371,0.8252,1.091,82289.2029,10.8788,6176447.7229,904.4396
node-088,2024-01-01 18:41:00,2.185,7603960.2666,0.0,0.7643,109097.8878,6.4027,6132778.1008,945.94
node-089,2024-01-01 18:41:00,0.1032,7907944.3909,0.925,1.418,104564.9683,9.0802,6218970.1498,946.5383
node-090,2024-01-01 18:41:00,0.1299,9042198.6837,0.0,0.9117,158828.7372,6.0686,6158304.8315,926.0968
node-091,2024-01-01 18:41:00,0.0988,8258824.2096,13.5545,1.2317,128462.7986,7.8807,6211949.8208,970.8155
node-092,2024-01-01 18:41:00,0.0579,8827681.8048,0.0,0.7518,132075.7045,7.1638,6190557.6834,943.7128
node-093,2024-01-01 18:41:00,0.1283,8779137.6106,5.8503,0.8854,123455.1232,6.9678,6155475.279,955.3739
node-094,2024-01-01 18:41:00,0.5971,8037676.6329,0.001,1.191,115412.4286,7.942,6183685.7444,950.0059
node-095,2024-01-01 18:41:00,0.0291,7385770.8067,14.7059,0.8168,122859.2557,9.108,6219251.7102,944.136
node-096,2024-01-01 18:41:00,0.0825,9119866.9613,0.9476,0.7457,137577.3842,6.0097,6228283.0778,964.8979
node-097,2024-01-01 18:41:00,0.1217,7372310.2936,0.0,0.9297,116614.4531,8.9355,6254841.7396,947.2737
node-098,2024-01-01 18:41:00,0.1169,8191730.5914,7.9803,0.9644,100952.8977,6.1213,6190364.2585,944.5114
node-099,2024-01-01 18:41:00,0.0852,7178074.7886,10.7093,1.0894,122658.5583,6.8719,6256157.0086,942.7561
node-100,2024-01-01 18:41:00,0.0928,8255033.9796,0.6045,0.6021,129118.4557,7.9235,6224758.7022,950.9039
node-101,2024-01-01 18:41:00,0.0038,4393320.368,0.0938,0.117,108599.3395,2.1039,6311698.36,911.4139
node-102,2024-01-01 18:41:00,0.0862,8400338.296,0.7039,0.9114,126087.9078,15.1093,6241751.7253,949.3073
node-103,2024-01-01 18:41:00,0.0973,8089578.6078,0.0611,0.7975,102085.1236,7.957,6145654.2873,936.8703
node-104,2024-01-01 18:41:00,0.094,7722386.9439,0.4667,0.8971,123716.194,10.0593,6152584.6394,935.1032
node-105,2024-01-01 18:41:00,0.0926,8085858.6529,8.1434,1.4491,128249.9244,14.9106,6128102.1241,960.6342
node-106,2024-01-01 18:41:00,0.0,4838319.6748,0.0,0.1836,102040.7779,2.9853,6160291.7644,899.3233
node-107,2024-01-01 18:41:00,0.1792,7351920.7139,0.6461,1.0771,113046.6432,5.9479,6255574.8055,939.3893
node-108,2024-01-01 18:41:00,0.1149,9285269.5422,0.0,1.1404,114055.1512,10.9232,6235720.8527,932.1188
node-109,2024-01-01 18:41:00,0.0883,8545208.7832,0.0,0.7248,143199.3192,6.4521,6261566.9744,959.4396
node-110,2024-01-01 18:41:00,0.0833,7957083.146,4.0797,0.8018,117159.4312,10.986,6303131.9458,936.088
node-111,2024-01-01 18:41:00,0.11,8585757.9968,0.0,1.1937,122496.4732,8.0055,6281811.9626,948.4787
node-112,2024-01-01 18:41:00,0.2959,7645742.8754,9.6623,0.7522,126509.7431,6.1592,6238949.5014,955.6717
node-113,2024-01-01 18:41:00,0.0207,7945280.0944,0.0268,5.7735,97374.2998,7.9969,6257564.7682,953.3586
node-114,2024-01-01 18:41:00,0.116,7462674.0328,15.7736,0.5197,143686.5823,4.8948,6299408.2863,945.0589
node-115,2024-01-01 18:41:00,0.0975,7903297.1386,0.314,0.8892,125237.0795,8.7956,6209266.7129,947.8791
node-116,2024-01-01 18:41:00,0.1609,7846994.7856,9.286,1.4999,112463.3577,7.9747,6223202.4139,946.1116
node-117,2024-01-01 18:41:00,0.13,8903337.0287,0.0,0.9986,112177.6023,9.9969,6272386.2144,955.3811
node-118,2024-01-01 18:41:00,0.0,7871352.6734,8.8691,0.4306,118527.8262,5.036,6374102.1248,976.0551
node-119,2024-01-01 18:41:00,0.0892,8749226.0733,0.0,0.8749,123586.9213,6.9641,6206879.5688,937.6833
node-000,2024-01-01 18:42:00,0.0995,7636219.3676,0.0,1.0722,151371.5513,10.0472,6307361.0733,941.5537
node-001,2024-01-01 18:42:00,0.079,7806659.7686,0.795,1.0178,112515.5811,5.9716,6204894.2556,957.5293
node-002,2024-01-01 18:42:00,0.093,8328449.9001,0.4452,0.8068,133749.5525,7.9982,6192523.1686,955.2182
node-003,2024-01-01 18:42:00,0.0904,9678551.2968,5.3291,0.6519,105331.7402,7.0558,6234550.5186,943.8589
node-004,2024-01-01 18:42:00,0.1203,7960856.5898,0.0,1.1055,133370.9758,11.0242,6286595.0118,947.8249
node-005,2024-01-01 18:42:00,0.0916,7406050.5196,0.0,0.5897,101289.3176,6.9106,6186514.6204,944.9131
node-006,2024-01-01 18:42:00,0.0,5264448.1052,10.8947,0.2081,128094.2768,4.0766,6507956.6951,903.1617
node-007,2024-01-01 18:42:00,0.2116,7351161.0982,7.3765,0.5843,132148.7281,8.0141,6169651.1437,939.678
node-008,2024-01-01 18:42:00,0.0468,8219324.0793,12.5239,0.5948,130494.6529,5.9208,6254969.7087,939.8348
node-009,2024-01-01 18:42:00,0.0621,8015579.12,3.3465,3.7595,112533.6089,6.9655,6173205.0677,949.4416
node-010,2024-01-01 18:42:00,0.1188,8021327.3774,0.0,1.6098,111734.3103,12.0154,6201705.1272,956.3455
node-011,2024-01-01 18:42:00,0.1189,7640217.881,7.6343,0.7968,116513.9324,5.9497,6213615.0103,953.3629
node-012,2024-01-01 18:42:00,0.1313,7538268.9955,0.2619,0.5871,123203.2414,6.961,6238070.0509,951.3515
node-013,2024-01-01 18:42:00,0.0734,7446963.9719,0.0,1.1408,134466.9897,0.1217,0.0,968.0601
node-014,2024-01-01 18:42:00,0.1299,9473108.8472,0.7281,0.7878,140955.0592,6.9456,6310970.3065,957.397
node-015,2024-01-01 18:42:00,0.0008,4809967.7411,0.0,0.1822,119718.4704,3.3278,6172973.7702,907.5977
node-016,2024-01-01 18:42:00,0.1133,7364786.4638,8.2085,0.879,115844.3135,4.8407,6220606.1365,973.3205
node-017,2024-01-01 18:42:00,0.0,8767740.1499,0.0,0.6461,140043.1916,7.9892,6248355.5167,945.7831
node-018,2024-01-01 18:42:00,0.0947,8511389.3985,9.9137,1.1467,105379.3066,8.0629,6268137.537,955.2077
node-019,2024-01-01 18:42:00,0.1957,7855431.3782,0.1511,1.0134,110977.7087,6.9075,6231578.151,940.1175
node-020,2024-01-01 18:42:00,0.1096,7524934.1796,0.68,0.9887,168826.5738,8.0244,6206909.4549,961.0667
node-021,2024-01-01 18:42:00,0.1177,8506983.5431,0.0,1.2912,126351.8564,13.0397,6157195.8628,955.114
node-022,2024-01-01 18:42:00,0.1036,8347304.1478,0.0,1.0076,100667.6207,7.4428,6226808.46,949.3572
node-023,2024-01-01 18:42:00,0.0974,7737699.2222,7.6238,0.7287,112588.8152,10.1495,6365207.1163,957.9674
node-024,2024-01-01 18:42:00,0.1036,6850737.3815,5.5181,0.6774,77891.8095,6.044,6205518.191,950.1325
node-025,2024-01-01 18:42:00,0.1811,8871005.9141,0.6496,0.8721,130515.2132,4.9705,6335807.2214,964.9325
node-026,2024-01-01 18:42:00,0.0,5595781.9613,0.2905,0.1004,102514.9287,3.1273,6219178.0394,899.9872
node-027,2024-01-01 18:42:00,0.1056,8104699.179,6.6261,0.8763,111869.4546,7.9605,6200092.5407,947.0882
node-028,2024-01-01 18:42:00,0.1038,8378790.017,4.077,0.7019,124871.3648,6.927,6285682.2371,944.9957
node-029,2024-01-01 18:42:00,0.0892,8409278.5546,10.0406,0.8188,124939.1913,7.0202,6210800.2376,949.3541
node-030,2024-01-01 18:42:00,0.0772,7950684.3011,0.6175,0.7121,122880.1252,4.3266,6364522.6287,973.9229
node-031,2024-01-01 18:42:00,0.0925,29386651.8282,0.7934,0.0043,5870.1112,0.0593,99266.7342,13.095
node-032,2024-01-01 18:42:00,0.1166,8202968.2328,9.7577,0.9356,130063.4047,9.233,6295565.075,953.1374
node-033,2024-01-01 18:42:00,0.0695,7789099.8916,2.6181,0.8094,148680.5742,8.1096,6181656.724,965.7392
node-034,2024-01-01 18:42:00,0.0691,5458604.8337,0.0,0.5535,114035.4662,2.0544,6246346.8975,909.6094
node-035,2024-01-01 18:42:00,0.185,9209535.2942,0.688,0.7996,109438.4404,7.084,6274941.662,945.0041
node-036,2024-01-01 18:42:00,0.1154,8021474.9039,0.0,2.2146,131004.2934,14.0162,6234647.731,959.7188
node-037,2024-01-01 18:42:00,0.1353,7935348.8205,12.5349,0.6283,124865.1403,6.9797,6166714.3078,959.7083
node-038,2024-01-01 18:42:00,0.0728,7238186.144,2.8863,0.6153,115665.1158,6.9447,6197100.2047,949.951
node-039,2024-01-01 18:42:00,0.0718,8964753.3423,7.4433,0.733,75139.7896,8.1174,6175977.7047,957.0808
node-040,2024-01-01 18:42:00,0.0069,5510632.0898,0.0829,0.2152,127959.5546,3.9125,6215508.315,907.0525
node-041,2024-01-01 18:42:00,0.1471,8182793.774,3.809,0.8981,79419.0976,6.0031,6215226.2022,961.7335
node-042,2024-01-01 18:42:00,0.1127,8275367.0678,11.0216,1.0051,115971.7059,9.7667,6228771.1381,948.5587
node-043,2024-01-01 18:42:00,0.0974,8764529.7967,0.944,0.73,124815.6105,7.69,6308092.0165,933.0563
node-044,2024-01-01 18:42:00,0.4133,7935970.0613,9.1751,0.9976,133251.9334,9.7937,6243241.3955,947.5284
node-045,2024-01-01 18:42:00,0.2216,8198281.4392,0.6548,0.9582,111889.4972,11.8871,6237968.2921,900.5769
node-046,2024-01-01 18:42:00,0.1068,8330951.3952,0.5167,0.9067,124964.3729,8.3451,6220660.8171,938.2456
node-047,2024-01-01 18:42:00,0.1294,7884139.2003,0.0,0.9051,137733.3493,4.9996,6182218.1387,935.0533
node-048,2024-01-01 18:42:00,0.0975,8238959.2918,1.7689,0.7105,125264.8774,10.0631,6263415.6253,966.1288
node-049,2024-01-01 18:42:00,0.0276,5526448.479,0.0,0.0947,98285.1721,5.9118,6228934.7304,904.7063
node-050,2024-01-01 18:42:00,0.1002,2287249.2876,0.1258,0.3055,114090.0713,3.9299,6201840.1074,905.0699
node-051,2024-01-01 18:42:00,0.1955,7188593.4112,10.9735,1.4921,164346.312,13.0048,6280091.5273,967.5843
node-052,2024-01-01 18:42:00,0.1051,8422314.2592,0.0,0.7995,128809.3527,6.0059,6142415.3303,965.0386
node-053,2024-01-01 18:42:00,0.1051,7895236.1639,0.0766,1.2175,108775.193,9.4105,6163804.5909,956.622
node-054,2024-01-01 18:42:00,0.2219,7726084.5485,0.1534,1.1856,119851.3837,6.9626,6255328.7706,948.0679
node-055,2024-01-01 18:42:00,0.0963,8055759.5174,0.0,1.1017,105493.8886,7.0724,6254534.6388,953.2794
node-056,2024-01-01 18:42:00,0.1144,8475894.6603,6.2754,0.7812,122888.1026,8.9002,6186281.0784,960.5781
node-057,2024-01-01 18:42:00,0.2783,4841128.2797,7.3123,0.893,132588.989,7.0084,6213650.1877,929.5134
node-058,2024-01-01 18:42:00,0.1863,7838589.5229,0.0,5.3443,176858.8763,8.9522,6301824.5024,955.1386
node-059,2024-01-01 18:42:00,0.2932,8377922.4963,9.3085,1.3061,121254.0507,6.0585,6237798.2543,963.2558
node-060,2024-01-01 18:42:00,0.1154,7822753.7623,4.0658,0.8101,136745.1146,5.0645,6315378.9495,953.2619
node-061,2024-01-01 18:42:00,0.0905,8159044.3535,0.0,1.0013,118228.4191,8.329,6219525.3704,936.4252
node-062,2024-01-01 18:42:00,0.1012,8192213.9992,10.8134,0.8105,110818.9515,8.9937,6299030.822,939.9223
node-063,2024-01-01 18:42:00,0.0849,7870123.4959,16.3309,1.065,133685.8674,8.8672,6228613.5088,953.5779
node-064,2024-01-01 18:42:00,0.1098,7467852.8716,8.6063,1.0775,133223.6569,5.1595,6251047.073,958.4135
node-065,2024-01-01 18:42:00,0.1731,7659520.1216,0.0,1.0356,155046.4495,6.9437,6275440.9921,950.2192
node-066,2024-01-01 18:42:00,0.0976,8318612.3146,8.4377,1.0148,128793.5552,15.9342,6348684.5881,960.4086
node-067,2024-01-01 18:42:00,0.1656,7277081.3057,0.1168,0.7287,130032.8112,7.9517,6199523.5578,945.3214
node-068,2024-01-01 18:42:00,0.2148,8235610.7326,11.9793,1.0829,84142.1294,9.0179,6231143.223,955.3403
node-069,2024-01-01 18:42:00,0.1023,8557748.074,13.9974,0.9378,174107.5419,8.049,6318514.3426,965.832
node-070,2024-01-01 18:42:00,0.0897,7564664.8168,0.7251,0.9973,124012.5868,7.0498,6145830.0369,956.7537
node-071,2024-01-01 18:42:00,0.2042,7915841.154,0.0346,0.6917,119067.1736,6.1128,6295315.0658,952.2859
node-072,2024-01-01 18:42:00,0.016,100741267.7287,0.0,0.1937,138900.2001,2.9512,6059931.2684,893.9218
node-073,2024-01-01 18:42:00,0.1152,7978516.2901,0.3565,0.785,127419.2919,4.9699,6213506.9375,955.813
node-074,2024-01-01 18:42:00,0.2265,7990424.3864,11.5774,0.8245,131058.8451,7.5718,6198337.5053,965.2785
node-075,2024-01-01 18:42:00,2.1313,9531019.4128,8.5567,0.8029,103980.4609,8.9963,6152949.7759,959.2882
node-076,2024-01-01 18:42:00,0.0002,6084727.974,0.0,0.1328,108588.2759,5.1245,6244156.7648,879.1842
node-077,2024-01-01 18:42:00,0.1173,7806629.0982,5.2257,1.6026,107965.1153,7.9544,6220799.7031,955.8053
node-078,2024-01-01 18:42:00,0.1038,8321843.628,7.9438,0.7675,112218.0634,7.661,6228359.3802,950.7246
node-079,2024-01-01 18:42:00,0.0951,7769457.4257,0.4674,0.9838,125559.7701,8.9784,6247868.6928,927.116
node-080,2024-01-01 18:42:00,0.1115,7980363.3173,0.2245,0.9976,134767.7166,10.3588,6258627.5799,914.2883
node-081,2024-01-01 18:42:00,0.1994,7347594.2659,0.0,0.5906,108955.6646,8.0986,6233686.1167,961.0003
node-082,2024-01-01 18:42:00,0.0,5545228.5216,0.0918,0.2405,64539.0625,2.1219,6238696.4528,898.5514
node-083,2024-01-01 18:42:00,0.1089,7504269.3321,0.0759,0.9922,120769.973,9.9825,6281694.4014,944.084
node-084,2024-01-01 18:42:00,0.2473,8109629.5167,14.2998,1.029,121998.0563,7.9188,6241567.5749,976.5974
node-085,2024-01-01 18:42:00,0.2107,8366386.7304,5.5891,1.0987,174824.8036,5.0013,6232087.1635,970.547
node-086,2024-01-01 18:42:00,0.1202,7464696.9102,8.2925,0.8981,142339.1384,4.0438,6172612.6201,943.4567
node-087,2024-01-01 18:42:00,0.17,8040032.3072,0.0,0.9946,80389.923,7.0609,6174026.2515,915.6174
node-088,2024-01-01 18:42:00,0.1097,7773904.7747,0.0,0.6238,118006.7893,7.8678,6280596.4517,954.7086
node-089,2024-01-01 18:42:00,0.0867,8630413.0691,0.0,1.3598,129761.3013,13.13,6257147.6547,983.777
node-090,2024-01-01 18:42:00,0.1133,9283974.5636,0.0,0.7414,170917.6156,6.146,6252420.4761,934.77
node-091,2024-01-01 18:42:00,0.1044,8666115.5712,13.0844,1.0675,141371.1164,9.0062,6198128.1876,940.4875
node-092,2024-01-01 18:42:00,0.1774,8976472.9449,0.8255,0.8378,110006.109,5.8726,6265554.3417,954.3614
node-093,2024-01-01 18:42:00,0.0752,8858844.9316,4.9816,0.8073,148903.0364,5.9395,6269265.9761,952.0649
node-094,2024-01-01 18:42:00,0.1892,8084965.962,0.0,1.1092,107147.8511,6.0442,6311496.3876,963.4308
node-095,2024-01-01 18:42:00,0.1866,7474379.4976,13.9089,0.9056,141435.4743,6.0449,6199775.8512,948.9997
node-096,2024-01-01 18:42:00,0.4939,9269411.2174,0.0192,0.8541,114770.7019,6.9672,6249330.7694,956.2448
node-097,2024-01-01 18:42:00,0.1027,7618825.6225,1.4471,1.0993,121689.0547,8.6223,6181182.4192,959.2398
node-098,2024-01-01 18:42:00,0.1216,8132460.5172,8.6314,1.0363,132775.7564,9.9003,6270477.5432,949.2521
node-099,2024-01-01 18:42:00,0.2085,7438758.3002,10.8836,1.1062,129057.2261,8.989,6265466.0997,957.2156
node-100,2024-01-01 18:42:00,0.117,7709450.1612,0.7648,0.6732,169583.1955,6.0935,6209043.4296,952.154
node-101,2024-01-01 18:42:00,0.0103,4680791.8012,0.0,0.1902,121220.736,3.0383,6098118.8739,896.806
node-102,2024-01-01 18:42:00,0.094,8435635.2427,0.0,1.0473,125610.2334,7.0108,6185261.1268,964.0149
node-103,2024-01-01 18:42:00,0.0929,7604299.714,0.0,0.9491,104060.8812,5.9586,6209117.2323,944.3162
node-104,2024-01-01 18:42:00,0.2071,7915871.1563,1.4178,1.2695,124409.3448,9.0156,6204224.195,952.2328
node-105,2024-01-01 18:42:00,0.2058,8071074.1448,8.4964,1.0794,171320.6415,7.945,6168744.4751,962.4505
node-106,2024-01-01 18:42:00,0.0021,5055569.1569,0.0,0.2312,104904.7713,2.952,6253629.6313,897.6412
node-107,2024-01-01 18:42:00,0.1879,7323814.1756,0.2204,1.1097,85776.0682,11.0714,6218031.3359,955.5357
node-108,2024-01-01 18:42:00,0.1939,9201270.8348,0.0,0.8149,156074.1321,7.9726,6361692.9321,967.1069
node-109,2024-01-01 18:42:00,0.1061,7763472.5739,0.0,0.7482,111892.8443,7.9987,6288495.9424,939.7677
node-110,2024-01-01 18:42:00,0.0941,8260839.2299,4.2458,0.785,119473.8661,4.9334,6188231.795,938.1461
node-111,2024-01-01 18:42:00,0.1113,8911798.7542,0.0,1.2101,83254.7603,6.4181,6253854.9099,948.6796
node-112,2024-01-01 18:42:00,0.2165,7377309.9078,9.6771,1.2985,111158.2106,9.9424,6322090.9248,948.5248
node-113,2024-01-01 18:42:00,0.0837,8159433.9691,0.0,1.1402,123124.2284,8.2641,6223077.772,962.097
node-114,2024-01-01 18:42:00,0.1108,7234397.1556,15.0294,0.7896,153477.728,6.9338,6307609.8917,939.4219
node-115,2024-01-01 18:42:00,0.096,7966675.6578,0.0,0.8888,107282.6685,8.3028,6337843.6257,967.3854
node-116,2024-01-01 18:42:00,0.1263,8233476.506,7.9186,0.8655,112257.1542,8.934,6408627.789,949.6668
node-117,2024-01-01 18:42:00,0.1206,9014511.1228,0.4815,1.0377,125518.9492,8.9091,6177760.7305,940.9054
node-118,2024-01-01 18:42:00,0.005,7538645.5821,8.0948,0.8069,146571.4369,11.8686,6310272.2509,963.9155
node-119,2024-01-01 18:42:00,0.6109,9029592.2985,0.0,0.6839,136309.2312,7.2817,6180349.2616,953.0647
node-000,2024-01-01 18:43:00,0.1045,7198274.9867,0.0,1.0523,151122.1451,10.8946,6308890.2766,946.0565
node-001,2024-01-01 18:43:00,0.1139,7942780.452,0.0,0.8877,148395.6367,6.9867,6240407.0535,945.5745
node-002,2024-01-01 18:43:00,0.1085,8864685.3686,0.0,1.9034,99210.5074,7.9585,6261318.5182,959.0285
node-003,2024-01-01 18:43:00,0.0699,9346491.1832,5.6374,0.697,109157.638,6.9749,6215470.6808,928.2719
node-004,2024-01-01 18:43:00,0.0984,8304375.7619,1.5207,1.0367,133680.1935,10.2531,6156887.4781,944.7491
node-005,2024-01-01 18:43:00,0.1126,7286771.6902,0.1259,0.8126,116957.1621,4.9357,6209388.0648,952.6996
node-006,2024-01-01 18:43:00,0.0209,5297115.7324,8.6438,0.1904,123053.9875,3.9548,6212495.8236,884.8867
node-007,2024-01-01 18:43:00,0.1737,7065563.7204,7.6756,0.5926,160600.2162,7.315,6325560.1771,939.8534
node-008,2024-01-01 18:43:00,0.0216,7408301.7332,13.1226,0.6746,116038.1978,4.9481,6327067.5223,951.084
node-009,2024-01-01 18:43:00,0.1902,8350042.209,2.1546,6.47,124577.5061,5.878,6131245.7998,953.9772
node-010,2024-01-01 18:43:00,0.086,8418351.4268,0.8511,1.3911,117436.5523,10.6025,6168233.7122,949.4821
node-011,2024-01-01 18:43:00,0.1295,7346692.0956,7.7169,0.8051,182901.6961,5.9968,6151972.1743,960.6015
node-012,2024-01-01 18:43:00,0.1468,7178147.2345,0.1518,0.5985,105683.4141,8.0243,6145500.8248,949.0883
node-013,2024-01-01 18:43:00,0.0237,7913206.2922,1.1093,0.9733,189995.5128,0.0,0.0,958.0636
node-014,2024-01-01 18:43:00,0.1169,9585643.7807,0.1773,0.7833,125958.9688,6.8907,6181592.8371,940.4564
node-015,2024-01-01 18:43:00,0.0014,4798183.8445,0.2143,0.186,116645.2171,4.6937,6218868.3674,892.3407
node-016,2024-01-01 18:43:00,0.1633,7703690.2813,7.3039,0.8435,100466.6709,8.9936,6311354.1987,955.3336
node-017,2024-01-01 18:43:00,0.0387,9045017.4232,0.2587,0.645,139937.8509,4.9382,6189596.3273,952.4725
node-018,2024-01-01 18:43:00,0.0783,8363046.2869,10.1553,1.0268,153493.877,8.11,6215796.392,947.0108
node-019,2024-01-01 18:43:00,0.1867,7773556.502,0.0,0.9054,181388.7056,11.9969,6282978.6886,926.311
node-020,2024-01-01 18:43:00,0.104,8471693.2639,0.8072,1.0025,143198.3809,6.9611,6251348.7116,958.2769
node-021,2024-01-01 18:43:00,0.0998,7868553.7964,0.0294,1.7096,112681.4229,8.9959,6131419.5263,953.2349
node-022,2024-01-01 18:43:00,0.125,8554153.8741,0.0,1.0101,143498.5271,7.0528,6364885.2738,948.8228
node-023,2024-01-01 18:43:00,0.082,7751560.1805,7.1764,0.7416,119457.6683,7.5624,6217276.1732,960.2636
node-024,2024-01-01 18:43:00,0.1074,7699812.5469,4.1068,0.7413,125627.2037,7.0513,6189801.9603,948.9921
node-025,2024-01-01 18:43:00,0.135,9071941.5457,0.5663,0.7548,123847.3894,4.9675,6173866.2993,967.0156
node-026,2024-01-01 18:43:00,0.0,5154246.1093,0.0,0.0833,128139.6511,2.9422,6250026.7034,906.3271
node-027,2024-01-01 18:43:00,0.1038,7971444.0056,7.0801,1.0604,122884.1282,7.2993,6266283.4333,927.1249
node-028,2024-01-01 18:43:00,0.0904,8538746.7349,4.7298,0.7408,115085.0463,10.0155,6183733.8352,956.1273
node-029,2024-01-01 18:43:00,0.0827,7855599.8261,9.6646,0.8961,93984.7126,5.995,6227278.971,941.6424
node-030,2024-01-01 18:43:00,0.103,7868311.4861,0.3399,1.0632,97550.9479,6.0354,6230105.1846,977.4954
node-031,2024-01-01 18:43:00,0.0578,28795958.9408,0.2425,0.5787,134.6651,0.0379,52451.84,1.5388
node-032,2024-01-01 18:43:00,0.1105,7885009.8266,9.7872,0.9993,127500.6086,8.0146,6154602.0187,951.206
node-033,2024-01-01 18:43:00,0.0948,7882486.1539,2.8636,1.0404,122136.7221,12.1051,6220666.3923,958.5826
node-034,2024-01-01 18:43:00,0.0137,5225762.9541,0.0,0.2086,128852.0555,3.0499,6265210.7947,893.8737
node-035,2024-01-01 18:43:00,0.1085,9343262.8019,0.0,0.7453,80808.0889,8.9978,6242499.4293,945.8627
node-036,2024-01-01 18:43:00,0.1681,8518137.5238,0.0,1.0614,140843.9009,8.0374,6255385.8689,959.9881
node-037,2024-01-01 18:43:00,0.0898,8183762.0086,12.9216,0.6604,100673.596,6.5541,6203716.0676,957.5137
node-038,2024-01-01 18:43:00,0.1081,7185025.7421,3.3666,0.5991,90509.2601,6.9933,6219724.6929,938.5681
node-039,2024-01-01 18:43:00,0.0979,8176612.8161,8.2817,0.6856,114306.3905,6.7108,6176177.8581,955.8548
node-040,2024-01-01 18:43:00,0.0,5556367.3407,0.4646,0.2125,177957.0686,4.458,6276731.7341,885.1036
node-041,2024-01-01 18:43:00,0.1358,8186815.0972,4.6342,1.1267,131537.1859,7.0796,6216855.8933,951.0896
node-042,2024-01-01 18:43:00,0.1186,7461320.2844,11.5498,0.5742,76304.8675,13.0531,6223088.3734,954.7287
node-043,2024-01-01 18:43:00,0.0837,8875970.1533,0.3025,0.6914,119255.6821,5.8589,6166919.7417,918.871
node-044,2024-01-01 18:43:00,0.2662,7700630.818,11.3235,0.8388,120494.1091,6.951,6272283.1023,941.6465
node-045,2024-01-01 18:43:00,0.1628,8048090.6504,0.696,0.9931,122603.8362,10.6239,6260782.8739,922.6585
node-046,2024-01-01 18:43:00,0.0967,7830077.2674,0.0,0.7941,116714.2116,6.081,6152370.1679,948.147
node-047,2024-01-01 18:43:00,0.3167,7424724.5415,0.0,0.7958,99923.4383,6.9205,6246268.9914,931.1461
node-048,2024-01-01 18:43:00,0.1197,8231426.5248,2.9132,0.6113,110942.631,6.063,6185199.2812,961.198
node-049,2024-01-01 18:43:00,0.0,4924152.1069,0.0,0.082,127278.2331,3.0316,6312495.2844,907.7934
node-050,2024-01-01 18:43:00,0.1102,2837591.5592,0.8577,0.1995,119519.0606,3.0727,6206256.0623,904.7734
node-051,2024-01-01 18:43:00,0.1289,7330999.3616,10.2553,1.4926,156669.5275,10.7161,6310451.4126,952.1647
node-052,2024-01-01 18:43:00,0.1105,7887822.02,0.0,0.8683,127584.3627,6.1861,6227175.2278,960.5517
node-053,2024-01-01 18:43:00,0.1014,8042440.9211,0.0,1.1105,120909.8186,9.0243,6276612.1553,960.0348
node-054,2024-01-01 18:43:00,0.0895,8051538.9941,0.3119,1.1012,80767.0555,6.6711,6398110.7501,958.0037
node-055,2024-01-01 18:43:00,0.0982,7492129.94,0.7162,1.1144,142239.4008,7.9205,6215274.3239,953.1563
node-056,2024-01-01 18:43:00,0.0747,8414914.3737,6.6404,0.8247,127539.3392,9.7983,6237137.6176,948.1815
node-057,2024-01-01 18:43:00,0.1926,4918021.8603,7.0842,1.2071,142417.7114,6.9334,6346733.2068,961.0818
node-058,2024-01-01 18:43:00,0.1879,8103321.1454,0.0,6.2042,161713.4971,7.0561,6230029.9253,944.0689
node-059,2024-01-01 18:43:00,0.1156,8557994.9573,8.9574,0.9985,109103.0213,5.8392,6215768.6118,964.967
node-060,2024-01-01 18:43:00,0.1124,7632108.7775,3.9893,0.8085,139066.4217,5.0115,6291644.6519,952.4104
node-061,2024-01-01 18:43:00,0.1182,7879095.0419,0.2751,0.8691,102481.34,7.9979,6267634.3013,945.3941
node-062,2024-01-01 18:43:00,0.1012,8069056.0366,11.2167,0.8808,121603.7567,8.9203,6160234.2742,935.1746
node-063,2024-01-01 18:43:00,0.1112,7932258.8048,17.4115,1.0104,98974.1987,9.0861,6268053.6415,952.5105
node-064,2024-01-01 18:43:00,0.1278,8028184.1187,8.1316,1.0181,132430.0725,5.2996,6263032.616,954.3985
node-065,2024-01-01 18:43:00,0.1229,7973077.3141,0.0,1.0357,95881.4474,5.9082,6123980.1908,952.8597
node-066,2024-01-01 18:43:00,0.094,8471381.7902,7.7701,0.9457,115970.717,11.9536,6183882.7584,948.8242
node-067,2024-01-01 18:43:00,0.0904,7483093.7744,0.0,0.795,122322.7014,7.5839,6279889.0947,942.5685
node-068,2024-01-01 18:43:00,0.1297,8340141.5614,12.2954,0.9847,107597.993,9.9776,6179726.7013,951.7507
node-069,2024-01-01 18:43:00,0.1106,8170054.1358,14.4899,1.0659,137558.935,8.0292,6218012.6894,968.3193
node-070,2024-01-01 18:43:00,0.0913,7719626.9183,0.0,1.0029,118268.5932,8.0115,6168187.9794,955.2829
node-071,2024-01-01 18:43:00,0.0777,8163873.2389,0.0,1.2247,127649.4742,12.0652,6213099.7247,956.3062
node-072,2024-01-01 18:43:00,0.0152,101191600.7403,0.0,0.1938,90929.566,2.9511,6357051.669,897.6509
node-073,2024-01-01 18:43:00,0.1039,7817350.3848,0.0,0.7402,118297.0179,5.0403,6184700.4648,963.288
node-074,2024-01-01 18:43:00,0.1304,8008717.8073,10.4866,0.735,147123.7768,6.9177,6265307.3902,931.7086
node-075,2024-01-01 18:43:00,0.0951,8597267.5291,6.766,0.788,134565.2764,13.0736,6234977.2644,949.8796
node-076,2024-01-01 18:43:00,0.0,5720632.5868,0.0921,0.0959,129442.7749,2.8592,6215521.7224,886.8371
node-077,2024-01-01 18:43:00,0.1078,7930662.1475,2.9558,1.0165,112712.2056,9.0365,6156239.5093,932.9671
node-078,2024-01-01 18:43:00,0.1141,8424903.6728,8.0341,1.0261,120218.3912,7.7035,6208593.7937,948.651
node-079,2024-01-01 18:43:00,0.115,8034066.3936,0.0,1.0587,111118.3654,7.9876,6241243.2391,935.1897
node-080,2024-01-01 18:43:00,0.0917,8060997.3497,0.0,0.989,106817.3826,10.9994,6225909.9938,932.9892
node-081,2024-01-01 18:43:00,0.0958,7499795.6768,0.6513,0.7785,164868.3585,7.9722,6178920.8092,961.8219
node-082,2024-01-01 18:43:00,0.0,5409788.9921,0.3584,0.1881,148407.7671,3.115,6134613.3941,888.7601
node-083,2024-01-01 18:43:00,0.0937,7677967.7114,0.7841,1.3044,100742.556,9.9885,6220126.2665,956.5211
node-084,2024-01-01 18:43:00,0.0424,8736707.3843,14.9343,0.9043,149361.14,4.9947,6209624.3618,956.0925
node-085,2024-01-01 18:43:00,0.1137,8384249.7239,5.2899,1.177,132048.3961,7.9409,6110888.0368,959.7409
node-086,2024-01-01 18:43:00,0.0937,7511267.7696,6.8542,0.9364,122252.0351,13.0771,6240144.875,945.6875
node-087,2024-01-01 18:43:00,0.1316,8205654.7318,0.0,0.9885,126657.2363,7.7421,6229277.8031,908.8928
node-088,2024-01-01 18:43:00,0.1234,7852952.4202,0.0,0.8096,126438.6717,5.9931,6359399.1657,954.2483
node-089,2024-01-01 18:43:00,0.0894,7803665.419,0.2679,1.3667,109899.3639,9.0788,6134379.6921,940.2798
node-090,2024-01-01 18:43:00,0.1674,8860179.9354,0.7353,0.7825,144999.9193,6.6573,6116407.3211,935.4036
node-091,2024-01-01 18:43:00,0.1029,8333747.2375,14.711,1.0331,117827.9863,8.0751,6209393.8951,947.0303
node-092,2024-01-01 18:43:00,0.0919,9331277.4564,0.0,0.7613,115284.6076,9.0051,6228933.4568,927.363
node-093,2024-01-01 18:43:00,0.0881,8539141.3671,5.5558,0.7668,94015.6801,4.9752,6133882.9754,963.891
node-094,2024-01-01 18:43:00,0.136,7934423.7112,0.0,1.1803,128746.7625,6.1269,6202356.5244,962.9074
node-095,2024-01-01 18:43:00,0.0744,7850171.6743,15.3875,0.8938,139692.4283,5.8762,6203079.2952,954.2339
node-096,2024-01-01 18:43:00,0.1002,8772715.7658,0.0,0.7987,123698.1176,7.7022,6157198.8988,969.5358
node-097,2024-01-01 18:43:00,0.108,7557723.9758,0.0,1.1119,116505.2909,8.7036,6170121.7911,953.3578
node-098,2024-01-01 18:43:00,0.0916,8338883.9153,8.9646,0.8767,132943.0551,6.9388,6256442.586,946.4241
node-099,2024-01-01 18:43:00,0.0941,7808033.1221,11.3434,1.0698,122592.6131,8.9273,6200474.0528,952.8526
node-100,2024-01-01 18:43:00,0.0939,7781510.8178,0.0,0.7893,151743.8093,6.9729,6186348.8412,957.7545
node-101,2024-01-01 18:43:00,0.0002,4670456.1644,0.0,0.1962,132275.2114,2.9511,6089321.6175,876.7555
node-102,2024-01-01 18:43:00,0.094,7847110.5895,1.4402,0.8018,121320.0971,6.98,6299364.4721,952.9801
node-103,2024-01-01 18:43:00,0.1067,7676889.6783,0.0,0.758,160566.1118,7.1011,6304111.7367,912.246
node-104,2024-01-01 18:43:00,0.1112,7961297.4446,0.0,1.2803,85900.1083,8.2392,6197111.339,947.9809
node-105,2024-01-01 18:43:00,0.101,7709843.8511,8.7989,0.9579,161120.4153,7.363,6268121.6419,954.8395
node-106,2024-01-01 18:43:00,0.0,4966680.5699,0.0,0.1961,90236.2921,3.0547,6165553.9562,913.5885
node-107,2024-01-01 18:43:00,0.2189,7367323.3901,0.0107,1.1023,193936.0741,10.5862,6185102.2395,970.2106
node-108,2024-01-01 18:43:00,0.1591,9103669.7101,0.2296,0.7006,116916.9242,8.5056,6329804.0258,944.0827
node-109,2024-01-01 18:43:00,0.0876,8051132.5323,0.0,0.779,115127.6209,9.1609,6233794.8299,950.98
node-110,2024-01-01 18:43:00,0.0802,8180995.673,4.3903,0.787,89826.2873,6.9143,6220818.8175,945.387
node-111,2024-01-01 18:43:00,0.0791,8932335.7118,0.0,1.1773,130541.2108,5.9386,6188930.4414,953.3165
node-112,2024-01-01 18:43:00,0.1433,7480513.8649,9.2363,0.7274,128991.7124,8.2697,6364020.3011,936.9031
node-113,2024-01-01 18:43:00,0.1875,7930647.4469,0.4871,1.1958,131275.528,10.1147,6200920.3435,955.0194
node-114,2024-01-01 18:43:00,0.1,7312458.9528,14.7895,0.8935,179871.0995,7.0744,6329064.9341,956.1922
node-115,2024-01-01 18:43:00,0.0865,8179436.2236,0.4948,0.8783,104979.6497,8.0054,6267154.3934,954.6581
node-116,2024-01-01 18:43:00,0.103,7709419.2156,9.1712,0.898,125177.1364,8.0197,6299273.9006,972.0279
node-117,2024-01-01 18:43:00,0.1091,9038776.2462,0.0,1.1302,108473.0301,8.317,6270016.1265,954.8584
node-118,2024-01-01 18:43:00,0.0868,8016258.3417,7.8532,1.1022,114298.2827,8.9753,6240486.6522,953.7614
node-119,2024-01-01 18:43:00,0.2034,8957205.8666,0.6157,0.7124,129515.479,7.9379,6152311.1865,935.8776
