nodeId,timestamp,cpu_wio,mem_free,Missed Buffers_P1,cpu_user,bytes_out,proc_run,bytes_in,pkts_out
node-000,2024-01-01 18:54:00,0.0949,7476681.9791,0.0,1.1015,147354.0161,5.9543,6397788.0306,992.6963
node-001,2024-01-01 18:54:00,0.1991,7264548.1774,1.1798,1.0051,133471.3419,7.9297,6219574.3032,964.7306
node-002,2024-01-01 18:54:00,0.0908,8373468.6097,0.2808,1.3198,79436.4191,9.9794,6313930.6239,952.8619
node-003,2024-01-01 18:54:00,0.1025,9399336.4783,5.555,0.7076,126088.0457,6.908,6292481.4344,958.1666
node-004,2024-01-01 18:54:00,0.064,8168463.2815,0.0,1.1208,135050.2008,7.2107,6236448.7571,958.6203
node-005,2024-01-01 18:54:00,0.0,7819683.9633,1.0815,0.8463,138565.7227,6.9611,6238908.6883,944.1032
node-006,2024-01-01 18:54:00,0.0117,4927356.7455,9.5972,0.2014,79851.6625,3.0724,6360920.5751,921.6805
node-007,2024-01-01 18:54:00,0.0741,6923810.5804,7.3867,0.7633,130449.3703,6.0438,6218419.8757,945.3512
node-008,2024-01-01 18:54:00,0.1963,7753698.2132,14.0012,1.0956,129492.034,5.9195,6258755.7175,935.8055
node-009,2024-01-01 18:54:00,0.0765,7796965.9361,3.0741,1.0003,120369.4608,5.8926,6260629.5108,956.5655
node-010,2024-01-01 18:54:00,0.0842,8350289.781,0.0042,1.8317,113733.7587,13.0139,6214164.2183,958.6203
node-011,2024-01-01 18:54:00,0.0896,7401622.7579,8.0961,0.7104,95260.9128,7.1216,6201982.9865,958.1698
node-012,2024-01-01 18:54:00,0.1096,7444428.8022,0.0,1.3244,132500.5583,7.984,6332435.5528,927.6978
node-013,2024-01-01 18:54:00,0.1117,7533797.2256,0.0,1.0676,176950.6172,0.052,34832.0657,944.9633
node-014,2024-01-01 18:54:00,0.0959,9729058.6932,0.0,0.6939,77515.0628,11.114,6221792.8188,932.4345
node-015,2024-01-01 18:54:00,0.0104,3928535.7557,0.0,0.1038,114827.6117,3.9778,6030611.4403,893.743
node-016,2024-01-01 18:54:00,0.115,7189808.4848,7.5967,0.9745,125667.7819,5.9637,6161824.4242,952.0269
node-017,2024-01-01 18:54:00,0.2998,8725580.4736,0.0,0.6778,155650.8097,9.0216,6268477.3291,950.2143
node-018,2024-01-01 18:54:00,0.1022,8205512.2455,8.6518,1.099,113556.3228,11.0813,6265181.1294,949.8925
node-019,2024-01-01 18:54:00,0.1042,7577174.2605,0.2993,0.9609,124942.5747,8.1375,6232589.507,929.3156
node-020,2024-01-01 18:54:00,0.1898,7866595.2727,0.9302,2.126,122190.5672,7.005,6213859.7367,942.3222
node-021,2024-01-01 18:54:00,0.09,8345612.8536,0.1384,1.5882,125219.6597,7.8934,6256062.1817,965.5557
node-022,2024-01-01 18:54:00,0.1178,8737951.6777,0.1081,0.912,121810.4953,6.9027,6257259.5818,953.3256
node-023,2024-01-01 18:54:00,0.0,7428920.8584,6.1287,0.5935,103544.0361,6.9139,6237467.0318,936.1488
node-024,2024-01-01 18:54:00,0.1058,7245412.6622,6.4028,0.806,124940.9112,10.9206,6354632.8691,962.3291
node-025,2024-01-01 18:54:00,0.1197,8949526.301,0.1049,0.8254,124417.46,7.3058,6360006.2235,941.4835
node-026,2024-01-01 18:54:00,0.0,4671762.5974,0.0,0.1926,153051.3909,4.1788,6336672.2346,917.7146
node-027,2024-01-01 18:54:00,0.0825,7865018.0271,6.7279,0.9123,120828.8965,7.9975,6222870.6882,976.1104
node-028,2024-01-01 18:54:00,0.1125,8379304.9778,4.4521,1.0973,123900.1307,7.9343,6234462.7791,937.8925
node-029,2024-01-01 18:54:00,0.2052,7866657.5153,8.7941,1.4751,122173.7045,7.9826,6289740.0627,952.2923
node-030,2024-01-01 18:54:00,0.0976,7527241.8001,0.0,3.1234,92886.8303,6.2207,6170564.9688,959.1807
node-031,2024-01-01 18:54:00,0.0063,29175418.2413,0.0,0.0031,0.0,0.0,90348.5755,5.8363
node-032,2024-01-01 18:54:00,0.1115,7461116.4393,10.891,0.9683,134246.9136,9.9322,6180380.3604,951.5014
node-033,2024-01-01 18:54:00,0.2127,7362007.8392,1.8579,1.0989,136308.8661,8.9884,6269816.6901,962.4871
node-034,2024-01-01 18:54:00,0.0,5302332.8326,0.0,0.1205,130460.9233,2.8906,6336107.4579,926.8324
node-035,2024-01-01 18:54:00,0.119,9432172.1139,0.9896,0.6798,122039.2602,10.0712,6302054.4889,957.3352
node-036,2024-01-01 18:54:00,0.0886,8659343.7152,0.0,1.0239,136129.3251,7.9288,6204420.0236,939.0855
node-037,2024-01-01 18:54:00,0.0933,8009761.3034,11.9659,0.9549,127370.6853,10.9769,6172828.3862,953.0257
node-038,2024-01-01 18:54:00,0.1039,7244991.3496,3.3603,0.8262,107243.1895,5.9358,6271305.902,960.3074
node-039,2024-01-01 18:54:00,0.087,8386796.7255,8.3544,0.9816,145312.9218,11.9804,6242243.3764,954.9793
node-040,2024-01-01 18:54:00,0.0,4729316.2561,0.1276,0.2031,155819.4058,3.1401,6164439.9936,887.49
node-041,2024-01-01 18:54:00,0.1161,7914094.0751,4.762,0.8421,132559.3921,10.0587,6234531.431,958.2978
node-042,2024-01-01 18:54:00,0.0939,7526508.0742,11.0818,0.9092,97476.878,8.9714,6148128.2326,927.9397
node-043,2024-01-01 18:54:00,0.0186,8939169.4028,0.0,0.8135,112059.9834,8.9107,6269527.8044,975.6308
node-044,2024-01-01 18:54:00,0.4041,7404472.4736,8.9894,0.9781,139767.1121,6.9489,6211107.2772,946.4542
node-045,2024-01-01 18:54:00,0.0993,7977193.962,0.1197,1.0325,84809.226,7.9822,6152392.7593,946.4301
node-046,2024-01-01 18:54:00,0.0969,7545110.1448,0.0,0.9029,81736.0,9.0444,6287075.4358,951.0234
node-047,2024-01-01 18:54:00,0.0955,7758089.3648,0.0,0.8015,109106.7379,5.9242,6216260.6734,954.9245
node-048,2024-01-01 18:54:00,0.0981,8044076.5868,1.866,0.6068,98522.1441,6.0049,6220466.0145,965.4266
node-049,2024-01-01 18:54:00,0.0,5220276.9147,0.3955,0.0854,103404.2011,3.0131,6203495.8525,892.9182
node-050,2024-01-01 18:54:00,0.0081,2166970.0197,0.0,0.2053,89757.3538,2.0498,6261378.5922,906.483
node-051,2024-01-01 18:54:00,0.0771,7188472.9799,10.6672,1.6504,143889.6469,9.9471,6223954.5051,955.198
node-052,2024-01-01 18:54:00,0.0,7902574.9763,0.667,0.4918,154710.5933,6.8761,6204912.5409,962.5413
node-053,2024-01-01 18:54:00,0.2384,7871442.1446,0.462,1.236,123734.3056,11.8984,6237955.065,943.6578
node-054,2024-01-01 18:54:00,0.1833,7880687.9267,0.0,1.8885,112032.9819,7.9181,6222452.4545,956.2956
node-055,2024-01-01 18:54:00,0.0688,7919655.1604,0.5592,0.9772,126415.2851,7.0034,6212085.4796,958.3452
node-056,2024-01-01 18:54:00,0.099,8198796.4961,7.1909,0.874,128858.1098,7.9775,6197593.1529,971.042
node-057,2024-01-01 18:54:00,0.1901,4471141.9575,7.6287,1.3573,101074.208,6.0694,6213443.2855,949.653
node-058,2024-01-01 18:54:00,0.1764,7989528.1986,0.0,1.151,168455.0401,9.0209,6215046.596,958.156
node-059,2024-01-01 18:54:00,0.095,8536982.2841,11.4289,1.288,124853.7898,8.9946,6198362.8715,951.9839
node-060,2024-01-01 18:54:00,0.2766,7736301.7383,3.725,0.6879,110871.2941,5.3894,6238937.9682,929.2647
node-061,2024-01-01 18:54:00,0.1006,8047508.8616,0.0943,1.095,117682.7981,7.047,6145823.5325,953.8274
node-062,2024-01-01 18:54:00,0.0871,7688442.4738,12.3967,0.9941,132299.0691,11.9585,6151639.9499,941.9473
node-063,2024-01-01 18:54:00,0.0037,7640217.4786,17.332,1.1359,115056.6699,8.1697,6198586.0838,950.8967
node-064,2024-01-01 18:54:00,0.2549,7530758.3119,9.0295,1.7678,88729.1058,11.0524,6253132.2193,954.1972
node-065,2024-01-01 18:54:00,0.0867,7533695.8384,0.0,1.304,100064.2166,7.0518,6188586.8576,946.4309
node-066,2024-01-01 18:54:00,0.1955,8014318.9957,9.381,1.0058,107751.9636,9.0058,6330045.2713,940.8077
node-067,2024-01-01 18:54:00,0.0958,7681153.2719,0.0,1.0157,90333.9676,4.9767,6206010.97,951.8316
node-068,2024-01-01 18:54:00,0.1135,8163443.2686,12.7534,0.9182,124444.9703,7.9961,6167581.3715,955.1303
node-069,2024-01-01 18:54:00,0.0927,8242174.6227,12.0059,0.8545,136494.8197,7.4959,6252582.8102,967.3585
node-070,2024-01-01 18:54:00,0.1212,7464421.8096,0.0,1.1224,114203.9326,7.9831,6136636.8566,965.1302
node-071,2024-01-01 18:54:00,0.0894,8099787.9174,0.4257,0.9284,89654.6259,4.9722,6319780.2853,955.493
node-072,2024-01-01 18:54:00,0.001,100367783.4002,0.0,0.2157,122228.6945,3.1451,6210008.8945,899.8216
node-073,2024-01-01 18:54:00,0.0928,8160905.482,0.8128,0.842,144363.6893,8.0218,6147725.4724,941.0274
node-074,2024-01-01 18:54:00,0.0899,7886161.2963,11.8831,0.7,121961.3131,8.967,6162064.3111,955.6478
node-075,2024-01-01 18:54:00,0.0087,8545070.439,7.3168,0.6977,131954.3984,9.0112,6215231.9429,950.939
node-076,2024-01-01 18:54:00,0.0124,5461539.1536,0.1796,0.1825,110027.487,4.0759,6308744.5674,868.7761
node-077,2024-01-01 18:54:00,0.1104,7642613.1183,3.7128,1.0031,123966.6991,8.0308,6257831.8369,942.7365
node-078,2024-01-01 18:54:00,0.0913,8155496.7693,7.2392,0.8694,136727.0851,7.8258,6228974.3808,957.5642
node-079,2024-01-01 18:54:00,0.1158,7935506.6396,0.0,1.1245,125156.3951,12.9851,6259085.0577,941.237
node-080,2024-01-01 18:54:00,0.193,7411731.3623,0.0,1.1144,96491.6261,5.9234,6254674.8781,958.2496
node-081,2024-01-01 18:54:00,0.0845,7462025.2359,0.173,0.6928,163258.706,4.9491,6174980.0923,942.6487
node-082,2024-01-01 18:54:00,0.0075,5009523.4322,0.6016,0.2018,142926.6344,3.9694,6204448.0562,893.6236
node-083,2024-01-01 18:54:00,0.0935,8065761.2225,0.0,1.3961,120287.7912,9.1946,6135466.9641,963.1188
node-084,2024-01-01 18:54:00,0.1924,8408767.7752,13.4263,0.9422,117981.4252,9.8917,6305613.7854,944.8058
node-085,2024-01-01 18:54:00,0.1055,7873572.3531,5.3068,1.3049,133686.7185,9.0115,6291728.3422,988.5444
node-086,2024-01-01 18:54:00,0.1061,7581181.7602,8.245,0.8277,138858.4037,6.9583,6173879.7054,958.3849
node-087,2024-01-01 18:54:00,0.0976,8324517.6501,0.0103,0.9833,129603.2033,8.0419,6221207.2226,960.2399
node-088,2024-01-01 18:54:00,0.1294,7439263.0953,0.0,0.6795,141275.2249,7.9566,6192348.4099,967.4003
node-089,2024-01-01 18:54:00,0.0833,7863125.6889,1.2641,1.4804,139683.755,9.1057,6229439.3527,936.2196
node-090,2024-01-01 18:54:00,0.0905,9238247.977,0.4683,0.8283,123359.1971,6.2222,6108556.0145,903.0143
node-091,2024-01-01 18:54:00,0.2588,8158876.7838,13.5849,1.0729,89155.6499,9.9732,6255575.8067,961.7309
node-092,2024-01-01 18:54:00,0.1905,8887032.2459,0.5658,0.8858,89983.7281,7.0853,6273844.812,950.7628
node-093,2024-01-01 18:54:00,0.1853,8965142.2393,5.7682,0.8706,95357.6908,5.9151,6165011.1674,949.3515
node-094,2024-01-01 18:54:00,0.2032,8015708.5514,0.2115,1.1186,132533.6388,8.9658,6214988.5622,960.9206
node-095,2024-01-01 18:54:00,0.0782,7698647.7063,14.0549,0.9041,135966.991,6.0615,6174702.5489,940.8305
node-096,2024-01-01 18:54:00,0.1079,8799466.7494,0.0,0.9631,144885.117,4.9963,6146323.846,946.0823
node-097,2024-01-01 18:54:00,0.1099,7413336.6945,0.0,0.9998,136527.3818,6.9907,6165257.5482,977.8653
node-098,2024-01-01 18:54:00,0.0956,7782897.7188,8.1773,0.9542,127974.5457,9.0466,6236571.3377,944.5044
node-099,2024-01-01 18:54:00,0.1213,7154361.3431,9.5661,1.0091,105433.1613,7.0677,6287996.9241,954.3482
node-100,2024-01-01 18:54:00,0.174,7515307.3583,0.5176,0.9593,136030.7699,6.0777,6191041.3382,960.3212
node-101,2024-01-01 18:54:00,0.0,3589243.9734,0.5802,0.0935,113878.0198,4.0154,6362640.3289,927.9629
node-102,2024-01-01 18:54:00,0.2087,8215614.3923,0.5472,0.8965,146129.979,8.0109,6232978.01,959.1921
node-103,2024-01-01 18:54:00,0.0971,7598115.7489,0.0407,0.6917,122086.7725,6.7017,6221861.4481,929.1237
node-104,2024-01-01 18:54:00,0.2103,7490642.445,0.5709,1.0907,108896.5759,9.2447,6211246.6206,959.2875
node-105,2024-01-01 18:54:00,0.1939,7736762.4914,8.6327,0.8792,158973.3681,9.0167,6215645.0368,945.1163
node-106,2024-01-01 18:54:00,0.0,4828020.7668,0.5207,0.173,120212.4262,2.9508,6218246.9875,916.2764
node-107,2024-01-01 18:54:00,0.0986,7136349.878,0.0,1.0054,116514.0002,9.1046,6257903.3805,932.5275
node-108,2024-01-01 18:54:00,0.1214,9120034.9842,0.5701,0.8476,117726.5504,4.8962,6211301.401,942.1906
node-109,2024-01-01 18:54:00,0.0899,8221459.8431,0.9194,1.3088,129312.4212,5.082,6237573.8282,955.2805
node-110,2024-01-01 18:54:00,0.0949,7846285.3833,3.526,0.7085,127630.5205,9.9257,6209268.3439,939.2501
node-111,2024-01-01 18:54:00,0.0961,8649493.048,0.0,0.9942,150423.9532,5.9177,6260705.4308,961.9091
node-112,2024-01-01 18:54:00,0.1391,7540494.8231,10.0692,0.9718,85366.634,6.9805,6152790.3843,927.8101
node-113,2024-01-01 18:54:00,0.0797,7766485.7365,0.5669,1.007,131846.4907,9.9179,6267846.0565,976.7811
node-114,2024-01-01 18:54:00,0.1922,7304836.0243,14.945,1.1677,165686.7923,13.5176,6245633.262,947.6303
node-115,2024-01-01 18:54:00,0.0839,7997165.0058,0.0,0.97,127102.2614,7.9815,6254713.2115,954.5945
node-116,2024-01-01 18:54:00,0.097,8123582.8143,8.8339,1.0853,126426.6595,7.0865,6217632.9882,950.5373
node-117,2024-01-01 18:54:00,0.2111,9255492.2629,0.0,1.3458,95099.3182,13.9482,6214653.0468,958.5354
node-118,2024-01-01 18:54:00,0.0932,7726452.6306,7.5837,1.57,86898.3246,10.8375,6232781.7315,965.8685
node-119,2024-01-01 18:54:00,0.1169,8861320.2447,0.6649,0.8046,88167.68,9.0677,6218183.6424,928.6572
node-000,2024-01-01 18:55:00,0.0935,8102356.9278,0.0,0.9065,127490.8683,15.9744,6235181.891,960.3152
node-001,2024-01-01 18:55:00,0.2885,7010706.9328,0.3488,1.1087,129766.5065,7.2112,6215723.086,952.4253
node-002,2024-01-01 18:55:00,0.1811,8715211.02,0.0,0.7923,114903.7138,8.8946,6223131.9728,977.4689
node-003,2024-01-01 18:55:00,0.1064,9396408.0154,4.4724,0.7895,122229.8271,7.0127,6220888.6282,949.8392
node-004,2024-01-01 18:55:00,0.1122,8456081.9855,0.0444,0.9252,131285.6361,7.0945,6122954.2085,949.6298
node-005,2024-01-01 18:55:00,0.1993,7629061.4542,0.0,1.0891,132482.5571,6.0781,6251426.0696,956.7311
node-006,2024-01-01 18:55:00,0.018,5213839.8498,9.4048,0.108,132200.4456,3.9513,6350265.3541,881.8066
node-007,2024-01-01 18:55:00,0.0777,7211637.1094,7.7054,0.6201,154673.9358,6.5027,6229258.1854,940.348
node-008,2024-01-01 18:55:00,0.0165,7742649.7299,12.6594,1.2356,125328.2479,5.8775,6301632.7211,926.576
node-009,2024-01-01 18:55:00,0.0837,8157252.6253,2.5191,0.9055,92596.567,10.9366,6172633.7489,965.6683
node-010,2024-01-01 18:55:00,0.0933,7915004.1192,0.0795,1.8819,124401.3938,11.1621,6190392.4505,970.0245
node-011,2024-01-01 18:55:00,0.1365,7354319.6199,7.6374,0.7413,140505.2316,7.0104,6223579.9179,965.1448
node-012,2024-01-01 18:55:00,0.0988,7358886.3433,0.2043,0.7868,130983.5349,5.1505,6205406.3275,932.6691
node-013,2024-01-01 18:55:00,0.0778,7666715.2174,0.3249,1.0273,119713.3672,0.0363,56601.4212,970.517
node-014,2024-01-01 18:55:00,0.0203,9484884.4771,0.0,0.8151,127981.705,5.0452,6231567.1941,947.8622
node-015,2024-01-01 18:55:00,0.0,4032167.6242,0.0317,0.1175,111307.0514,3.8645,6211820.9624,908.2835
node-016,2024-01-01 18:55:00,0.2819,7915792.9,6.9824,0.7903,141340.8937,6.7284,6153416.2268,978.3564
node-017,2024-01-01 18:55:00,0.4682,8483052.3628,1.2686,0.6052,145181.6017,4.9546,6167269.5187,943.3524
node-018,2024-01-01 18:55:00,0.0805,8100780.0069,9.0727,0.9325,117681.2053,8.0248,6200908.4207,950.1681
node-019,2024-01-01 18:55:00,0.1044,8093828.6249,0.0,1.6549,147848.5684,7.0017,6174300.2104,947.0763
node-020,2024-01-01 18:55:00,0.0987,8061087.2645,0.0,0.9531,183180.7266,9.0224,6191691.5313,969.2394
node-021,2024-01-01 18:55:00,0.1043,8192196.0872,0.1156,1.4237,145145.539,8.0226,6302888.0264,965.4124
node-022,2024-01-01 18:55:00,0.1077,8612856.7156,0.9814,0.8877,138420.5766,8.0139,6285356.3895,949.2462
node-023,2024-01-01 18:55:00,0.0091,7332528.0383,7.2328,0.6364,129882.6196,7.9679,6316002.6444,961.3141
node-024,2024-01-01 18:55:00,0.0679,7244188.7942,4.4697,0.5954,117485.1971,6.9796,6138979.0186,952.7896
node-025,2024-01-01 18:55:00,0.0204,9131357.6808,1.1984,0.7935,130595.7429,7.0471,6246756.1666,950.4444
node-026,2024-01-01 18:55:00,0.0054,5116530.9626,0.0,0.1081,73490.4067,4.0093,6135551.2501,882.4127
node-027,2024-01-01 18:55:00,0.1444,7737223.2625,5.5694,1.6905,77737.8948,8.0743,6219044.7326,954.9035
node-028,2024-01-01 18:55:00,0.1254,7808958.3165,5.5846,0.8204,110799.1735,7.8504,6225013.143,953.5226
node-029,2024-01-01 18:55:00,0.2088,7978808.577,9.4824,1.4872,105803.5933,6.7928,6167226.8546,944.0965
node-030,2024-01-01 18:55:00,0.1991,7617261.7941,0.0,6.2545,140042.0272,5.9909,6252977.1161,963.7279
node-031,2024-01-01 18:55:00,0.1956,28740953.7832,0.4018,0.894,943.133,0.0976,100129.7966,7.4272
node-032,2024-01-01 18:55:00,0.103,7520870.3482,9.7784,1.0221,94962.2269,14.9919,6208172.2697,953.0244
node-033,2024-01-01 18:55:00,0.0865,7412378.324,3.8416,0.9276,105690.7008,6.9563,6183239.7717,933.819
node-034,2024-01-01 18:55:00,0.0,5006846.8214,0.0,0.1928,117048.5899,3.9463,6127488.4047,865.9213
node-035,2024-01-01 18:55:00,0.0679,8822285.8778,0.0,0.9149,102758.1605,5.0835,6257947.1276,947.1188
node-036,2024-01-01 18:55:00,0.1108,8282138.1331,0.0,0.9961,120605.151,5.866,6216691.5537,954.672
node-037,2024-01-01 18:55:00,0.0042,8345081.3155,12.2467,0.575,115143.9307,7.0353,6157381.7044,938.6319
node-038,2024-01-01 18:55:00,0.0977,7300110.6366,3.552,0.8228,143137.1389,5.0232,6176946.1584,960.9855
node-039,2024-01-01 18:55:00,0.0791,8234303.5666,6.8684,0.6899,125955.747,7.9945,6130814.5986,946.9016
node-040,2024-01-01 18:55:00,0.0165,5069576.2565,0.4028,0.2116,153999.6647,3.0862,6373846.0227,914.8003
node-041,2024-01-01 18:55:00,0.1008,7984038.5748,4.7162,1.5101,111612.5504,6.9559,6306056.0071,954.9686
node-042,2024-01-01 18:55:00,0.0743,8091990.4156,10.6367,0.6826,109600.397,5.0086,6243328.8826,911.3022
node-043,2024-01-01 18:55:00,0.0768,8613747.8707,0.0,0.7937,112223.2568,6.9977,6262924.1114,961.1461
node-044,2024-01-01 18:55:00,0.2891,7281712.1823,9.7473,1.0962,104496.9069,15.9199,6192508.4427,981.2383
node-045,2024-01-01 18:55:00,0.1054,7932109.3245,0.0,1.2713,131615.817,7.6957,6258057.9033,948.9266
node-046,2024-01-01 18:55:00,0.0824,7806803.6119,0.2951,0.9023,129867.6528,6.9688,6237909.9733,945.4591
node-047,2024-01-01 18:55:00,0.117,7506360.7788,0.1709,0.5951,158638.8721,7.0601,6170243.8246,945.157
node-048,2024-01-01 18:55:00,0.0135,8123442.8139,1.8386,0.6134,114126.028,6.0276,6300617.0394,964.6635
node-049,2024-01-01 18:55:00,0.0,5186158.0764,0.0603,0.1068,120271.0374,2.9339,6115558.7961,935.5137
node-050,2024-01-01 18:55:00,0.017,2147622.112,0.4194,0.1806,129471.8466,2.9679,6288035.6301,909.1807
node-051,2024-01-01 18:55:00,0.0591,7334592.8685,11.7195,2.2858,141515.3388,9.2393,6342355.2364,977.7957
node-052,2024-01-01 18:55:00,0.1048,8322917.0062,0.0,0.7152,135932.0411,7.0456,6268158.1854,933.4251
node-053,2024-01-01 18:55:00,0.0764,8173095.1412,0.8795,1.1503,118828.82,8.9965,6217485.6057,958.9349
node-054,2024-01-01 18:55:00,0.1884,8065498.3139,0.6723,0.8722,136471.6123,8.6407,6248602.7752,966.961
node-055,2024-01-01 18:55:00,0.1041,8083995.7509,0.0,0.8066,82353.5421,7.0727,6267151.7166,962.4917
node-056,2024-01-01 18:55:00,0.2379,8031504.2178,6.4331,0.8615,135590.0872,8.0115,6137794.7705,961.3302
node-057,2024-01-01 18:55:00,0.0889,4659429.047,7.6041,1.2108,138528.0023,6.1056,6237163.7762,925.7556
node-058,2024-01-01 18:55:00,0.1957,8053053.9138,0.3161,0.9956,172194.8458,7.9845,6175162.4492,956.8827
node-059,2024-01-01 18:55:00,0.085,8554469.2998,9.244,1.013,102332.7413,7.91,6185707.5325,952.1995
node-060,2024-01-01 18:55:00,0.0992,7730416.6955,4.6588,0.6867,124810.6115,4.9764,6185590.0267,949.1594
node-061,2024-01-01 18:55:00,0.1123,8086406.0408,0.306,0.8675,138845.2063,12.9298,6359085.1275,957.0766
node-062,2024-01-01 18:55:00,0.0781,7856597.3766,10.5194,1.0169,110382.8575,11.0605,6201357.4353,953.0561
node-063,2024-01-01 18:55:00,0.0855,7722490.6939,16.9968,0.7967,147855.9453,6.9982,6161087.222,943.4485
node-064,2024-01-01 18:55:00,0.0806,7237345.9436,7.0167,0.9885,142817.1655,5.9374,6239100.4362,970.5474
node-065,2024-01-01 18:55:00,0.09,7903284.6056,0.9903,1.1262,107670.1469,6.9472,6222563.7831,952.7105
node-066,2024-01-01 18:55:00,0.0781,8398513.7139,8.2527,0.9074,128191.8173,7.3039,6281727.0202,941.5077
node-067,2024-01-01 18:55:00,0.0104,7389376.7257,0.0,0.714,132115.0395,5.2505,6230988.3247,954.4767
node-068,2024-01-01 18:55:00,0.1002,8013650.9792,12.2268,1.1687,114318.032,11.1698,6235782.9792,956.1407
node-069,2024-01-01 18:55:00,0.0,8346530.0095,14.0011,0.9909,82237.1289,6.1617,6219379.7869,967.5085
node-070,2024-01-01 18:55:00,0.1001,7489643.496,0.0,1.2817,102132.569,8.0001,6152204.0242,951.8489
node-071,2024-01-01 18:55:00,0.0944,8052828.0462,0.0,0.9351,111672.3829,8.8835,6216117.0011,948.5818
node-072,2024-01-01 18:55:00,0.0013,100318631.6958,0.0,0.097,110041.5368,2.5876,6268307.7343,892.9071
node-073,2024-01-01 18:55:00,0.1841,7699652.9252,0.0,0.8196,129377.7394,7.8147,6260461.6305,942.5889
node-074,2024-01-01 18:55:00,0.3029,7739109.0819,12.185,0.7366,107149.4507,9.0132,6187871.8889,967.1713
node-075,2024-01-01 18:55:00,0.1376,8918670.9899,7.1696,0.778,112907.5673,6.9176,6176489.6,938.5179
node-076,2024-01-01 18:55:00,0.0229,5566227.3413,0.4457,0.1907,128561.6111,3.9895,6120111.185,860.5028
node-077,2024-01-01 18:55:00,0.1193,7502554.2439,4.6514,1.02,109583.9063,5.9813,6210975.3787,958.8796
node-078,2024-01-01 18:55:00,0.0859,8163808.6392,8.2584,1.6763,112522.2959,8.041,6285770.5475,948.5236
node-079,2024-01-01 18:55:00,0.1054,7638946.0462,0.0,1.2493,145526.832,8.0511,6183994.4788,961.3397
node-080,2024-01-01 18:55:00,0.1246,7351861.648,1.8667,0.9047,119453.9007,7.0854,6258827.595,952.363
node-081,2024-01-01 18:55:00,0.0994,7415840.6455,0.0,0.4847,163664.037,7.0203,6184808.2378,953.8962
node-082,2024-01-01 18:55:00,0.0,4830756.6773,0.2973,0.0919,142716.7217,3.0154,6431014.6702,904.7077
node-083,2024-01-01 18:55:00,0.1186,7932769.1969,0.0,1.0221,88398.5915,8.6187,6133855.7307,962.98
node-084,2024-01-01 18:55:00,0.0896,8390396.4712,14.1706,0.8847,117165.7953,8.0625,6203784.447,973.6801
node-085,2024-01-01 18:55:00,0.0821,7961509.7872,5.5895,1.7909,138530.7451,6.9584,6246015.3117,942.7759
node-086,2024-01-01 18:55:00,0.0943,7562136.4321,8.4732,1.0106,133123.772,6.005,6192712.1281,951.7737
node-087,2024-01-01 18:55:00,0.1566,8469566.1927,1.0299,0.9174,79888.6201,9.2886,6239896.8768,954.8381
node-088,2024-01-01 18:55:00,0.2327,7475177.0589,0.3864,0.8119,135910.0907,9.9982,6162743.8623,954.1556
node-089,2024-01-01 18:55:00,0.1336,7744874.0998,0.0,1.596,106784.7169,6.9668,6200977.9234,950.155
node-090,2024-01-01 18:55:00,0.2119,8943070.2866,0.0,0.9009,166599.8095,5.7939,6165941.1379,928.0476
node-091,2024-01-01 18:55:00,0.0911,8209904.6471,13.1518,0.9957,138221.9133,6.9416,6162661.2191,956.9601
node-092,2024-01-01 18:55:00,0.0458,9063166.4232,0.6035,0.6709,121406.2536,5.064,6215243.4749,959.465
node-093,2024-01-01 18:55:00,0.0012,8685457.8278,7.196,0.7075,121154.2954,7.0123,6330646.0945,930.3262
node-094,2024-01-01 18:55:00,0.1729,7977599.1571,0.2184,1.3071,97788.9911,8.8783,6305667.649,965.0086
node-095,2024-01-01 18:55:00,0.0833,7558056.8827,13.5483,1.0887,107270.7155,5.9224,6265744.4255,955.2078
node-096,2024-01-01 18:55:00,0.0096,9315644.1872,0.7329,0.947,134783.5216,5.614,6300415.9334,949.267
node-097,2024-01-01 18:55:00,0.0819,7210877.4974,0.3276,1.8087,126068.1177,6.9833,6188663.9586,951.7122
node-098,2024-01-01 18:55:00,0.1044,8107862.276,8.2036,1.0437,132488.4072,12.0089,6212948.1701,959.4522
node-099,2024-01-01 18:55:00,0.1533,7766023.6368,10.777,0.8948,130686.7242,8.0502,6219059.9855,962.3846
node-100,2024-01-01 18:55:00,0.1077,7664887.8606,0.0,0.6402,144599.5076,14.0427,6206396.784,949.0997
node-101,2024-01-01 18:55:00,0.0,4318669.0465,0.0,0.2224,83420.3308,4.0672,6008654.9255,883.04
node-102,2024-01-01 18:55:00,0.1226,8301228.5234,0.4327,0.8973,130728.6866,7.0236,6270099.7323,961.3809
node-103,2024-01-01 18:55:00,0.1363,7946823.7714,0.0199,0.6996,127509.8564,6.7202,6246689.4616,936.6425
node-104,2024-01-01 18:55:00,0.09,7493095.1082,0.0,0.9165,135806.2111,9.531,6215780.7624,961.1983
node-105,2024-01-01 18:55:00,0.0933,7584767.5347,8.7655,0.8854,128529.6729,7.9352,6222398.8956,962.4775
node-106,2024-01-01 18:55:00,0.0,4406554.2201,1.0253,0.2023,116107.2427,3.0103,6199138.6339,910.4797
node-107,2024-01-01 18:55:00,0.107,7390818.3238,0.0,1.0791,91074.5204,8.8443,6247431.9571,949.1425
node-108,2024-01-01 18:55:00,0.3009,8778592.4738,0.7456,0.6889,99186.3773,5.4066,6291707.0303,973.0871
node-109,2024-01-01 18:55:00,0.1681,7911135.5384,0.0508,0.9189,110342.4494,7.899,6227275.689,937.9194
node-110,2024-01-01 18:55:00,0.0952,8101675.9291,3.2359,0.6654,136721.7471,9.0816,6197344.0146,937.2894
node-111,2024-01-01 18:55:00,0.1002,8543556.8817,0.0,0.9955,109947.8633,6.0713,6206922.6939,952.643
node-112,2024-01-01 18:55:00,0.1814,7708308.9713,9.3441,0.5782,124858.2609,7.9404,6305864.5961,933.6821
node-113,2024-01-01 18:55:00,0.0693,8057846.4553,0.0,0.9883,107835.5361,5.979,6234313.5707,943.2254
node-114,2024-01-01 18:55:00,0.1896,7889398.7917,14.5168,1.2118,167613.6377,15.0687,6167301.0373,970.1414
node-115,2024-01-01 18:55:00,0.0846,7919657.5065,0.2996,0.9399,121020.2499,6.8931,6291433.5359,963.627
node-116,2024-01-01 18:55:00,0.0849,8008899.4109,8.8708,1.116,108299.1642,9.8998,6300267.888,946.3056
node-117,2024-01-01 18:55:00,0.0857,8972476.8481,0.0,0.9976,135091.4319,12.4662,6224661.8686,945.5203
node-118,2024-01-01 18:55:00,0.1055,7861811.6496,8.0298,0.9913,117591.8035,5.8121,6250731.7622,945.3912
node-119,2024-01-01 18:55:00,0.0958,8661045.077,0.1454,0.7858,122487.4589,7.2129,6246602.003,928.3806
node-000,2024-01-01 18:56:00,0.1214,7767015.2413,0.6396,1.5766,151531.5632,8.9959,6164609.5211,966.6246
node-001,2024-01-01 18:56:00,0.091,7078446.711,0.6104,0.8215,104872.2536,6.9107,6249468.4006,933.5389
node-002,2024-01-01 18:56:00,0.1102,8546729.7929,0.5516,0.9082,120319.8131,8.7585,6278044.3166,970.9362
node-003,2024-01-01 18:56:00,0.1098,9016517.6524,4.6831,0.755,137688.9027,6.982,6189720.3037,966.1451
node-004,2024-01-01 18:56:00,0.0979,8255059.2777,0.0,1.3184,109579.7587,6.8522,6166931.3768,942.246
node-005,2024-01-01 18:56:00,0.1057,7889298.5606,0.264,0.9163,90806.1087,6.1089,6242967.5159,944.9727
node-006,2024-01-01 18:56:00,0.0,5107110.8522,10.2747,0.1124,141623.7167,4.0146,6086294.1152,898.844
node-007,2024-01-01 18:56:00,0.1001,7164325.7083,6.5277,0.6026,162708.7555,7.8811,6319569.504,955.9033
node-008,2024-01-01 18:56:00,0.203,7481044.8447,12.4156,6.3403,151150.7536,6.6747,6190644.683,961.5372
node-009,2024-01-01 18:56:00,0.0951,7936138.7481,3.592,1.4202,125579.8927,6.9261,6138949.183,963.0686
node-010,2024-01-01 18:56:00,0.0958,8587580.0013,0.5736,2.1006,87927.1824,5.9131,6171818.6087,946.277
node-011,2024-01-01 18:56:00,0.1965,7102352.4991,7.6908,0.9652,132004.5826,5.9385,6286480.1375,952.7703
node-012,2024-01-01 18:56:00,0.2051,7103045.6312,0.0702,0.9118,96727.2776,4.9027,6221997.8848,956.7507
node-013,2024-01-01 18:56:00,0.0878,7414492.82,0.0,0.994,144959.6448,0.0,39520.1287,968.9774
node-014,2024-01-01 18:56:00,0.012,9478225.0305,0.2952,0.7878,129448.3258,5.4478,6242872.7604,929.0436
node-015,2024-01-01 18:56:00,0.0,3927261.8192,0.0,0.1227,138474.9032,4.0222,6166847.6821,915.91
node-016,2024-01-01 18:56:00,0.1023,7476975.1199,7.2109,0.8,116634.6867,7.5183,6260130.745,973.9832
node-017,2024-01-01 18:56:00,0.7034,8813644.9053,0.6829,0.6085,161401.4698,4.5554,6264301.8332,938.8612
node-018,2024-01-01 18:56:00,0.0922,8136481.1337,8.7815,1.4665,121735.1523,6.9884,6202322.904,960.3836
node-019,2024-01-01 18:56:00,0.1304,8125692.631,0.0,1.0843,124823.8619,5.9902,6279165.7259,947.8814
node-020,2024-01-01 18:56:00,0.0863,8115888.8682,1.0566,1.5801,186592.8111,9.1023,6148281.2413,964.4346
node-021,2024-01-01 18:56:00,0.1164,8503244.9652,0.348,1.4925,128091.6507,6.9158,6180965.7257,952.4084
node-022,2024-01-01 18:56:00,0.0875,8399235.8288,0.0,0.8899,126076.345,12.0193,6174332.4155,972.0362
node-023,2024-01-01 18:56:00,0.105,7286400.5591,6.0836,0.6761,104383.5072,11.9954,6192230.4282,974.6385
node-024,2024-01-01 18:56:00,0.1094,7633910.6776,4.4082,0.5861,124892.6712,6.952,6183924.2708,961.8225
node-025,2024-01-01 18:56:00,0.0,9176908.9737,0.6562,1.3258,118016.6337,7.1752,6230288.8412,945.363
node-026,2024-01-01 18:56:00,0.0106,4553381.7279,0.0,0.1003,218398.1862,1.9825,6198601.9055,901.1829
node-027,2024-01-01 18:56:00,0.0966,8064026.6365,7.0053,1.0418,148868.6531,13.0114,6206454.1342,940.058
node-028,2024-01-01 18:56:00,0.0938,8270896.3832,6.0283,0.9873,123919.0898,7.8985,6187799.3776,936.4721
node-029,2024-01-01 18:56:00,0.2027,7721145.1696,10.1972,1.4914,146241.5637,8.0303,6131883.1018,956.0345
node-030,2024-01-01 18:56:00,0.1111,8094627.8326,0.6185,0.788,126621.3966,7.0058,6250599.9848,974.8586
node-031,2024-01-01 18:56:00,0.1914,28793509.1217,0.3571,0.8804,61.132,0.0,31883.9635,9.1947
node-032,2024-01-01 18:56:00,0.1038,7688718.3583,10.167,1.3213,129257.695,14.0137,6227448.8105,942.9386
node-033,2024-01-01 18:56:00,0.0956,7948842.6211,3.1459,0.9114,116877.4788,6.9684,6257592.3291,956.9783
node-034,2024-01-01 18:56:00,0.0207,5296440.2007,0.0,0.2207,133672.4621,3.0972,6103857.0062,888.1572
node-035,2024-01-01 18:56:00,0.1756,9453720.557,0.0,0.7912,117986.2914,6.9803,6249045.9692,945.2541
node-036,2024-01-01 18:56:00,0.0977,7904700.1033,0.2712,1.3888,93639.633,8.1126,6219967.8215,968.9435
node-037,2024-01-01 18:56:00,0.1043,8257284.9304,11.6279,0.9997,85663.3405,7.0981,6350341.6123,945.5845
node-038,2024-01-01 18:56:00,0.0886,6652704.3501,3.2246,0.5858,112816.3531,5.7915,6278511.8672,957.5026
node-039,2024-01-01 18:56:00,0.0814,9026830.0436,8.0363,0.6188,129228.1499,7.8852,6202568.1894,955.2935
node-040,2024-01-01 18:56:00,0.0119,4738233.4313,0.0,0.0919,118370.8592,3.9523,6177772.7392,905.6878
node-041,2024-01-01 18:56:00,0.0958,7965243.0401,5.3458,1.1595,121532.9718,7.5138,6280070.9181,959.8925
node-042,2024-01-01 18:56:00,0.1041,7335777.5853,10.7003,0.7249,119661.0763,8.1338,6222913.379,920.3303
node-043,2024-01-01 18:56:00,0.0788,8752745.64,0.6129,0.6767,106043.1116,6.003,6254800.7176,961.2563
node-044,2024-01-01 18:56:00,0.3802,7644070.1095,9.29,1.5778,140428.593,8.0928,6269742.7205,950.9981
node-045,2024-01-01 18:56:00,0.0976,8151524.2312,0.0,0.9951,120366.9569,7.0597,6381030.8974,928.6323
node-046,2024-01-01 18:56:00,0.1083,8226039.6614,0.129,0.9265,142608.5025,10.0545,6182353.3877,968.6629
node-047,2024-01-01 18:56:00,0.1025,7903028.5271,0.0,0.7143,127652.3876,6.0805,6234401.9988,936.7165
node-048,2024-01-01 18:56:00,0.0934,7675950.7454,1.8336,0.7078,124095.7108,3.9362,6252759.0509,961.3103
node-049,2024-01-01 18:56:00,0.005,4960310.9508,0.0,0.1836,107260.3593,2.7672,6177981.3,899.5773
node-050,2024-01-01 18:56:00,0.0307,2600972.1032,0.0,0.2016,121031.8403,3.1117,6230066.0426,911.164
node-051,2024-01-01 18:56:00,0.1712,6972161.8194,12.8278,1.7358,180581.9147,7.0317,6216042.192,969.883
node-052,2024-01-01 18:56:00,0.1121,7885010.914,0.5395,0.9766,85863.1161,6.8629,6272781.7536,948.1712
node-053,2024-01-01 18:56:00,0.0889,8136581.1382,0.1799,1.2268,140817.886,9.0765,6331766.6213,969.106
node-054,2024-01-01 18:56:00,0.0926,7139061.1711,0.0,0.7171,89372.2055,9.9449,6292601.912,962.2648
node-055,2024-01-01 18:56:00,0.0828,7569075.6913,0.4674,0.8312,117581.8729,7.0367,6222571.7746,951.7593
node-056,2024-01-01 18:56:00,0.0,8195469.2827,6.7228,0.7197,124052.4782,10.0252,6247280.8756,965.2632
node-057,2024-01-01 18:56:00,0.1858,4591063.767,8.1524,1.6378,133077.4171,6.0877,6377836.4499,956.617
node-058,2024-01-01 18:56:00,0.0979,7933502.2034,1.105,1.7136,125067.6965,8.0222,6232550.58,947.8368
node-059,2024-01-01 18:56:00,0.0915,8175976.4411,10.9984,1.0224,120815.5113,8.0686,6361034.366,949.5749
node-060,2024-01-01 18:56:00,0.0987,7304241.4657,4.435,0.8911,113659.0014,2.9665,6211464.5766,943.455
node-061,2024-01-01 18:56:00,0.1087,7445330.4972,0.1551,0.9203,99081.288,6.9277,6295847.3567,968.4831
node-062,2024-01-01 18:56:00,0.0984,7613359.5558,10.538,1.1106,122042.0246,6.9511,6229852.0852,954.4488
node-063,2024-01-01 18:56:00,0.1122,7639508.0153,16.1526,0.8993,78273.6087,6.9081,6198888.2139,950.7593
node-064,2024-01-01 18:56:00,0.1035,7835948.9878,8.3968,1.0403,127519.0691,6.0111,6273743.9832,954.5945
node-065,2024-01-01 18:56:00,0.097,7616494.6289,0.0,1.1203,137033.7522,6.9899,6131223.3223,949.6647
node-066,2024-01-01 18:56:00,0.0912,8042860.7076,8.538,1.1087,140715.7291,8.0059,6122818.5356,955.9415
node-067,2024-01-01 18:56:00,0.1986,7813432.0516,0.0,1.3943,114422.5759,5.9667,6229000.5255,962.9262
node-068,2024-01-01 18:56:00,0.0868,8615263.3368,12.0823,1.1137,147677.591,12.0448,6167122.3677,957.5933
node-069,2024-01-01 18:56:00,0.0885,8534786.6581,13.9397,1.0884,140011.4954,6.1395,6153726.1896,959.6293
node-070,2024-01-01 18:56:00,0.0965,7288877.2809,0.0,0.9575,132993.6978,8.6308,6249334.1588,972.6569
node-071,2024-01-01 18:56:00,0.1194,7896516.3539,0.5374,1.0633,140854.198,6.8189,6194542.8753,953.0031
node-072,2024-01-01 18:56:00,0.0,100217322.0817,0.0029,0.0893,86344.8348,2.0767,6433496.9905,884.1439
node-073,2024-01-01 18:56:00,0.2004,7659172.1274,0.7136,0.8586,138421.9513,6.9272,6234750.0202,953.0346
node-074,2024-01-01 18:56:00,0.1052,7728924.8204,10.6976,0.6004,136814.3519,10.0049,6216083.1213,964.1208
node-075,2024-01-01 18:56:00,0.0857,9215040.9086,8.0647,0.7475,114938.0451,5.9947,6237999.9559,928.5349
node-076,2024-01-01 18:56:00,0.006,5215206.2194,0.4117,0.2104,92122.5985,4.0223,6332752.5919,900.5734
node-077,2024-01-01 18:56:00,0.1123,7270697.4258,4.4671,0.9861,144589.3798,6.9557,6180811.5605,954.0512
node-078,2024-01-01 18:56:00,0.0858,8341939.0561,8.0399,0.786,154645.8021,9.923,6188898.3062,959.1084
node-079,2024-01-01 18:56:00,0.1079,7665280.1455,0.0,1.0417,103465.174,10.0101,6317227.8087,942.7129
node-080,2024-01-01 18:56:00,0.2133,7435697.9078,0.5939,1.4776,126794.4858,7.5582,6220235.2931,953.0354
node-081,2024-01-01 18:56:00,0.0696,7323733.1356,0.0,0.5993,107604.1496,6.0869,6263778.2863,944.6744
node-082,2024-01-01 18:56:00,0.0237,5199062.8142,0.0,0.1771,89208.0422,3.9812,6325897.54,934.2798
node-083,2024-01-01 18:56:00,0.0832,7976760.8199,0.0,1.8062,137557.0486,6.976,6133051.4209,942.8031
node-084,2024-01-01 18:56:00,0.4196,8327706.2681,15.1432,0.809,131183.3737,8.1801,6217096.1655,958.201
node-085,2024-01-01 18:56:00,0.0911,7537516.2624,6.8139,1.8239,128900.6158,5.882,6246692.4027,957.0955
node-086,2024-01-01 18:56:00,0.1064,7736508.6323,8.2287,0.8752,107328.1013,4.9248,6266062.9369,954.1656
node-087,2024-01-01 18:56:00,0.1889,8328239.3381,0.0438,1.0149,150123.2466,9.9738,6190386.2595,939.0483
node-088,2024-01-01 18:56:00,0.1978,7935898.8681,0.6202,0.9047,96615.3521,7.1619,6236757.2387,953.1875
node-089,2024-01-01 18:56:00,0.0868,8181950.0347,0.8458,1.5924,96077.1411,7.2855,6154309.6712,948.9338
node-090,2024-01-01 18:56:00,0.0915,8998029.1555,0.2574,0.6979,163671.0925,5.1277,6235048.5443,931.6681
node-091,2024-01-01 18:56:00,0.1998,8684331.4947,12.3721,1.7751,128258.9441,4.9393,6204165.4798,960.4599
node-092,2024-01-01 18:56:00,0.0887,9050392.3803,0.0,0.7065,137110.9316,4.8289,6207851.3688,937.0994
node-093,2024-01-01 18:56:00,0.0967,8829457.7959,5.8383,0.6969,111311.4804,6.9866,6210574.6556,949.2579
node-094,2024-01-01 18:56:00,0.099,8083487.289,0.0,1.1839,114321.1892,3.9768,6242094.2726,951.2485
node-095,2024-01-01 18:56:00,0.1045,7481381.8777,13.5401,0.9409,142634.7896,11.1298,6328566.6139,944.6441
node-096,2024-01-01 18:56:00,0.0775,9276508.2534,0.0,1.3111,94586.991,7.8393,6186766.7817,960.1751
node-097,2024-01-01 18:56:00,0.1082,7482760.9926,0.9731,0.9072,100332.2318,9.0456,6283679.2583,957.2246
node-098,2024-01-01 18:56:00,0.1879,7993721.4057,6.7682,0.9933,109598.6455,11.5238,6219567.025,941.6939
node-099,2024-01-01 18:56:00,0.0937,7279890.0352,10.1674,0.8967,115421.9121,7.9131,6212132.8447,953.7281
node-100,2024-01-01 18:56:00,0.3046,7404155.4106,0.0,1.1697,171538.1887,13.6479,6270078.5735,962.3959
node-101,2024-01-01 18:56:00,0.016,3885669.9002,0.0,0.1959,114957.2478,3.9719,5971405.5876,885.2209
node-102,2024-01-01 18:56:00,0.0812,8245501.7675,0.0,1.4235,126609.1484,6.9219,6351514.8594,955.2369
node-103,2024-01-01 18:56:00,0.0914,7808585.9165,0.0,0.6817,135301.5979,5.9132,6145037.6434,936.2359
node-104,2024-01-01 18:56:00,0.1293,7530679.8804,0.0,1.695,139987.6703,11.0438,6163754.229,958.949
node-105,2024-01-01 18:56:00,0.1035,7690350.7417,8.7227,0.7923,163051.2389,8.2179,6163637.6131,946.2933
node-106,2024-01-01 18:56:00,0.0302,4493070.2434,0.0,0.184,91690.3521,2.8831,6186354.0207,898.9611
node-107,2024-01-01 18:56:00,0.0976,7437188.6603,0.202,1.1499,127252.3083,8.067,6292889.685,978.3813
node-108,2024-01-01 18:56:00,0.1548,9457661.286,0.0,1.1424,153911.9454,7.0078,6244036.6683,955.5237
node-109,2024-01-01 18:56:00,0.1052,7984888.1528,0.2106,1.3799,131283.721,4.9513,6257123.7982,949.3097
node-110,2024-01-01 18:56:00,0.21,8063769.9035,3.1503,1.2673,87966.1214,9.1138,6185501.6701,923.8945
node-111,2024-01-01 18:56:00,0.2039,8893431.5419,0.2369,0.9071,124363.7485,8.0878,6300847.9628,957.6149
node-112,2024-01-01 18:56:00,0.1032,7381648.622,9.1565,0.78,135554.9408,7.9285,6174171.7216,927.4226
node-113,2024-01-01 18:56:00,0.1834,7289237.646,0.0,1.0137,135095.346,8.0195,6198916.2901,962.3772
node-114,2024-01-01 18:56:00,0.1008,7584555.169,15.6066,0.7965,145703.9091,4.0335,6169040.8272,945.4125
node-115,2024-01-01 18:56:00,0.1139,8111019.6335,1.2205,0.8196,106372.5664,6.0862,6132016.1757,950.8154
node-116,2024-01-01 18:56:00,0.1129,7807401.5965,8.9684,0.8462,102415.4975,9.7087,6243586.1893,959.7977
node-117,2024-01-01 18:56:00,0.111,9144046.4111,0.0,1.721,125188.3177,8.0068,6208738.4089,964.2931
node-118,2024-01-01 18:56:00,0.0973,7793148.3098,8.3891,1.1689,130084.7573,6.3914,6186173.3073,944.418
node-119,2024-01-01 18:56:00,0.1279,8946399.918,0.0,0.6462,120227.8769,5.9893,6232680.5,948.1496
node-000,2024-01-01 18:57:00,0.1052,7962564.1772,0.6599,0.9956,156556.7613,9.0069,6151152.3191,943.9038
node-001,2024-01-01 18:57:00,0.0805,7229040.5652,0.6142,0.9024,126957.9998,6.8758,6197707.4154,962.3498
node-002,2024-01-01 18:57:00,0.206,8921581.8477,0.0,0.9153,92360.8304,7.9936,6209328.6876,986.7955
node-003,2024-01-01 18:57:00,0.118,9581967.4135,4.3922,0.732,121644.4808,7.9945,6237050.7593,963.2213
node-004,2024-01-01 18:57:00,0.1042,8251292.7455,0.0,1.0241,139594.6857,10.0772,6250580.8919,959.5535
node-005,2024-01-01 18:57:00,0.2053,7788399.7681,0.032,0.85,136693.5762,5.9462,6137026.9102,937.6128
node-006,2024-01-01 18:57:00,0.0055,4680600.5147,11.0921,0.0894,93613.2295,3.7928,6238242.8344,905.9077
node-007,2024-01-01 18:57:00,0.1042,7122413.7935,6.3957,0.6082,159054.7981,6.0749,6277180.0364,953.6987
node-008,2024-01-01 18:57:00,0.2008,7970311.7326,12.6431,2.4925,97477.7882,11.0276,6153250.1426,921.5303
node-009,2024-01-01 18:57:00,0.0893,7838773.4012,2.3427,0.8918,136684.3563,5.9602,6193789.8058,947.2535
node-010,2024-01-01 18:57:00,0.1912,8136831.1363,0.9712,1.5048,132387.1591,8.1181,6239310.7238,962.2276
node-011,2024-01-01 18:57:00,0.2023,7471509.7123,6.872,1.2924,92486.353,8.1235,6167233.7241,955.0243
node-012,2024-01-01 18:57:00,0.1118,7412913.8926,0.0,0.8965,156387.6912,4.9427,6234462.5286,934.3221
node-013,2024-01-01 18:57:00,0.1195,7482456.9772,0.0,0.9331,170339.3767,0.0,22208.3098,960.3185
node-014,2024-01-01 18:57:00,0.0892,9308340.0799,0.9711,0.8966,201502.7566,7.9608,6222750.6649,941.9119
node-015,2024-01-01 18:57:00,0.0075,4379748.9517,0.2132,0.1977,129281.6104,1.9799,6155477.8513,886.6202
node-016,2024-01-01 18:57:00,0.0855,7428226.598,8.8992,0.8189,131724.1065,9.1349,6212934.8415,960.5763
node-017,2024-01-01 18:57:00,0.3165,8458499.7887,0.7891,0.6975,178914.0572,7.0599,6348824.5977,950.743
node-018,2024-01-01 18:57:00,0.0859,8039445.7053,9.4208,1.0555,154379.6021,9.8821,6232323.5601,945.8864
node-019,2024-01-01 18:57:00,0.0996,7819452.6526,0.0,1.1244,76268.6337,6.2727,6187744.1249,951.429
node-020,2024-01-01 18:57:00,0.1888,8141388.1853,0.0308,0.9759,132560.2617,6.957,6249935.2347,955.1861
node-021,2024-01-01 18:57:00,0.1068,8495531.4589,0.0815,1.3907,138812.5371,7.0326,6196028.6879,962.3325
node-022,2024-01-01 18:57:00,0.1004,8202103.0042,0.4693,0.985,141340.4037,6.0623,6199720.5665,966.3067
node-023,2024-01-01 18:57:00,0.1474,7062042.2104,6.2725,0.7113,95090.0552,6.0298,6253194.7946,953.196
node-024,2024-01-01 18:57:00,0.1048,7003168.9077,4.3221,0.6092,105296.0305,4.8411,6198990.6636,945.7638
node-025,2024-01-01 18:57:00,0.2975,9504145.9645,0.0504,0.693,148549.4972,7.0093,6237295.4082,954.1286
node-026,2024-01-01 18:57:00,0.0,4534591.4451,1.0044,0.1943,92809.8221,4.1879,6201715.1257,887.4185
node-027,2024-01-01 18:57:00,0.1134,7939782.7585,5.9981,0.8179,125759.6981,4.9981,6201254.833,948.8069
node-028,2024-01-01 18:57:00,0.0949,8551121.2556,4.6505,0.9632,131265.7589,7.8443,6379610.7235,927.2769
node-029,2024-01-01 18:57:00,0.098,8036825.5832,9.8754,0.9033,100614.1769,7.9438,6350651.3697,970.892
node-030,2024-01-01 18:57:00,0.3079,7764980.8318,0.3965,0.9972,121355.6652,8.1139,6183883.9499,967.6356
node-031,2024-01-01 18:57:00,0.0946,28491056.5421,0.4089,0.2058,774.4255,0.0,65822.8715,2.7642
node-032,2024-01-01 18:57:00,0.2145,7546015.266,10.2659,1.1439,135830.3813,8.1528,6271884.1012,961.0677
node-033,2024-01-01 18:57:00,0.1139,7710195.1657,1.9594,1.0959,143042.606,7.034,6170615.2581,940.9802
node-034,2024-01-01 18:57:00,0.019,5409072.7721,0.6805,0.1928,128457.9163,3.0286,6208868.1671,920.618
node-035,2024-01-01 18:57:00,0.0997,9113111.7089,0.0,0.6733,128198.4724,7.0751,6261444.5848,948.659
node-036,2024-01-01 18:57:00,0.1844,8391604.9553,0.0,3.8893,133123.8698,7.8225,6289561.3886,963.37
node-037,2024-01-01 18:57:00,0.2076,8044902.8803,12.2815,0.8709,152428.8833,7.1115,6388629.2074,971.188
node-038,2024-01-01 18:57:00,0.093,7149693.9304,3.5139,0.7233,85753.7279,9.0855,6202344.0159,940.8232
node-039,2024-01-01 18:57:00,0.1039,8868142.5311,8.9277,0.6489,130126.5962,6.9394,6171583.022,965.5753
node-040,2024-01-01 18:57:00,0.1056,4692370.9323,0.2439,0.2077,145331.6967,3.0127,6248602.2563,879.7923
node-041,2024-01-01 18:57:00,0.1988,8290157.2766,5.3497,0.9908,112616.2265,8.9159,6213252.9025,963.1579
node-042,2024-01-01 18:57:00,0.2491,7708095.4038,10.7864,0.6694,133241.5752,7.0038,6199560.3014,916.3156
node-043,2024-01-01 18:57:00,0.0948,8674475.5339,0.0,0.6206,167861.6434,6.98,6194853.8085,944.1848
node-044,2024-01-01 18:57:00,0.1815,7671713.1916,10.3664,0.8954,156869.095,10.1407,6300913.4057,958.7457
node-045,2024-01-01 18:57:00,0.1263,8385356.8643,0.0,1.1913,82571.2006,7.9897,6159275.9636,939.138
node-046,2024-01-01 18:57:00,0.0889,7489108.1302,0.5437,0.8787,99810.9423,9.7687,6222021.2971,961.4146
node-047,2024-01-01 18:57:00,0.3596,7548334.0991,0.2154,0.6862,101191.0388,6.1903,6262083.6029,928.3179
node-048,2024-01-01 18:57:00,0.0775,7959892.9471,1.0626,0.7125,99864.8813,5.9062,6141612.1174,948.3904
node-049,2024-01-01 18:57:00,0.0273,4716387.7693,0.4663,0.1908,141855.7632,1.866,6226726.3556,907.9677
node-050,2024-01-01 18:57:00,0.0049,2088425.3617,0.0,0.1856,111771.3975,4.0721,6183308.2273,907.7829
node-051,2024-01-01 18:57:00,0.0668,7118454.0517,11.0744,1.5927,107045.8538,8.0511,6204272.7105,962.8203
node-052,2024-01-01 18:57:00,0.101,7976767.7854,0.0,0.7021,135983.3977,6.9289,6254014.0266,957.9726
node-053,2024-01-01 18:57:00,0.0952,7909105.8348,0.0,0.9166,115375.7732,8.8572,6277902.1844,956.504
node-054,2024-01-01 18:57:00,0.0898,7820417.5364,0.5219,1.0071,128303.4659,9.0379,6228441.7522,966.7192
node-055,2024-01-01 18:57:00,0.0899,7900223.1912,0.8731,0.83,124876.6054,7.0655,6192165.8461,956.8563
node-056,2024-01-01 18:57:00,0.0861,8192318.1131,6.3424,1.4821,144225.6823,4.9955,6167066.5603,966.3357
node-057,2024-01-01 18:57:00,0.1104,4410546.1567,6.5569,1.0153,74826.2633,6.045,6213789.7967,956.7558
node-058,2024-01-01 18:57:00,0.1818,7787768.9972,0.3391,0.9975,169278.6607,7.8116,6263163.457,966.5587
node-059,2024-01-01 18:57:00,0.0107,7975586.6108,9.0304,0.9269,137651.9967,9.0435,6229620.4137,969.0918
node-060,2024-01-01 18:57:00,0.09,7852688.1015,4.1545,0.8182,132246.3486,7.9432,6160676.7858,939.6794
node-061,2024-01-01 18:57:00,0.1407,7649692.031,0.0,1.0295,139259.4223,9.1533,6172109.7425,944.3729
node-062,2024-01-01 18:57:00,0.0916,7943113.018,10.6097,1.0985,124404.7896,7.2331,6150722.6043,957.9284
node-063,2024-01-01 18:57:00,0.0546,7777063.0902,16.2751,0.891,131462.4862,7.2749,6233360.5651,945.7964
node-064,2024-01-01 18:57:00,0.0895,7737538.409,7.0246,1.199,117390.4815,8.0563,6281882.779,955.201
node-065,2024-01-01 18:57:00,0.1138,8103496.1039,0.0,1.0882,126306.1511,8.0547,6315377.565,947.8101
node-066,2024-01-01 18:57:00,0.1013,8114722.1999,7.9451,1.5066,128887.9168,11.0391,6280858.9012,957.1977
node-067,2024-01-01 18:57:00,0.2083,7531117.4471,0.0,1.3978,120676.1122,5.9785,6143373.1007,949.3767
node-068,2024-01-01 18:57:00,0.1836,7972971.4453,11.2252,1.104,115014.2592,8.9396,6215865.7693,952.0014
node-069,2024-01-01 18:57:00,0.0971,8419362.4698,14.558,0.9177,147028.4058,8.0467,6190510.4561,968.6298
node-070,2024-01-01 18:57:00,0.1112,7319587.4581,0.0,0.6995,122283.4377,10.9876,6325428.9574,953.8836
node-071,2024-01-01 18:57:00,0.1862,8148162.9664,0.0,0.792,84831.6913,4.9335,6226749.6798,945.52
node-072,2024-01-01 18:57:00,0.0076,100278319.7541,2.0358,0.2049,142560.3582,3.9723,6156858.3959,909.395
node-073,2024-01-01 18:57:00,0.1811,7902635.2777,0.0,0.8013,138802.534,7.9781,6229629.9747,935.5999
node-074,2024-01-01 18:57:00,0.4397,7804295.1477,11.6209,0.6562,120676.8075,7.0462,6184985.5749,957.6328
node-075,2024-01-01 18:57:00,0.1498,8519070.7964,6.9371,0.8606,137831.5291,5.9755,6252499.9707,932.7352
node-076,2024-01-01 18:57:00,0.0175,5244612.7743,0.0,0.203,113257.2497,3.0064,6212496.157,883.8204
node-077,2024-01-01 18:57:00,0.1101,7349112.3947,4.2608,0.9764,131456.8573,8.1029,6160772.0611,953.0576
node-078,2024-01-01 18:57:00,0.2077,7878015.8293,7.9072,0.9124,130255.1153,8.005,6165865.9299,950.5102
node-079,2024-01-01 18:57:00,0.172,7578401.6739,0.0,0.9143,141882.2202,6.0835,6157891.454,959.8972
node-080,2024-01-01 18:57:00,0.1894,7407236.8696,0.0,1.1647,134737.1159,10.9636,6181366.3717,949.141
node-081,2024-01-01 18:57:00,0.1291,7271989.8775,0.0,0.8123,184876.9763,9.099,6286050.8344,948.3017
node-082,2024-01-01 18:57:00,0.0,5239759.1289,0.0,0.1935,135409.9212,6.0101,6307356.4229,882.5468
node-083,2024-01-01 18:57:00,0.1946,8096193.3092,0.7496,1.3409,138911.574,8.0837,6213481.8403,939.3108
node-084,2024-01-01 18:57:00,0.1103,8505677.5568,14.3826,1.0211,137444.5736,9.0638,6221636.9008,952.9681
node-085,2024-01-01 18:57:00,0.2903,7786923.3899,7.0136,0.9822,130105.4205,6.0377,6209754.6928,941.9004
node-086,2024-01-01 18:57:00,0.0958,7486941.3522,7.9468,0.8819,133767.7383,5.2476,6144389.1739,949.3656
node-087,2024-01-01 18:57:00,0.1656,7810492.484,0.0,0.9972,136881.1043,10.0143,6250161.0024,954.459
node-088,2024-01-01 18:57:00,0.0113,7523912.9343,1.1669,0.7117,135696.6482,5.0188,6190178.7454,955.5195
node-089,2024-01-01 18:57:00,0.0747,7934985.4213,0.0,1.3283,123407.8393,9.0295,6217157.4886,947.7423
node-090,2024-01-01 18:57:00,0.1939,9082108.266,0.0,0.8887,137135.0187,6.8676,6193318.8836,919.3302
node-091,2024-01-01 18:57:00,0.1184,8524964.1395,12.2024,0.9882,127478.3272,6.9773,6210960.8691,955.4344
node-092,2024-01-01 18:57:00,0.2484,9300632.0967,0.0,0.9229,78659.2189,6.837,6267500.1878,976.648
node-093,2024-01-01 18:57:00,0.1141,8602493.3447,4.7804,0.742,113369.4078,6.1025,6208727.4437,939.0466
node-094,2024-01-01 18:57:00,0.1083,7756813.6564,0.0,1.0961,111760.9751,5.0425,6198723.23,970.2339
node-095,2024-01-01 18:57:00,0.1078,7699025.9993,14.6413,1.0865,92329.8076,8.9968,6178236.4287,946.5726
node-096,2024-01-01 18:57:00,0.0039,9271124.4748,0.0,0.4886,146260.3439,6.9624,6225348.0658,950.5026
node-097,2024-01-01 18:57:00,0.1885,7363184.0173,0.0,0.8789,129484.462,9.0434,6263510.5155,939.9607
node-098,2024-01-01 18:57:00,0.0817,8528189.1159,8.0911,1.1061,149768.7249,8.0158,6382047.7237,936.3356
node-099,2024-01-01 18:57:00,0.04,7646610.8345,10.7522,0.9046,133072.7508,7.9982,6155401.4937,940.4752
node-100,2024-01-01 18:57:00,0.1152,6973715.1027,0.0,0.7203,136805.5661,7.9754,6298917.4873,961.7058
node-101,2024-01-01 18:57:00,0.0762,3964913.8673,0.0,0.1928,146813.0824,3.023,6227548.0925,908.36
node-102,2024-01-01 18:57:00,0.1254,8136280.6678,0.0,0.8754,136135.4665,7.101,6150334.6555,956.3849
node-103,2024-01-01 18:57:00,0.1323,7503935.1189,0.299,0.7026,127444.5883,5.0437,6221968.5059,931.0775
node-104,2024-01-01 18:57:00,0.0866,7601438.4669,0.9423,1.0291,140103.3173,9.9957,6156554.6011,940.1257
node-105,2024-01-01 18:57:00,0.0911,7983460.0098,9.1656,0.96,169992.558,8.9608,6270388.3213,961.5163
node-106,2024-01-01 18:57:00,0.005,5070521.5935,0.0,0.1862,116722.4184,3.9422,6292406.3458,881.5994
node-107,2024-01-01 18:57:00,0.0987,7296725.7735,0.0,1.1126,127097.3091,12.9689,6318375.1675,951.2139
node-108,2024-01-01 18:57:00,0.0112,9053220.6273,0.0,0.7907,107914.7857,8.0417,6167383.6485,929.2012
node-109,2024-01-01 18:57:00,0.2313,7885285.4595,0.0,1.3284,158854.784,5.1297,6269934.8638,951.6778
node-110,2024-01-01 18:57:00,0.0837,8207951.1166,3.9994,0.6228,150263.9159,10.1108,6423675.325,946.103
node-111,2024-01-01 18:57:00,0.2077,8955878.2512,0.561,0.8903,137820.7818,5.8945,6208247.4177,967.9251
node-112,2024-01-01 18:57:00,0.0895,7442042.4541,10.4535,0.7982,105501.8486,10.045,6240674.8546,925.3117
node-113,2024-01-01 18:57:00,0.0906,7713670.4786,0.0,1.1108,136983.1009,7.9518,6228394.0878,942.3157
node-114,2024-01-01 18:57:00,0.1069,7870494.3959,14.2285,0.7175,158193.9496,6.9514,6301555.1507,955.5411
node-115,2024-01-01 18:57:00,0.1155,7566106.2821,0.9782,1.109,123367.8617,6.1439,6255998.6696,951.5601
node-116,2024-01-01 18:57:00,0.1073,7615394.3653,7.9163,1.5829,125658.7282,8.0314,6197695.111,954.166
node-117,2024-01-01 18:57:00,0.0984,9158423.8534,0.417,1.0665,101248.2957,10.9891,6219919.6101,956.8095
node-118,2024-01-01 18:57:00,0.0916,7723855.1458,7.5267,0.6914,91050.5728,11.077,6170960.9305,944.2902
node-119,2024-01-01 18:57:00,0.0011,9023598.213,0.5298,0.7166,137381.1383,5.9088,6251459.4272,957.1409
node-000,2024-01-01 18:58:00,0.1054,8004274.6384,0.3595,0.9763,169905.0633,6.9162,6242681.1479,962.7759
node-001,2024-01-01 18:58:00,0.0901,7457583.9326,1.2828,0.8902,108273.1749,8.9749,6272068.1698,931.7364
node-002,2024-01-01 18:58:00,0.1369,8711453.1351,0.0,0.9665,150535.7606,9.8397,6193177.6182,951.0044
node-003,2024-01-01 18:58:00,0.0909,9037259.1992,4.8998,0.8021,125117.6052,8.8952,6197302.3056,944.5731
node-004,2024-01-01 18:58:00,0.1232,8057500.1625,0.266,1.0109,139533.6462,9.9746,6335852.8744,973.2289
node-005,2024-01-01 18:58:00,0.0867,7651866.99,0.3805,1.0893,138505.5237,6.0856,6208932.24,941.412
node-006,2024-01-01 18:58:00,0.0036,4779145.517,9.0905,0.1886,139001.3604,2.8868,6173089.5211,889.1623
node-007,2024-01-01 18:58:00,0.0949,7163616.825,6.562,0.7033,164587.1399,6.8505,6236611.0986,941.4689
node-008,2024-01-01 18:58:00,0.1041,7546313.8258,12.1504,0.698,117770.1985,9.2071,6281771.0613,920.1625
node-009,2024-01-01 18:58:00,0.1449,8346340.5251,2.0796,0.884,93123.0662,6.058,6262104.3221,958.4077
node-010,2024-01-01 18:58:00,0.0868,8333692.1706,0.9888,1.5158,108736.2248,6.9496,6205285.2033,949.6688
node-011,2024-01-01 18:58:00,0.1074,7642709.2713,6.498,0.9819,93891.6839,7.9752,6171926.2349,958.4314
node-012,2024-01-01 18:58:00,0.0727,7641753.0999,1.0216,0.8271,118916.6491,6.1627,6217318.2228,942.3166
node-013,2024-01-01 18:58:00,0.0908,7607975.0623,0.6728,1.0056,130027.7019,0.1316,24862.0644,973.6311
node-014,2024-01-01 18:58:00,0.0974,9587725.2482,0.0,0.6785,131763.9737,5.8769,6241481.3281,971.1945
node-015,2024-01-01 18:58:00,0.0193,3755108.2523,0.6622,0.2014,113908.3453,3.8827,6027412.7263,884.4447
node-016,2024-01-01 18:58:00,0.0891,7399447.3231,7.9698,0.9032,122252.2162,8.0231,6235661.1565,947.2666
node-017,2024-01-01 18:58:00,0.0939,8863100.9776,0.1084,0.6392,167094.2525,6.9002,6199151.9471,948.592
node-018,2024-01-01 18:58:00,0.0907,8454685.7836,8.4117,0.9093,121721.0469,9.9585,6214397.0079,951.753
node-019,2024-01-01 18:58:00,0.0856,7820831.8892,0.6444,0.9808,134601.6543,10.0196,6248657.6617,934.4531
node-020,2024-01-01 18:58:00,0.1001,8025060.8549,0.1042,1.0057,175157.2783,7.0674,6252774.2015,948.5806
node-021,2024-01-01 18:58:00,0.0908,8679362.7565,0.0,1.3603,118033.0961,7.1252,6314716.3262,945.4938
node-022,2024-01-01 18:58:00,0.1124,8394449.7704,1.0597,0.8018,83539.0802,7.1518,6214788.4668,970.015
node-023,2024-01-01 18:58:00,0.1154,7382216.5402,5.7863,0.7956,197272.6524,6.2069,6230112.764,946.3034
node-024,2024-01-01 18:58:00,0.1066,7355108.8381,4.4382,0.8986,137644.3506,4.962,6214932.6966,944.1308
node-025,2024-01-01 18:58:00,0.0996,9171205.1317,0.0,0.6103,99805.2998,7.4734,6256379.8092,942.0487
node-026,2024-01-01 18:58:00,0.0,4419407.2436,0.2586,0.2234,121153.5373,3.0724,6081754.3785,875.111
node-027,2024-01-01 18:58:00,0.1031,7976016.5425,5.3222,1.2022,84345.3549,4.9054,6314124.923,952.8524
node-028,2024-01-01 18:58:00,0.1291,8385016.4292,3.4067,0.7703,131933.6011,6.9155,6199643.2526,924.2738
node-029,2024-01-01 18:58:00,0.104,8207766.6822,9.1262,0.9048,149076.4329,5.1312,6224419.5776,966.1645
node-030,2024-01-01 18:58:00,0.1439,7986101.7896,0.0,0.9279,117617.4428,8.0297,6197462.7291,955.2878
node-031,2024-01-01 18:58:00,0.0,28755970.9394,0.0,2.2517,9058.6135,0.0648,53526.1017,0.0
node-032,2024-01-01 18:58:00,0.0948,7504571.577,9.2895,1.0764,147415.2431,11.9179,6310439.9354,953.8117
node-033,2024-01-01 18:58:00,0.103,7280468.9396,2.1445,0.9517,111784.0066,5.9413,6192810.891,942.8805
node-034,2024-01-01 18:58:00,0.0,4824447.9854,0.0,0.2103,72082.113,2.9765,6103225.0644,868.9165
node-035,2024-01-01 18:58:00,0.0965,9039844.7608,0.0,0.7313,89305.5085,7.0272,6185246.4813,946.5083
node-036,2024-01-01 18:58:00,0.1902,8464466.1799,0.7218,0.8691,128036.6328,7.0296,6216510.2182,963.5887
node-037,2024-01-01 18:58:00,0.1166,8489102.115,11.3109,0.8081,102712.5412,6.1509,6244264.4889,950.3459
node-038,2024-01-01 18:58:00,0.1044,7301383.2949,3.4374,1.0196,78998.5908,5.0897,6214023.9913,947.2517
node-039,2024-01-01 18:58:00,0.0936,8517526.2085,8.7312,0.6912,130511.2134,6.9622,6163973.4236,932.5028
node-040,2024-01-01 18:58:00,0.0964,4321092.4114,1.08,0.2075,165873.8788,2.017,6231539.9395,920.8077
node-041,2024-01-01 18:58:00,0.143,7858318.6315,6.3294,1.0732,131700.3128,7.0725,6247555.1515,948.2184
node-042,2024-01-01 18:58:00,0.1189,7919793.0889,12.1841,0.5799,88359.9932,6.3795,6353617.721,916.164
node-043,2024-01-01 18:58:00,0.1119,8460022.8982,0.5845,0.9069,110127.21,7.5243,6223714.849,945.3563
node-044,2024-01-01 18:58:00,0.2936,7730603.6732,10.5844,0.9099,145699.0357,9.9801,6257581.7767,978.3754
node-045,2024-01-01 18:58:00,0.1868,8030721.232,0.0,0.897,126367.3404,10.0057,6157006.4307,933.1204
node-046,2024-01-01 18:58:00,0.1169,8258951.2711,0.7731,0.8166,136095.187,9.0285,6168946.6862,948.192
node-047,2024-01-01 18:58:00,0.1001,7784500.7281,0.1302,0.4754,121658.0474,8.1283,6205154.1505,929.3148
node-048,2024-01-01 18:58:00,0.1926,8256493.1936,2.8323,0.9056,147192.8339,6.0153,6234455.7506,962.3405
node-049,2024-01-01 18:58:00,0.0963,4786497.3777,0.0,0.1946,144176.7817,2.1056,6293341.8288,905.249
node-050,2024-01-01 18:58:00,0.0,2300807.7181,0.0,0.1943,142319.4388,2.956,6154387.2976,902.0429
node-051,2024-01-01 18:58:00,0.1055,7326712.5763,11.8422,1.4822,163887.4573,10.9359,6154880.6589,955.1492
node-052,2024-01-01 18:58:00,0.0881,8488564.9065,0.9161,0.7224,120647.9198,5.9922,6233202.0227,964.7406
node-053,2024-01-01 18:58:00,0.0905,7581657.2856,0.0,1.1016,123279.9464,8.1022,6268228.5375,952.4806
node-054,2024-01-01 18:58:00,0.1176,7567795.7249,0.1921,0.9958,103219.6585,4.0034,6201781.165,950.5024
node-055,2024-01-01 18:58:00,0.1088,7577836.8671,1.2284,0.9846,105761.0511,7.0683,6350869.1172,971.4542
node-056,2024-01-01 18:58:00,0.2207,7781437.7309,6.4729,0.9243,118859.5372,6.9646,6377071.6323,962.9639
node-057,2024-01-01 18:58:00,0.0953,4172554.5267,7.0309,1.0942,141209.4837,8.08,6285257.529,938.4801
node-058,2024-01-01 18:58:00,0.0651,7932599.9844,0.2027,1.1799,137853.4553,11.9731,6205997.3011,978.7218
node-059,2024-01-01 18:58:00,0.1058,8474598.2861,11.2867,1.1011,95426.9256,9.0289,6120522.4407,959.1237
node-060,2024-01-01 18:58:00,0.2046,7667067.2544,3.3598,0.7877,124508.3508,5.9325,6183805.1423,946.3983
node-061,2024-01-01 18:58:00,0.1047,7954503.7015,0.6603,1.1932,110681.6341,9.0712,6108751.359,959.1776
node-062,2024-01-01 18:58:00,0.1135,7810770.2957,10.799,0.8096,100387.6325,8.0517,6197780.3903,959.8833
node-063,2024-01-01 18:58:00,0.0939,7695639.9662,16.9753,1.0862,83886.547,8.988,6153340.9065,949.2271
node-064,2024-01-01 18:58:00,0.094,6965716.7652,8.0383,1.0761,126648.514,6.0661,6210054.1468,961.3408
node-065,2024-01-01 18:58:00,0.1045,7865640.877,1.1034,1.1634,87328.2154,9.9081,6211359.2608,955.9344
node-066,2024-01-01 18:58:00,0.089,8173773.5337,8.5182,5.8751,95113.5571,7.0475,6187775.3719,956.1852
node-067,2024-01-01 18:58:00,0.0784,7570683.662,0.0,0.8913,117636.5887,5.0504,6185434.1888,949.4984
node-068,2024-01-01 18:58:00,0.0944,8441115.8833,12.9403,0.8905,130170.6402,9.115,6272477.2212,947.2719
node-069,2024-01-01 18:58:00,0.0914,7975130.7408,13.6201,0.7978,97361.9699,7.0523,6174916.9083,956.6192
node-070,2024-01-01 18:58:00,0.1066,7782290.6003,0.5583,0.9536,114606.7728,5.9336,6211571.3261,959.7976
node-071,2024-01-01 18:58:00,0.1034,8189566.2983,0.9866,0.8028,130480.1603,4.9905,6252896.3452,953.4354
node-072,2024-01-01 18:58:00,0.0,100491553.6412,0.0334,0.2104,116491.4469,2.9653,6156624.2355,909.9059
node-073,2024-01-01 18:58:00,0.1074,7765993.7816,0.1895,0.7742,112830.613,5.9399,6228030.6732,941.8895
node-074,2024-01-01 18:58:00,0.1062,7639272.0924,10.5665,0.6717,116141.9703,5.0226,6177278.7261,968.9258
node-075,2024-01-01 18:58:00,0.1555,8814263.5323,7.0655,0.6487,129655.1344,6.0565,6250910.0541,937.7888
node-076,2024-01-01 18:58:00,0.0268,5509020.1288,0.0,0.2281,135856.37,4.0164,6288567.0127,885.5821
node-077,2024-01-01 18:58:00,0.0883,7561520.1741,3.2641,1.1033,116823.1759,8.0454,6087934.4484,944.6415
node-078,2024-01-01 18:58:00,0.1097,7788654.9921,7.8158,1.002,123112.8953,7.0341,6201486.019,954.5979
node-079,2024-01-01 18:58:00,0.101,7972291.4183,0.4514,1.2988,132103.3395,6.0323,6115949.9139,956.3182
node-080,2024-01-01 18:58:00,0.1153,7494530.9646,0.9197,1.0972,133978.1101,8.0381,6179491.7508,954.9982
node-081,2024-01-01 18:58:00,0.0673,7162820.5111,0.6218,0.8072,153662.7123,9.0044,6242442.8719,939.5437
node-082,2024-01-01 18:58:00,0.0,4860105.0708,0.3802,0.1067,123808.2417,6.1115,6160063.6517,880.7579
node-083,2024-01-01 18:58:00,0.0825,8239060.6392,0.0,0.9205,82993.7598,7.0159,6241262.6553,962.0213
node-084,2024-01-01 18:58:00,0.1031,8147719.8201,13.5815,0.8481,118613.8823,7.9883,6152468.3076,955.8168
node-085,2024-01-01 18:58:00,0.2989,7903187.5416,5.1615,0.9785,127148.7294,7.0313,6185710.2714,945.7079
node-086,2024-01-01 18:58:00,0.2069,7783108.0457,8.1511,0.9338,130448.1825,8.9386,6236918.3553,951.0991
node-087,2024-01-01 18:58:00,0.1514,8424626.6005,0.0,0.9965,139356.9031,10.0259,6274918.4829,969.8667
node-088,2024-01-01 18:58:00,0.1005,7934207.0281,0.0,0.9219,114324.6325,4.9515,6233125.9084,962.7633
node-089,2024-01-01 18:58:00,0.0934,8076639.7093,0.0,1.5854,90634.1908,9.0368,6266578.7849,959.6925
node-090,2024-01-01 18:58:00,0.1154,8714759.0845,0.1549,0.8855,160751.8435,4.9759,6262566.9222,926.3627
node-091,2024-01-01 18:58:00,0.0967,8153565.5901,12.1165,1.002,114017.6658,7.1717,6266097.8359,944.263
node-092,2024-01-01 18:58:00,0.1993,8674035.9277,0.0,1.1142,136042.7087,7.0072,6198558.468,947.5519
node-093,2024-01-01 18:58:00,0.1191,8906197.1252,7.254,0.6816,129816.0191,5.9615,6219585.0583,929.7747
node-094,2024-01-01 18:58:00,0.2287,8093458.9523,0.0,1.0923,125058.5688,6.9382,6186396.1669,966.308
node-095,2024-01-01 18:58:00,0.1223,7734516.875,14.2729,1.0948,100339.2816,7.7954,6144740.5336,957.1403
node-096,2024-01-01 18:58:00,0.1084,9464157.2717,0.938,0.8829,94440.1048,6.0092,6150839.1073,954.435
node-097,2024-01-01 18:58:00,0.1253,7529723.0014,0.0,0.8785,128963.6865,7.8062,6194169.0211,961.7456
node-098,2024-01-01 18:58:00,0.1193,8257716.9804,7.9045,1.0572,93813.9169,9.0222,6182450.5618,956.3427
node-099,2024-01-01 18:58:00,0.0851,7477007.3619,11.274,1.4975,128048.3943,7.1091,6131139.3165,952.5026
node-100,2024-01-01 18:58:00,0.0889,7849924.4368,0.2914,0.8049,184051.1579,4.9807,6320688.8973,950.4117
node-101,2024-01-01 18:58:00,0.0,3846406.5412,0.0,0.1084,96886.6099,3.0182,6220343.5635,900.4898
node-102,2024-01-01 18:58:00,0.0836,8201681.9439,1.0199,1.0024,88957.4153,7.9731,6258320.6113,970.5448
node-103,2024-01-01 18:58:00,0.0918,7520562.2102,0.0,0.7351,117264.3748,4.955,6228344.9488,932.8392
node-104,2024-01-01 18:58:00,0.1635,8015600.5727,0.0,0.9966,136774.6533,9.4616,6284782.8135,953.5526
node-105,2024-01-01 18:58:00,0.1004,7373803.9616,9.007,0.8075,280906.7638,7.0862,6297186.1742,975.8596
node-106,2024-01-01 18:58:00,0.0105,4567392.3651,0.5087,0.1886,140833.6719,2.9777,6140383.5562,915.9262
node-107,2024-01-01 18:58:00,0.0982,7496025.8012,0.0,1.1838,123261.8755,14.0523,6227156.925,948.3908
node-108,2024-01-01 18:58:00,0.123,9302772.4569,0.6551,0.6936,148695.115,8.9121,6149489.4794,937.6489
node-109,2024-01-01 18:58:00,0.1005,7864141.1266,0.0422,0.9057,89534.0377,5.963,6289004.0631,948.1108
node-110,2024-01-01 18:58:00,0.1982,8007370.2137,4.4188,0.8981,121038.0408,7.8565,6209231.6726,926.0749
node-111,2024-01-01 18:58:00,0.216,8592013.6477,1.352,0.8789,83602.7727,6.0385,6173574.1889,950.9044
node-112,2024-01-01 18:58:00,0.0076,7527580.4078,11.6631,0.9366,132663.5392,6.0765,6239768.2839,924.6501
node-113,2024-01-01 18:58:00,0.1054,8261221.7295,0.0,1.256,79903.8785,8.0486,6230989.9603,958.7112
node-114,2024-01-01 18:58:00,0.1057,7819233.9978,15.3308,0.7918,157522.7051,6.0783,6183588.3708,937.9391
node-115,2024-01-01 18:58:00,0.1028,8001929.4266,0.0,0.9867,85855.8592,7.0435,6194226.1577,949.92
node-116,2024-01-01 18:58:00,0.111,8037265.7981,8.3129,1.3232,138296.1619,4.9545,6174681.1464,943.2921
node-117,2024-01-01 18:58:00,0.1159,9203768.6914,0.0,1.0907,129784.872,9.0563,6258461.2791,947.4209
node-118,2024-01-01 18:58:00,0.1082,7461368.3537,8.065,0.9931,136470.0782,9.1045,6184396.649,951.7565
node-119,2024-01-01 18:58:00,0.1151,9196109.4263,0.3586,0.8182,131393.7735,6.5994,6315318.3872,946.4861
node-000,2024-01-01 18:59:00,0.0,7524613.741,0.0,1.0023,189394.613,9.0359,6211073.1388,951.3333
node-001,2024-01-01 18:59:00,0.0805,7859774.1339,0.3809,0.9087,127181.4076,7.0064,6154774.3306,927.9482
node-002,2024-01-01 18:59:00,0.2004,9052712.3443,0.7431,0.9252,139032.6606,7.0428,6293702.3462,959.5027
node-003,2024-01-01 18:59:00,0.3043,9334902.9853,5.2851,0.7389,131735.345,8.3957,6173448.5569,945.1776
node-004,2024-01-01 18:59:00,0.1174,8534224.1854,0.0,0.9984,90135.3105,9.9175,6212904.3305,955.6478
node-005,2024-01-01 18:59:00,0.51,7699117.4657,0.0,0.7617,87322.7312,2.9295,6155604.6884,952.1942
node-006,2024-01-01 18:59:00,0.0023,5330471.4752,9.0359,0.2059,129265.4835,1.9316,6100346.9247,883.9375
node-007,2024-01-01 18:59:00,0.0818,7199757.5072,6.6803,0.6914,187252.2635,8.299,6212701.6814,948.7717
node-008,2024-01-01 18:59:00,0.0,8092987.0594,13.8509,0.7815,119520.6178,6.9762,6097642.7635,919.4198
node-009,2024-01-01 18:59:00,0.0989,8011869.7268,3.2383,1.3264,167526.3775,6.9434,6170645.43,960.391
node-010,2024-01-01 18:59:00,0.1012,8280929.7144,0.1215,1.3046,125578.741,7.1081,6310066.5698,954.8561
node-011,2024-01-01 18:59:00,0.1154,7177984.6423,8.1191,0.6899,94403.3429,8.0329,6290815.5725,954.1753
node-012,2024-01-01 18:59:00,0.1014,7319845.341,0.7203,0.5238,112811.7209,6.918,6236225.6886,936.3101
node-013,2024-01-01 18:59:00,0.1099,7339908.122,0.0,1.0731,180740.6706,0.0,0.0,966.2474
node-014,2024-01-01 18:59:00,0.2186,9075147.3729,0.0,1.0778,127899.9667,9.0843,6180228.2943,961.2089
node-015,2024-01-01 18:59:00,0.0,3570015.6508,0.0,0.1843,139293.6173,4.0219,6158430.6681,912.8751
node-016,2024-01-01 18:59:00,0.112,7947086.4154,9.4662,0.8799,128374.9181,10.0595,6328701.6747,956.2877
node-017,2024-01-01 18:59:00,0.1159,9098388.7612,0.0167,0.5001,146265.6707,6.0414,6271237.3914,961.7975
node-018,2024-01-01 18:59:00,0.1034,8810029.0179,7.7628,0.9009,130072.1628,6.995,6324636.8479,963.3223
node-019,2024-01-01 18:59:00,0.0949,7417283.8671,0.0,1.115,95242.8872,7.0452,6242753.7202,956.43
node-020,2024-01-01 18:59:00,0.1477,7761257.8306,0.982,1.1041,162299.3643,8.9548,6280260.0753,966.7551
node-021,2024-01-01 18:59:00,0.1056,8707356.1888,0.0,1.2292,121061.5593,5.9172,6262934.0735,946.9295
node-022,2024-01-01 18:59:00,0.2071,7857644.2719,0.0,0.8809,154993.1931,8.1484,6237101.9965,955.8021
node-023,2024-01-01 18:59:00,0.1043,7405304.3245,6.796,0.8135,84334.686,7.8989,6103062.7295,953.8215
node-024,2024-01-01 18:59:00,0.0844,7380675.4333,4.3545,0.5936,111186.1663,6.929,6295670.6227,956.4978
node-025,2024-01-01 18:59:00,0.0862,9175018.1841,0.0,0.8356,126990.7767,8.0366,6259808.1502,946.1511
node-026,2024-01-01 18:59:00,0.0,4662107.899,0.0474,0.2155,131244.9068,2.9616,6327758.8013,920.485
node-027,2024-01-01 18:59:00,0.095,8191084.4568,5.5697,0.897,118591.089,5.0869,6233512.9098,951.4899
node-028,2024-01-01 18:59:00,0.1016,8155497.3164,4.5,0.6868,151362.5382,8.0472,6209348.4039,943.3629
node-029,2024-01-01 18:59:00,0.1267,7483284.3323,9.9496,0.8966,117612.3854,5.8539,6297730.8395,960.139
node-030,2024-01-01 18:59:00,0.2073,7563516.4366,0.0,0.7166,136476.1779,8.0101,6303205.5433,949.7389
node-031,2024-01-01 18:59:00,0.0,29166686.9574,0.6005,4.402,158.2247,0.0,164345.5568,7.7256
node-032,2024-01-01 18:59:00,0.0861,7781028.064,10.393,1.0085,122681.9691,8.9993,6211029.4335,935.0499
node-033,2024-01-01 18:59:00,0.1062,7543375.6138,2.5037,0.95,140910.6586,6.9643,6221606.7244,945.2206
node-034,2024-01-01 18:59:00,0.0,4764652.8928,0.1009,0.2044,133640.3496,2.9427,6274361.5198,927.5093
node-035,2024-01-01 18:59:00,0.0939,9139782.9617,0.7142,0.756,122411.7276,8.0916,6249841.4845,940.3778
node-036,2024-01-01 18:59:00,0.0927,7932507.2276,0.0,0.9481,89194.0558,8.9644,6227747.9978,959.2333
node-037,2024-01-01 18:59:00,0.1021,8636085.7127,11.0656,0.7782,116581.0509,6.42,6150557.7254,960.5081
node-038,2024-01-01 18:59:00,0.1415,6623011.2808,1.8998,0.8042,125298.3793,6.0698,6359493.6974,957.21
node-039,2024-01-01 18:59:00,0.1065,8443222.823,7.8408,0.6905,116626.6606,8.1731,6170225.5567,947.2001
node-040,2024-01-01 18:59:00,0.017,5069324.7192,0.0,0.1455,153118.1203,1.8284,6232782.1593,906.4219
node-041,2024-01-01 18:59:00,0.1133,8129454.7806,5.1074,0.7943,102347.6068,7.0375,6333683.3616,944.054
node-042,2024-01-01 18:59:00,0.0883,8138738.0931,12.0433,0.5914,117749.1489,6.0319,6199871.3136,904.5844
node-043,2024-01-01 18:59:00,0.0905,8306134.6013,0.4001,0.7701,151438.4859,8.0838,6214370.5053,948.6427
node-044,2024-01-01 18:59:00,0.2612,7646391.2823,9.9377,0.9229,108080.8274,14.0534,6327755.1143,951.8261
node-045,2024-01-01 18:59:00,0.0826,8166413.1916,0.0,0.9929,124011.1888,9.1811,6149003.4564,939.6791
node-046,2024-01-01 18:59:00,0.0,7678148.0427,0.0,0.878,145096.9441,8.9942,6257313.677,943.3158
node-047,2024-01-01 18:59:00,0.0862,7737652.8262,0.2258,0.5063,103204.1967,4.9149,6224141.5864,946.9795
node-048,2024-01-01 18:59:00,0.2112,8187412.7376,1.1661,0.6887,131766.8028,6.1048,6135322.8331,956.4939
node-049,2024-01-01 18:59:00,0.0,4882838.7528,0.2729,0.17,128035.774,3.0844,6041088.7033,898.3868
node-050,2024-01-01 18:59:00,0.0,1798692.9638,0.0,0.1922,131530.6124,2.9446,6298155.0874,900.744
node-051,2024-01-01 18:59:00,0.0877,7281768.7237,10.6845,1.5129,165941.0859,10.1224,6196542.3046,957.7683
node-052,2024-01-01 18:59:00,0.1102,8089554.4127,0.086,0.792,157314.6618,7.2129,6130243.0553,958.3426
node-053,2024-01-01 18:59:00,0.0923,8159554.1816,0.0584,1.1281,146277.5249,8.0024,6154096.7111,946.9762
node-054,2024-01-01 18:59:00,0.0897,7831672.4532,0.8372,0.8814,127082.0248,5.0216,6237636.1186,960.4369
node-055,2024-01-01 18:59:00,0.1268,8033754.7006,0.218,1.2092,142757.4708,7.9857,6261886.4255,951.0215
node-056,2024-01-01 18:59:00,0.0935,8219822.0845,4.5743,0.9986,137848.4199,6.9875,6223325.1057,968.0126
node-057,2024-01-01 18:59:00,0.109,4580239.8142,6.8229,1.1666,133024.5172,5.7987,6240097.2811,946.4535
node-058,2024-01-01 18:59:00,0.1269,7892577.0855,0.0,1.1076,174477.3804,8.8958,6204629.771,951.4395
node-059,2024-01-01 18:59:00,0.2049,8816127.9327,10.2361,1.0222,122160.0241,9.9657,6215977.6244,954.7893
node-060,2024-01-01 18:59:00,0.0974,7745772.3615,3.8766,0.7277,121199.0255,6.0557,6264061.472,944.7345
node-061,2024-01-01 18:59:00,0.1417,8077590.4875,0.0,1.1589,101005.155,8.0081,6205738.9357,959.0335
node-062,2024-01-01 18:59:00,0.0698,8430265.8094,12.0203,0.8995,124562.1238,11.0626,6211317.6545,980.5698
node-063,2024-01-01 18:59:00,0.1596,7682039.1098,16.415,1.1089,113140.6064,8.1235,6258164.7721,953.9906
node-064,2024-01-01 18:59:00,0.1252,7388331.5151,8.2597,1.0183,90987.8863,7.5982,6257053.6481,975.9081
node-065,2024-01-01 18:59:00,0.0993,7830913.2919,0.0751,1.1632,134405.4712,8.8919,6152641.9677,958.0493
node-066,2024-01-01 18:59:00,0.0961,8193653.2645,7.9291,6.1854,134040.2854,9.0454,6150849.4707,950.5175
node-067,2024-01-01 18:59:00,0.0,7684470.6186,0.0,0.8002,113109.8,5.396,6281503.5622,975.9566
node-068,2024-01-01 18:59:00,0.0989,8117067.7859,12.3521,1.0092,131440.0338,9.0717,6206748.7412,965.2942
node-069,2024-01-01 18:59:00,0.0981,8534791.7318,14.0143,1.1966,137177.3501,6.9452,6189236.741,952.23
node-070,2024-01-01 18:59:00,0.0,7621545.8534,0.0,0.8922,156032.6599,6.8943,6246854.6643,985.634
node-071,2024-01-01 18:59:00,0.1052,8111844.0323,0.0,0.7933,130768.8798,8.0499,6240702.9261,944.9575
node-072,2024-01-01 18:59:00,0.0079,99974369.4919,0.6961,0.2227,92551.5191,2.9985,6232171.5397,893.8178
node-073,2024-01-01 18:59:00,0.0795,7943963.9892,0.2044,0.6876,93534.6913,5.205,6236005.8398,939.0206
node-074,2024-01-01 18:59:00,0.0881,7554443.456,11.8458,0.5912,152998.8617,4.9515,6178558.4442,952.6051
node-075,2024-01-01 18:59:00,0.1065,8602549.9775,6.9962,0.9937,142297.8567,5.8847,6256113.1553,931.2835
node-076,2024-01-01 18:59:00,0.0,4789876.7945,0.0,0.1726,79297.2252,3.0007,6176453.793,883.5016
node-077,2024-01-01 18:59:00,0.1047,7450951.0753,4.8169,1.0923,147007.4873,13.0218,6222605.5248,960.6308
node-078,2024-01-01 18:59:00,0.1509,8125483.1615,7.3677,0.8029,96241.1137,5.9974,6246118.6361,946.2679
node-079,2024-01-01 18:59:00,0.0977,7712075.1926,0.0861,1.3073,97671.2061,9.9843,6220062.309,964.6003
node-080,2024-01-01 18:59:00,0.0982,7592102.889,0.0,1.6034,113158.6754,7.9679,6253920.4018,930.8777
node-081,2024-01-01 18:59:00,0.0795,7271260.3215,0.1517,0.4931,161170.8396,6.0487,6196520.7369,964.6215
node-082,2024-01-01 18:59:00,0.0243,5094627.3887,0.0,0.1563,98825.5721,3.9538,6292213.0078,917.1655
node-083,2024-01-01 18:59:00,0.1025,7967441.989,0.0,1.0702,121362.6318,6.9654,6207728.7793,962.1671
node-084,2024-01-01 18:59:00,0.0,8194467.1718,14.0842,1.1514,131151.3877,7.0137,6169332.735,947.1929
node-085,2024-01-01 18:59:00,0.1939,7631175.1423,5.5081,1.0831,99646.6965,7.0213,6286990.2808,948.0882
node-086,2024-01-01 18:59:00,0.0975,7456257.5204,8.9401,0.906,111889.9379,6.8416,6285764.234,956.331
node-087,2024-01-01 18:59:00,0.1034,8159806.3216,0.226,1.2451,137706.1733,11.3051,6230615.8866,955.0202
node-088,2024-01-01 18:59:00,0.0773,7680672.7525,1.0108,0.9169,120712.6975,6.0612,6179494.7179,964.8611
node-089,2024-01-01 18:59:00,0.0948,7836144.515,0.1753,1.3207,138163.1214,9.2232,6206949.3558,953.0316
node-090,2024-01-01 18:59:00,0.2078,8902633.7443,0.0,1.014,140583.8986,4.5767,6242606.7151,915.2596
node-091,2024-01-01 18:59:00,0.0936,8400589.8959,13.6345,0.9803,78291.1468,9.0191,6257506.5684,959.0324
node-092,2024-01-01 18:59:00,0.2116,8668474.0523,0.0,1.1244,94530.8742,6.8808,6201994.7966,962.1847
node-093,2024-01-01 18:59:00,0.2872,8698626.8284,5.7785,1.1886,109829.5794,5.0425,6186325.0869,938.9226
node-094,2024-01-01 18:59:00,0.0809,7432505.595,0.0,1.0973,138450.8734,6.9862,6227197.8308,951.3551
node-095,2024-01-01 18:59:00,0.072,7451745.925,13.6859,0.9118,132163.425,8.0153,6189508.9647,957.2178
node-096,2024-01-01 18:59:00,0.1342,9097333.0054,0.6956,1.006,124577.5848,6.0141,6154230.5753,966.9888
node-097,2024-01-01 18:59:00,0.0873,7599259.5204,0.0,0.8975,123716.2208,7.024,6393683.4484,958.6462
node-098,2024-01-01 18:59:00,0.0993,8013757.5034,8.602,1.3176,139503.9216,10.963,6135768.7892,955.8932
node-099,2024-01-01 18:59:00,0.1176,7375318.6961,11.3325,1.0563,139358.5525,9.0055,6154119.3406,960.0551
node-100,2024-01-01 18:59:00,0.2235,7546016.4758,0.0,0.8675,157851.2942,5.9646,6210621.1858,955.4577
node-101,2024-01-01 18:59:00,0.0219,4282836.1172,0.4807,0.1173,133798.5598,2.9378,6070612.6675,876.6623
node-102,2024-01-01 18:59:00,0.0933,8173376.6852,0.0,1.0283,140142.6663,10.9508,6153723.3222,952.5183
node-103,2024-01-01 18:59:00,0.1904,7770032.2381,0.58,1.2065,137221.6107,5.281,6193756.4512,957.8122
node-104,2024-01-01 18:59:00,0.1101,7253648.3103,0.3438,1.0763,185733.7209,9.3072,6199379.8391,948.1674
node-105,2024-01-01 18:59:00,0.4048,8115100.8782,9.5314,1.181,159639.1766,10.99,6233115.9871,968.9426
node-106,2024-01-01 18:59:00,0.0009,4264392.6344,0.1743,0.2119,84555.5752,4.0251,6186734.2478,879.1927
node-107,2024-01-01 18:59:00,0.0992,7063586.9507,0.0,1.1988,145410.9655,13.0254,6211751.468,950.2396
node-108,2024-01-01 18:59:00,0.045,9061113.9697,0.8692,0.8465,101744.5489,9.0042,6056766.3552,930.6838
node-109,2024-01-01 18:59:00,0.1252,8217933.4985,0.8634,0.832,148964.8025,5.9406,6366900.2574,968.7609
node-110,2024-01-01 18:59:00,0.0474,8392321.4733,3.6596,0.8327,76566.244,6.0363,6252150.4326,928.9328
node-111,2024-01-01 18:59:00,0.0973,8699040.46,0.5468,1.0922,140849.3901,6.025,6265855.1172,952.8463
node-112,2024-01-01 18:59:00,0.021,7452613.7919,10.1249,0.7253,130474.7597,5.5649,6134172.2643,904.3582
node-113,2024-01-01 18:59:00,0.084,8042770.5963,0.8534,1.0153,143311.0832,8.0146,6209694.6561,958.3335
node-114,2024-01-01 18:59:00,0.0767,7771946.8132,14.6929,0.8531,159995.0755,5.9452,6165155.6891,957.4026
node-115,2024-01-01 18:59:00,0.1116,8011476.2962,0.0,1.0183,121509.142,5.8369,6167714.9647,946.8652
node-116,2024-01-01 18:59:00,0.0906,8003300.7669,8.5709,0.8452,138944.7269,7.1014,6202579.7551,946.72
node-117,2024-01-01 18:59:00,0.111,9219579.4012,1.0762,1.2406,88077.568,8.4385,6333704.7697,964.4581
node-118,2024-01-01 18:59:00,0.0897,7507387.9454,8.8816,0.9051,94806.7462,5.8861,6249859.5062,931.9858
node-119,2024-01-01 18:59:00,0.0705,8768875.4877,0.0,0.7399,113117.1882,6.998,6264390.1059,951.4173
node-000,2024-01-01 19:00:00,0.1175,7595787.2243,0.6516,1.3114,147071.7076,6.0354,6232302.7554,952.2728
node-001,2024-01-01 19:00:00,0.0746,7555771.0218,0.0,1.1004,100847.3769,7.0423,6202176.4256,964.5182
node-002,2024-01-01 19:00:00,0.0921,9130012.4311,0.3993,0.906,118550.543,6.9405,6217235.4352,970.4121
node-003,2024-01-01 19:00:00,0.2041,9289456.8807,4.8049,0.9101,81833.5126,7.0724,6223973.4278,959.3584
node-004,2024-01-01 19:00:00,0.0837,8299587.177,1.0628,0.9858,138712.12,8.035,6244061.8338,943.8862
node-005,2024-01-01 19:00:00,0.3003,7403785.824,0.6905,0.8151,137221.2416,4.3484,6247158.2488,960.8465
node-006,2024-01-01 19:00:00,0.0,4794654.6805,9.9999,0.202,109928.3618,3.0554,6418177.1942,900.2549
node-007,2024-01-01 19:00:00,0.0931,6625608.6717,6.9315,0.7163,122711.7305,9.8924,6181523.7772,944.8485
node-008,2024-01-01 19:00:00,0.0966,7899096.8814,12.5047,0.6952,93130.3781,7.0571,6215622.7841,918.298
node-009,2024-01-01 19:00:00,0.4149,7994721.3428,2.7138,1.1749,123125.1403,8.0452,6251034.1173,950.2318
node-010,2024-01-01 19:00:00,0.1245,8087997.8349,0.3437,1.4608,131444.1775,6.843,6185803.533,962.5069
node-011,2024-01-01 19:00:00,0.0993,7415996.4307,8.5237,0.721,128025.8918,6.0001,6217758.3421,944.6196
node-012,2024-01-01 19:00:00,0.0704,7542764.7058,0.0,0.7829,117636.5109,6.3013,6303478.2812,934.0828
node-013,2024-01-01 19:00:00,0.0904,7650119.6302,0.682,1.6246,172790.8213,0.0155,0.0,953.7203
node-014,2024-01-01 19:00:00,0.1761,9307101.5568,1.0873,0.7172,122539.2714,7.0898,6197928.1555,953.1043
node-015,2024-01-01 19:00:00,0.0122,3564769.2275,1.3543,0.1994,95852.2632,3.9098,6177443.6887,889.0037
node-016,2024-01-01 19:00:00,0.1044,7686530.3221,7.1874,1.1503,137820.2234,9.9626,6184342.4082,964.643
node-017,2024-01-01 19:00:00,0.1145,8996237.6105,0.9003,0.6136,168347.6075,6.4408,6171471.6854,953.1567
node-018,2024-01-01 19:00:00,0.1026,7846923.1062,9.5079,0.8986,138998.6829,7.9086,6221678.8961,946.726
node-019,2024-01-01 19:00:00,0.1059,8106761.1926,0.0918,0.9229,131834.1415,7.0404,6116365.4728,942.3102
node-020,2024-01-01 19:00:00,0.1058,8121376.0595,0.0,1.0033,169206.6481,8.8619,6194830.4706,953.4856
node-021,2024-01-01 19:00:00,0.1733,8335620.0903,0.0,1.4111,143074.0553,6.7828,6186394.386,953.7096
node-022,2024-01-01 19:00:00,0.0888,7979085.718,0.0,1.0586,120490.2857,8.9874,6194166.0442,957.9105
node-023,2024-01-01 19:00:00,0.1149,7637450.6502,7.2045,1.3121,92023.1626,10.09,6179523.9116,954.3114
node-024,2024-01-01 19:00:00,0.0899,7596050.1572,5.8796,1.3232,104891.54,12.9007,6243898.8237,970.0188
node-025,2024-01-01 19:00:00,0.1245,9345816.1745,0.0,0.7519,137142.674,10.0507,6210218.8226,953.1038
node-026,2024-01-01 19:00:00,0.0029,4877707.0171,0.0,0.2105,70732.8163,5.0355,6317338.3625,907.6079
node-027,2024-01-01 19:00:00,0.0929,7879383.0501,6.5761,1.0849,124986.2941,6.0048,6295018.4693,962.9991
node-028,2024-01-01 19:00:00,0.086,8308145.5373,4.4944,0.5709,107209.9763,7.9387,6219250.5689,926.7347
node-029,2024-01-01 19:00:00,0.1462,8633708.8625,9.5476,0.9483,124462.8144,5.9321,6233086.1108,957.6025
node-030,2024-01-01 19:00:00,0.0905,7690493.5558,0.0,0.6994,127452.0879,5.993,6247853.8432,952.259
node-031,2024-01-01 19:00:00,0.1808,28852403.3955,0.0,0.6472,0.0,0.0,39167.1577,0.0
node-032,2024-01-01 19:00:00,0.096,7302232.0182,9.9992,0.9974,80987.9802,7.7857,6165382.7831,945.9358
node-033,2024-01-01 19:00:00,0.1233,7649575.4019,3.4867,0.9861,117389.4732,7.7674,6262635.5625,958.246
node-034,2024-01-01 19:00:00,0.0,5234451.3825,0.15,0.2048,132212.5029,4.0177,6312633.5145,895.8454
node-035,2024-01-01 19:00:00,0.1052,9349704.1343,0.0921,1.0147,141995.4456,7.0581,6297283.6081,955.5991
node-036,2024-01-01 19:00:00,0.0968,8197821.6367,0.0,0.9844,128980.6554,9.0087,6164576.3573,950.4631
node-037,2024-01-01 19:00:00,0.1915,7921193.0428,12.0766,1.209,130062.574,7.043,6219703.4045,962.7214
node-038,2024-01-01 19:00:00,0.0868,7523064.3079,3.2661,0.6403,92300.5915,5.1342,6245217.7989,970.0339
node-039,2024-01-01 19:00:00,0.082,8550184.4122,8.5345,0.7918,124343.0367,8.0457,6299044.0449,958.518
node-040,2024-01-01 19:00:00,0.0,4834224.7343,0.071,0.0935,161001.359,2.9267,6116737.4894,902.9543
node-041,2024-01-01 19:00:00,0.0912,8184558.6275,4.2478,1.0179,125476.4032,6.6861,6211729.5649,970.8779
node-042,2024-01-01 19:00:00,0.1339,7411376.3753,10.7543,0.6107,134220.4184,4.9637,6228795.163,934.6562
node-043,2024-01-01 19:00:00,0.1509,8709244.7741,0.126,0.7889,99060.3717,7.8872,6387441.8199,961.8737
node-044,2024-01-01 19:00:00,0.301,7854292.294,9.8101,1.0021,85392.6993,7.065,6220320.853,956.4153
node-045,2024-01-01 19:00:00,0.0761,7855625.9798,0.0,0.8103,140997.6297,7.9383,6251971.2048,919.427
node-046,2024-01-01 19:00:00,0.0907,8368149.8081,0.0,0.7972,107502.566,6.0731,6385754.0688,956.9274
node-047,2024-01-01 19:00:00,0.1278,7897057.184,0.0,0.8763,127958.6234,5.9456,6228667.7753,956.2689
node-048,2024-01-01 19:00:00,0.1063,8348220.0065,1.0252,0.5974,89513.8366,6.9987,6211673.5461,952.7812
node-049,2024-01-01 19:00:00,0.0242,4726723.2336,0.0,0.0949,122277.3741,2.9952,6223653.8443,873.7328
node-050,2024-01-01 19:00:00,0.0031,2251219.2596,0.7218,0.1986,127271.1746,2.9342,6199997.0619,912.1157
node-051,2024-01-01 19:00:00,0.1665,7348942.2923,10.0237,1.5531,118869.0439,7.9442,6226188.1015,953.1958
node-052,2024-01-01 19:00:00,0.1246,8212999.4069,0.0835,0.7019,120815.2987,9.0545,6216043.1939,947.3831
node-053,2024-01-01 19:00:00,0.1135,8518114.1584,0.3861,0.8993,94209.0069,11.3227,6185111.6058,957.1298
node-054,2024-01-01 19:00:00,0.0794,7935655.2404,0.0,0.8968,134831.19,6.9912,6275722.3038,957.4166
node-055,2024-01-01 19:00:00,0.1053,7764647.0637,0.0602,0.8867,130766.637,8.5106,6229588.8674,939.5003
node-056,2024-01-01 19:00:00,0.1033,7617010.3846,5.8,0.9762,134803.1662,9.0793,6202029.864,961.7542
node-057,2024-01-01 19:00:00,0.1001,4431305.2138,6.9308,1.08,117049.9312,6.6574,6217553.9445,938.228
node-058,2024-01-01 19:00:00,0.2044,8016416.0446,0.0823,1.6004,146924.5472,9.0609,6196383.688,962.2172
node-059,2024-01-01 19:00:00,0.0074,8644206.6468,10.6909,0.8913,92836.4483,11.0261,6191885.9923,958.6292
node-060,2024-01-01 19:00:00,0.1019,7742196.2702,4.2339,0.6046,129973.7495,4.9476,6312556.2989,927.3991
node-061,2024-01-01 19:00:00,0.0862,7848473.4539,0.0,0.9402,132273.0393,10.0326,6157454.572,942.8309
node-062,2024-01-01 19:00:00,0.0811,8217428.7477,12.0474,0.9107,80896.3051,7.0713,6194416.3788,972.1223
node-063,2024-01-01 19:00:00,0.2125,7468861.6465,16.2211,0.9184,138622.0147,7.9673,6211220.334,951.0237
node-064,2024-01-01 19:00:00,0.0876,7384041.4496,7.8085,0.9333,135262.2129,8.3468,6164042.4108,950.4489
node-065,2024-01-01 19:00:00,0.1137,7929883.3688,0.0,1.0755,127619.2311,8.3208,6140187.7167,934.0141
node-066,2024-01-01 19:00:00,0.2703,8109067.4741,7.326,0.9588,148418.4239,9.303,6237533.3344,962.0848
node-067,2024-01-01 19:00:00,0.104,7607711.5936,0.3889,0.7971,133358.7437,5.9769,6261385.5436,943.5073
node-068,2024-01-01 19:00:00,0.1143,8348597.1584,12.2404,0.9916,95962.678,8.9951,6293970.7703,959.7966
node-069,2024-01-01 19:00:00,0.1059,8606643.584,13.2768,0.9094,116550.9748,6.0783,6224153.6521,954.0489
node-070,2024-01-01 19:00:00,0.0297,7290944.422,0.5679,1.0105,73670.3228,6.94,6183523.9884,946.2153
node-071,2024-01-01 19:00:00,0.1049,7760666.1247,0.0,0.6893,123735.8407,5.9976,6381769.118,953.8329
node-072,2024-01-01 19:00:00,0.0081,100125926.8854,0.0,0.1929,119859.6002,1.9821,6158398.1883,914.3342
node-073,2024-01-01 19:00:00,0.0995,7944075.7771,0.0,0.6274,147666.4795,3.8952,6298823.4167,936.0634
node-074,2024-01-01 19:00:00,0.105,7756662.1172,11.0262,5.383,120401.6955,11.9924,6236301.9815,963.1037
node-075,2024-01-01 19:00:00,0.1003,8603157.5375,7.4754,0.6314,139218.6004,4.9673,6244380.1676,917.3768
node-076,2024-01-01 19:00:00,0.0,4870644.7677,0.0453,0.2076,120260.4877,3.0511,6173766.7675,896.3483
node-077,2024-01-01 19:00:00,0.0994,7768365.5507,3.543,1.5315,96526.8083,11.0938,6349343.318,961.0757
node-078,2024-01-01 19:00:00,0.0897,8091269.0658,8.6778,1.3244,123156.0452,6.0592,6265868.3657,969.9628
node-079,2024-01-01 19:00:00,0.0999,7897135.6369,0.2943,1.1181,124653.6967,9.0506,6178490.0026,953.0321
node-080,2024-01-01 19:00:00,0.0704,8062219.4632,0.437,1.2123,133872.2788,7.9831,6275380.2749,955.1963
node-081,2024-01-01 19:00:00,0.0888,7069257.3172,0.0,0.9125,163909.2611,6.9041,6234267.41,942.2621
node-082,2024-01-01 19:00:00,0.0,4837519.9945,0.0,0.1949,119796.4961,3.9807,6042747.6854,878.765
node-083,2024-01-01 19:00:00,0.0964,8548434.2866,0.2967,0.9664,137304.406,8.9414,6229486.4085,952.6812
node-084,2024-01-01 19:00:00,0.1008,8579473.4088,13.0702,1.1904,94638.4869,8.1567,6284986.5707,969.4204
node-085,2024-01-01 19:00:00,0.1104,7554989.7319,6.8733,1.0364,132377.3757,6.0425,6318555.1921,968.9476
node-086,2024-01-01 19:00:00,0.0856,7938634.1955,7.1684,2.0103,136623.9943,9.9965,6291005.164,953.218
node-087,2024-01-01 19:00:00,0.5131,8098262.8336,0.0,0.9725,91669.3865,13.9779,6108567.6053,949.0006
node-088,2024-01-01 19:00:00,0.124,7255514.9491,0.0831,0.8897,105487.4847,4.9221,6239776.2715,957.8042
node-089,2024-01-01 19:00:00,0.122,7501241.2807,0.4258,1.432,128532.7037,8.2431,6220353.6687,947.2513
node-090,2024-01-01 19:00:00,0.1192,8863009.2023,0.0799,0.8042,159875.4659,3.9834,6208885.6732,930.7675
node-091,2024-01-01 19:00:00,0.1978,8390050.957,13.3554,0.9033,133485.605,7.0103,6176666.0167,954.4577
node-092,2024-01-01 19:00:00,0.1223,9060402.7303,0.0,0.6282,119161.3377,7.046,6279083.9785,971.6148
node-093,2024-01-01 19:00:00,0.1347,9025888.2246,6.4226,0.9834,123919.7279,7.0175,6217508.0328,938.5485
node-094,2024-01-01 19:00:00,0.1171,7983646.3425,0.0,1.4071,76506.0102,8.0197,6159521.7768,941.9825
node-095,2024-01-01 19:00:00,0.1052,7437780.5381,14.8174,0.7795,105370.6774,14.0532,6174203.1529,952.2378
node-096,2024-01-01 19:00:00,0.2383,9208146.3784,0.0,0.971,114979.1609,6.0699,6212369.6026,948.6749
node-097,2024-01-01 19:00:00,0.0897,7468856.9944,0.0,0.9072,136835.4606,6.9427,6164903.9698,938.8871
node-098,2024-01-01 19:00:00,0.0855,8093450.0688,8.2615,1.0079,137596.9918,9.7067,6238244.5267,948.5447
node-099,2024-01-01 19:00:00,0.0977,7475172.192,11.0819,1.589,131176.5734,8.4155,6236482.1436,936.9692
node-100,2024-01-01 19:00:00,0.2046,7832368.6486,0.546,1.0957,165796.8247,5.8584,6146692.5938,942.052
node-101,2024-01-01 19:00:00,0.0083,3936373.3358,0.4844,0.2189,118003.1564,2.9951,6193563.5048,905.813
node-102,2024-01-01 19:00:00,0.1582,7860784.3639,0.0,0.831,140213.0273,8.9809,6234977.8767,946.1538
node-103,2024-01-01 19:00:00,0.1867,7717182.2484,0.0,1.1981,112539.8331,5.9669,6259730.8235,936.0122
node-104,2024-01-01 19:00:00,0.1956,7137271.3475,0.7306,0.8869,83344.3109,10.0252,6177287.6408,947.7855
node-105,2024-01-01 19:00:00,0.0696,7810485.1533,8.2962,0.829,119236.2488,10.5701,6237124.5619,970.9398
node-106,2024-01-01 19:00:00,0.0111,4738571.0089,0.1618,0.3041,122734.1207,3.961,6219395.452,901.8492
node-107,2024-01-01 19:00:00,0.0903,7326050.6862,0.0,1.1881,96171.4803,10.9259,6416534.8395,956.7359
node-108,2024-01-01 19:00:00,0.0181,9311396.6894,0.0,0.829,129684.4628,8.9414,6171917.2063,936.2724
node-109,2024-01-01 19:00:00,0.0894,8214120.0118,0.0,0.9059,97934.7299,3.0569,6204524.6342,942.4134
node-110,2024-01-01 19:00:00,0.1722,8387597.6584,3.7838,0.8198,147101.4181,6.0173,6187595.0398,917.0605
node-111,2024-01-01 19:00:00,0.1708,8840100.0024,0.0,1.0093,140378.6412,7.0063,6254237.2848,960.2965
node-112,2024-01-01 19:00:00,0.0815,7386216.3397,11.258,0.6627,137251.1528,5.0631,6224913.7683,934.6969
node-113,2024-01-01 19:00:00,0.1013,7972158.6186,0.0,1.0705,132649.7883,11.0087,6106500.9495,965.9532
node-114,2024-01-01 19:00:00,0.3197,7695780.8063,14.1832,1.3978,167979.626,8.0751,6285324.6906,946.0716
node-115,2024-01-01 19:00:00,0.0702,7950972.3119,0.1991,0.855,119842.5563,5.9686,6071482.8959,949.3689
node-116,2024-01-01 19:00:00,0.1648,7912888.3316,8.0558,0.9967,102589.6921,8.3681,6176758.7889,955.8784
node-117,2024-01-01 19:00:00,0.1207,8996329.5445,0.0,1.3497,130085.5043,6.9976,6181995.6875,947.0455
node-118,2024-01-01 19:00:00,0.107,7893936.9116,8.0882,1.0009,143094.031,6.7015,6318713.2124,960.9338
node-119,2024-01-01 19:00:00,0.0637,8536394.0507,1.0223,0.6892,128415.5934,4.9628,6213185.5745,949.8147
node-000,2024-01-01 19:01:00,0.0877,7567294.2353,0.1496,1.1055,179797.6829,6.0172,6285658.9048,970.2755
node-001,2024-01-01 19:01:00,0.1078,7317815.3754,0.0,0.9624,122393.0115,5.9242,5694244.1546,954.8299
node-002,2024-01-01 19:01:00,0.0934,8765409.0086,0.0175,0.7011,139815.6887,7.0684,5434953.3268,972.4054
node-003,2024-01-01 19:01:00,0.101,9594794.7759,5.0683,0.9123,132188.9501,5.9957,6311776.3984,941.297
node-004,2024-01-01 19:01:00,0.0885,8414666.9572,0.6605,1.2688,121408.5405,7.9099,6186405.3654,951.5867
node-005,2024-01-01 19:01:00,0.1122,7415601.0231,0.0,0.7366,136442.1893,6.9829,6132972.8749,955.1417
node-006,2024-01-01 19:01:00,0.0179,5047227.3141,9.6338,0.1823,110542.6932,3.0694,6221243.4478,857.4446
node-007,2024-01-01 19:01:00,0.1081,6987744.8732,6.3022,1.1668,176240.6932,8.0215,6204083.2905,937.4888
node-008,2024-01-01 19:01:00,0.3225,8234991.6188,13.6754,0.8035,143079.7225,7.1177,6250484.7371,928.2788
node-009,2024-01-01 19:01:00,0.202,7726383.1094,2.9294,0.9856,117880.6158,8.0473,6146381.2869,937.6699
node-010,2024-01-01 19:01:00,0.2033,8339423.5123,1.4911,1.2165,123255.7705,9.9706,6271828.2955,961.46
node-011,2024-01-01 19:01:00,0.111,7539697.0798,9.4067,0.8036,110673.0019,6.0032,6241817.5679,940.8428
node-012,2024-01-01 19:01:00,0.0899,7348069.1981,0.0,0.6809,121282.4492,6.027,5235895.0497,944.4785
node-013,2024-01-01 19:01:00,0.2119,7437645.0794,0.7553,1.0078,177264.0922,0.0,1755.5612,959.8506
node-014,2024-01-01 19:01:00,0.087,9293730.3762,0.874,0.8676,127234.9084,5.8612,6312919.2374,958.2811
node-015,2024-01-01 19:01:00,0.0,4143744.3016,0.0,0.105,144824.2589,3.0139,6199521.0087,903.1788
node-016,2024-01-01 19:01:00,0.0924,7337545.1901,6.8823,0.708,79601.3673,6.0843,6179920.3359,971.2238
node-017,2024-01-01 19:01:00,0.1111,8370503.2647,0.1714,0.733,157304.1995,6.9288,5000668.5031,938.2681
node-018,2024-01-01 19:01:00,0.0895,7949761.8912,9.4438,1.1169,80820.596,8.9815,6221957.0786,944.6739
node-019,2024-01-01 19:01:00,0.0993,8236528.6253,0.4169,1.0377,111479.1204,8.387,6121698.9144,952.6883
node-020,2024-01-01 19:01:00,0.1445,7959819.5323,0.0,1.2373,168194.8211,8.9307,6189009.5652,962.9669
node-021,2024-01-01 19:01:00,0.0632,8345919.0194,0.0,1.3271,81775.1558,7.9511,5158492.3541,958.1841
node-022,2024-01-01 19:01:00,0.0937,8121554.4493,1.3805,1.0855,93454.2846,8.4313,6185444.8777,965.7422
node-023,2024-01-01 19:01:00,0.0994,7365866.6018,6.9879,1.3105,125186.3965,8.0682,6300870.3484,969.8127
node-024,2024-01-01 19:01:00,0.0942,7794685.9919,5.9094,0.4868,128231.9168,10.5055,6181750.08,956.1421
node-025,2024-01-01 19:01:00,0.1038,9408280.5759,0.1335,0.7134,112276.0415,4.9602,6257550.3933,956.2625
node-026,2024-01-01 19:01:00,0.0104,4610376.1141,0.0,0.1822,150496.5517,3.0435,6261486.0599,895.524
node-027,2024-01-01 19:01:00,0.1045,8242226.0486,5.9661,1.0893,126850.0125,6.0484,6239358.9362,947.3985
node-028,2024-01-01 19:01:00,0.1635,8715847.1416,4.8463,0.7236,110554.5649,8.714,6241547.5515,929.2841
node-029,2024-01-01 19:01:00,0.0,7801999.0472,10.4086,0.8999,113032.6738,6.0068,6176328.7746,956.9009
node-030,2024-01-01 19:01:00,0.0743,7585520.7639,0.3667,0.8653,197004.3848,7.0446,6218469.8186,942.6129
node-031,2024-01-01 19:01:00,0.2109,28777989.2307,0.0,0.0,3898.1626,0.0,2891.4401,10.4589
node-032,2024-01-01 19:01:00,0.1802,7692597.0302,9.7546,1.9056,131646.4021,6.9973,6155203.2915,946.8363
node-033,2024-01-01 19:01:00,0.0855,7738188.4934,2.512,1.1296,115221.5618,7.9878,6266449.845,939.4922
node-034,2024-01-01 19:01:00,0.0,4552729.0648,0.0,0.0718,95814.0396,3.1512,6185389.4372,884.9174
node-035,2024-01-01 19:01:00,0.2016,9189275.9214,0.7611,0.7946,88784.1466,5.5895,6244039.9198,961.5398
node-036,2024-01-01 19:01:00,0.0992,7881914.0631,0.166,1.0942,105866.8561,9.8532,6180728.0492,949.9207
node-037,2024-01-01 19:01:00,0.001,8238242.166,11.471,0.6182,77086.5304,6.0454,6179673.0114,946.7486
node-038,2024-01-01 19:01:00,0.0827,7184506.984,3.0249,0.6404,136666.1814,4.0313,6201749.1196,934.4084
node-039,2024-01-01 19:01:00,0.1009,8488985.4501,7.3184,0.8604,78251.4359,5.9262,6268624.4133,933.9719
node-040,2024-01-01 19:01:00,0.0,4628281.1719,0.6527,0.1048,120552.6375,3.057,4752097.8428,898.9653
node-041,2024-01-01 19:01:00,0.1026,7603445.8091,4.9778,1.2069,100138.833,6.1059,6209280.3095,951.1926
node-042,2024-01-01 19:01:00,0.105,7449088.1277,11.555,0.7662,148977.0453,5.7437,5142534.2316,924.9155
node-043,2024-01-01 19:01:00,0.1116,8921485.4669,0.5082,0.8931,134878.5173,6.6453,6266358.4068,964.402
node-044,2024-01-01 19:01:00,0.2997,7424877.6163,9.2377,2.0687,128773.3358,8.6906,6221842.6143,956.7931
node-045,2024-01-01 19:01:00,0.0917,7730778.6532,0.0,0.8913,127001.5484,9.981,6214390.4157,932.1267
node-046,2024-01-01 19:01:00,0.1104,7454076.0182,0.0,1.048,133748.5044,10.2442,5997024.7563,959.9929
node-047,2024-01-01 19:01:00,0.0346,7461242.5754,0.0,0.626,120474.8479,5.9954,5798940.8123,930.0806
node-048,2024-01-01 19:01:00,0.111,8161094.9322,1.1886,0.8929,124574.5607,7.6938,6262262.5372,956.0948
node-049,2024-01-01 19:01:00,0.0013,4703789.6108,0.9435,0.0995,78606.287,2.8842,6213581.4713,931.9477
node-050,2024-01-01 19:01:00,0.0077,2028796.431,0.0,0.1038,137284.8068,4.9759,6260275.1658,892.8159
node-051,2024-01-01 19:01:00,0.1069,7072529.5278,10.6673,1.5829,167502.6083,8.0436,6370795.1475,980.8387
node-052,2024-01-01 19:01:00,0.1059,8332925.1768,0.0,0.9296,107657.2245,4.9728,6272617.0631,956.4192
node-053,2024-01-01 19:01:00,0.0959,8194336.9848,0.0,1.0623,126345.4271,12.9276,6306687.9468,949.8545
node-054,2024-01-01 19:01:00,0.0,7409085.3229,0.2402,0.7107,76429.1086,7.0769,6241645.9189,947.301
node-055,2024-01-01 19:01:00,0.126,8013947.0115,1.5675,0.9803,113316.5886,8.9036,6152035.4295,954.2058
node-056,2024-01-01 19:01:00,0.1375,8381417.8701,5.3493,1.0198,83103.4854,15.0651,6105700.6758,967.1752
node-057,2024-01-01 19:01:00,0.1061,4171003.9717,5.9971,0.9933,151722.6283,6.9898,6213953.0307,938.093
node-058,2024-01-01 19:01:00,0.0916,8330162.5581,0.0,1.1742,167727.3569,8.9641,6204756.0198,950.1473
node-059,2024-01-01 19:01:00,0.0931,8179021.7534,10.6634,0.7887,129274.1737,8.3674,6251074.7801,962.3773
node-060,2024-01-01 19:01:00,0.1254,7461997.7889,3.6139,1.0039,106006.4269,5.0275,6268502.528,937.6336
node-061,2024-01-01 19:01:00,0.1108,7689956.5648,0.0,1.1031,99195.298,11.7885,6222890.1433,967.4474
node-062,2024-01-01 19:01:00,0.1228,7663943.4503,11.5331,0.9139,131664.1833,6.368,6274489.1291,950.195
node-063,2024-01-01 19:01:00,0.1004,7749268.4669,17.9464,1.2939,101531.1164,8.9198,6284222.717,937.6131
node-064,2024-01-01 19:01:00,0.1273,8305566.9911,7.8646,0.9655,104531.518,6.9411,6214853.7111,949.1355
node-065,2024-01-01 19:01:00,0.0648,7955983.0747,0.0,1.0872,102255.1931,7.0598,6163785.6544,945.6248
node-066,2024-01-01 19:01:00,0.0926,8150694.2468,8.6449,0.895,134499.9014,10.015,5866009.9545,958.4841
node-067,2024-01-01 19:01:00,0.0136,7470000.5695,0.0,0.7921,91954.7607,8.9857,6246009.3717,936.0456
node-068,2024-01-01 19:01:00,0.0994,8025730.1732,11.1759,1.3853,125827.8175,6.9651,6280557.9271,944.2564
node-069,2024-01-01 19:01:00,0.0843,8907537.5273,14.4004,1.0521,123582.0667,7.9726,6320887.0357,956.3542
node-070,2024-01-01 19:01:00,0.0665,7464119.2688,0.0,0.8015,135486.4878,5.9964,6293653.7641,960.4532
node-071,2024-01-01 19:01:00,0.1021,8024458.273,0.0,0.6978,135496.5978,6.8304,5377933.5229,957.8812
node-072,2024-01-01 19:01:00,0.0143,100304881.2089,0.0,0.1003,94438.5576,3.0055,6356473.7751,875.4316
node-073,2024-01-01 19:01:00,0.0177,8009737.3343,0.0,0.7448,92866.9827,9.136,6279525.8472,937.4658
node-074,2024-01-01 19:01:00,0.0988,7778794.102,11.0919,1.4666,140905.8213,6.8885,5605007.2373,937.0683
node-075,2024-01-01 19:01:00,0.1691,8843431.3661,6.8893,0.7782,77840.6628,5.6116,6287762.5246,923.1944
node-076,2024-01-01 19:01:00,0.0206,4834128.1597,2.0219,0.2167,114344.1227,4.038,6131740.5501,893.4817
node-077,2024-01-01 19:01:00,0.1006,7400506.1304,2.2304,1.1314,126948.4014,7.0157,6234143.1714,950.5835
node-078,2024-01-01 19:01:00,0.1212,7844544.6554,7.2786,1.4045,115757.6951,7.0117,5901996.4324,954.0906
node-079,2024-01-01 19:01:00,0.102,7966013.2378,0.0929,1.1899,102352.1105,8.0939,5765976.4438,967.3889
node-080,2024-01-01 19:01:00,0.0862,7476918.4166,0.0,1.0121,96884.5532,8.068,6247329.3848,958.2141
node-081,2024-01-01 19:01:00,0.0892,7211898.6938,0.2841,0.584,112741.3223,7.0001,6173522.8015,945.4678
node-082,2024-01-01 19:01:00,0.0,5066307.9468,0.0,0.1025,101022.8745,3.0621,6111068.9894,934.6303
node-083,2024-01-01 19:01:00,0.0892,7754261.9252,0.0,1.0065,110058.0476,9.9713,6217496.5253,957.2697
node-084,2024-01-01 19:01:00,0.1984,8390574.6702,15.169,1.2596,130446.4446,9.8724,6246844.0943,986.4062
node-085,2024-01-01 19:01:00,0.1162,7420504.2991,6.5336,1.1208,105699.7652,7.3467,6226652.072,963.8623
node-086,2024-01-01 19:01:00,0.1178,7827797.8315,7.3488,0.8667,119784.2888,8.737,6202746.9696,958.9864
node-087,2024-01-01 19:01:00,0.2169,8416935.6558,0.0,0.9456,135188.5587,6.9221,6229882.7884,949.5164
node-088,2024-01-01 19:01:00,0.0805,7514711.5605,0.0,0.9339,139163.7149,8.4978,6193902.5881,946.8258
node-089,2024-01-01 19:01:00,0.1053,8058789.6736,0.0,1.4794,146585.7722,7.9323,6327482.464,965.6376
node-090,2024-01-01 19:01:00,0.1355,8875113.3055,0.2398,0.9232,180065.9016,10.0011,6203261.4113,931.4454
node-091,2024-01-01 19:01:00,0.0857,8041483.9116,12.7111,1.6235,148427.6662,9.606,6159454.8223,958.2707
node-092,2024-01-01 19:01:00,0.1181,9210770.1662,0.4029,0.8127,132751.9923,6.9936,6365436.7582,957.9069
node-093,2024-01-01 19:01:00,0.2069,8635484.4398,4.9956,0.9237,112219.7466,8.0843,6359264.542,949.0549
node-094,2024-01-01 19:01:00,0.1109,8220501.7359,1.3552,1.0654,138241.4934,5.9585,6279605.5973,955.3401
node-095,2024-01-01 19:01:00,0.0952,7511359.9537,14.6873,0.8918,141434.8938,6.0615,5841466.5749,947.1341
node-096,2024-01-01 19:01:00,0.1052,8764109.2342,1.2258,0.7771,115949.2293,14.0442,6282359.6271,963.1215
node-097,2024-01-01 19:01:00,0.0838,7501847.1034,0.0,0.9189,107828.67,8.1283,5451344.3694,942.4393
node-098,2024-01-01 19:01:00,0.2075,8847435.0532,8.8043,1.0892,138145.4874,9.1474,6193839.7958,957.0304
node-099,2024-01-01 19:01:00,0.0785,7702304.4889,12.3198,1.1332,99014.8131,6.9948,6374743.9474,956.9519
node-100,2024-01-01 19:01:00,0.1088,7541517.5255,0.451,0.5816,161659.8899,5.0301,6225667.9405,938.6942
node-101,2024-01-01 19:01:00,0.0,3895305.1898,0.104,0.0852,198369.0851,2.992,6203687.7075,904.5882
node-102,2024-01-01 19:01:00,0.1177,7920115.5501,0.3024,0.8988,232010.0868,8.9838,6176588.873,960.7304
node-103,2024-01-01 19:01:00,0.0905,7639389.6827,2.3909,0.7118,119410.7444,6.068,6215752.5773,918.6623
node-104,2024-01-01 19:01:00,0.0941,7844176.9099,0.0,0.9145,121828.8438,12.0066,6204188.7919,950.8617
node-105,2024-01-01 19:01:00,0.1102,8237792.6666,8.6702,1.2426,185538.8302,10.0689,6288051.3534,974.723
node-106,2024-01-01 19:01:00,0.0,4974628.9023,0.0,0.2009,145335.2991,3.0275,6000335.4293,891.9833
node-107,2024-01-01 19:01:00,0.1023,7184717.8407,0.6547,1.1862,130923.2966,7.9095,6238255.5467,963.0222
node-108,2024-01-01 19:01:00,0.0915,9123070.3634,0.2012,0.7939,138886.8188,2.9919,6319630.1108,939.628
node-109,2024-01-01 19:01:00,0.0986,7207910.7852,0.5914,0.9028,129517.7248,4.3521,6220969.106,944.7899
node-110,2024-01-01 19:01:00,0.106,8017415.974,4.2971,0.6729,94914.861,6.0345,6273248.1622,938.4817
node-111,2024-01-01 19:01:00,0.0983,8757697.1512,0.6372,0.8737,120397.9066,6.0626,6248027.4115,945.3777
node-112,2024-01-01 19:01:00,0.1043,7279207.0771,10.0903,0.7022,136158.5422,5.9936,6231954.1671,916.1224
node-113,2024-01-01 19:01:00,0.2043,7489482.1053,0.0126,1.1058,121182.8982,12.3339,5854475.6022,951.1391
node-114,2024-01-01 19:01:00,0.0968,7599055.2884,14.7857,0.7888,146661.2677,5.9014,6232350.2212,948.6932
node-115,2024-01-01 19:01:00,0.0951,8078012.6162,0.0,0.9051,80389.7869,5.9566,6291376.4239,951.343
node-116,2024-01-01 19:01:00,0.1121,7843150.6715,8.4007,1.0323,149521.448,8.8907,6256988.5895,950.3102
node-117,2024-01-01 19:01:00,0.0904,9445974.2535,0.3711,0.9838,133860.241,8.1299,6192789.3763,941.7178
node-118,2024-01-01 19:01:00,0.0119,7477621.4683,7.1665,0.7857,134015.5876,7.8813,6229568.5433,945.4696
node-119,2024-01-01 19:01:00,0.0084,8436298.619,0.3177,1.1604,125317.7279,6.9858,6251752.6671,931.9848
node-000,2024-01-01 19:02:00,0.1069,7159880.9194,0.0,1.1184,164038.8525,7.9045,6164525.5514,956.3359
node-001,2024-01-01 19:02:00,0.0883,7349637.453,0.0,1.0785,142247.9622,7.9439,5978486.2611,957.1134
node-002,2024-01-01 19:02:00,0.1148,9007566.6465,0.3024,0.9088,85872.7584,6.9868,6064087.5237,962.3158
node-003,2024-01-01 19:02:00,0.0821,9078737.2424,4.6953,0.898,138985.512,7.098,5426521.602,963.9221
node-004,2024-01-01 19:02:00,0.2651,8343329.2006,0.3207,1.011,120595.3836,9.4874,6143430.4241,956.6461
node-005,2024-01-01 19:02:00,0.0786,7537367.817,0.3145,0.7417,139023.1937,8.0423,5833185.6283,943.6902
node-006,2024-01-01 19:02:00,0.0,4861366.1657,10.0202,0.2138,95541.2676,2.9181,5782042.9693,895.0546
node-007,2024-01-01 19:02:00,0.0993,7337302.7146,7.0114,1.2009,167291.6086,10.9519,6275063.9936,952.6706
node-008,2024-01-01 19:02:00,0.204,7694520.0711,12.8764,0.8137,125213.8539,6.0367,6211416.9406,933.2461
node-009,2024-01-01 19:02:00,0.0751,7915954.3701,3.023,0.9049,130387.3948,8.0523,6222643.5293,952.7251
node-010,2024-01-01 19:02:00,0.1352,8025720.2387,0.0,1.6029,147654.5446,8.9797,6220979.3718,961.9759
node-011,2024-01-01 19:02:00,0.0933,7787963.6449,6.5905,0.8042,77186.1238,7.55,6227158.1912,951.194
node-012,2024-01-01 19:02:00,0.1014,7057858.5253,1.6514,0.8742,129441.7576,6.966,6585039.9885,940.062
node-013,2024-01-01 19:02:00,0.0,7784376.8552,0.0,0.9238,172132.05,0.0964,0.0,958.8645
node-014,2024-01-01 19:02:00,0.2004,9526204.8369,0.4246,1.1848,96801.3328,6.0093,6213659.7334,957.1162
node-015,2024-01-01 19:02:00,0.0,3905710.2229,0.0,0.104,84478.5542,3.0379,6356128.6426,924.6337
node-016,2024-01-01 19:02:00,0.0947,7754279.5984,8.1722,0.6978,126939.422,8.0872,5086843.0508,969.6985
node-017,2024-01-01 19:02:00,0.0952,8627316.3353,0.0,0.8801,161303.0756,6.0163,6748938.4183,940.055
node-018,2024-01-01 19:02:00,0.1146,8642114.6613,8.584,1.2033,131736.2552,9.0218,6279329.2653,967.0186
node-019,2024-01-01 19:02:00,0.0993,8415424.6146,0.0,0.8182,92202.5548,10.8958,6252375.4596,966.7824
node-020,2024-01-01 19:02:00,0.1824,8188927.1532,0.0,1.3067,118951.6678,9.9604,6192938.3374,952.7455
node-021,2024-01-01 19:02:00,0.0889,8348730.3909,0.0,1.3648,133498.1557,6.9824,6737399.7893,953.7156
node-022,2024-01-01 19:02:00,0.1076,8211670.3132,0.0,0.9189,125159.2701,8.0574,6280620.4439,965.8507
node-023,2024-01-01 19:02:00,0.0985,7500976.5949,7.5684,0.7801,100944.1933,7.9625,6216563.9083,969.0101
node-024,2024-01-01 19:02:00,0.1308,7262054.0252,5.1971,0.4967,98902.4327,9.9528,6186068.5411,961.1337
node-025,2024-01-01 19:02:00,0.1357,9342119.4674,0.1634,0.7997,132702.1909,6.6106,6220787.0965,958.4822
node-026,2024-01-01 19:02:00,0.0001,4381375.4805,1.2557,0.1927,118337.2579,3.7974,6179723.5385,892.6588
node-027,2024-01-01 19:02:00,0.0951,7931560.4263,5.4765,0.8976,137991.4727,9.5155,5762067.7947,947.0037
node-028,2024-01-01 19:02:00,0.0915,8624115.3429,3.3796,1.0042,100956.4731,8.933,5066194.966,941.3959
node-029,2024-01-01 19:02:00,0.0,7998173.4307,9.8105,0.9347,115488.6088,7.0647,6221698.4425,955.6391
node-030,2024-01-01 19:02:00,0.1101,7618727.9834,0.9836,0.7043,122446.2592,8.7013,6150914.6146,963.1484
node-031,2024-01-01 19:02:00,0.0,28961348.5311,0.0,0.0051,8473.5427,0.0555,54910.5691,9.9824
node-032,2024-01-01 19:02:00,0.0864,7696927.1543,8.513,0.8626,126314.2015,10.9711,6220840.2285,953.7432
node-033,2024-01-01 19:02:00,0.0956,7166109.8005,3.2142,1.0048,140238.6302,6.0307,6178360.5622,967.159
node-034,2024-01-01 19:02:00,0.0,4632841.0434,0.0,0.1838,195453.9315,3.0128,6231216.0819,906.3245
node-035,2024-01-01 19:02:00,0.1903,8848544.9599,0.0,0.9943,130813.5094,5.9092,6193701.5271,947.4376
node-036,2024-01-01 19:02:00,0.0864,8283597.1171,0.5623,2.8734,130458.7634,10.0491,6273454.3695,954.1926
node-037,2024-01-01 19:02:00,0.2098,7899215.6038,12.4826,0.8311,135397.8909,5.0357,6205051.3056,946.4871
node-038,2024-01-01 19:02:00,0.085,6868039.3277,2.9283,0.7642,115074.891,4.9402,5115672.0871,949.9297
node-039,2024-01-01 19:02:00,0.0986,8479662.8147,7.3988,0.7006,140029.759,4.931,6129559.6292,954.3897
node-040,2024-01-01 19:02:00,0.0,4265573.6412,0.2367,0.1916,168371.7631,3.9461,6185050.304,906.5926
node-041,2024-01-01 19:02:00,0.2155,7906221.2682,5.35,0.9493,121383.9821,8.0312,4649651.4744,965.0046
node-042,2024-01-01 19:02:00,0.105,7610816.1764,10.197,1.0394,107310.4144,6.0453,6554760.2555,938.9214
node-043,2024-01-01 19:02:00,0.0989,9000403.6872,0.0,0.7084,133741.507,6.0616,6116221.3519,957.3877
node-044,2024-01-01 19:02:00,0.4221,7902623.6031,9.2703,0.8462,138689.3017,9.2205,5795550.3371,964.8155
node-045,2024-01-01 19:02:00,0.0925,8395248.8426,0.5713,0.9741,87275.9742,8.0256,6208681.7281,950.2501
node-046,2024-01-01 19:02:00,0.092,7759672.7967,0.3615,0.9014,119799.8329,11.044,5345912.7779,977.2668
node-047,2024-01-01 19:02:00,0.2009,7400391.0759,0.6147,0.8093,127165.3994,13.9812,5899516.868,930.7466
node-048,2024-01-01 19:02:00,0.1116,8141900.1855,2.3095,0.72,128788.8525,7.8571,6221294.1347,953.4453
node-049,2024-01-01 19:02:00,0.0,3940711.9832,0.2681,0.2144,125929.7621,3.9432,5651777.9927,894.2819
node-050,2024-01-01 19:02:00,0.0,2027001.0968,0.0,0.1997,86856.0612,2.0759,6161215.2165,907.7895
node-051,2024-01-01 19:02:00,0.0058,6674537.8665,11.9801,1.5805,169276.9606,7.0167,6160238.9538,965.2852
node-052,2024-01-01 19:02:00,0.0953,7844342.5143,1.5066,0.9016,140359.2153,7.0217,6271639.9973,962.0541
node-053,2024-01-01 19:02:00,0.11,8297403.4794,0.5792,1.2411,117210.7664,7.9818,6197081.3794,957.305
node-054,2024-01-01 19:02:00,0.209,6834304.2124,0.3527,1.2034,161617.9828,6.0144,6356017.4883,978.0641
node-055,2024-01-01 19:02:00,0.1021,7982436.4145,0.0,0.7996,145893.8933,10.0149,6147255.8005,958.6336
node-056,2024-01-01 19:02:00,0.1112,7979761.9756,5.9573,0.8925,136134.3708,7.1702,5875272.2781,970.4325
node-057,2024-01-01 19:02:00,0.0,4228103.6362,8.3883,0.9812,99136.5923,5.9125,6127726.9863,936.2834
node-058,2024-01-01 19:02:00,0.2392,8252860.7462,1.1808,1.0652,166864.5225,7.0005,6213283.7372,951.5005
node-059,2024-01-01 19:02:00,0.2079,8224921.9237,10.9473,1.7267,134840.0912,8.0425,6283786.0986,982.5369
node-060,2024-01-01 19:02:00,0.1272,7819551.6944,4.0582,0.9331,129158.989,6.6918,5949731.6619,937.5782
node-061,2024-01-01 19:02:00,0.1831,7849125.2281,0.0,0.9897,132204.2989,12.063,6055651.7504,966.9258
node-062,2024-01-01 19:02:00,0.0999,8041056.2293,10.8939,0.8899,138210.099,5.9932,6143659.4862,971.4994
node-063,2024-01-01 19:02:00,0.2227,7475918.8968,16.9966,0.9335,147132.4831,9.0625,6240216.3388,964.9633
node-064,2024-01-01 19:02:00,0.096,7575046.4581,8.9934,1.1277,111197.4143,6.9245,6231888.0744,962.0473
node-065,2024-01-01 19:02:00,0.0763,8342676.7808,0.0,1.0823,127684.2225,9.9698,6133735.8343,946.1396
node-066,2024-01-01 19:02:00,0.1103,8139147.9221,7.9626,1.0049,132887.3776,10.9975,6170026.3035,954.7983
node-067,2024-01-01 19:02:00,0.1636,7564123.1491,0.0,1.1855,129952.6724,4.9821,6198778.7905,950.0213
node-068,2024-01-01 19:02:00,0.1166,8097253.0002,12.8734,1.0502,122508.9216,6.0269,6233857.7663,949.6644
node-069,2024-01-01 19:02:00,0.1045,8673267.2794,13.6467,0.9111,131676.703,7.2412,6133048.1175,990.8603
node-070,2024-01-01 19:02:00,0.0987,7017160.9902,0.0,0.8661,135923.983,12.0378,5035560.3575,966.5018
node-071,2024-01-01 19:02:00,0.0987,8282376.7586,0.3884,0.6878,136341.0264,7.0972,6406421.2429,979.1316
node-072,2024-01-01 19:02:00,0.0,100263849.3527,0.3873,0.1068,130866.9953,2.1854,6235063.0815,899.1773
node-073,2024-01-01 19:02:00,0.0714,7984334.9243,0.0,0.8972,135535.0091,5.9538,5902659.8086,954.7823
node-074,2024-01-01 19:02:00,0.1098,7702621.7559,10.999,0.789,121957.0439,7.9767,6170846.2733,954.2616
node-075,2024-01-01 19:02:00,0.0927,9031831.4512,6.538,0.8824,138227.3812,5.9312,5086078.5402,933.8656
node-076,2024-01-01 19:02:00,0.0,5131480.8109,0.0,0.2059,126604.9392,3.0003,6219251.5481,891.9957
node-077,2024-01-01 19:02:00,0.0876,7557854.9478,4.6145,1.0093,156409.9263,7.0672,5063451.3541,962.491
node-078,2024-01-01 19:02:00,0.0923,7753422.2727,8.3063,1.0942,126167.6079,7.889,5782391.7845,976.0277
node-079,2024-01-01 19:02:00,0.0967,7645921.9893,0.0,1.0385,124890.6737,8.0075,6355006.4395,958.2807
node-080,2024-01-01 19:02:00,0.1124,8089339.0911,0.0,1.1612,132947.927,10.1357,6212714.9841,930.6515
node-081,2024-01-01 19:02:00,0.188,7369219.4903,0.0,0.6838,169905.7566,6.9543,6178273.4461,942.4813
node-082,2024-01-01 19:02:00,0.0,5205922.9411,0.0,0.1751,134110.2923,3.0734,6397887.3455,910.6568
node-083,2024-01-01 19:02:00,0.1119,8167754.8531,0.0792,0.9922,131038.5882,9.303,6250574.3909,964.0516
node-084,2024-01-01 19:02:00,0.1034,8273968.9176,13.5557,0.8297,131485.8492,7.889,6126226.9344,956.6531
node-085,2024-01-01 19:02:00,0.1039,7701431.839,6.185,0.7838,104795.8201,9.979,6023941.2842,945.5397
node-086,2024-01-01 19:02:00,0.0855,7930938.2112,8.3485,3.8054,125924.0043,5.9854,5780471.6647,952.2255
node-087,2024-01-01 19:02:00,0.0916,8162938.6947,0.0,1.0943,132802.302,7.9104,5495426.9122,960.1257
node-088,2024-01-01 19:02:00,0.1373,7717426.3721,0.3659,1.091,141724.9374,8.9679,6238000.798,948.7689
node-089,2024-01-01 19:02:00,0.1035,8277584.7818,0.0,1.4887,128908.4265,7.9648,6187839.8607,963.3036
node-090,2024-01-01 19:02:00,0.0973,8601995.5574,0.0,0.6977,135540.878,8.3169,6248049.2222,909.0763
node-091,2024-01-01 19:02:00,0.1117,8049496.819,13.178,1.0848,92752.793,9.9314,6216938.7207,955.907
node-092,2024-01-01 19:02:00,0.1079,8892864.0734,0.0,0.9321,90703.8959,6.9341,6235386.7499,973.8031
node-093,2024-01-01 19:02:00,0.1511,8678368.7849,5.8724,0.8378,114372.6355,6.9852,6142902.1783,944.7224
node-094,2024-01-01 19:02:00,0.1002,7839642.9311,0.0,1.0679,141410.0166,7.7739,5782838.5532,948.2632
node-095,2024-01-01 19:02:00,0.1109,8023097.5323,14.0601,0.8964,138409.9386,6.716,6271973.2362,941.2769
node-096,2024-01-01 19:02:00,0.3048,8634095.0419,0.5639,0.9886,137547.9388,6.9446,6202516.3117,978.3119
node-097,2024-01-01 19:02:00,0.0804,7592273.6152,0.4018,1.8974,121630.0414,7.8851,6210058.1099,961.727
node-098,2024-01-01 19:02:00,0.1225,8154308.477,8.7971,0.9169,121498.911,8.9412,6188779.4256,965.3353
node-099,2024-01-01 19:02:00,0.1034,7530069.8417,10.2742,1.014,141332.3732,11.9121,5669002.4496,976.7137
node-100,2024-01-01 19:02:00,0.1222,7447978.2636,0.0006,0.7991,157917.1923,6.9053,6112721.2193,934.5463
node-101,2024-01-01 19:02:00,0.0,4307083.2586,0.0,0.0992,134153.6162,3.8666,6116377.4201,890.0055
node-102,2024-01-01 19:02:00,0.1037,8637023.3389,0.3089,0.9902,130811.8332,8.9606,5421513.1793,974.1708
node-103,2024-01-01 19:02:00,0.1043,7455398.2775,0.0,0.7704,136472.3853,6.0631,6210578.6684,942.1639
node-104,2024-01-01 19:02:00,0.1155,7691735.9968,0.0,1.2384,130834.6225,8.7154,6247264.1833,945.0725
node-105,2024-01-01 19:02:00,0.0623,7714791.5413,7.7773,0.9104,167641.759,13.0179,6297088.2311,971.9601
node-106,2024-01-01 19:02:00,0.0023,4397650.9844,0.1726,0.2031,105485.8847,4.0772,5323186.5737,899.6831
node-107,2024-01-01 19:02:00,0.1794,7466173.3133,0.1746,1.8217,123672.6355,10.0356,6356836.8451,978.7085
node-108,2024-01-01 19:02:00,0.039,9164036.6196,0.0,0.6993,124507.6474,7.1376,6183530.8034,948.9377
node-109,2024-01-01 19:02:00,0.1152,8017382.6591,0.2046,0.9214,126537.1692,4.9303,6211728.1479,949.3988
node-110,2024-01-01 19:02:00,0.0898,7838396.7475,3.4416,0.6743,132482.4542,9.0079,6229875.2149,919.0431
node-111,2024-01-01 19:02:00,0.1059,8755753.4427,0.0,1.2144,133037.8701,5.9525,5150549.4125,963.1469
node-112,2024-01-01 19:02:00,0.1036,7578266.6476,11.3678,0.8893,91378.2419,4.9799,6245448.3306,941.5563
node-113,2024-01-01 19:02:00,0.1245,7470752.082,0.9933,1.0797,140722.4759,12.9631,6200989.8205,950.5239
node-114,2024-01-01 19:02:00,0.122,6917991.1857,14.3228,1.0014,173514.1093,10.793,6395826.324,984.9291
node-115,2024-01-01 19:02:00,0.1119,7475198.2111,0.2379,1.0652,123941.6017,8.0743,6260760.9477,965.1148
node-116,2024-01-01 19:02:00,0.1041,8303887.1919,8.7187,0.8984,115017.7052,9.0459,6212481.8447,970.4007
node-117,2024-01-01 19:02:00,0.0856,9291097.9621,0.0,1.7131,81395.4416,8.9459,6241213.4672,950.7945
node-118,2024-01-01 19:02:00,0.1225,7739387.2322,7.5844,0.9677,132387.4885,7.0074,6267428.948,954.1556
node-119,2024-01-01 19:02:00,0.3769,9235144.7774,0.3699,0.7033,87704.1896,8.0206,5960846.4825,956.4213
node-000,2024-01-01 19:03:00,0.0814,7532556.9652,0.1055,1.1987,135683.3725,5.9087,5415880.2585,956.9896
node-001,2024-01-01 19:03:00,0.1004,7098575.5484,0.0,0.4229,102464.6268,7.2317,4467236.8427,947.1938
node-002,2024-01-01 19:03:00,0.108,8847069.8441,0.2454,1.2233,127903.7251,6.7805,678909.9909,981.3902
node-003,2024-01-01 19:03:00,0.1172,9533465.761,4.6953,0.7408,112244.9981,5.9334,6499967.9203,923.3357
node-004,2024-01-01 19:03:00,0.0952,8423518.5185,0.0,0.9772,146039.1547,9.8732,5700599.1542,952.2222
node-005,2024-01-01 19:03:00,0.117,7456156.7334,0.0,0.5795,134425.5833,6.1627,6234274.7896,921.6188
node-006,2024-01-01 19:03:00,0.0108,4819961.0714,9.7184,0.0783,125582.7007,4.008,6274625.3131,903.6449
node-007,2024-01-01 19:03:00,0.0969,7043210.3132,7.4292,1.1995,133334.1089,8.035,5893447.9256,956.4571
node-008,2024-01-01 19:03:00,0.1947,7647071.6874,13.7604,0.8092,108570.1685,8.0576,5437628.2709,928.2006
node-009,2024-01-01 19:03:00,0.1202,8075554.2885,2.9077,0.8942,92662.6927,8.1152,5762870.6127,945.5101
node-010,2024-01-01 19:03:00,0.1384,8255747.4309,0.155,1.5082,134686.0579,6.8526,6123909.0324,950.7732
node-011,2024-01-01 19:03:00,0.0908,7322794.5379,7.3183,0.8045,113889.274,8.0394,5901784.6087,952.5941
node-012,2024-01-01 19:03:00,0.1075,7242862.282,0.0,0.7181,131976.1238,4.973,5712354.715,933.8989
node-013,2024-01-01 19:03:00,0.088,7831562.6167,0.2219,1.0568,161050.868,0.0,33357.6013,940.0924
node-014,2024-01-01 19:03:00,0.1939,9438051.466,0.0,0.7981,128837.6546,5.0638,5969982.6023,949.3292
node-015,2024-01-01 19:03:00,0.0,3802715.4266,0.0,0.0841,123334.8962,2.9848,6013582.118,879.4116
node-016,2024-01-01 19:03:00,0.0968,7373424.7727,8.5668,0.7118,91521.0074,7.1515,5712990.1058,943.393
node-017,2024-01-01 19:03:00,0.0714,8734901.9814,1.0067,0.5016,172187.4194,5.0838,5161044.994,948.4033
node-018,2024-01-01 19:03:00,0.1485,8396227.4175,9.0911,0.9671,120922.5104,12.9901,5651890.4342,918.586
node-019,2024-01-01 19:03:00,0.0789,7601332.9532,0.5749,0.8829,133906.8183,8.9687,5727430.6324,939.2161
node-020,2024-01-01 19:03:00,0.1271,8188686.0002,0.7844,1.1152,163206.9254,10.0176,6072389.7019,951.7075
node-021,2024-01-01 19:03:00,0.1176,8084673.4931,0.2064,0.6465,115632.5255,9.015,5513297.7347,948.2848
node-022,2024-01-01 19:03:00,0.074,7761133.0569,0.1159,1.3532,145587.0625,5.9057,5865652.5448,979.6084
node-023,2024-01-01 19:03:00,0.1082,7233726.4216,7.6451,0.8129,146426.4866,8.0062,5755987.4274,949.0279
node-024,2024-01-01 19:03:00,0.128,7534662.1621,4.7534,0.5001,142300.8972,11.0232,5657682.753,923.1458
node-025,2024-01-01 19:03:00,0.1164,9420485.0416,0.0,0.8033,135228.683,7.0006,5263567.6277,950.9649
node-026,2024-01-01 19:03:00,0.0,4307821.5452,0.5694,0.1056,112614.2146,3.995,5435188.5075,903.6049
node-027,2024-01-01 19:03:00,0.086,7892348.2251,6.4467,0.8019,78944.928,10.0012,6062646.0992,940.0548
node-028,2024-01-01 19:03:00,0.1134,8156696.5108,5.0952,0.9958,135082.6298,8.9914,6822136.5021,921.0994
node-029,2024-01-01 19:03:00,0.0781,7975650.0166,11.0707,0.9044,135873.8512,7.8202,5396331.2809,957.6928
node-030,2024-01-01 19:03:00,0.1049,7867148.2938,0.0,1.4674,77605.5526,9.0444,5898217.4756,942.3848
node-031,2024-01-01 19:03:00,0.0939,29008494.9376,0.4887,0.0,12605.3447,0.0,95078.5157,0.0
node-032,2024-01-01 19:03:00,0.1072,8137778.9269,9.4372,1.0994,107200.147,9.9702,5521224.1189,944.1143
node-033,2024-01-01 19:03:00,0.1124,7832952.4564,4.0526,1.0645,139955.0252,5.9418,5185471.1195,953.242
node-034,2024-01-01 19:03:00,0.0,5227970.3882,0.6601,0.1863,107185.3204,4.0556,5499162.4879,890.9047
node-035,2024-01-01 19:03:00,0.0818,9264428.2252,0.0,0.8082,119542.5926,7.0237,5180075.2805,952.1951
node-036,2024-01-01 19:03:00,0.1031,8271502.1066,0.0935,1.0677,99265.02,8.936,5699795.0413,950.5637
node-037,2024-01-01 19:03:00,0.2258,8222190.6125,12.2765,0.7185,114768.9764,5.7157,6389992.0518,942.2998
node-038,2024-01-01 19:03:00,0.0941,6725223.8616,3.6646,0.8062,119043.9949,4.9136,6556659.7498,957.8479
node-039,2024-01-01 19:03:00,0.1091,8541158.3335,8.1335,0.6861,119490.4344,6.9114,5420591.1794,947.167
node-040,2024-01-01 19:03:00,0.0084,4215215.5763,0.0,0.1233,184242.4939,3.8655,827726.5685,871.1676
node-041,2024-01-01 19:03:00,0.1119,7883162.3692,5.6563,0.5131,115652.1308,8.7238,6326815.9392,941.7905
node-042,2024-01-01 19:03:00,0.0676,7387454.8519,11.7145,0.6112,96180.942,5.989,5422272.0233,935.3043
node-043,2024-01-01 19:03:00,0.207,8483117.1348,0.0,0.6898,124495.9279,7.9743,5159554.5496,955.819
node-044,2024-01-01 19:03:00,0.3428,7683710.7935,9.276,0.8429,76516.4067,5.9945,6300930.6523,910.4003
node-045,2024-01-01 19:03:00,0.0849,7913253.0533,0.5043,1.6749,127019.9657,12.3944,5891427.1872,936.6023
node-046,2024-01-01 19:03:00,0.0778,7585435.2374,0.0,1.4557,138167.4812,7.0747,5996169.3225,908.8132
node-047,2024-01-01 19:03:00,0.1289,7477170.4839,1.1236,0.4972,124444.0539,5.9439,4480502.0922,894.8182
node-048,2024-01-01 19:03:00,0.0993,8190387.7421,1.5002,1.2395,139167.7015,9.1311,5900769.5832,967.5155
node-049,2024-01-01 19:03:00,0.0,4243126.1346,0.3643,0.213,111878.6995,3.1982,5949643.7251,921.4088
node-050,2024-01-01 19:03:00,0.0,2173071.4613,0.0,0.1134,130825.3208,3.6199,5903005.2995,901.5005
node-051,2024-01-01 19:03:00,0.0938,7439948.6321,11.6377,1.579,147994.3426,6.5694,5776555.0289,922.5159
node-052,2024-01-01 19:03:00,0.0849,7568852.669,0.0,0.6173,112455.8388,7.0037,6165593.4024,934.6993
node-053,2024-01-01 19:03:00,0.2104,7763941.5774,0.0,1.6928,125683.0824,7.1403,5373913.4974,959.813
node-054,2024-01-01 19:03:00,0.1419,7817914.8081,0.3302,1.0122,135974.4157,7.072,5628015.6623,926.6512
node-055,2024-01-01 19:03:00,0.1055,8057146.3738,0.8014,0.7869,95643.9402,5.9844,6267919.9749,957.9233
node-056,2024-01-01 19:03:00,0.1194,8138789.5697,5.4219,1.0549,117899.3518,6.0096,6081369.7052,964.6638
node-057,2024-01-01 19:03:00,0.0991,4204677.7725,5.9512,1.1991,128498.4935,6.091,6175805.619,929.991
node-058,2024-01-01 19:03:00,0.1037,8101687.3605,0.0,1.0469,158850.702,8.9513,5760526.0444,919.9301
node-059,2024-01-01 19:03:00,0.0911,8400728.9131,9.7296,0.8587,96553.2257,8.0149,5303354.7846,932.5379
node-060,2024-01-01 19:03:00,0.1463,7867499.1587,4.3755,0.9182,116634.2297,6.8839,5691648.0472,901.2122
node-061,2024-01-01 19:03:00,0.0954,7762969.1972,0.0,0.9623,114913.9874,11.0049,4987478.8682,961.4255
node-062,2024-01-01 19:03:00,0.1166,7631896.6712,12.1613,0.8315,128710.7485,7.1126,4767890.9336,960.7925
node-063,2024-01-01 19:03:00,0.1077,7750384.2962,17.6796,1.0302,117412.1875,6.9446,5765807.0496,952.9698
node-064,2024-01-01 19:03:00,0.0972,8095521.1516,7.7261,0.9243,130042.0166,5.5006,5195931.0372,953.2523
node-065,2024-01-01 19:03:00,0.0894,7486877.1903,0.0,1.0893,118203.8763,5.0147,5780295.5096,936.7253
node-066,2024-01-01 19:03:00,0.1076,8178189.1825,8.1493,0.6013,83408.0045,7.9291,3752161.8784,948.8132
node-067,2024-01-01 19:03:00,0.1732,7459800.7284,0.0,0.8004,123707.3293,4.5957,5997813.9281,917.8006
node-068,2024-01-01 19:03:00,0.2061,8534903.5947,11.5226,1.0911,96640.7559,6.7707,5690472.766,907.3099
node-069,2024-01-01 19:03:00,0.0899,8318263.9098,13.7451,1.102,116335.5408,6.9752,5154420.6683,950.8588
node-070,2024-01-01 19:03:00,0.0,7405381.6925,0.0,0.798,111933.856,7.2818,6180541.9904,957.6655
node-071,2024-01-01 19:03:00,0.0851,8149359.5846,0.3443,0.8871,120026.4083,5.0375,6089230.4683,950.8195
node-072,2024-01-01 19:03:00,0.0024,100659627.8811,0.0,0.1275,120346.0537,2.089,5885486.2603,907.754
node-073,2024-01-01 19:03:00,0.0998,7422087.8877,0.0,0.8566,138705.4247,5.9258,6008658.255,929.2186
node-074,2024-01-01 19:03:00,0.2788,7633494.6155,10.118,0.9336,124483.3116,11.1811,6070186.0157,965.0295
node-075,2024-01-01 19:03:00,0.0917,8843076.4057,6.3513,1.2834,134715.809,6.8217,5294637.5268,914.9228
node-076,2024-01-01 19:03:00,0.0,5236191.9103,0.6256,0.2002,126891.4442,2.8868,5424315.6785,915.4892
node-077,2024-01-01 19:03:00,0.0862,7639272.5195,4.7482,1.7933,108392.0926,6.0684,6726956.3058,948.5997
node-078,2024-01-01 19:03:00,0.0733,8282730.2583,7.6533,0.7868,122998.5595,7.9772,4975284.6308,958.228
node-079,2024-01-01 19:03:00,0.0883,7921547.0343,0.0,1.1479,121047.0411,7.9634,5774781.6793,914.0001
node-080,2024-01-01 19:03:00,0.1445,7454293.7388,0.0061,0.9467,123356.3916,17.9872,5922129.8274,952.083
node-081,2024-01-01 19:03:00,0.1254,7369395.6844,0.0,0.6901,159683.4103,6.9915,5784990.0054,908.5889
node-082,2024-01-01 19:03:00,0.0,5126664.6857,0.0,0.193,146222.0952,2.9594,5726556.6472,900.4347
node-083,2024-01-01 19:03:00,0.0837,7531301.215,0.0,0.9491,122444.7646,8.8951,5161555.69,939.8041
node-084,2024-01-01 19:03:00,0.1794,8804701.8849,13.6677,1.0826,132486.6072,8.0543,5187650.8609,943.5997
node-085,2024-01-01 19:03:00,0.1165,7434433.7044,5.8418,0.716,133798.6341,8.0511,6156449.9419,948.598
node-086,2024-01-01 19:03:00,0.0353,7562817.9714,8.46,4.7179,117413.9261,6.8981,6181875.7466,950.0974
node-087,2024-01-01 19:03:00,0.1939,8211135.5045,0.6796,1.4954,101367.9233,7.9521,5625843.6029,928.8597
node-088,2024-01-01 19:03:00,0.2069,7924116.315,0.0,1.0871,117491.9843,5.9187,6133912.1349,950.0637
node-089,2024-01-01 19:03:00,0.1012,8026970.0323,0.7422,1.4173,176868.4573,8.5201,6190229.8355,956.8039
node-090,2024-01-01 19:03:00,0.1455,8979692.9688,0.0,0.8997,150719.2044,7.9663,5039354.972,912.3187
node-091,2024-01-01 19:03:00,0.1079,8409680.4474,12.5143,0.8531,126693.9328,7.0987,5516825.3843,960.1988
node-092,2024-01-01 19:03:00,0.1014,9303520.2837,0.0,0.8045,127932.4632,6.9389,6167827.3318,953.8989
node-093,2024-01-01 19:03:00,0.567,9067316.1489,5.4069,0.6884,138439.1445,6.0283,5900569.4125,929.8372
node-094,2024-01-01 19:03:00,0.0868,7707738.0825,0.0,0.3849,88913.7885,7.941,5924178.2875,922.564
node-095,2024-01-01 19:03:00,0.0935,7815932.5666,13.1465,1.1323,138929.557,6.895,5710631.8689,921.3186
node-096,2024-01-01 19:03:00,0.0763,9032585.1207,0.0289,0.763,127145.8108,5.5347,5939618.486,949.9719
node-097,2024-01-01 19:03:00,0.0835,7684072.8701,0.0,0.4871,111332.2402,8.073,6201225.0001,946.6053
node-098,2024-01-01 19:03:00,0.0926,8011138.2853,8.2754,1.0003,135112.8094,8.0116,5149014.9651,950.7006
node-099,2024-01-01 19:03:00,0.1025,7476820.8806,10.3678,1.4111,130477.7557,6.8815,6010539.9895,897.9355
node-100,2024-01-01 19:03:00,0.1003,7613312.5046,1.0196,0.7971,166811.6511,6.9169,6235725.3407,940.8261
node-101,2024-01-01 19:03:00,0.0013,3670709.1283,1.6646,0.2018,126012.1364,4.0223,6314990.9568,926.2997
node-102,2024-01-01 19:03:00,0.1186,8183961.225,0.0,6.5211,106311.3265,10.0351,5578328.5689,946.5551
node-103,2024-01-01 19:03:00,0.1025,7748702.9136,0.0586,0.6543,114008.6735,6.1081,5658869.2209,932.5763
node-104,2024-01-01 19:03:00,0.1003,7538305.0525,0.0,1.2411,97045.0043,8.0753,6270146.5104,957.1955
node-105,2024-01-01 19:03:00,0.1026,8264718.0308,8.3589,0.8113,159990.3862,10.9213,6128813.8779,963.3479
node-106,2024-01-01 19:03:00,0.0129,4557120.0829,0.0,0.2263,107031.1416,3.9271,6430281.1089,923.216
node-107,2024-01-01 19:03:00,0.1976,7416529.7933,0.0,1.8201,117626.8469,9.4272,5938237.1217,914.3735
node-108,2024-01-01 19:03:00,0.1042,9116841.2453,0.0,0.7289,112486.2356,6.4068,6152867.7364,915.7363
node-109,2024-01-01 19:03:00,0.1009,7756061.8598,0.0405,0.6993,113984.7901,8.1521,6199533.6078,946.7555
node-110,2024-01-01 19:03:00,0.1528,8368248.1552,4.6718,0.7624,113353.5711,10.4074,6284307.3092,928.4569
node-111,2024-01-01 19:03:00,0.1819,8809828.738,1.342,0.8311,126505.5971,8.0273,6732383.9301,970.2154
node-112,2024-01-01 19:03:00,0.0998,7371436.2962,10.7799,0.7415,128149.218,6.4709,6241544.5998,915.3308
node-113,2024-01-01 19:03:00,0.0857,7958982.6124,0.6578,1.1979,106769.3822,8.1558,5869126.0664,945.3066
node-114,2024-01-01 19:03:00,0.2229,7830890.0665,15.2708,0.843,158002.9315,12.0354,5998944.4888,920.4952
node-115,2024-01-01 19:03:00,0.0723,7295319.449,0.0,0.7898,114912.7924,7.0134,6244440.2891,955.5228
node-116,2024-01-01 19:03:00,0.098,7156026.6045,9.1391,1.4343,150186.3924,7.9448,5897514.4634,955.5008
node-117,2024-01-01 19:03:00,0.1296,9564860.5053,0.0,0.8135,135411.924,7.9828,5853021.5167,913.6358
node-118,2024-01-01 19:03:00,0.0899,7672541.7047,8.7617,0.7979,118724.4883,8.0137,6198841.4589,937.3981
node-119,2024-01-01 19:03:00,0.1076,8948006.3422,0.0,0.7954,154906.2047,7.0207,6212750.3539,941.2753
