nodeId,timestamp,cpu_wio,mem_free,Missed Buffers_P1,cpu_user,bytes_out,proc_run,bytes_in,pkts_out
node-000,2024-01-01 19:54:00,3.199,10082867.6027,0.0,0.8543,140191.5189,5.9887,5765871.4076,826.7175
node-001,2024-01-01 19:54:00,0.0,10501042.1374,0.0,1.0026,134544.7021,6.9986,6017816.7886,855.477
node-002,2024-01-01 19:54:00,1.0068,9360671.6104,0.0,1.0838,164382.5006,8.038,6066325.3827,902.9056
node-003,2024-01-01 19:54:00,0.0,10848399.4021,0.0,1.235,113401.1817,9.966,6274893.0905,837.5573
node-004,2024-01-01 19:54:00,1.2879,10577034.1957,1.2052,0.8808,83332.0931,2.0928,6004583.7839,858.3062
node-005,2024-01-01 19:54:00,0.0271,8420417.1794,0.0,0.5933,112403.2662,7.0458,6332199.4117,825.8762
node-006,2024-01-01 19:54:00,0.2862,10985206.4665,1.6198,0.1862,101672.8955,0.9946,6254984.8872,813.6041
node-007,2024-01-01 19:54:00,0.8004,10180402.413,0.4608,0.5166,175577.4548,2.1106,6228148.8217,871.1293
node-008,2024-01-01 19:54:00,0.0101,10248127.3796,1.3785,0.5098,107939.2637,7.0725,6005329.0623,876.8635
node-009,2024-01-01 19:54:00,1.0968,11112308.4197,0.0,0.5724,112751.2476,9.0061,5882739.5982,875.9026
node-010,2024-01-01 19:54:00,0.1161,10467230.0604,0.0,0.8899,69043.8384,8.0539,5889057.0138,860.4385
node-011,2024-01-01 19:54:00,0.5312,9653582.052,0.0,0.598,108268.1403,4.0224,6417658.1709,853.5792
node-012,2024-01-01 19:54:00,1.0638,9413063.0827,0.0,0.9547,101296.851,7.0141,6160694.8978,884.389
node-013,2024-01-01 19:54:00,0.8062,10438200.5109,0.0,0.9342,145902.1043,0.0,0.0,861.1988
node-014,2024-01-01 19:54:00,0.1161,11444668.03,0.0,0.5334,126379.2664,4.0659,6048309.4183,866.6339
node-015,2024-01-01 19:54:00,0.1489,10401718.3148,0.0,0.0899,112437.7753,2.1201,5955423.9954,806.4557
node-016,2024-01-01 19:54:00,0.1228,10463288.1364,0.6165,0.697,98258.9405,7.0431,6134593.6996,860.3045
node-017,2024-01-01 19:54:00,0.1153,12605908.5438,0.0,0.6861,172750.8215,9.96,6226486.6152,849.9216
node-018,2024-01-01 19:54:00,1.6404,10662181.0669,0.0,0.6882,112931.3055,9.0348,5933411.0473,875.3054
node-019,2024-01-01 19:54:00,0.0813,11400576.4584,0.0,0.7037,129716.3333,6.0544,6245784.4154,863.7027
node-020,2024-01-01 19:54:00,0.6247,10241040.2753,0.0,1.0623,139886.3048,5.9636,5875558.8333,837.8472
node-021,2024-01-01 19:54:00,0.1401,10682286.8306,0.0,1.4103,100245.6599,8.9555,6158506.6386,845.7761
node-022,2024-01-01 19:54:00,0.101,10179608.2746,0.3106,0.6255,130169.3408,3.8466,6233107.134,873.4529
node-023,2024-01-01 19:54:00,0.0981,9835640.6876,0.0,2.0606,106293.1869,0.038,6363146.2961,870.4895
node-024,2024-01-01 19:54:00,1.6808,10586045.4667,0.0,0.5585,114423.81,8.9279,6035502.243,882.1797
node-025,2024-01-01 19:54:00,0.7031,11389237.5351,0.0,0.5014,96030.1331,5.36,5988904.4222,874.9774
node-026,2024-01-01 19:54:00,0.4272,11339914.1529,0.0,0.0993,119538.7017,1.2442,6051058.4353,799.9632
node-027,2024-01-01 19:54:00,0.434,10290460.5028,0.0,0.6773,122164.0894,4.6493,6231337.4333,876.9954
node-028,2024-01-01 19:54:00,1.4198,11646593.6218,0.0,0.4988,109714.4196,10.0063,6197270.3709,861.2821
node-029,2024-01-01 19:54:00,1.4085,10750292.9645,0.212,1.2711,105457.2149,3.0184,5930956.0912,861.0048
node-030,2024-01-01 19:54:00,0.1107,10697083.3034,0.0,0.3689,113694.5685,9.8968,6273356.1821,874.2335
node-031,2024-01-01 19:54:00,0.0,28864402.5034,0.0,0.0,1999.1441,0.0311,23017.9512,11.2712
node-032,2024-01-01 19:54:00,0.0,9883892.7198,0.0,0.8944,141190.9861,4.9846,6087318.8316,841.4212
node-033,2024-01-01 19:54:00,0.8167,10310199.6679,0.0,0.6677,121865.2372,5.0749,6150816.527,888.3591
node-034,2024-01-01 19:54:00,0.1165,10053699.5812,0.0,0.0955,123549.2252,3.9557,5947179.6445,803.9777
node-035,2024-01-01 19:54:00,0.6087,12620846.3442,0.0,0.5093,96741.7906,7.1577,5926654.6477,870.3849
node-036,2024-01-01 19:54:00,0.9936,11115243.1612,1.3764,0.4006,135942.9246,8.9456,5845486.2716,870.2349
node-037,2024-01-01 19:54:00,0.2689,10442579.9865,0.0,0.5038,109267.287,6.996,5970656.2932,881.9974
node-038,2024-01-01 19:54:00,0.1133,9846065.8531,0.0,1.0016,105506.7745,8.9814,6316325.8733,860.0949
node-039,2024-01-01 19:54:00,0.4975,11162724.0952,0.8105,0.5643,100088.1973,7.9701,6081538.2973,862.4794
node-040,2024-01-01 19:54:00,0.1004,11622073.341,0.763,0.1158,134001.98,4.1795,5760904.8123,802.9025
node-041,2024-01-01 19:54:00,0.1784,11289760.7599,0.5448,0.7044,129419.1577,10.0167,6170615.9997,828.2335
node-042,2024-01-01 19:54:00,2.576,11022013.6785,0.0,0.7731,165650.3498,6.9021,6171155.2875,875.2717
node-043,2024-01-01 19:54:00,0.4201,11476959.2563,0.3612,0.4183,121694.1625,5.8482,6019615.1687,856.3329
node-044,2024-01-01 19:54:00,0.2559,10266044.2327,0.5494,0.6212,134530.669,19.028,6295727.0809,849.8611
node-045,2024-01-01 19:54:00,0.1092,10541806.3823,0.938,0.4998,116096.9378,4.0801,6252337.0747,853.0464
node-046,2024-01-01 19:54:00,0.7912,9631617.7888,0.0,0.713,123037.8552,8.0089,6150359.0169,858.283
node-047,2024-01-01 19:54:00,0.1118,9305370.8672,0.5863,0.4965,100146.1447,7.0433,6160726.7303,839.9084
node-048,2024-01-01 19:54:00,0.1163,11034389.9339,0.2568,0.3095,84022.721,7.0367,6249232.423,840.6958
node-049,2024-01-01 19:54:00,0.0,9467721.9147,0.0,0.0975,110074.9353,2.1032,6201561.7825,804.1344
node-050,2024-01-01 19:54:00,0.1557,9860151.7104,0.0,0.116,73409.4076,0.8557,6258326.9869,792.4276
node-051,2024-01-01 19:54:00,0.0006,9952385.8895,0.7803,1.2803,142333.8319,10.1321,5942966.4216,867.1395
node-052,2024-01-01 19:54:00,0.1216,10448983.5131,0.4731,0.5478,82995.3993,3.0305,5913438.0506,868.0948
node-053,2024-01-01 19:54:00,1.1406,10857431.8827,0.2979,0.8984,92380.2094,9.0838,6070076.2251,852.98
node-054,2024-01-01 19:54:00,0.0921,9785087.4622,0.6431,0.6887,90194.3466,5.9377,5793775.7767,856.2978
node-055,2024-01-01 19:54:00,0.101,11354012.6352,0.0,0.7092,118427.9408,2.1069,5864972.5469,881.0847
node-056,2024-01-01 19:54:00,0.1715,11086508.3439,0.0,5.4033,92261.6418,5.7061,6393270.6897,833.7836
node-057,2024-01-01 19:54:00,2.0023,8574750.7711,1.0317,0.9145,126255.6567,5.001,6071453.2469,883.4732
node-058,2024-01-01 19:54:00,0.0913,10979538.1097,0.0,0.8012,151387.3908,9.0357,5865710.8316,846.6648
node-059,2024-01-01 19:54:00,0.9937,11322443.562,0.2661,0.5918,80470.7639,6.0378,5950316.5937,861.0412
node-060,2024-01-01 19:54:00,0.1194,10428714.8486,0.0,0.6142,123390.0138,8.7968,5946402.6515,846.464
node-061,2024-01-01 19:54:00,1.56,10376855.4879,0.2877,0.6698,76923.9357,11.0117,6288968.8762,835.9625
node-062,2024-01-01 19:54:00,1.4143,11099006.9022,0.0,0.7668,107455.6291,7.9781,6012516.4751,872.9394
node-063,2024-01-01 19:54:00,0.8057,10376140.3648,0.353,0.7533,114389.6811,9.9555,6401946.7589,843.1432
node-064,2024-01-01 19:54:00,0.4677,10320115.3119,0.3488,0.4113,130939.6319,6.9659,5904358.4481,885.3935
node-065,2024-01-01 19:54:00,0.0873,10631940.2107,0.0,0.9199,112369.7773,8.0699,5993950.9413,883.0579
node-066,2024-01-01 19:54:00,0.3257,11504526.0767,0.0,0.9451,116645.6801,8.9031,5809585.9437,833.5722
node-067,2024-01-01 19:54:00,0.5135,9768346.5059,0.5,0.7046,127255.792,9.9467,5788669.13,870.9473
node-068,2024-01-01 19:54:00,0.1963,11055999.9931,0.3808,0.8954,90784.5386,7.0425,6044420.3827,836.3557
node-069,2024-01-01 19:54:00,2.991,9136906.5813,13.3543,0.8265,182729.3208,8.7838,6288876.2843,863.7281
node-070,2024-01-01 19:54:00,0.1863,11034598.2531,0.0,0.7869,123730.3784,7.9785,6100917.9198,873.1569
node-071,2024-01-01 19:54:00,0.1359,10646655.3666,0.0,0.4087,123047.0557,4.9717,6189412.9741,891.4157
node-072,2024-01-01 19:54:00,0.1012,107421302.7817,1.5485,0.0944,113132.8487,3.2275,6305502.1649,815.7713
node-073,2024-01-01 19:54:00,0.1955,9565704.3401,0.0,0.5764,110061.8999,7.9432,6178143.3658,887.4078
node-074,2024-01-01 19:54:00,0.0044,9839993.6329,0.0,0.6067,112005.4303,6.0009,6101982.442,845.6722
node-075,2024-01-01 19:54:00,0.0277,11765908.4465,0.6493,0.5621,145682.9089,15.0302,6283011.7539,847.8101
node-076,2024-01-01 19:54:00,0.3325,12298486.5608,1.0346,0.0919,118055.7291,2.9834,6033619.8152,784.1771
node-077,2024-01-01 19:54:00,1.8975,10740697.4855,0.4248,1.0096,119440.2884,8.9463,6194424.5687,851.7466
node-078,2024-01-01 19:54:00,0.5634,11306789.1429,0.0,0.6986,113413.6096,6.9019,6120202.4091,875.9939
node-079,2024-01-01 19:54:00,0.1213,10918123.8819,0.0,0.394,103652.1107,9.0065,5917112.1985,851.14
node-080,2024-01-01 19:54:00,0.6007,10393985.546,0.195,0.7276,102901.3324,6.075,6036591.3947,853.3826
node-081,2024-01-01 19:54:00,0.5203,9935872.2401,0.2701,0.508,139394.8406,5.8715,5865701.5908,879.8731
node-082,2024-01-01 19:54:00,0.0206,9682182.1451,0.0621,0.0943,112562.1845,0.465,5848671.7815,794.0265
node-083,2024-01-01 19:54:00,0.5088,10435804.5743,0.0,0.6231,91410.5381,8.2942,6053470.3822,850.9846
node-084,2024-01-01 19:54:00,0.1284,10706835.677,0.0,0.6863,121462.0355,11.0055,6066071.8608,876.0552
node-085,2024-01-01 19:54:00,0.1014,11500005.8528,0.0,0.7027,115649.1516,1.8694,6138023.8383,874.8151
node-086,2024-01-01 19:54:00,0.2862,10956678.1719,0.4683,0.7072,126759.9571,4.0418,6170922.9506,869.22
node-087,2024-01-01 19:54:00,0.1072,10694398.6026,0.0,0.726,124685.0608,7.0413,6299283.3817,860.9556
node-088,2024-01-01 19:54:00,0.5213,10645708.2813,0.0,0.625,113389.4172,6.9388,5858925.1539,868.4743
node-089,2024-01-01 19:54:00,2.6652,10442173.6359,0.0,1.0051,138039.5036,10.9469,5825814.326,857.4352
node-090,2024-01-01 19:54:00,0.0605,11636004.052,0.1091,0.448,145097.815,6.0081,5844855.1499,868.8455
node-091,2024-01-01 19:54:00,0.328,10750615.3357,0.0,0.7177,119066.7676,8.9591,6113743.9008,868.8193
node-092,2024-01-01 19:54:00,1.6397,11306175.0694,0.981,3.68,144759.9683,8.9907,5873292.3554,855.0454
node-093,2024-01-01 19:54:00,1.8044,11417791.1163,0.0,0.5338,125642.5921,11.8997,6193912.8164,880.1415
node-094,2024-01-01 19:54:00,0.0926,11078606.9396,0.0,0.996,133646.7289,8.1024,6103556.2051,858.6949
node-095,2024-01-01 19:54:00,0.3733,9956821.8312,0.3965,1.2922,119115.2055,10.7367,5916542.6233,871.281
node-096,2024-01-01 19:54:00,0.5002,11276830.1393,0.1178,0.4769,133551.824,6.0474,6003562.5779,876.6069
node-097,2024-01-01 19:54:00,0.5464,10614997.4611,0.0883,0.6878,132492.1087,6.9568,6284709.9493,853.8058
node-098,2024-01-01 19:54:00,0.1012,10577323.0592,1.1207,0.5929,107254.6098,2.9757,5980450.6348,866.2935
node-099,2024-01-01 19:54:00,0.3242,9693868.3117,0.0,0.7106,103279.0174,6.9587,6274698.6133,854.9632
node-100,2024-01-01 19:54:00,0.1901,10960866.7513,0.0,0.5373,145779.2444,1.0055,5841912.0726,862.4118
node-101,2024-01-01 19:54:00,0.2865,8879592.2545,0.0,0.0631,109836.7982,4.1663,5915677.6665,799.4684
node-102,2024-01-01 19:54:00,0.6114,10949671.8401,0.5734,0.5642,91877.3027,6.9544,6255072.5431,884.0085
node-103,2024-01-01 19:54:00,3.3264,10123653.4111,0.0,0.4293,136880.0669,4.0049,5935552.9387,883.5634
node-104,2024-01-01 19:54:00,0.3267,10757879.0657,0.387,0.8095,96678.7067,5.0627,6195390.6022,899.9178
node-105,2024-01-01 19:54:00,2.0639,11532562.1942,0.0,0.6106,171036.3245,6.9208,5980832.8343,881.1557
node-106,2024-01-01 19:54:00,1.1226,9855833.735,0.0,0.26,132291.812,3.1217,6290975.6777,817.7657
node-107,2024-01-01 19:54:00,0.9484,9430472.8987,0.7449,0.9995,119544.678,7.9899,5885366.3945,844.7692
node-108,2024-01-01 19:54:00,0.3156,11002839.1388,1.1966,0.4868,91969.1306,6.8946,5977511.2881,885.2232
node-109,2024-01-01 19:54:00,0.5055,10636104.5396,0.0,0.8277,99070.755,5.0359,6021866.4858,870.8544
node-110,2024-01-01 19:54:00,1.1199,10151755.7992,0.0,0.7988,74105.5894,3.0511,5494158.138,793.9257
node-111,2024-01-01 19:54:00,0.1116,11079782.2636,0.0,0.7384,125010.1621,5.7616,6159933.0832,886.5765
node-112,2024-01-01 19:54:00,0.5693,9879191.7746,0.0016,0.538,130794.3617,5.0001,6088013.6301,889.9328
node-113,2024-01-01 19:54:00,0.6941,10641111.1113,0.0,0.5211,114164.1171,8.0211,6128335.9755,857.7466
node-114,2024-01-01 19:54:00,0.4043,10277918.5637,0.457,0.6211,160261.9934,7.6165,5784781.7738,861.1504
node-115,2024-01-01 19:54:00,3.3006,10565049.0192,0.0,0.618,107636.5201,3.0633,5927049.1532,856.1911
node-116,2024-01-01 19:54:00,0.1037,10181423.9788,0.0,0.6065,112991.7351,5.964,6240025.6646,838.9018
node-117,2024-01-01 19:54:00,0.4639,9496467.1544,0.0,1.2481,127329.4842,6.0649,6107014.0572,863.4762
node-118,2024-01-01 19:54:00,0.1219,10363983.4876,0.9195,0.6878,135773.3062,4.9483,5972154.68,881.7492
node-119,2024-01-01 19:54:00,0.1004,11819870.8885,0.0,0.5988,104631.5697,9.0782,6122452.5746,883.3937
node-000,2024-01-01 19:55:00,0.5286,10425715.2166,0.0,0.7865,135064.0815,4.1443,6512520.8721,937.8455
node-001,2024-01-01 19:55:00,1.2259,10180453.3533,0.0,0.8792,135409.2059,8.5359,6270643.6574,865.2907
node-002,2024-01-01 19:55:00,1.76,9540466.1178,0.8826,0.8793,107154.2299,5.9687,6409941.9066,898.9944
node-003,2024-01-01 19:55:00,0.6761,10528121.3855,0.0,0.5753,99143.0807,9.4753,6115517.3524,877.4313
node-004,2024-01-01 19:55:00,0.5054,10581017.873,0.0,0.7299,116471.9991,2.769,6249651.8932,883.2226
node-005,2024-01-01 19:55:00,0.0896,8163845.7578,0.3691,0.8326,133516.5791,5.9989,6061009.5358,895.5723
node-006,2024-01-01 19:55:00,0.0677,10665414.9124,0.0,0.0839,119199.9168,6.1488,5892880.8894,839.8713
node-007,2024-01-01 19:55:00,0.8208,10275443.6669,0.0,0.5376,104880.4693,3.3529,6182459.3489,912.7419
node-008,2024-01-01 19:55:00,2.2923,10130534.6063,0.7183,0.5314,113777.8827,9.8769,6192258.3339,923.6128
node-009,2024-01-01 19:55:00,3.0416,10384560.9667,0.3966,0.7885,138565.3783,10.0726,6223391.4889,868.6995
node-010,2024-01-01 19:55:00,0.3757,10001393.4329,0.8404,1.2442,78114.9065,7.9765,5985403.0604,865.4901
node-011,2024-01-01 19:55:00,0.1991,8786551.2272,0.0,0.5938,111446.193,0.0,6198950.4204,907.301
node-012,2024-01-01 19:55:00,0.0643,9231376.3811,0.0,0.5917,121473.2758,7.0509,6054662.1329,927.2491
node-013,2024-01-01 19:55:00,0.008,10149466.0716,0.0,0.5792,154425.4816,0.0248,0.0,888.5641
node-014,2024-01-01 19:55:00,0.0256,11492312.2744,0.4309,0.5898,106847.3621,9.0934,6281038.5182,934.537
node-015,2024-01-01 19:55:00,0.2212,10128404.1313,0.4264,0.1546,86449.1676,1.1521,6181838.5431,829.1118
node-016,2024-01-01 19:55:00,0.4526,10569149.8437,0.9988,0.7453,117336.0152,7.6521,6144045.8757,949.5711
node-017,2024-01-01 19:55:00,0.575,12270720.8066,0.0,0.6445,166425.4638,7.0525,6261579.5538,941.563
node-018,2024-01-01 19:55:00,2.0967,10600900.2417,0.0,0.7906,90232.0008,9.0013,6291164.5896,879.1959
node-019,2024-01-01 19:55:00,0.0542,10408948.6404,0.1245,1.2968,131675.3069,2.0099,6234934.0774,890.2881
node-020,2024-01-01 19:55:00,0.0999,9713888.4222,0.0,0.6666,119221.4181,8.0248,6206174.4352,927.3431
node-021,2024-01-01 19:55:00,0.2289,10117203.499,0.2331,1.1738,112371.651,7.8777,5997002.9342,877.7619
node-022,2024-01-01 19:55:00,0.8546,9599617.2928,0.0,1.1875,111240.0499,1.9595,6153523.2009,934.1967
node-023,2024-01-01 19:55:00,1.218,10143960.423,0.0758,5.3053,180442.4273,3.0632,6109736.3115,907.6362
node-024,2024-01-01 19:55:00,1.7124,9766308.8155,0.0,0.4936,126116.166,6.9491,6343372.8087,873.0236
node-025,2024-01-01 19:55:00,0.6846,11339799.0314,0.0,0.6598,126744.7359,4.9785,6145768.1471,964.5436
node-026,2024-01-01 19:55:00,0.0059,10555764.2423,0.2742,0.1937,115733.6667,0.0662,6252653.9435,853.2642
node-027,2024-01-01 19:55:00,0.1025,9646157.1263,0.2922,0.8013,125460.5337,4.8874,5523985.1177,907.9502
node-028,2024-01-01 19:55:00,0.1033,11216111.8096,0.0,0.8076,117221.0815,7.0452,6124488.1198,912.2564
node-029,2024-01-01 19:55:00,1.2326,10574980.4068,0.1171,1.1601,116093.2372,8.1277,6408982.0355,931.2878
node-030,2024-01-01 19:55:00,0.173,10715290.0456,0.1201,0.6705,110337.3095,9.8059,6361396.1672,947.4935
node-031,2024-01-01 19:55:00,0.0984,28916272.1553,0.0,0.908,0.0,0.0,5060.6571,6.8438
node-032,2024-01-01 19:55:00,0.0331,10496877.6269,0.6778,0.7159,103234.7386,8.97,6165685.0166,896.668
node-033,2024-01-01 19:55:00,0.0911,10074398.1959,0.0,0.6714,112120.4001,6.1468,6180257.4358,936.3395
node-034,2024-01-01 19:55:00,0.5031,9590810.1105,0.6579,0.0981,100363.6018,0.9362,6267076.4707,870.136
node-035,2024-01-01 19:55:00,0.758,11205763.6286,0.4174,0.5009,114288.2072,8.0714,6244148.0066,919.7455
node-036,2024-01-01 19:55:00,0.8817,10393675.2638,0.3242,0.7782,134112.0508,4.9393,6096709.4296,917.834
node-037,2024-01-01 19:55:00,0.1018,9919915.8939,0.0,0.6062,124936.0686,9.0082,6279812.9794,930.3242
node-038,2024-01-01 19:55:00,0.8,9877942.3127,0.0,1.0851,111757.0213,2.9423,6214669.4316,945.0271
node-039,2024-01-01 19:55:00,0.1314,11259411.2419,1.1709,0.4541,126968.2858,4.0783,6440594.4955,922.5039
node-040,2024-01-01 19:55:00,0.0,11060151.9198,0.0,0.2069,152421.1271,1.6075,6409938.7131,879.246
node-041,2024-01-01 19:55:00,1.2197,11378708.4612,1.2298,0.838,150602.6201,5.1362,6126831.937,962.1443
node-042,2024-01-01 19:55:00,0.0244,10819078.3664,0.0,0.4136,97808.2577,4.0333,5950564.4779,921.4421
node-043,2024-01-01 19:55:00,1.5536,11005785.3483,1.0013,0.4961,80830.1995,6.9257,6317182.8508,933.572
node-044,2024-01-01 19:55:00,1.8234,9949476.0608,0.0,0.7978,120019.3277,8.9899,5932937.1508,873.9057
node-045,2024-01-01 19:55:00,0.5033,10607606.9386,0.0,0.8833,99062.3369,4.7981,6042413.693,874.6563
node-046,2024-01-01 19:55:00,0.8242,9680949.9455,0.342,0.4073,105084.5232,4.05,6054277.4294,895.3339
node-047,2024-01-01 19:55:00,0.8927,9356202.1203,0.0,0.4882,94775.2606,7.9704,6333891.024,883.9054
node-048,2024-01-01 19:55:00,1.4942,10570545.406,0.0,0.4037,131029.1963,3.9923,6282602.2006,864.7891
node-049,2024-01-01 19:55:00,0.1944,8730619.1937,0.0,0.0712,111398.4082,0.0,6279880.3271,834.9841
node-050,2024-01-01 19:55:00,0.1831,9380170.568,0.0823,0.2209,123485.8663,0.0973,6211854.4476,821.5479
node-051,2024-01-01 19:55:00,0.0,10032474.2071,0.0,1.0959,142577.6844,9.5819,6252176.4963,890.1189
node-052,2024-01-01 19:55:00,3.0809,10097827.449,0.0,0.5081,122994.9569,3.4465,6197551.3044,923.6736
node-053,2024-01-01 19:55:00,0.2081,10245609.2532,0.0901,0.6543,101239.4177,8.9726,6073282.3164,878.466
node-054,2024-01-01 19:55:00,1.1419,9655488.4594,0.0,0.7457,130568.5744,6.3625,6610175.6603,857.7616
node-055,2024-01-01 19:55:00,0.9149,10677161.5003,0.2895,0.7068,134818.3373,4.0176,6439736.8886,932.5357
node-056,2024-01-01 19:55:00,0.8253,10492020.3218,0.3315,4.7567,122370.7543,6.0812,6110315.7356,896.1473
node-057,2024-01-01 19:55:00,0.0037,8376903.7955,0.0,0.6042,87863.2161,8.0579,6297367.2198,907.3273
node-058,2024-01-01 19:55:00,0.066,10452275.5002,0.0,0.8162,130510.9351,0.0,6254405.3403,879.3957
node-059,2024-01-01 19:55:00,2.6056,10383268.8113,0.3959,0.5545,89652.9496,12.0436,6263005.7427,896.0925
node-060,2024-01-01 19:55:00,0.4807,9997577.7301,0.0,0.6053,105883.0855,8.0792,6199835.3081,863.798
node-061,2024-01-01 19:55:00,1.2183,10497323.478,0.0,0.7169,129931.2003,5.0007,6193328.9785,918.2114
node-062,2024-01-01 19:55:00,1.9032,10619704.8085,0.389,0.58,125873.1219,7.0929,6075126.7891,905.1822
node-063,2024-01-01 19:55:00,0.0039,9581853.0548,0.0169,0.8783,121513.6916,5.0266,6086323.1878,902.5415
node-064,2024-01-01 19:55:00,0.0349,9499861.1201,0.0,0.5606,120215.8582,5.0369,6271829.8138,932.9729
node-065,2024-01-01 19:55:00,0.0875,10242480.4053,0.0,0.9171,66121.0865,5.0778,6016924.3044,905.4696
node-066,2024-01-01 19:55:00,1.0086,10495011.4452,0.0,0.8331,94375.7408,4.9225,6366112.6677,909.8462
node-067,2024-01-01 19:55:00,0.1389,9685990.6901,0.1794,0.4988,80886.1451,9.71,5956616.3114,882.646
node-068,2024-01-01 19:55:00,0.1007,11042876.3775,0.2868,0.9018,127556.6136,8.5159,6269954.2886,874.0245
node-069,2024-01-01 19:55:00,0.5168,9410817.1954,14.5487,0.9241,116381.2741,9.0762,6225393.3271,917.8116
node-070,2024-01-01 19:55:00,1.7105,10118460.9312,0.1461,0.803,121730.1313,7.2088,6054048.7163,870.3586
node-071,2024-01-01 19:55:00,0.0721,9780638.5769,0.436,0.6005,89832.3438,6.9624,6007602.2178,930.5424
node-072,2024-01-01 19:55:00,0.4178,107073911.029,0.3032,0.1988,124484.1939,1.9467,6184568.61,834.9659
node-073,2024-01-01 19:55:00,0.4598,9533713.7312,0.0,0.429,111345.9561,11.0382,5795920.4974,937.5
node-074,2024-01-01 19:55:00,0.2229,10445081.1998,0.3264,0.4776,89992.4282,4.7307,6188502.3519,858.5712
node-075,2024-01-01 19:55:00,0.103,11485890.8756,0.0,0.6854,107000.9635,7.9579,6151171.7872,920.9989
node-076,2024-01-01 19:55:00,0.0268,11055944.3453,0.0,0.0871,123061.3352,1.2068,6272609.2173,849.6515
node-077,2024-01-01 19:55:00,1.6703,10425786.2577,1.2403,0.9691,103582.0121,8.0499,6292785.3632,866.9257
node-078,2024-01-01 19:55:00,0.6946,11003732.757,0.4225,1.0993,75941.6117,6.9202,6193816.1769,889.4396
node-079,2024-01-01 19:55:00,0.0,10163673.1316,0.1199,0.5898,124788.4099,7.919,5999921.9489,863.6289
node-080,2024-01-01 19:55:00,0.1159,9188476.7064,0.0,0.8903,74861.5061,15.9475,6246166.9736,867.7317
node-081,2024-01-01 19:55:00,3.4936,9783689.5493,0.0,0.3773,147753.6453,8.0589,6500324.0345,875.2683
node-082,2024-01-01 19:55:00,0.0,9266069.3622,0.0657,0.117,113223.2025,0.0,5986363.4588,833.2169
node-083,2024-01-01 19:55:00,0.2121,10407243.7464,0.333,0.8167,111585.2461,8.1876,6168844.5945,905.7664
node-084,2024-01-01 19:55:00,0.1038,10272328.6102,0.0,0.4847,93283.3539,6.1053,6351866.8265,910.5983
node-085,2024-01-01 19:55:00,0.1047,10481737.5115,0.0,0.6832,135248.3822,0.0385,5791517.3404,924.6974
node-086,2024-01-01 19:55:00,0.49,10738686.8081,0.0,1.5003,131343.2976,3.9491,5299154.7958,899.2548
node-087,2024-01-01 19:55:00,0.1035,10706101.571,0.0,0.7005,126494.2549,6.9822,6198170.8323,884.5336
node-088,2024-01-01 19:55:00,0.1147,9718947.4966,0.6239,0.3904,125475.4232,7.0711,6337406.457,927.2838
node-089,2024-01-01 19:55:00,0.9113,9791580.2394,0.0,1.0884,128010.4727,10.1301,6193665.8651,906.518
node-090,2024-01-01 19:55:00,0.1152,11545130.448,0.4314,0.6002,105242.9949,6.3812,6264414.448,928.8196
node-091,2024-01-01 19:55:00,0.0806,10072966.8399,0.0,0.6783,108569.5042,2.9889,6061924.1793,937.5407
node-092,2024-01-01 19:55:00,0.2018,10595227.7485,0.2645,0.587,96163.8172,10.0208,6341876.5443,957.6469
node-093,2024-01-01 19:55:00,2.3526,11125689.8346,0.0,0.4848,133994.5542,11.9816,6160552.3432,913.7439
node-094,2024-01-01 19:55:00,0.8814,10673090.9599,0.0,1.0048,98341.4221,8.014,6021669.7971,894.7211
node-095,2024-01-01 19:55:00,0.3852,9765889.9829,0.6158,0.6865,114546.0822,11.0056,5873954.5224,871.4025
node-096,2024-01-01 19:55:00,0.0701,10903198.6679,0.0,0.6397,113140.2495,6.2041,6155076.2893,938.2958
node-097,2024-01-01 19:55:00,1.0882,10694094.595,0.0,0.9988,124348.5286,6.8323,5982528.6881,912.4435
node-098,2024-01-01 19:55:00,0.0876,9791415.884,0.1452,0.6164,130143.0037,8.9782,6188582.4114,908.9767
node-099,2024-01-01 19:55:00,0.9196,9607248.7373,0.5215,0.7999,114613.1307,6.0097,6090638.2703,886.6431
node-100,2024-01-01 19:55:00,0.0,10339408.5199,0.0,0.3389,111808.1632,8.9807,6300265.2388,940.9891
node-101,2024-01-01 19:55:00,0.3173,8789689.9348,0.2667,0.0982,76007.2617,5.0195,6223635.6903,878.7906
node-102,2024-01-01 19:55:00,0.0042,10194713.4804,0.0,0.6995,91771.6582,9.0553,6177702.5982,879.9006
node-103,2024-01-01 19:55:00,0.6233,9723643.4664,0.0,0.5073,109705.5767,3.8846,6038509.8711,906.1476
node-104,2024-01-01 19:55:00,1.4871,10503823.0395,0.1541,0.8069,100649.9613,5.6802,6090900.463,902.425
node-105,2024-01-01 19:55:00,0.1064,10730683.983,0.0,0.8366,139242.3739,6.0319,6176204.5544,925.4925
node-106,2024-01-01 19:55:00,0.4071,9353131.1247,0.0,0.1906,126738.8689,3.6909,6126253.6898,886.5769
node-107,2024-01-01 19:55:00,0.1064,9322098.0326,0.0,0.805,130614.6213,7.9986,5981029.5051,877.1908
node-108,2024-01-01 19:55:00,0.3959,10873623.0443,0.0556,0.4439,116810.4317,6.9948,6186207.6385,928.8205
node-109,2024-01-01 19:55:00,1.0807,10170742.1661,0.0,0.6063,87365.3225,9.1071,6143911.8279,887.0916
node-110,2024-01-01 19:55:00,1.7154,9567000.8265,0.4399,1.1043,134535.4075,8.8858,7033706.7585,1022.2736
node-111,2024-01-01 19:55:00,0.1047,11061194.4042,0.0875,0.6917,95881.9464,6.011,6152002.8021,915.3569
node-112,2024-01-01 19:55:00,0.0156,9509397.7142,1.4666,0.5516,93775.9918,6.0189,6107065.2939,924.3663
node-113,2024-01-01 19:55:00,0.0906,10197621.5663,0.3344,0.883,144782.7961,6.8088,6299787.7368,911.7892
node-114,2024-01-01 19:55:00,0.0895,9851444.6064,0.0,0.421,143154.2455,7.9127,5942096.781,913.2981
node-115,2024-01-01 19:55:00,3.3332,9375467.485,0.0,0.5928,105039.3204,15.9283,6235481.4472,894.7749
node-116,2024-01-01 19:55:00,0.0958,9683736.1927,0.2439,0.6845,124501.1792,8.9879,6203767.0235,887.844
node-117,2024-01-01 19:55:00,0.1108,9191034.6756,0.8368,0.9001,102597.6619,6.5929,6263727.9865,877.6587
node-118,2024-01-01 19:55:00,0.3177,9755747.5434,0.0,0.8044,115580.5865,6.0992,6222564.321,887.1407
node-119,2024-01-01 19:55:00,1.4045,11141011.0285,0.0,0.571,117209.0432,4.9804,5740825.4818,907.222
node-000,2024-01-01 19:56:00,0.4688,9897484.376,0.0,1.4374,126791.6968,7.0601,6234431.1241,895.0925
node-001,2024-01-01 19:56:00,0.1031,9620113.9355,1.0181,0.7042,121640.2388,8.8855,5921148.3896,916.4851
node-002,2024-01-01 19:56:00,0.0195,9472545.3131,0.803,0.7003,89957.5195,6.6558,5839742.7469,931.5822
node-003,2024-01-01 19:56:00,0.1356,10587007.4974,0.2105,0.9752,126152.4389,7.0195,5860616.9989,911.2371
node-004,2024-01-01 19:56:00,0.0,9969814.4917,0.0,1.4922,144447.2978,6.0638,6160334.2737,936.905
node-005,2024-01-01 19:56:00,0.0114,8667983.2252,0.0,0.7872,116580.0069,6.6285,5852818.4723,910.0928
node-006,2024-01-01 19:56:00,0.8566,9942274.9702,1.4494,0.1003,107375.5136,3.9544,6189588.7687,863.1924
node-007,2024-01-01 19:56:00,0.79,9698551.9951,0.0,0.5706,146949.2733,11.934,5893968.0574,936.3633
node-008,2024-01-01 19:56:00,2.0389,9560283.1887,0.0,0.5978,103445.1726,9.7276,6225093.247,917.8009
node-009,2024-01-01 19:56:00,0.1045,10231488.8611,0.0,0.7813,119798.6542,8.7847,6186748.9211,947.3123
node-010,2024-01-01 19:56:00,0.0842,9735061.8536,0.949,1.6098,147141.0633,8.018,6263582.3932,930.7338
node-011,2024-01-01 19:56:00,0.2547,8892390.3032,0.0,0.8565,123901.9439,6.9366,5901490.8316,900.9653
node-012,2024-01-01 19:56:00,0.4239,8708113.5981,0.0894,0.6601,114022.6366,7.9028,6255242.2227,914.2271
node-013,2024-01-01 19:56:00,0.3231,9374796.3885,0.0,0.9904,137009.4742,0.1138,67432.0339,922.8073
node-014,2024-01-01 19:56:00,0.1168,10474868.5345,0.0,0.6849,93946.1374,8.7572,6101180.0482,929.8194
node-015,2024-01-01 19:56:00,0.1165,10203451.9226,0.5994,0.1742,126650.2272,0.9862,6209982.2488,864.2365
node-016,2024-01-01 19:56:00,3.5856,9715797.3231,0.2009,0.6887,85341.7852,8.5303,6005115.7888,904.0184
node-017,2024-01-01 19:56:00,0.093,11868485.7715,1.221,0.6124,124821.9552,7.2958,5818062.2717,908.2517
node-018,2024-01-01 19:56:00,1.4697,9711878.0112,0.0,1.3953,122003.0815,10.049,6240968.8495,898.3166
node-019,2024-01-01 19:56:00,0.0861,10886742.356,0.2138,0.5746,118002.5567,7.9532,6197882.7678,928.619
node-020,2024-01-01 19:56:00,0.3815,9395327.4383,0.8589,1.3181,156479.4153,7.9365,6137435.7214,903.5013
node-021,2024-01-01 19:56:00,0.0894,9964008.4575,0.0,1.2011,109680.9441,10.8211,5973887.2041,942.3442
node-022,2024-01-01 19:56:00,0.2059,9908579.3866,0.0,0.5297,120980.6457,8.9829,5742794.2798,932.0164
node-023,2024-01-01 19:56:00,0.0968,9495256.4466,0.0,0.9399,122012.7239,10.8904,5887790.5262,923.7332
node-024,2024-01-01 19:56:00,0.13,9698842.7417,0.333,1.1977,121595.6277,8.9735,6196724.6712,918.2123
node-025,2024-01-01 19:56:00,0.0383,10913763.5279,1.1742,0.9382,107784.3955,12.0098,6209304.8091,916.918
node-026,2024-01-01 19:56:00,0.097,9825509.1306,0.0124,0.107,87487.135,1.9789,6189376.6914,842.4156
node-027,2024-01-01 19:56:00,0.0918,9692124.2943,0.9814,0.8409,75510.9009,10.0257,6433210.3995,919.5014
node-028,2024-01-01 19:56:00,0.116,11108294.909,0.5419,0.4971,109824.9453,9.064,5989729.4537,907.8929
node-029,2024-01-01 19:56:00,0.5556,9463513.59,0.2893,0.5375,117715.1219,7.9557,6175778.9638,914.2609
node-030,2024-01-01 19:56:00,0.0907,9999489.8705,0.0,0.5101,191490.4053,8.0489,6356710.1379,949.6709
node-031,2024-01-01 19:56:00,0.1304,28976167.5334,0.2268,0.8972,2393.3171,0.0,35849.1342,10.0273
node-032,2024-01-01 19:56:00,0.0883,9283765.3851,0.0,0.7629,113552.7658,6.8667,6118386.8193,869.154
node-033,2024-01-01 19:56:00,0.4537,9295138.2121,0.1641,0.7007,133868.465,6.4435,6215694.6502,924.8974
node-034,2024-01-01 19:56:00,0.2241,9208918.5769,0.0,0.1033,78499.6645,2.0417,6191213.4191,859.1489
node-035,2024-01-01 19:56:00,0.0967,11819018.1101,0.0563,0.4938,77088.131,6.1086,6157981.9793,891.0049
node-036,2024-01-01 19:56:00,0.2094,9998207.7139,0.5388,0.5751,132743.9625,3.0234,6233613.1652,919.6597
node-037,2024-01-01 19:56:00,0.4007,9218108.4833,0.5234,0.8267,130426.7846,9.0178,6096538.8512,916.5753
node-038,2024-01-01 19:56:00,0.3128,9750195.6081,0.0,0.3014,143497.8352,3.5229,5907168.6508,938.3616
node-039,2024-01-01 19:56:00,0.4557,10771300.076,0.7459,0.5602,108004.4066,8.0797,6163008.0344,875.1511
node-040,2024-01-01 19:56:00,0.3222,10389180.564,0.1295,0.1331,138219.2291,0.0819,6175743.7445,821.2818
node-041,2024-01-01 19:56:00,0.2042,10723323.0334,0.0,0.9041,95802.0107,5.1509,6208004.5866,911.4766
node-042,2024-01-01 19:56:00,0.0564,10379787.4641,0.7704,0.5106,112812.7602,6.0665,6020819.9995,918.5953
node-043,2024-01-01 19:56:00,0.0,10786600.3346,0.0,1.2261,121306.4743,6.0098,6212323.5199,923.635
node-044,2024-01-01 19:56:00,0.0959,9732342.8701,0.5287,0.7863,86323.9059,10.0249,5995620.3948,913.2726
node-045,2024-01-01 19:56:00,0.5487,9969368.0777,0.0,0.4467,107687.3293,11.05,5876796.8026,908.1274
node-046,2024-01-01 19:56:00,1.0939,8823482.3786,0.0,0.4016,126918.293,13.0437,6332951.0831,916.6853
node-047,2024-01-01 19:56:00,0.0982,8912594.3264,0.0777,0.4415,112684.4981,7.856,5958158.0687,895.4695
node-048,2024-01-01 19:56:00,0.0976,9786104.8191,0.6363,0.4741,125366.5948,6.027,5783318.8241,871.4451
node-049,2024-01-01 19:56:00,0.3041,8540696.9071,0.0,0.0766,113894.6932,0.1366,6236990.507,883.097
node-050,2024-01-01 19:56:00,0.0,8775917.5556,0.2319,0.2232,109796.1145,0.5813,5609152.1591,872.5831
node-051,2024-01-01 19:56:00,0.1942,9295187.9101,0.0,1.4712,154837.7716,7.9549,6264630.7442,927.1597
node-052,2024-01-01 19:56:00,0.194,9598712.0256,0.0,1.0923,105892.3155,6.0767,6202183.9074,918.7112
node-053,2024-01-01 19:56:00,0.0962,10459057.1616,0.3922,1.016,137306.4662,5.0317,6248957.0841,933.1611
node-054,2024-01-01 19:56:00,0.2422,9046289.5311,0.0,0.7944,122955.6081,8.0603,6188333.541,875.1732
node-055,2024-01-01 19:56:00,0.9013,10303866.8528,0.0,0.7118,93760.8866,4.7649,6174756.8843,934.3835
node-056,2024-01-01 19:56:00,0.7873,10505428.509,0.0,0.5943,118597.1474,10.0831,6258521.5294,892.1674
node-057,2024-01-01 19:56:00,0.2491,7835665.5108,0.0028,1.2794,132203.5386,8.1356,6191527.8731,935.6214
node-058,2024-01-01 19:56:00,0.1211,10507632.9005,0.0,1.2134,159740.0373,11.0003,5936331.8174,892.2224
node-059,2024-01-01 19:56:00,0.0987,9720220.4555,0.6014,0.8969,120206.7241,7.8388,6203894.7186,890.2623
node-060,2024-01-01 19:56:00,2.1686,9428107.1863,0.0,0.6171,100699.8191,7.945,6030975.8792,925.1955
node-061,2024-01-01 19:56:00,0.4439,9640517.1666,0.0809,0.9865,70321.794,9.8736,5895176.8432,909.4952
node-062,2024-01-01 19:56:00,0.3789,10183605.0731,0.0,0.6736,123518.9009,7.9474,6093153.8989,885.9419
node-063,2024-01-01 19:56:00,1.4947,9482320.3347,0.0,0.9019,110121.9728,2.0382,5808856.8423,927.9613
node-064,2024-01-01 19:56:00,0.1954,9181368.6623,0.0,0.7949,124975.0942,5.0148,6159369.5153,925.0113
node-065,2024-01-01 19:56:00,1.3093,9905848.8851,0.0,1.0035,125727.0389,4.3691,6200690.8059,930.2619
node-066,2024-01-01 19:56:00,0.1062,10220740.7223,0.0,0.8198,130526.3342,4.9683,5871447.1789,918.3026
node-067,2024-01-01 19:56:00,0.1892,9284231.4218,1.9065,0.7683,146655.4502,8.9083,6250009.2821,931.06
node-068,2024-01-01 19:56:00,0.1737,10112465.9835,0.0,1.2029,120327.4413,9.0823,5787913.8671,914.1236
node-069,2024-01-01 19:56:00,0.1105,9260860.7384,13.7423,0.4057,129045.3469,8.9917,5759075.681,890.2041
node-070,2024-01-01 19:56:00,0.8087,10037216.6317,0.2495,0.7911,120915.8692,7.212,6214212.1633,922.7561
node-071,2024-01-01 19:56:00,0.0923,9102637.0061,0.4079,0.4104,112606.7166,6.9475,6217401.105,929.7604
node-072,2024-01-01 19:56:00,0.0,106662486.49,0.0712,0.198,106344.04,0.9658,5928136.599,858.0524
node-073,2024-01-01 19:56:00,0.0008,9645695.8456,0.0,0.4957,120396.7969,11.0908,6228165.788,922.0788
node-074,2024-01-01 19:56:00,0.2054,9456014.8904,0.0,0.4052,125333.8059,3.9868,6043190.8175,893.7965
node-075,2024-01-01 19:56:00,0.6635,10969375.8675,0.0,0.2926,129195.3055,8.9947,5795949.135,898.0927
node-076,2024-01-01 19:56:00,0.0,11100899.4758,0.0,0.1353,82264.3516,0.0797,6234104.275,840.8688
node-077,2024-01-01 19:56:00,0.0941,9577536.1747,0.0,0.8983,122315.6053,8.0585,5802878.8772,918.0973
node-078,2024-01-01 19:56:00,0.4917,10101685.948,1.1419,0.4212,134757.942,6.8903,6133817.473,906.7482
node-079,2024-01-01 19:56:00,0.0045,9757372.8762,1.0928,0.6443,113207.5304,9.0044,5903317.1157,928.2883
node-080,2024-01-01 19:56:00,0.1243,9339902.7273,0.0,0.4745,115342.0075,15.0415,5731837.6408,923.9421
node-081,2024-01-01 19:56:00,0.3108,9732736.4987,0.3978,0.6488,140864.9008,6.9417,6498835.9274,980.3653
node-082,2024-01-01 19:56:00,0.0,9042910.0499,0.0,0.2027,123790.1921,2.9126,6400892.5299,878.304
node-083,2024-01-01 19:56:00,0.0,9526958.1557,1.3184,1.2845,117992.0305,9.0608,6113013.1127,886.0294
node-084,2024-01-01 19:56:00,0.8608,10092857.3189,0.0,1.0033,110354.3559,6.1667,6206555.9801,915.8714
node-085,2024-01-01 19:56:00,0.0945,10673126.6343,0.0,1.4917,120403.0505,10.0904,6216970.349,937.1551
node-086,2024-01-01 19:56:00,0.5238,10242608.7794,0.0,1.5052,85393.4935,13.1027,6470770.3293,938.3588
node-087,2024-01-01 19:56:00,0.1158,9938589.094,0.0,0.5063,80980.4015,6.9392,5841054.4427,904.1176
node-088,2024-01-01 19:56:00,0.6123,9272482.5976,0.0,0.6268,120941.1142,5.0058,6240178.2059,936.3647
node-089,2024-01-01 19:56:00,0.3043,9506003.2155,0.2213,1.5955,121791.6452,9.7767,6210925.436,917.1283
node-090,2024-01-01 19:56:00,0.3008,10797546.2101,0.0,0.6293,163358.397,9.0435,6110332.1114,910.1749
node-091,2024-01-01 19:56:00,0.2863,10016569.432,0.0,0.7792,112278.6955,6.8941,6102697.0683,929.3003
node-092,2024-01-01 19:56:00,0.3198,10350425.1509,1.3053,1.0856,118072.7209,10.0288,6156992.7948,909.8963
node-093,2024-01-01 19:56:00,0.079,10374714.6917,0.6774,0.6198,109680.0953,11.5704,5780145.3597,901.8508
node-094,2024-01-01 19:56:00,1.1778,10452593.5919,0.0,0.9257,128421.6549,10.0102,5911121.885,917.7447
node-095,2024-01-01 19:56:00,0.3957,9303695.2674,0.0,0.8135,85229.0442,9.1493,6009410.7302,924.5477
node-096,2024-01-01 19:56:00,0.1366,10720306.2682,0.0,1.2218,135032.8716,7.9651,6203692.3613,920.0133
node-097,2024-01-01 19:56:00,0.2958,10375006.9557,0.0,0.8748,85369.0055,11.0521,6209392.7769,909.9871
node-098,2024-01-01 19:56:00,0.0959,9791419.9612,0.4157,0.625,139269.2243,10.1555,6213341.8519,911.0193
node-099,2024-01-01 19:56:00,0.3748,9266456.9578,0.3732,0.7562,133122.9682,6.2576,6140726.369,910.4197
node-100,2024-01-01 19:56:00,0.0982,9613221.4373,0.5197,1.0153,166840.4229,8.7912,6151773.2612,935.8926
node-101,2024-01-01 19:56:00,0.1525,8071384.8282,0.0,0.2118,80398.2473,4.1499,6669994.8615,950.09
node-102,2024-01-01 19:56:00,0.0959,10526852.744,0.0,0.8454,115236.1892,5.8134,5857694.7052,922.4434
node-103,2024-01-01 19:56:00,0.3759,9340187.3299,0.3035,0.7117,107987.6822,2.9918,6304041.689,933.4797
node-104,2024-01-01 19:56:00,0.7734,10048987.6856,0.3894,0.9638,155241.9462,9.8946,6185552.8757,900.9961
node-105,2024-01-01 19:56:00,0.3075,10210087.8697,0.0,1.0487,124426.9631,6.7093,6217021.411,930.9278
node-106,2024-01-01 19:56:00,0.3924,9062741.4494,0.4029,0.2017,123763.6518,4.031,5950981.7312,851.3038
node-107,2024-01-01 19:56:00,0.1009,9061866.2895,0.0,0.8064,123814.0651,8.0585,6151130.9355,873.6779
node-108,2024-01-01 19:56:00,1.2769,10512697.0596,0.0,1.042,87966.153,7.0183,6304770.4677,935.7383
node-109,2024-01-01 19:56:00,0.355,10014777.6464,0.0,1.1118,122932.4128,5.9888,6190069.8147,872.7932
node-110,2024-01-01 19:56:00,1.7113,9392541.4178,0.0,1.1094,148041.9036,8.5318,6151497.4037,931.8443
node-111,2024-01-01 19:56:00,0.1251,10892203.484,0.0,0.7826,121777.5715,7.9946,6037014.3609,915.587
node-112,2024-01-01 19:56:00,0.1045,9086081.1383,0.0,0.8094,124385.1901,6.0548,6235558.2771,920.0875
node-113,2024-01-01 19:56:00,0.095,9657254.7089,0.0,0.8249,97709.6844,7.0904,5958363.3398,907.2394
node-114,2024-01-01 19:56:00,0.1022,9381046.6623,0.5812,0.7559,139875.6268,5.9236,6168066.4678,907.2425
node-115,2024-01-01 19:56:00,0.786,9356604.6632,0.0,0.7271,132449.1852,9.9652,6317447.5113,935.4062
node-116,2024-01-01 19:56:00,2.8742,9731156.8162,0.0,1.0535,108507.7116,9.2604,5853477.5424,882.3477
node-117,2024-01-01 19:56:00,0.1064,9437882.5123,0.0,0.8954,149317.4719,9.0218,6224818.5484,896.0317
node-118,2024-01-01 19:56:00,0.0923,9550562.6117,0.0,1.4005,124479.6928,5.863,6246762.6023,929.8412
node-119,2024-01-01 19:56:00,0.1036,10872175.8314,0.0,0.409,112550.5259,6.0833,6296939.9031,874.4881
node-000,2024-01-01 19:57:00,0.0869,9380354.5228,1.0844,0.9857,135546.3472,7.1265,5995332.6357,845.2855
node-001,2024-01-01 19:57:00,0.1142,8839129.7537,1.2606,0.5833,118545.0192,11.0297,6249877.3422,897.5214
node-002,2024-01-01 19:57:00,1.0344,9756653.8093,0.0,1.0089,110773.7473,8.911,6205677.7689,912.2821
node-003,2024-01-01 19:57:00,2.3792,10223681.2392,0.0,0.4858,122174.2592,3.9554,5996606.9287,911.5375
node-004,2024-01-01 19:57:00,0.3968,10158594.7578,0.8452,0.8938,109082.5087,3.0179,6239251.0171,874.1924
node-005,2024-01-01 19:57:00,0.3871,8227258.0039,0.0,0.9027,94291.2653,9.0676,5807127.6091,900.6666
node-006,2024-01-01 19:57:00,0.2294,9935241.0262,0.3095,0.1753,122274.9232,4.5915,6105107.4935,825.8799
node-007,2024-01-01 19:57:00,0.1038,9129051.7886,0.0,0.522,166064.8192,7.0348,6336837.2638,872.5153
node-008,2024-01-01 19:57:00,0.4651,9431701.8705,0.0,0.5468,119443.009,9.0208,6030930.4574,854.8999
node-009,2024-01-01 19:57:00,0.1054,10245580.7921,0.0,0.6308,90847.4264,6.0545,6007035.1354,902.8505
node-010,2024-01-01 19:57:00,1.1446,9747014.8338,0.0,1.0896,130180.2503,7.9502,6031738.3656,922.6773
node-011,2024-01-01 19:57:00,1.9186,9231852.2105,0.9617,0.5073,101564.7868,0.9383,6194628.0159,846.1651
node-012,2024-01-01 19:57:00,4.3946,9346391.1202,0.0,0.6794,103926.946,13.8409,6033823.2371,881.6428
node-013,2024-01-01 19:57:00,1.3318,9190970.0514,0.4002,0.713,161467.9364,0.0,0.0,907.8252
node-014,2024-01-01 19:57:00,1.0272,11213760.0129,0.0156,0.4727,159936.0999,6.9205,6308521.2399,845.1874
node-015,2024-01-01 19:57:00,0.0024,9938322.5419,0.7228,0.0944,118874.0114,3.0979,5990297.7418,814.1207
node-016,2024-01-01 19:57:00,0.3704,9273255.0241,0.0,0.5878,131795.5449,11.942,5741420.5578,937.3502
node-017,2024-01-01 19:57:00,0.4882,11052254.4642,0.4728,0.5068,143490.3189,8.9646,6303610.6264,936.0718
node-018,2024-01-01 19:57:00,0.2056,9939101.9195,0.3067,0.8037,128527.0234,6.0105,5883660.6572,890.7536
node-019,2024-01-01 19:57:00,0.1896,10360023.7023,0.1278,1.1439,89889.682,8.5032,6120181.1527,921.6867
node-020,2024-01-01 19:57:00,1.5141,9038283.1035,0.0,1.8006,156379.3349,8.9842,5781141.0065,854.8692
node-021,2024-01-01 19:57:00,0.0915,9808109.7318,0.9274,1.3994,140398.9648,11.0517,6181014.8892,939.5263
node-022,2024-01-01 19:57:00,0.5863,9747691.5433,0.1153,0.9866,100776.7157,5.0993,6302648.7006,887.7836
node-023,2024-01-01 19:57:00,0.0,8741481.9064,0.0867,0.6296,111989.2529,4.0234,6285569.6073,872.9426
node-024,2024-01-01 19:57:00,0.3789,8984332.317,0.1892,0.3923,103398.9185,3.9971,5749459.9502,891.3696
node-025,2024-01-01 19:57:00,0.5031,10447630.164,0.0,0.5808,101580.2198,9.0784,5973847.1733,859.9051
node-026,2024-01-01 19:57:00,0.0156,9821858.9163,0.3241,0.0984,94541.3725,0.2118,6066755.3986,796.0953
node-027,2024-01-01 19:57:00,0.3785,9413856.0956,0.5346,0.6799,116043.9116,7.0302,5928399.3662,770.8823
node-028,2024-01-01 19:57:00,0.3866,10435915.5749,0.0,0.7333,110103.2542,9.0049,5896080.0431,879.4708
node-029,2024-01-01 19:57:00,2.6013,9637621.0155,1.4544,0.5255,122629.3596,7.9755,6097215.4049,865.8583
node-030,2024-01-01 19:57:00,3.8916,9745586.458,0.7072,0.7209,129045.4205,1.984,6153705.6076,952.0714
node-031,2024-01-01 19:57:00,0.1045,29146649.6701,0.0,0.0884,244.5249,0.0,55524.9391,0.0
node-032,2024-01-01 19:57:00,1.8299,9298024.9822,0.9633,0.7273,88584.7852,6.9621,6008240.298,829.9208
node-033,2024-01-01 19:57:00,0.2954,9560046.708,0.8275,0.7303,131060.4366,9.073,6001655.8253,850.879
node-034,2024-01-01 19:57:00,0.2865,8805253.3579,0.0,0.0901,113144.0171,0.0,6107875.2449,799.1854
node-035,2024-01-01 19:57:00,0.8113,11208554.1687,0.5444,0.4634,117725.0784,6.0201,5744205.8842,830.8081
node-036,2024-01-01 19:57:00,1.1909,9561109.405,0.0,0.5921,85444.5982,2.8149,6591933.0976,811.6458
node-037,2024-01-01 19:57:00,1.5967,9483370.6611,0.3759,0.3861,97326.5688,6.0976,5718186.3945,855.0773
node-038,2024-01-01 19:57:00,1.4183,9477591.0245,0.0,0.493,129340.7235,7.9357,6124181.7234,829.8146
node-039,2024-01-01 19:57:00,0.3878,10998644.6351,0.0689,0.6416,125150.7131,7.9504,6087147.647,843.821
node-040,2024-01-01 19:57:00,0.0,10111724.7099,0.0,0.2103,118707.5315,1.0955,6217893.1338,779.4833
node-041,2024-01-01 19:57:00,0.1096,10673844.2152,0.0466,0.689,91040.4751,5.9449,5753827.3705,853.1886
node-042,2024-01-01 19:57:00,0.1031,9505438.8385,0.0756,0.5004,136877.9949,6.9312,6182496.9381,845.2703
node-043,2024-01-01 19:57:00,0.1014,10014818.4536,0.0,0.4969,83747.8693,8.9992,6061982.9416,851.896
node-044,2024-01-01 19:57:00,0.288,8913718.4254,0.0,0.5359,130294.0366,6.8618,5994451.6832,885.4428
node-045,2024-01-01 19:57:00,1.2063,9510215.1073,0.5125,0.503,132604.4587,6.9772,6186385.3683,858.2191
node-046,2024-01-01 19:57:00,1.0816,9011485.2841,0.0,0.7084,83353.8511,11.8488,5930111.9641,900.719
node-047,2024-01-01 19:57:00,0.0811,8734838.7576,0.0,0.5058,119049.8716,7.6022,6223903.4513,887.5989
node-048,2024-01-01 19:57:00,0.0933,9932772.5777,0.0,0.6138,113977.5751,9.9885,6240373.005,817.862
node-049,2024-01-01 19:57:00,0.3233,8686695.9111,0.0,0.1083,130956.7856,1.092,6311227.318,822.774
node-050,2024-01-01 19:57:00,0.3243,8385648.2976,0.0,0.0902,101609.9281,3.0045,6457970.3841,776.057
node-051,2024-01-01 19:57:00,6.0749,9219585.8677,0.0,1.3951,176897.2002,5.1526,5842399.3163,869.9117
node-052,2024-01-01 19:57:00,0.6286,9636091.1658,0.0,0.4989,140190.2955,10.9843,6203384.4008,928.9585
node-053,2024-01-01 19:57:00,0.3829,9428384.347,0.0,0.4058,131118.5918,4.9506,6014430.6601,864.7612
node-054,2024-01-01 19:57:00,1.0549,9513717.8263,0.7601,0.6799,118388.2336,6.1171,6259683.7724,894.5334
node-055,2024-01-01 19:57:00,0.9326,9866008.7762,0.0,0.6403,121769.9811,9.0466,5874454.1741,869.5135
node-056,2024-01-01 19:57:00,0.0971,9695454.931,0.0,0.8083,127565.1851,9.019,6181013.4066,855.1558
node-057,2024-01-01 19:57:00,0.9576,7231615.7724,0.0,0.8892,109978.4497,9.1101,5921743.4087,882.4211
node-058,2024-01-01 19:57:00,0.1806,9736190.6472,0.4028,0.6527,108756.7616,11.0152,6025574.612,883.322
node-059,2024-01-01 19:57:00,0.1064,10209414.7597,0.6199,0.7891,135497.9932,6.0571,5849697.0552,876.4966
node-060,2024-01-01 19:57:00,0.1134,9248051.5334,0.0,0.5007,102536.8069,1.9306,6329619.8928,899.9881
node-061,2024-01-01 19:57:00,0.0953,9618993.0747,0.5721,0.8571,131163.2306,9.94,6215304.7115,857.0018
node-062,2024-01-01 19:57:00,0.0908,10254361.4131,0.3116,0.7152,108324.2145,7.8745,6114246.7922,838.3135
node-063,2024-01-01 19:57:00,0.211,9028503.2132,0.2218,0.6958,94656.6832,2.5538,6110006.835,872.6622
node-064,2024-01-01 19:57:00,0.0779,9621178.1818,0.8879,0.7865,104635.125,8.0365,5769823.6256,841.6613
node-065,2024-01-01 19:57:00,0.1019,10022785.2497,0.0,0.8969,118524.9929,1.8471,6231492.369,841.7268
node-066,2024-01-01 19:57:00,0.8876,10169203.0891,0.0,0.6963,124348.9838,4.9075,6174992.9372,833.375
node-067,2024-01-01 19:57:00,3.3938,9113573.6968,0.4483,0.6946,96141.1917,4.0625,5941715.1716,897.604
node-068,2024-01-01 19:57:00,0.0797,9842284.1939,0.0,0.5988,122450.5518,9.9445,5735693.4997,860.2919
node-069,2024-01-01 19:57:00,4.2011,9135876.3553,13.5352,0.9552,110909.9612,9.0708,6287603.339,838.9232
node-070,2024-01-01 19:57:00,0.0024,9265607.2825,0.1071,0.7973,106839.7565,7.9373,5824467.3774,915.5827
node-071,2024-01-01 19:57:00,0.6013,9179598.0938,0.1927,0.5082,134853.5863,4.1161,6044394.4713,877.7168
node-072,2024-01-01 19:57:00,0.2046,106854060.8253,0.1351,0.1229,126538.4758,0.0,6222183.9187,825.9334
node-073,2024-01-01 19:57:00,0.0982,9088208.5484,0.0,0.4895,121046.1122,8.9758,5874534.857,856.994
node-074,2024-01-01 19:57:00,0.8964,9368171.0308,0.1539,0.3896,115913.9917,2.9402,6191465.8006,838.6777
node-075,2024-01-01 19:57:00,0.1208,10725230.1652,0.0,0.5104,115768.532,8.8396,5882658.3806,818.8883
node-076,2024-01-01 19:57:00,0.5123,10568917.8299,0.5088,0.2002,112510.3957,2.0729,6018020.7852,818.8479
node-077,2024-01-01 19:57:00,0.0829,8980013.1746,0.0,0.8084,101446.2396,9.0548,5735137.2566,920.361
node-078,2024-01-01 19:57:00,0.4069,10276764.0818,0.0,0.5873,126503.5831,8.8957,6282294.8944,859.2076
node-079,2024-01-01 19:57:00,0.7951,9898284.0609,0.0,0.7929,103917.1088,3.9678,6336954.2041,887.5892
node-080,2024-01-01 19:57:00,0.1165,9458409.0106,0.6012,0.4984,130512.278,8.13,6212121.8813,852.7619
node-081,2024-01-01 19:57:00,0.7941,9274739.0796,0.4093,1.1018,184069.4992,1.9684,6016217.8511,901.379
node-082,2024-01-01 19:57:00,0.1739,8855389.9814,0.384,0.0959,91379.4899,1.0723,6364666.3045,791.2738
node-083,2024-01-01 19:57:00,0.7961,9205877.9211,0.0,0.8997,114902.8179,7.0821,6247216.6213,837.1401
node-084,2024-01-01 19:57:00,2.3961,9796548.2372,0.2728,0.4931,103940.7729,7.1426,6034610.5872,921.8545
node-085,2024-01-01 19:57:00,0.0956,10312777.7894,0.0277,1.5101,97205.4794,9.2432,6002202.4442,875.4404
node-086,2024-01-01 19:57:00,0.093,9461994.2699,0.4508,0.7141,123834.3228,12.3263,5931787.1655,827.579
node-087,2024-01-01 19:57:00,0.4023,9865858.9846,0.0,0.9052,132127.7477,12.136,6349819.1041,905.7214
node-088,2024-01-01 19:57:00,2.181,9794260.8936,0.347,0.5425,141681.698,4.0058,5817074.3789,868.065
node-089,2024-01-01 19:57:00,0.1044,9513016.3884,1.4363,1.2266,95266.9446,7.8667,5728810.6988,836.506
node-090,2024-01-01 19:57:00,0.533,10883202.5199,0.7611,0.5547,164163.0682,7.9396,5725653.6255,856.5555
node-091,2024-01-01 19:57:00,0.093,9653249.5798,0.7667,0.7907,103491.4777,0.9319,6260170.404,865.0661
node-092,2024-01-01 19:57:00,0.5213,10765383.9902,0.0,0.6394,92471.5764,7.9788,5782472.5602,834.5829
node-093,2024-01-01 19:57:00,0.0976,10571060.9081,0.8967,0.5271,115026.78,9.0174,6143414.6389,829.29
node-094,2024-01-01 19:57:00,1.189,9571658.0188,0.4528,0.7097,113664.9058,6.9342,6199554.5023,896.3875
node-095,2024-01-01 19:57:00,0.491,9210698.3739,0.5788,0.7889,100401.9885,5.9898,6332968.3757,893.7784
node-096,2024-01-01 19:57:00,0.3664,10955593.284,0.3617,0.5659,144499.6802,10.0697,6270968.9514,828.3573
node-097,2024-01-01 19:57:00,0.4148,9674104.0152,0.053,0.7023,120205.1269,5.9731,6039352.4254,834.4138
node-098,2024-01-01 19:57:00,0.0916,9695919.9647,0.3546,0.818,80211.3532,17.0438,6018467.782,846.4067
node-099,2024-01-01 19:57:00,0.1261,9134845.5991,0.0,0.6994,131917.1994,7.774,6282426.5389,888.5191
node-100,2024-01-01 19:57:00,0.1232,9991013.8653,0.0,0.942,172790.57,6.0754,5851903.7144,865.9687
node-101,2024-01-01 19:57:00,0.4971,8038960.9101,0.338,0.1894,111858.0775,3.1809,5769113.2152,817.2683
node-102,2024-01-01 19:57:00,0.7637,10002567.227,0.6826,0.6345,102540.2433,5.505,6243402.6328,930.1597
node-103,2024-01-01 19:57:00,0.5395,9058712.0961,0.5117,0.3966,92123.4372,1.055,6259326.1913,888.1066
node-104,2024-01-01 19:57:00,0.091,10256985.6868,0.0,0.6957,156623.5887,8.0396,5847976.1753,861.3705
node-105,2024-01-01 19:57:00,1.7753,9920951.3285,0.0,0.7824,130615.8231,11.211,5719383.7979,843.9089
node-106,2024-01-01 19:57:00,0.1897,8820940.7483,0.0,0.1143,132440.1103,9.9716,6524939.6564,834.971
node-107,2024-01-01 19:57:00,1.1465,8446089.756,4.4688,0.8699,100670.012,6.0006,6092057.2505,875.6561
node-108,2024-01-01 19:57:00,0.2562,10881530.3489,0.0,0.5412,139274.1919,5.9226,5772439.9397,849.7968
node-109,2024-01-01 19:57:00,0.3261,9502333.2259,0.0,1.0921,109329.8701,6.5881,5751277.7769,814.816
node-110,2024-01-01 19:57:00,0.2648,9423934.7022,0.0,0.62,107059.9889,4.9575,5787877.2235,851.015
node-111,2024-01-01 19:57:00,2.2063,10493563.0486,0.0,0.9046,115690.9481,3.9797,6025487.6345,849.1296
node-112,2024-01-01 19:57:00,0.0702,8966765.4065,0.3132,0.5004,122228.3607,7.995,5815264.1008,864.1333
node-113,2024-01-01 19:57:00,0.2775,9563556.5336,0.0559,0.7011,109821.3852,21.8891,6129675.765,836.8504
node-114,2024-01-01 19:57:00,0.5837,8895110.4609,1.0348,0.3802,109868.0478,4.0818,6089344.4071,935.5015
node-115,2024-01-01 19:57:00,0.0,9516508.9921,0.5684,0.7817,120674.5956,10.1366,5809734.7536,874.9254
node-116,2024-01-01 19:57:00,1.4452,9535553.3643,0.0,0.5209,122108.7665,10.9544,6184246.2205,839.7703
node-117,2024-01-01 19:57:00,0.8007,9195328.4436,0.7525,1.1251,169081.8591,6.098,5911103.9333,889.495
node-118,2024-01-01 19:57:00,0.0982,9140823.5917,0.0,0.5102,110094.4612,4.99,5864131.4243,860.749
node-119,2024-01-01 19:57:00,0.3336,11085759.4999,0.0489,0.6153,99772.4666,10.9811,6117292.0702,819.2679
node-000,2024-01-01 19:58:00,1.0963,9267151.7262,0.0,0.5782,154263.5008,6.031,6191645.9518,875.3675
node-001,2024-01-01 19:58:00,0.0987,8777299.972,0.0,0.7029,127311.0462,4.0475,6150386.1467,899.0061
node-002,2024-01-01 19:58:00,0.0016,9767144.9248,0.9977,0.4913,135754.8785,2.9574,6209744.3517,966.4652
node-003,2024-01-01 19:58:00,0.0517,10876344.9803,1.6581,0.8957,63227.4719,5.0509,6340057.7782,815.1014
node-004,2024-01-01 19:58:00,0.3811,9605723.2522,0.5411,0.8767,128911.5906,5.2131,6260755.0005,918.6581
node-005,2024-01-01 19:58:00,1.1661,8658020.8449,1.1199,1.1397,112855.8187,4.0512,6207038.7917,960.568
node-006,2024-01-01 19:58:00,0.212,9799580.1676,0.1814,0.1792,107008.5894,8.1098,5923260.8411,811.0228
node-007,2024-01-01 19:58:00,0.0874,9004118.3797,0.0,0.5092,159241.5864,8.9871,5862641.7315,937.2071
node-008,2024-01-01 19:58:00,0.1048,9338061.9017,0.7497,0.3052,120199.6158,6.9282,6311795.5787,928.0203
node-009,2024-01-01 19:58:00,0.121,9640478.4643,0.5803,0.9869,112521.301,6.0453,6344954.9205,953.7276
node-010,2024-01-01 19:58:00,0.1943,9201262.1753,0.0,1.4836,116364.7548,8.9984,5771488.5869,850.4399
node-011,2024-01-01 19:58:00,0.0,9275439.6915,0.3079,0.4052,115885.6093,4.2348,5996723.6724,923.2686
node-012,2024-01-01 19:58:00,0.9081,8634095.8563,0.0,0.6044,94824.8226,7.0118,6261774.1447,909.38
node-013,2024-01-01 19:58:00,0.1755,9226907.9399,1.0223,0.6785,161375.653,0.0,0.0,937.2585
node-014,2024-01-01 19:58:00,0.0,10683830.6844,0.0775,0.6342,112643.1555,7.1036,6003566.0973,921.7409
node-015,2024-01-01 19:58:00,0.0158,8713989.0089,0.3917,0.1033,111878.8758,0.1112,6174876.1186,859.5799
node-016,2024-01-01 19:58:00,2.9767,9346160.7159,0.1193,0.7916,123996.9705,7.9392,6148890.6513,883.4948
node-017,2024-01-01 19:58:00,3.001,10999206.8585,0.6448,0.4746,167935.2546,9.9601,6209521.8417,888.865
node-018,2024-01-01 19:58:00,0.2047,9521225.3485,0.5862,0.794,97007.486,5.9179,6333678.4965,939.3254
node-019,2024-01-01 19:58:00,0.0132,9748455.6854,0.5559,1.0762,93358.225,11.0626,5992886.277,915.196
node-020,2024-01-01 19:58:00,0.3439,9599066.5147,0.8939,6.8295,164085.1886,10.0155,6187170.6066,928.6609
node-021,2024-01-01 19:58:00,0.0929,9726855.6058,0.0,1.5896,115548.9675,5.8838,6208614.5563,933.4311
node-022,2024-01-01 19:58:00,0.1095,9336008.7102,0.1262,0.3838,238287.7291,6.4483,6025166.4105,941.0178
node-023,2024-01-01 19:58:00,0.1159,8618086.3889,0.0,0.6189,115973.7312,4.806,5950174.5438,923.1026
node-024,2024-01-01 19:58:00,0.0,9264146.5777,0.0,0.6103,77804.474,4.0317,6382844.2232,961.3039
node-025,2024-01-01 19:58:00,0.7053,10746972.0079,0.2482,0.5372,96434.026,8.0015,6263953.5452,907.3189
node-026,2024-01-01 19:58:00,0.0217,9776043.2093,0.0,0.0901,125408.1523,2.1535,6265346.4589,849.9692
node-027,2024-01-01 19:58:00,0.3982,9188333.1343,0.0,0.488,115486.4198,7.9442,6257584.1442,945.1829
node-028,2024-01-01 19:58:00,0.1955,9829724.2405,0.1343,0.7772,96480.8856,10.0923,6347966.9114,887.1857
node-029,2024-01-01 19:58:00,0.0832,9159096.8254,0.0,0.6831,77276.676,0.091,6207638.8206,904.1565
node-030,2024-01-01 19:58:00,0.6995,9404350.6001,0.1498,0.3992,88819.6763,9.0094,5990852.1999,886.4189
node-031,2024-01-01 19:58:00,0.0,28984233.6958,0.3921,0.0,8678.5164,0.0336,18747.3289,4.3624
node-032,2024-01-01 19:58:00,0.1017,9343975.1612,0.0,0.4996,113844.2423,7.9334,6403410.6778,931.3396
node-033,2024-01-01 19:58:00,0.3097,9134245.4414,0.5108,0.7258,117758.7926,7.9532,6258049.3735,917.0237
node-034,2024-01-01 19:58:00,0.0,8194988.0727,0.0,0.079,116480.7712,2.6486,6093258.2868,876.0072
node-035,2024-01-01 19:58:00,0.6056,11077753.5093,0.4789,0.5873,130117.127,9.0438,6188580.9748,929.3607
node-036,2024-01-01 19:58:00,0.0848,9727115.5949,0.3896,0.7955,145171.0087,1.9812,6432250.9386,942.0843
node-037,2024-01-01 19:58:00,0.073,9465401.3124,0.6677,0.4808,91621.1549,8.9722,6248170.5859,937.0576
node-038,2024-01-01 19:58:00,0.1025,9075153.0834,0.6331,0.6003,118231.3128,10.8626,6149487.1128,909.6441
node-039,2024-01-01 19:58:00,1.9602,9997386.5045,0.9916,0.387,120701.3691,7.9394,6221904.3031,933.0081
node-040,2024-01-01 19:58:00,0.0991,9935667.9726,0.0,0.0963,157924.9394,1.0326,6283329.8694,848.3429
node-041,2024-01-01 19:58:00,0.1121,9625652.0961,0.0,0.9022,114903.7329,5.9414,6226008.5748,926.2558
node-042,2024-01-01 19:58:00,3.1137,9538182.0882,0.4151,0.5862,111350.8497,8.542,6225297.28,894.4773
node-043,2024-01-01 19:58:00,0.5787,10374762.3539,0.6423,0.4205,130245.5129,8.891,6283457.418,918.4637
node-044,2024-01-01 19:58:00,0.1358,9451444.8813,0.0,0.6113,125362.5548,7.0243,6275223.6558,903.3279
node-045,2024-01-01 19:58:00,0.138,9480280.8098,0.0,0.4998,100862.2986,10.0353,6128817.1954,892.4856
node-046,2024-01-01 19:58:00,0.0994,9658341.3831,0.0,3.1851,120704.2766,4.9529,6195123.3729,957.0593
node-047,2024-01-01 19:58:00,0.5319,8828948.7455,0.0,1.2147,107625.54,5.1205,6325673.836,879.7539
node-048,2024-01-01 19:58:00,0.1079,9459332.7353,1.0064,0.5059,109019.1437,9.4342,5884134.6458,885.0892
node-049,2024-01-01 19:58:00,1.1285,8285145.3376,0.0,0.1905,84549.8339,2.9851,6253818.5916,871.5296
node-050,2024-01-01 19:58:00,0.119,8153006.4192,0.0,0.1218,121460.6798,0.0,5805683.1523,895.2417
node-051,2024-01-01 19:58:00,0.0879,9111738.5073,0.5239,1.2937,87202.9364,5.8552,6266469.56,961.3328
node-052,2024-01-01 19:58:00,0.5224,9379335.8307,0.0,0.6192,114195.8483,9.0208,5972167.7085,883.5959
node-053,2024-01-01 19:58:00,0.7236,9629614.2194,0.0,0.6233,129454.5184,5.1281,6191200.7293,942.7485
node-054,2024-01-01 19:58:00,0.0,9314014.6321,0.5068,0.7926,121085.1725,7.8541,6078994.9612,889.1218
node-055,2024-01-01 19:58:00,0.9109,9268666.4128,0.625,0.4056,120893.3167,5.0774,6251671.6735,937.9107
node-056,2024-01-01 19:58:00,0.108,9811170.5464,0.6402,0.4863,82181.4358,8.9999,6232120.3688,899.6177
node-057,2024-01-01 19:58:00,0.1012,7407873.1257,0.4757,1.0063,119849.4836,7.1273,6249388.6129,930.1604
node-058,2024-01-01 19:58:00,0.2718,10007984.0334,0.0,0.792,148687.1499,7.0616,6021610.7123,947.6148
node-059,2024-01-01 19:58:00,0.1067,9751105.6952,0.9698,0.8357,121637.5546,6.1358,5812152.5091,896.6798
node-060,2024-01-01 19:58:00,0.0918,9038333.2115,0.0,0.5093,100010.8898,9.0873,5934630.0964,947.579
node-061,2024-01-01 19:58:00,0.6719,9872956.8734,0.8147,0.9999,131120.187,10.0612,6404191.2125,935.6925
node-062,2024-01-01 19:58:00,0.1967,9408234.5989,0.0,0.6718,142115.463,8.047,5854257.432,909.8993
node-063,2024-01-01 19:58:00,0.2117,9443298.3111,0.0,0.7877,103100.4102,6.0827,6000469.5279,904.769
node-064,2024-01-01 19:58:00,0.1481,9590467.9033,0.265,0.81,126919.2984,10.0922,6203935.9363,933.4354
node-065,2024-01-01 19:58:00,0.1042,9667134.2703,0.0,1.3788,121277.0104,1.994,6167333.171,901.9593
node-066,2024-01-01 19:58:00,1.083,9430351.4344,0.9211,0.6871,114511.5881,1.9933,6187434.9986,924.2411
node-067,2024-01-01 19:58:00,0.0051,8791844.094,0.0,0.6989,129704.0307,6.9739,6337623.2726,950.73
node-068,2024-01-01 19:58:00,1.2328,9853792.9006,0.4784,0.7906,92501.4529,6.0236,5897292.8491,876.6644
node-069,2024-01-01 19:58:00,0.0726,9198240.2409,14.5789,1.1033,104859.0766,9.0585,6293702.6954,934.3737
node-070,2024-01-01 19:58:00,0.6952,8995059.4358,0.3315,0.6314,117622.329,9.0537,6246013.5553,915.3868
node-071,2024-01-01 19:58:00,0.1026,9450488.8131,0.2231,0.3904,110506.6435,4.0131,6261135.4866,918.3416
node-072,2024-01-01 19:58:00,0.0309,106325928.1752,0.256,0.0935,82744.5541,1.6561,6067019.0761,849.6324
node-073,2024-01-01 19:58:00,0.6984,8998796.887,0.2819,0.4884,101805.6971,13.9812,6156156.1553,920.9238
node-074,2024-01-01 19:58:00,0.2741,8451110.8525,0.0148,0.5958,132157.4436,3.0339,6231701.7478,885.8667
node-075,2024-01-01 19:58:00,0.0854,10401793.1744,0.4432,0.5146,83482.519,8.0014,6382875.1322,907.3016
node-076,2024-01-01 19:58:00,0.0096,10447773.7118,0.0,0.1978,118661.8842,0.0,6252968.4394,841.191
node-077,2024-01-01 19:58:00,0.0685,9398654.5288,0.0,0.9553,123801.2571,8.9036,6515550.0069,921.9356
node-078,2024-01-01 19:58:00,0.1046,9604747.6065,0.2193,0.9892,90237.6239,5.129,6185880.6069,931.4514
node-079,2024-01-01 19:58:00,0.4778,9257843.0046,0.1523,0.8538,109654.1844,3.8483,6272028.4792,927.9887
node-080,2024-01-01 19:58:00,0.3194,9692777.6757,0.0113,1.0066,116433.441,8.1325,5914289.068,909.0111
node-081,2024-01-01 19:58:00,1.29,8559440.8389,0.0,0.4774,185397.1485,1.8419,6315487.9162,890.7681
node-082,2024-01-01 19:58:00,0.0,8475517.1084,1.156,0.1106,94539.9441,2.0955,6230713.3579,871.6305
node-083,2024-01-01 19:58:00,0.187,9425780.8346,0.0,1.0886,107259.6045,9.8991,5891807.9578,914.3797
node-084,2024-01-01 19:58:00,0.9828,9624224.5426,0.1289,0.6183,125093.5357,14.0555,6097804.4516,926.9053
node-085,2024-01-01 19:58:00,0.4108,9968668.8821,0.0385,1.5194,96244.362,4.0306,6139938.3972,923.596
node-086,2024-01-01 19:58:00,0.09,9527729.7672,0.0,0.9191,132746.3,8.073,6221709.8426,948.4833
node-087,2024-01-01 19:58:00,2.3967,9428603.0762,0.0,0.6681,134993.4074,8.1184,6355831.973,933.996
node-088,2024-01-01 19:58:00,0.018,9495615.6987,1.2168,0.7132,113472.2733,5.5043,6352794.7854,906.6741
node-089,2024-01-01 19:58:00,0.3647,9186863.9971,0.02,1.2217,112898.2492,9.87,6133510.1601,924.2816
node-090,2024-01-01 19:58:00,0.7212,10252763.4924,0.0,0.6304,144425.006,8.0657,5842102.2965,905.3225
node-091,2024-01-01 19:58:00,0.1039,10280861.7393,0.1307,0.7972,118190.105,6.9333,6291389.9852,925.3813
node-092,2024-01-01 19:58:00,0.0008,10253902.2145,1.5198,0.4045,129617.2335,8.0182,6163154.0305,873.7399
node-093,2024-01-01 19:58:00,0.1063,10370791.843,0.0,0.4152,73056.0658,6.0257,5907117.7404,877.9892
node-094,2024-01-01 19:58:00,1.2108,9887768.8043,0.0,0.8595,133979.8157,2.9703,6192669.8533,874.7628
node-095,2024-01-01 19:58:00,0.0076,8747165.6144,0.3589,0.5837,132539.1683,8.9516,6220490.3054,957.5918
node-096,2024-01-01 19:58:00,0.4145,10482407.2052,0.0,0.5472,71190.1972,6.9481,5936409.258,925.027
node-097,2024-01-01 19:58:00,0.3377,9450586.435,0.3598,0.5751,125973.8684,5.9699,6195511.4866,926.7059
node-098,2024-01-01 19:58:00,0.1125,9552732.9179,0.9596,0.7889,148137.3959,8.0581,6025698.3334,911.6884
node-099,2024-01-01 19:58:00,0.4232,8993368.3698,1.1753,0.8915,86416.278,6.0377,6278203.4636,900.771
node-100,2024-01-01 19:58:00,0.3192,9964860.5869,0.7298,0.5554,130533.9437,4.9604,6319062.8258,905.4205
node-101,2024-01-01 19:58:00,0.5874,8071695.0373,0.4995,0.1125,138735.6468,3.1803,6199426.6995,875.8053
node-102,2024-01-01 19:58:00,0.2814,9701553.719,0.9914,0.6076,104941.4449,2.8084,6323952.3981,933.927
node-103,2024-01-01 19:58:00,0.3021,8697016.0231,0.5199,0.4925,124928.3163,4.2058,6247452.6339,920.4922
node-104,2024-01-01 19:58:00,0.0922,9256876.4407,0.0,0.9078,122783.7811,7.5658,6266856.9846,918.3192
node-105,2024-01-01 19:58:00,0.9531,9775170.0811,0.1774,0.799,155999.3068,3.9178,6276990.6575,954.6638
node-106,2024-01-01 19:58:00,0.1055,8796812.1824,0.0,0.1791,106343.0959,6.0764,6070406.7193,865.4714
node-107,2024-01-01 19:58:00,0.1137,8668212.6306,0.1646,0.7776,98329.9011,8.9325,6449128.8613,947.3159
node-108,2024-01-01 19:58:00,0.0219,10897213.6319,0.0,0.4573,107528.1626,9.8512,6245586.4208,874.2452
node-109,2024-01-01 19:58:00,0.3302,9579377.7972,0.8342,0.5587,147806.0566,9.8513,6209524.5363,878.2642
node-110,2024-01-01 19:58:00,0.088,9383761.4678,0.0,0.6753,106592.4064,4.096,6301745.9327,931.5021
node-111,2024-01-01 19:58:00,2.1747,10333869.1996,0.1837,0.8942,126228.3061,4.0577,6169372.7494,913.158
node-112,2024-01-01 19:58:00,0.1923,8878367.53,0.6601,0.4968,120672.1817,12.0043,6202176.3343,905.8437
node-113,2024-01-01 19:58:00,0.907,9178800.7417,0.435,1.1884,114859.6809,17.7222,6159779.7935,884.8989
node-114,2024-01-01 19:58:00,0.1069,9258374.3779,0.0,0.4945,175626.2031,7.0259,6139065.4387,865.0036
node-115,2024-01-01 19:58:00,0.327,9489664.0352,1.0994,0.7119,116305.8939,10.9723,6281451.3718,911.6
node-116,2024-01-01 19:58:00,2.5051,8968160.3928,0.0,0.4956,105322.4965,8.9006,5875548.8408,889.3916
node-117,2024-01-01 19:58:00,0.0849,9562226.1604,0.4479,1.1149,121536.1787,7.9595,6283544.262,934.7285
node-118,2024-01-01 19:58:00,0.1172,8975959.8179,0.7821,0.5078,110726.5116,7.8968,6262024.8922,914.8696
node-119,2024-01-01 19:58:00,0.48,10970508.04,0.0272,0.7155,154004.4126,8.8235,6282246.6986,868.8159
node-000,2024-01-01 19:59:00,0.2072,9657882.9682,0.0,1.4008,165970.0785,8.8306,5997634.134,848.4661
node-001,2024-01-01 19:59:00,0.0819,8965917.1288,0.0,0.7807,123387.2362,4.1204,6174305.5797,831.2219
node-002,2024-01-01 19:59:00,0.0886,9540789.5942,0.0,0.8846,107417.646,8.1348,6211047.9556,894.115
node-003,2024-01-01 19:59:00,0.2041,10326666.1767,0.2951,0.7767,145823.2877,5.9986,6227415.1322,955.0802
node-004,2024-01-01 19:59:00,0.3807,9509878.9023,0.9528,0.8044,93643.3084,6.8631,6212861.2829,891.3293
node-005,2024-01-01 19:59:00,0.0,8229397.0391,0.0,0.782,131904.7795,8.0719,6285809.6103,880.0179
node-006,2024-01-01 19:59:00,0.1959,10157384.1171,0.0,0.1925,109181.7965,3.0576,6177777.2045,848.7226
node-007,2024-01-01 19:59:00,0.2999,8784833.4439,0.0,0.5089,148899.0738,6.1252,6188222.2937,875.1697
node-008,2024-01-01 19:59:00,0.0,9041391.7898,0.0,0.7766,116389.0532,10.0143,6088801.4952,881.6009
node-009,2024-01-01 19:59:00,0.7181,9574760.4319,0.731,0.7665,136533.6384,8.1102,6147625.2453,915.3443
node-010,2024-01-01 19:59:00,0.0957,10127029.2824,0.2333,1.312,136470.0306,10.9492,6228380.9925,958.6528
node-011,2024-01-01 19:59:00,0.4139,8981857.1041,0.0,0.7131,107599.7118,7.0731,6315654.6622,878.4508
node-012,2024-01-01 19:59:00,0.0,8749483.119,0.0,0.8535,93502.5555,5.9736,6194960.1804,893.8225
node-013,2024-01-01 19:59:00,0.2109,9574374.1276,0.8634,0.6953,145763.1925,0.0,0.0,965.6371
node-014,2024-01-01 19:59:00,0.1009,10440344.6341,0.2929,0.9044,201840.2253,14.9106,6166068.8663,928.2157
node-015,2024-01-01 19:59:00,0.0065,8838993.365,0.0,0.0799,110119.8126,1.6741,5952217.4492,805.4062
node-016,2024-01-01 19:59:00,0.0961,9083730.3125,0.2558,1.0735,120299.2599,10.0052,6178710.031,968.3056
node-017,2024-01-01 19:59:00,1.4545,10598020.3329,0.14,0.5251,124554.046,5.9454,6227091.5726,949.0767
node-018,2024-01-01 19:59:00,0.0,9703267.1839,0.0,1.1082,114261.3513,8.9573,6276005.6344,886.7899
node-019,2024-01-01 19:59:00,0.47,9531648.4335,1.5724,0.9894,121190.405,7.0526,6248179.0106,888.0524
node-020,2024-01-01 19:59:00,0.2173,9452277.8314,0.0,1.6853,142278.8775,8.0831,6438206.1099,995.3342
node-021,2024-01-01 19:59:00,0.0898,9593242.7029,0.0,1.4898,96651.2579,6.9567,6343807.9756,914.514
node-022,2024-01-01 19:59:00,0.1101,9065156.8022,0.0,0.6958,136085.5625,8.074,6351505.4091,882.5182
node-023,2024-01-01 19:59:00,0.106,8529176.3469,0.0,0.5864,127766.2737,10.0893,6163486.9649,874.3735
node-024,2024-01-01 19:59:00,0.0,8968370.1512,0.9913,0.6024,127772.742,8.9051,6028729.4265,947.6996
node-025,2024-01-01 19:59:00,2.216,10336089.7063,0.0,0.7179,130483.5097,6.946,6108650.0536,860.638
node-026,2024-01-01 19:59:00,0.0204,9734553.0141,0.0,0.1719,98535.9685,3.9898,6117539.8144,809.0229
node-027,2024-01-01 19:59:00,0.0,9430352.4265,0.0,1.0972,82232.7185,8.0542,6393877.6762,880.6304
node-028,2024-01-01 19:59:00,0.1891,9594221.6228,0.0,0.5223,121531.3902,7.952,6278838.0469,944.2371
node-029,2024-01-01 19:59:00,0.0874,9655362.4481,0.5721,0.685,132343.7599,9.194,6054215.2557,839.2113
node-030,2024-01-01 19:59:00,0.1802,9308421.8927,0.0,0.6241,123491.1154,8.368,6235233.5568,863.1171
node-031,2024-01-01 19:59:00,0.0057,28896870.1015,0.0,0.0,0.0,0.0147,137358.6168,24.668
node-032,2024-01-01 19:59:00,0.7134,9148696.491,0.3809,0.9465,126229.7271,10.0146,6074227.6888,852.8152
node-033,2024-01-01 19:59:00,0.1026,9158813.2203,0.651,0.9023,128655.8374,9.0287,6162941.5302,910.0639
node-034,2024-01-01 19:59:00,0.0078,8611523.2226,0.1027,0.1114,121762.7925,4.9047,6172047.4807,833.5723
node-035,2024-01-01 19:59:00,0.1149,10605613.873,0.0,0.786,141785.1608,4.9852,6388624.173,959.0692
node-036,2024-01-01 19:59:00,0.0997,9745236.1074,0.0,1.0302,107445.1011,7.9766,6279585.7556,872.1879
node-037,2024-01-01 19:59:00,0.388,9517155.7293,0.0,0.6018,115551.685,8.0368,5947672.5062,876.7911
node-038,2024-01-01 19:59:00,0.1176,8233012.329,0.0,0.5953,120571.2846,7.9543,6178795.054,891.436
node-039,2024-01-01 19:59:00,0.0774,10275155.4351,0.0,0.7829,114031.9479,5.9203,6041237.3854,886.9922
node-040,2024-01-01 19:59:00,0.015,9576870.2454,0.0,0.2263,171520.8535,0.9853,6364418.979,852.1024
node-041,2024-01-01 19:59:00,0.1078,9694301.1407,0.2202,0.8948,91176.3514,7.0638,6184161.0974,971.0139
node-042,2024-01-01 19:59:00,0.0259,9137829.4761,0.0,0.5872,90795.0266,10.0112,6376045.1359,919.2224
node-043,2024-01-01 19:59:00,0.0241,10270977.8163,0.7429,0.7102,129552.2169,8.9177,5973040.2066,878.8532
node-044,2024-01-01 19:59:00,1.9908,9084487.8314,0.0,1.0908,128867.4113,9.0804,6227189.4528,865.86
node-045,2024-01-01 19:59:00,0.0992,9436332.4353,0.4802,0.903,111067.1733,8.1647,6220560.0096,901.3934
node-046,2024-01-01 19:59:00,0.1911,8955119.5574,0.0,5.5865,123803.6854,10.0226,6263032.5939,891.0739
node-047,2024-01-01 19:59:00,0.2146,8542713.6618,0.4655,0.7988,95253.429,6.0703,6243835.7471,842.2373
node-048,2024-01-01 19:59:00,0.1747,9204269.9273,0.0,0.7908,100687.3947,8.989,6105299.1475,849.7575
node-049,2024-01-01 19:59:00,0.5661,7597541.9593,0.8665,0.1918,111001.8854,4.5654,6050193.0963,860.8893
node-050,2024-01-01 19:59:00,0.0,8629790.4818,0.0,0.2057,77013.9244,0.9181,6345942.8356,786.1091
node-051,2024-01-01 19:59:00,1.1074,9131703.872,0.8339,1.2906,137523.148,5.9876,6265345.7713,887.2199
node-052,2024-01-01 19:59:00,0.2255,9443967.6842,0.0,0.9891,135417.2789,9.0112,6104398.1624,896.2678
node-053,2024-01-01 19:59:00,1.0076,9698786.6485,0.9122,0.8218,98569.1274,11.0445,6060414.1586,868.7432
node-054,2024-01-01 19:59:00,0.8865,9239332.6671,0.4957,0.9904,88118.0603,6.134,6255913.3077,956.0377
node-055,2024-01-01 19:59:00,0.8916,8816139.1434,0.0,0.7268,122214.7381,8.9975,5991702.2659,883.5505
node-056,2024-01-01 19:59:00,0.1001,10173066.5947,0.0,0.9812,129641.6797,8.9153,6187835.6268,841.4958
node-057,2024-01-01 19:59:00,0.0015,7235655.1503,0.0,0.8858,88291.2466,8.1354,5898738.8498,883.4366
node-058,2024-01-01 19:59:00,0.0998,9792801.7533,0.0,0.8257,151027.1831,8.967,6277589.4644,898.4005
node-059,2024-01-01 19:59:00,0.1045,9345733.4171,0.0,0.7491,111441.5285,7.0444,6325796.2661,926.5685
node-060,2024-01-01 19:59:00,0.0841,8889225.8337,1.0994,0.5869,123904.1014,8.9575,6244403.7079,894.1535
node-061,2024-01-01 19:59:00,0.2891,9705855.1823,0.0,0.8606,86979.0544,7.0338,6272608.3942,961.2673
node-062,2024-01-01 19:59:00,0.2028,9703852.4144,0.0,0.5617,116494.2911,7.1084,6194128.6045,953.5066
node-063,2024-01-01 19:59:00,0.0822,9132227.2007,1.1837,0.8004,104293.0124,8.9988,6271821.786,865.3263
node-064,2024-01-01 19:59:00,0.3062,9464421.5825,0.6686,0.9063,125713.603,9.9507,6295303.9317,961.6505
node-065,2024-01-01 19:59:00,0.2908,8982453.3331,0.1475,0.8781,113171.6952,5.7427,6220947.8916,915.5973
node-066,2024-01-01 19:59:00,0.0762,9343016.182,0.1118,1.1718,93919.0444,4.1703,6264821.1278,870.3974
node-067,2024-01-01 19:59:00,0.2959,8873402.3209,0.0,0.4308,98533.4062,6.8879,5942771.2482,883.5431
node-068,2024-01-01 19:59:00,0.0915,9539931.8496,0.0652,0.8326,110319.8502,9.0259,6224057.8819,854.9526
node-069,2024-01-01 19:59:00,0.4029,9296964.207,15.2156,1.4125,111683.6351,9.0197,6304669.2535,970.7506
node-070,2024-01-01 19:59:00,0.085,8721790.1567,0.0264,0.5269,131903.2976,8.9491,6160872.0447,877.0754
node-071,2024-01-01 19:59:00,0.0091,9538326.0801,0.0,0.5941,111979.2464,8.925,6225836.8965,869.3611
node-072,2024-01-01 19:59:00,0.0877,106308554.1857,0.0,0.2017,112790.6464,3.1043,6064528.2535,840.2436
node-073,2024-01-01 19:59:00,0.0175,8568084.7385,0.3613,1.1131,135251.0819,8.4732,6213622.5407,875.9486
node-074,2024-01-01 19:59:00,0.0014,8763631.2487,0.5064,0.4016,118926.613,4.6663,6156687.0344,864.935
node-075,2024-01-01 19:59:00,0.1052,9801738.9325,0.0,0.905,96548.1524,6.1364,6156369.334,970.3964
node-076,2024-01-01 19:59:00,0.0101,9971240.7539,0.2616,0.2028,87910.9182,2.1061,6144779.637,812.3334
node-077,2024-01-01 19:59:00,0.1117,9241976.1915,0.0,0.7235,121223.6155,7.0177,6236626.8083,855.205
node-078,2024-01-01 19:59:00,0.0,9400710.9525,0.0659,0.9934,109139.734,5.0057,6207759.6137,924.5509
node-079,2024-01-01 19:59:00,0.1059,9289496.1687,0.0,0.9115,116337.6157,9.9407,6293355.7541,885.2828
node-080,2024-01-01 19:59:00,0.1944,8985599.0752,0.1382,0.8579,71703.4973,9.0093,6152549.5119,846.6973
node-081,2024-01-01 19:59:00,0.8744,9107311.0533,0.604,0.4096,128827.6005,9.9845,6286697.8773,851.8552
node-082,2024-01-01 19:59:00,0.0351,8055168.3589,0.016,0.1807,108402.2759,3.1036,6255652.8644,822.8387
node-083,2024-01-01 19:59:00,0.3964,9150845.2169,0.0,0.8235,109564.2883,9.9416,6360526.4339,953.921
node-084,2024-01-01 19:59:00,0.7286,9985987.7125,0.1747,1.2256,123672.0811,9.9074,6136486.1565,911.8172
node-085,2024-01-01 19:59:00,0.4003,9738898.4995,0.0,2.2948,124524.8774,5.8747,6193134.1357,872.9915
node-086,2024-01-01 19:59:00,0.7015,8885770.4711,0.2358,1.0737,126845.6702,8.9811,6239447.2345,880.2495
node-087,2024-01-01 19:59:00,0.0849,9703430.2712,0.9796,0.6813,126130.6108,7.9842,6269933.9111,875.7105
node-088,2024-01-01 19:59:00,0.0884,9402690.563,0.0,0.5905,112626.4946,6.9276,6034115.407,854.4944
node-089,2024-01-01 19:59:00,0.2088,9473628.7722,0.0,1.3971,92241.94,7.0099,5757302.9764,873.9993
node-090,2024-01-01 19:59:00,0.1933,11303705.8602,0.0,0.8059,148420.2269,8.0149,6338044.4019,930.4383
node-091,2024-01-01 19:59:00,0.6825,9903514.3104,0.0,0.6349,101242.2293,12.0701,6252419.4208,856.2916
node-092,2024-01-01 19:59:00,0.2116,10115188.6909,0.7199,0.6327,84503.7624,6.9738,6413091.7353,922.1821
node-093,2024-01-01 19:59:00,0.4149,10295423.2543,0.0951,0.5002,126735.0708,6.0446,6047897.4148,863.4084
node-094,2024-01-01 19:59:00,1.1969,9685854.6916,0.5104,1.3141,116553.7537,2.8845,6237464.2276,907.7463
node-095,2024-01-01 19:59:00,0.0384,9340036.742,0.0,0.5991,121689.3508,8.9891,6196100.9818,891.2331
node-096,2024-01-01 19:59:00,0.0983,10658971.002,0.0255,1.1942,108327.7973,7.0303,6163362.3796,950.878
node-097,2024-01-01 19:59:00,1.1884,9760219.3341,0.0,0.9165,133955.6336,6.0071,6289338.6667,875.8191
node-098,2024-01-01 19:59:00,0.2014,9557860.7593,0.136,1.4165,115672.0507,14.9505,6204209.5924,922.0666
node-099,2024-01-01 19:59:00,0.4142,9075723.6909,0.8619,0.9387,110799.823,9.0483,6171379.5692,880.0985
node-100,2024-01-01 19:59:00,0.0,9286580.86,0.0,0.2847,127566.7053,6.0184,5938604.8959,858.9208
node-101,2024-01-01 19:59:00,0.157,7833030.7824,0.0,0.1776,109204.9829,2.9838,5961742.8987,829.6273
node-102,2024-01-01 19:59:00,0.13,8884618.9469,0.8343,0.8039,130183.5436,8.9634,6191931.7304,903.0249
node-103,2024-01-01 19:59:00,0.9171,8717482.8216,0.1394,0.4541,122783.1087,7.0751,6223318.3908,883.0547
node-104,2024-01-01 19:59:00,0.1104,9371700.336,0.1541,0.7236,104478.3782,7.043,5999127.8204,863.6898
node-105,2024-01-01 19:59:00,0.1175,9890312.1677,0.0,1.1078,119956.236,3.0595,6319922.6377,918.0246
node-106,2024-01-01 19:59:00,0.0,8860901.5983,0.0,0.2312,116905.8259,6.5913,6177657.9877,792.9019
node-107,2024-01-01 19:59:00,0.1079,9035387.7436,0.0,0.8099,108586.5861,9.1205,5936345.2694,878.5207
node-108,2024-01-01 19:59:00,0.0,10889719.5461,0.0,0.701,103672.1913,10.0442,5973541.9698,864.3743
node-109,2024-01-01 19:59:00,0.1052,9351616.9244,0.0,0.6083,139094.0365,10.9892,5935719.7594,847.7731
node-110,2024-01-01 19:59:00,0.108,9436684.8775,0.0,0.8231,105403.0044,9.5286,5962434.198,886.1406
node-111,2024-01-01 19:59:00,2.22,10538528.3522,0.0,0.8864,131026.3075,4.018,6226670.5012,928.7056
node-112,2024-01-01 19:59:00,0.0183,9159488.5862,0.0631,0.3036,127109.7275,7.3258,5946126.5732,875.5484
node-113,2024-01-01 19:59:00,0.4137,8968298.5728,0.0854,1.083,203356.0169,14.0162,6343373.1092,856.2732
node-114,2024-01-01 19:59:00,0.1091,9243011.8049,0.0,0.5822,151155.4369,6.9424,6026550.2227,839.3878
node-115,2024-01-01 19:59:00,0.2158,9623411.7205,0.0,0.7951,75255.9238,5.9753,5933548.002,882.9277
node-116,2024-01-01 19:59:00,0.0845,9270388.9892,0.0833,0.5839,80709.0833,8.9704,6183913.0269,858.8519
node-117,2024-01-01 19:59:00,0.1191,9020433.2888,0.7566,0.9947,88258.9245,8.0012,6113719.9594,871.9575
node-118,2024-01-01 19:59:00,0.0819,9399872.0061,0.8692,0.6112,104049.902,4.9382,5941613.0368,872.9649
node-119,2024-01-01 19:59:00,1.4987,10836614.9176,0.0,0.782,73996.1711,6.9355,6211053.1625,894.3413
node-000,2024-01-01 20:00:00,0.1319,9510606.4892,0.0,1.0108,112551.321,9.9844,6249036.4174,924.3545
node-001,2024-01-01 20:00:00,0.102,9413461.8148,1.3569,1.2046,132109.8053,3.8589,6167863.8257,886.4209
node-002,2024-01-01 20:00:00,0.1025,9420308.9482,0.0,1.0156,119889.1235,7.8552,6226034.4137,931.7699
node-003,2024-01-01 20:00:00,0.2149,10406416.5257,0.5666,0.8678,130768.8003,6.1368,6269265.1434,925.9278
node-004,2024-01-01 20:00:00,0.0647,9867417.8949,0.6078,0.8093,127832.3377,7.9788,6220787.0782,939.5641
node-005,2024-01-01 20:00:00,0.304,7963915.8626,0.0,0.7634,128866.5256,7.9982,6207193.6844,938.4158
node-006,2024-01-01 20:00:00,0.0,10424365.1893,0.0,0.203,100054.8203,4.1329,6254344.3285,849.7665
node-007,2024-01-01 20:00:00,0.2966,9120690.3311,0.0,0.5202,120236.1109,5.9136,6152136.2076,933.4019
node-008,2024-01-01 20:00:00,0.0071,9175984.3999,0.0,0.7666,127491.3947,9.8254,6224399.0622,933.4212
node-009,2024-01-01 20:00:00,0.3079,9476493.3919,0.5738,1.5816,101997.3942,9.0057,6255232.091,942.3748
node-010,2024-01-01 20:00:00,0.1315,9618254.1864,0.1559,1.2232,113256.8315,10.9949,6353312.7904,965.0526
node-011,2024-01-01 20:00:00,0.0,9137972.4055,0.0427,0.703,81886.5985,3.8833,6272262.9537,960.0004
node-012,2024-01-01 20:00:00,0.0266,8790994.0992,0.0,0.7974,136398.4065,6.0986,6118438.2998,951.3342
node-013,2024-01-01 20:00:00,0.2005,9209252.7662,0.0338,1.1109,158929.943,0.1071,31373.6434,949.1253
node-014,2024-01-01 20:00:00,0.0034,10948811.7029,0.0,0.8133,106273.6025,14.6596,6213733.4649,916.6712
node-015,2024-01-01 20:00:00,0.0193,8474799.1512,0.5849,0.1912,147013.7462,2.8541,6055832.3294,868.9604
node-016,2024-01-01 20:00:00,0.09,9013838.2991,0.5011,1.4168,121973.3611,10.0088,6280591.4413,921.8625
node-017,2024-01-01 20:00:00,0.1216,10585642.9303,0.0,0.7931,166189.5949,5.8766,6184403.8867,940.3067
node-018,2024-01-01 20:00:00,0.8988,9581520.7405,0.0,1.1577,221390.5701,13.9739,6287535.5062,934.623
node-019,2024-01-01 20:00:00,0.0825,9692976.123,0.0,1.1381,135870.8741,5.9862,6174030.8792,969.9045
node-020,2024-01-01 20:00:00,0.1004,9229932.7896,0.0,1.005,128259.2687,8.0714,6192870.4138,949.0921
node-021,2024-01-01 20:00:00,0.1147,9919625.5628,0.0,1.4885,116416.2169,7.9776,6208573.5115,955.2374
node-022,2024-01-01 20:00:00,0.1424,9474904.5873,0.0,0.9002,128330.5296,9.9981,6247429.7114,959.6249
node-023,2024-01-01 20:00:00,0.2223,8857490.9152,0.3464,1.3962,126422.6637,5.9326,6271271.2627,903.9608
node-024,2024-01-01 20:00:00,0.1154,8731515.8574,0.0,1.2923,96306.6103,8.1182,6199518.169,906.5807
node-025,2024-01-01 20:00:00,0.0123,10740738.0443,1.3027,0.8796,118860.7293,12.0752,6243808.698,913.4738
node-026,2024-01-01 20:00:00,0.0,9700846.634,0.0,0.1645,134009.8,1.9343,6233267.4106,901.7977
node-027,2024-01-01 20:00:00,0.102,9536410.3863,0.4279,1.128,112881.7289,7.9444,6193892.6555,963.2683
node-028,2024-01-01 20:00:00,0.1139,10303966.7464,0.0,0.9858,98927.4909,7.958,6224334.3414,912.4041
node-029,2024-01-01 20:00:00,0.0918,9328119.2308,0.0,0.6076,117693.7275,8.9862,6287553.2606,903.4535
node-030,2024-01-01 20:00:00,0.4225,9233776.9592,0.0,0.7026,134610.7412,8.061,6257179.2102,946.0202
node-031,2024-01-01 20:00:00,0.0098,29001308.4579,0.0,0.0,0.0,0.0867,56381.4585,0.0
node-032,2024-01-01 20:00:00,0.0,8927006.2078,0.6221,1.0666,115653.9868,9.0528,6097357.3846,941.3725
node-033,2024-01-01 20:00:00,0.0923,9352125.149,0.0,0.9045,132116.9551,8.9785,6298412.6298,938.7362
node-034,2024-01-01 20:00:00,0.1092,8321422.8094,0.4172,0.1044,100096.1256,2.008,6085892.3653,880.9676
node-035,2024-01-01 20:00:00,0.1067,10358896.68,0.1873,0.7961,79710.7766,9.0295,6186993.6085,925.3021
node-036,2024-01-01 20:00:00,0.0957,9571898.8816,0.3631,0.9956,117455.8055,6.9175,6312813.1554,952.2431
node-037,2024-01-01 20:00:00,0.1006,9454813.6578,0.7252,1.1427,120020.2317,7.9921,6136771.5826,948.0825
node-038,2024-01-01 20:00:00,0.502,8735663.8929,0.0,0.604,127993.5139,8.0442,6189688.2379,901.7199
node-039,2024-01-01 20:00:00,0.1316,10043262.0615,0.0,0.706,122794.9213,7.959,6184963.0065,937.6852
node-040,2024-01-01 20:00:00,0.0102,10046599.6956,0.0,0.2151,104476.937,3.0576,6231280.0307,867.9511
node-041,2024-01-01 20:00:00,0.1387,9444193.3457,1.1277,0.9639,125962.2791,6.939,6434407.3484,948.5524
node-042,2024-01-01 20:00:00,0.1036,9107975.5466,0.3797,0.675,125896.0437,5.9866,6217373.7894,923.6253
node-043,2024-01-01 20:00:00,0.1094,10709467.8651,0.0,0.6995,130308.4087,16.0012,6270292.5341,919.1493
node-044,2024-01-01 20:00:00,0.1865,8920247.0187,0.0,0.8944,131329.16,13.0583,6243522.4956,911.8047
node-045,2024-01-01 20:00:00,0.4038,8969744.23,0.0,0.9279,99737.0078,8.1697,6255193.9759,923.9932
node-046,2024-01-01 20:00:00,0.1981,8884508.32,0.0,0.8771,132167.4836,6.9723,6122829.0487,958.1121
node-047,2024-01-01 20:00:00,0.275,8442472.3036,0.9841,0.9052,116924.626,6.0118,6171455.9307,955.0712
node-048,2024-01-01 20:00:00,0.0836,9447824.1169,0.0,0.5329,115000.5186,16.9782,6178650.8218,906.7897
node-049,2024-01-01 20:00:00,0.0199,8120795.3204,0.0,0.2031,125239.3043,6.1171,6195570.0542,850.7898
node-050,2024-01-01 20:00:00,0.0009,8018240.8633,0.0,0.202,115991.6505,1.8625,6206012.4356,898.4398
node-051,2024-01-01 20:00:00,0.1013,9334137.5306,0.2771,1.7042,174791.8917,7.8667,6155755.8423,941.4305
node-052,2024-01-01 20:00:00,0.0919,9335592.595,0.0943,0.6769,116060.7644,6.107,6252570.2195,937.5404
node-053,2024-01-01 20:00:00,0.0815,9635608.2649,0.5969,0.9158,119102.2242,8.0648,6255268.2622,932.1058
node-054,2024-01-01 20:00:00,0.0989,8676138.098,0.0,0.9778,107372.9235,6.0683,6200609.9987,922.3621
node-055,2024-01-01 20:00:00,0.1129,8959690.0456,0.8673,0.9953,72078.9665,8.9982,6213189.3479,950.4941
node-056,2024-01-01 20:00:00,0.103,9949157.8095,0.0,0.7226,124921.8344,6.1241,6136881.5284,921.9434
node-057,2024-01-01 20:00:00,0.0018,7386323.2741,0.0,1.1834,112679.112,7.729,6223744.7739,934.2115
node-058,2024-01-01 20:00:00,0.1944,9863909.3076,0.2866,1.8503,129824.5018,7.9158,6193450.9323,934.4624
node-059,2024-01-01 20:00:00,0.0942,9613098.8746,0.9007,0.908,113067.0248,5.9461,6263927.8994,890.9345
node-060,2024-01-01 20:00:00,0.476,8868634.4181,0.6101,0.9538,111192.8688,7.9744,6231301.3884,897.8295
node-061,2024-01-01 20:00:00,0.0909,9411441.6687,0.6473,1.0006,139102.1596,8.9791,6284554.192,924.8668
node-062,2024-01-01 20:00:00,0.3491,9540371.8644,0.0,0.6158,105195.179,8.9836,6334129.5271,928.832
node-063,2024-01-01 20:00:00,0.0918,9158865.457,0.0,1.1912,97184.1752,7.0872,6359481.4649,929.8567
node-064,2024-01-01 20:00:00,0.2089,9305637.0526,0.0,0.9654,116410.6356,9.9537,6351552.5802,944.3386
node-065,2024-01-01 20:00:00,0.3999,9377056.8749,0.8422,1.0936,93398.6589,9.0506,6152905.2629,924.6905
node-066,2024-01-01 20:00:00,0.0886,9280970.2589,0.3282,1.5192,112196.2676,5.9319,6142962.2178,941.3024
node-067,2024-01-01 20:00:00,0.0967,9050141.6248,0.0,0.8111,115438.932,5.9932,6299581.052,952.7633
node-068,2024-01-01 20:00:00,0.4005,9847306.206,0.8444,0.9114,129294.8644,8.9305,6288663.3016,927.5613
node-069,2024-01-01 20:00:00,0.1258,8871198.9589,13.0713,1.0234,135572.3889,10.0329,6227417.68,948.254
node-070,2024-01-01 20:00:00,0.2028,8847569.5424,0.0,0.8116,76639.229,8.9545,6181243.3536,938.0794
node-071,2024-01-01 20:00:00,0.5876,9050353.4998,0.0,0.8148,86655.5409,3.9757,6201144.6645,944.8515
node-072,2024-01-01 20:00:00,0.2896,106717010.4155,0.0,0.195,94827.9494,4.1162,6215403.3498,909.4308
node-073,2024-01-01 20:00:00,0.1887,8765946.1031,0.9854,1.0793,116354.171,7.9926,6191522.5768,947.2822
node-074,2024-01-01 20:00:00,0.134,9247074.6797,0.2702,1.0551,110558.0908,6.0806,6159946.5243,933.9802
node-075,2024-01-01 20:00:00,0.0833,10369935.6286,0.057,0.9324,110722.6505,11.157,6203444.7436,939.4287
node-076,2024-01-01 20:00:00,0.0,9834613.6736,0.3378,0.1139,98361.4095,3.9767,6571638.3505,895.0429
node-077,2024-01-01 20:00:00,0.1461,9092560.911,0.4623,1.0185,91147.1662,5.9454,6216892.6745,933.4212
node-078,2024-01-01 20:00:00,0.1112,9565378.5927,0.512,2.1211,93522.5043,4.9622,6224109.488,941.8383
node-079,2024-01-01 20:00:00,0.278,9312899.4984,0.0,1.5052,102486.3393,11.906,6191271.281,978.4337
node-080,2024-01-01 20:00:00,0.0,9469338.0454,0.5882,0.9141,143154.6937,9.0007,6344844.6356,935.3824
node-081,2024-01-01 20:00:00,0.5847,9007326.4351,0.0356,0.9892,145792.6299,6.0906,6352262.2413,972.8679
node-082,2024-01-01 20:00:00,0.0255,8629189.7669,0.1073,0.1912,118835.5531,3.0181,6118644.3943,855.7252
node-083,2024-01-01 20:00:00,0.1988,9121480.071,0.0,0.9962,95103.6825,10.0096,6135354.147,951.6333
node-084,2024-01-01 20:00:00,0.0,9289922.2722,0.0,0.7985,103619.1541,10.0579,6139433.3134,950.9646
node-085,2024-01-01 20:00:00,0.3884,9381435.7126,0.8632,2.3107,127942.5887,4.9868,6255540.534,942.1582
node-086,2024-01-01 20:00:00,0.2039,9084906.9315,0.0,1.6837,108543.72,6.0248,6277449.0377,934.6149
node-087,2024-01-01 20:00:00,0.0926,9752692.3848,0.0,1.0047,92179.9216,7.1641,6167450.9393,927.432
node-088,2024-01-01 20:00:00,0.2019,9489201.5638,0.0,1.1945,126600.0336,5.0265,6170892.4379,907.912
node-089,2024-01-01 20:00:00,0.2783,8891851.529,0.7138,1.3921,130343.8107,7.5677,6317578.9547,928.707
node-090,2024-01-01 20:00:00,0.0872,11147550.2464,0.5547,0.6226,137863.6111,5.0906,6241877.8674,934.1207
node-091,2024-01-01 20:00:00,0.1263,9831977.6243,0.0606,0.5968,125374.9406,6.9619,6244329.356,954.2214
node-092,2024-01-01 20:00:00,0.0988,10054632.3998,0.0,0.8962,111454.7876,6.8973,6201220.6573,889.107
node-093,2024-01-01 20:00:00,0.0855,10396033.0176,0.0,0.8793,114076.0921,5.9375,6143250.7853,893.3984
node-094,2024-01-01 20:00:00,0.0,9427976.9081,0.0,1.4913,92605.2101,8.1764,6217943.1754,943.7203
node-095,2024-01-01 20:00:00,0.0,9385713.3945,0.0,0.9658,113925.9386,7.9547,6247980.731,936.7164
node-096,2024-01-01 20:00:00,0.0061,10732195.4529,0.0,1.4449,116989.5707,10.0113,6214809.557,932.6177
node-097,2024-01-01 20:00:00,0.101,9397272.9087,0.7647,0.8675,101183.5456,7.935,6304896.9469,949.1399
node-098,2024-01-01 20:00:00,0.0834,9721468.4304,0.0,1.3002,122345.1875,14.4728,6200389.9264,931.8431
node-099,2024-01-01 20:00:00,0.08,8981123.7226,0.0,0.9062,114470.4164,8.0291,6171758.1057,935.9888
node-100,2024-01-01 20:00:00,0.0125,9324438.507,0.0,0.3453,155519.9892,5.9778,6284268.5987,930.1563
node-101,2024-01-01 20:00:00,0.0,7804505.5698,0.0271,0.1834,133823.0724,3.9584,6170401.4382,887.4517
node-102,2024-01-01 20:00:00,0.1284,9511851.7466,0.0,0.8125,96604.2343,7.019,6212091.5454,944.3759
node-103,2024-01-01 20:00:00,0.1048,8632804.4622,0.0,1.0068,123562.7443,5.9781,6238073.0019,939.1544
node-104,2024-01-01 20:00:00,0.3212,9433849.7251,0.3075,0.4606,124189.0779,9.9816,6070357.4142,911.4729
node-105,2024-01-01 20:00:00,0.1962,9709394.3205,0.0,0.6883,104182.2662,7.3029,6192665.079,925.2206
node-106,2024-01-01 20:00:00,0.0,8569595.7862,0.7935,0.2209,125847.0754,6.9668,6297444.4549,882.0944
node-107,2024-01-01 20:00:00,0.0813,8615386.6893,0.0,0.7768,149198.101,8.9795,6230320.5854,941.753
node-108,2024-01-01 20:00:00,0.2236,10839192.3436,0.3745,0.8921,96776.3539,8.019,6187316.5752,942.78
node-109,2024-01-01 20:00:00,0.1229,9390024.6034,0.4849,0.7963,109414.0221,7.8864,6311216.3823,921.0738
node-110,2024-01-01 20:00:00,0.0914,8879210.9851,1.2356,0.8943,137925.8727,9.9499,6211800.0428,958.6726
node-111,2024-01-01 20:00:00,2.1968,10153850.6067,0.3765,0.9053,124839.7431,7.0618,6258609.5548,948.5726
node-112,2024-01-01 20:00:00,0.0944,9214311.0287,0.0,0.6969,98818.9095,6.9912,6121869.1356,924.6089
node-113,2024-01-01 20:00:00,0.1069,9303899.8851,0.0,1.3829,110410.6081,8.0179,6275514.1207,930.6546
node-114,2024-01-01 20:00:00,0.1208,8966954.8203,0.7708,0.4787,132770.3893,13.0677,6271974.9732,902.1687
node-115,2024-01-01 20:00:00,0.1006,9340230.4308,0.9464,1.2029,114825.9141,8.0397,6240189.6844,934.9996
node-116,2024-01-01 20:00:00,0.0912,9538375.1193,0.3398,1.0826,133530.6699,9.0567,6120606.1073,928.3407
node-117,2024-01-01 20:00:00,0.2078,9597098.9906,0.5908,2.0054,198008.6621,10.0821,6338867.3046,949.4249
node-118,2024-01-01 20:00:00,0.0,9128178.9338,0.3333,1.0854,86408.7587,5.1142,6211911.5084,929.6375
node-119,2024-01-01 20:00:00,0.1109,10180064.3491,0.0,0.6967,108670.6565,9.9685,6250136.775,918.6367
node-000,2024-01-01 20:01:00,0.2095,9469141.8882,0.4628,1.3458,169321.8716,10.0244,6201174.0621,914.0799
node-001,2024-01-01 20:01:00,0.1022,8713357.4683,0.7379,1.1978,108158.4527,5.0863,6230524.2324,893.3026
node-002,2024-01-01 20:01:00,0.1008,9383439.6479,0.0,1.1867,113221.8957,8.0391,6328417.0144,952.0471
node-003,2024-01-01 20:01:00,0.1149,10541299.8648,1.3579,0.9312,149967.4913,8.0907,6195174.0604,952.4755
node-004,2024-01-01 20:01:00,0.0941,10164677.3468,0.0,1.107,112537.7807,9.9787,6204700.5769,941.0329
node-005,2024-01-01 20:01:00,0.0,8386635.8632,0.0,1.0288,99132.9472,7.0091,6195528.8122,955.3844
node-006,2024-01-01 20:01:00,0.0142,9717960.6924,0.0,0.1984,123346.3643,4.6423,6270639.3581,867.9651
node-007,2024-01-01 20:01:00,0.3059,9006297.3119,0.0,0.5579,177359.7255,7.9522,6105785.8157,947.3111
node-008,2024-01-01 20:01:00,0.2878,8574573.9202,0.0,0.5202,116479.166,5.9728,6221266.0493,947.2496
node-009,2024-01-01 20:01:00,0.2089,9427811.061,0.0,0.8842,161361.5399,8.9736,6194607.4109,953.1416
node-010,2024-01-01 20:01:00,0.109,10163004.5916,1.5621,1.3344,119599.6526,4.9517,6253626.7431,955.3354
node-011,2024-01-01 20:01:00,0.0907,8759284.3702,0.0317,0.8153,120683.094,6.1422,6171276.2162,956.5384
node-012,2024-01-01 20:01:00,0.1291,8631783.8487,0.0519,0.6083,133062.099,7.0901,6440499.1226,956.3468
node-013,2024-01-01 20:01:00,0.0962,9456040.3758,0.0,1.0049,127656.4417,0.0,22256.7612,958.9897
node-014,2024-01-01 20:01:00,0.1028,10550929.9956,0.4296,0.7843,139880.3616,7.9791,6167239.9324,953.8629
node-015,2024-01-01 20:01:00,0.0,8808072.0738,0.0,0.1955,130179.742,1.9373,6291791.5166,910.32
node-016,2024-01-01 20:01:00,0.7027,9025250.6156,0.5805,0.8913,91373.8495,9.1556,6234411.6056,966.9677
node-017,2024-01-01 20:01:00,0.1701,10799628.6853,1.457,0.6106,153540.8143,7.9309,6311001.5201,956.9157
node-018,2024-01-01 20:01:00,0.0802,9577056.2836,0.0,0.7899,132276.3721,6.8451,6275839.1642,940.7693
node-019,2024-01-01 20:01:00,0.111,9403652.7878,0.0,0.9161,105710.4905,5.9855,6188640.9667,951.3308
node-020,2024-01-01 20:01:00,0.0981,9502873.4514,0.0545,0.9042,167225.535,10.1203,6174744.7115,956.2184
node-021,2024-01-01 20:01:00,0.1071,9462393.5985,0.0,1.3755,151902.8694,9.002,6251311.3683,968.7378
node-022,2024-01-01 20:01:00,0.0881,9359282.6343,0.3099,0.902,129420.3643,8.0479,6167968.4379,949.183
node-023,2024-01-01 20:01:00,0.1974,8830961.9795,1.2356,1.4087,116757.1121,8.9053,6149757.0387,892.2043
node-024,2024-01-01 20:01:00,0.1911,9102615.4956,0.8965,0.7298,130065.7725,7.9752,6195551.0149,930.6566
node-025,2024-01-01 20:01:00,0.112,10435091.3613,0.0,0.7855,132598.7435,4.9857,6395025.5129,920.6725
node-026,2024-01-01 20:01:00,0.0175,9967657.5825,0.0,0.189,132012.1983,2.9543,6193771.3013,901.0253
node-027,2024-01-01 20:01:00,0.0996,9015648.0243,0.1129,0.6948,110826.1173,6.9882,6259553.6284,966.209
node-028,2024-01-01 20:01:00,0.7398,10134119.9938,0.2977,0.9693,128143.2538,8.0694,6282147.1936,924.4234
node-029,2024-01-01 20:01:00,0.0068,9357756.3009,0.4797,0.6913,130382.97,9.0269,6264066.349,910.7223
node-030,2024-01-01 20:01:00,0.2093,9314890.0101,0.3457,1.2006,133363.7956,5.015,6232813.8652,942.3525
node-031,2024-01-01 20:01:00,0.0,28814344.1092,0.3686,0.1744,2212.0146,0.1772,30328.0987,4.7987
node-032,2024-01-01 20:01:00,0.0813,9137966.6107,0.0,0.8948,77411.6263,8.9623,6251712.9273,940.4612
node-033,2024-01-01 20:01:00,0.1162,9122649.5184,0.2203,2.1811,133606.5988,8.0337,6184961.755,967.5833
node-034,2024-01-01 20:01:00,0.0,8273386.6458,0.0876,0.2049,93066.2052,3.0397,6261683.0636,881.3119
node-035,2024-01-01 20:01:00,0.0808,10630735.045,0.0782,0.9669,115673.6323,8.9692,6253318.955,967.673
node-036,2024-01-01 20:01:00,0.0848,9909181.547,0.0,1.1983,109118.6027,7.1197,6207501.289,952.4986
node-037,2024-01-01 20:01:00,0.0073,9392283.715,0.0,0.721,120975.6919,10.0743,6310968.2488,941.3095
node-038,2024-01-01 20:01:00,0.5151,8728965.8466,0.0,0.7018,121823.0899,6.9234,6270773.6488,952.0262
node-039,2024-01-01 20:01:00,0.0804,10138732.7059,0.0,1.0625,172123.694,4.948,6338091.6636,957.5598
node-040,2024-01-01 20:01:00,0.0135,9708290.5325,0.1158,0.2011,120028.5391,8.9634,6232269.7398,890.029
node-041,2024-01-01 20:01:00,0.1935,9577671.7068,0.0,0.6989,93689.6828,9.9222,6229991.6689,963.8693
node-042,2024-01-01 20:01:00,0.0844,9650113.9437,0.0,0.6933,116806.26,5.0709,6096681.6869,955.6588
node-043,2024-01-01 20:01:00,0.1318,10167153.9976,0.0,1.0919,86757.5282,6.0678,6310947.33,953.7082
node-044,2024-01-01 20:01:00,0.1199,9162307.1215,0.0,2.1799,91717.7601,6.9355,6208165.1836,926.3199
node-045,2024-01-01 20:01:00,0.2694,9293972.2944,0.7098,1.487,136719.0452,9.0101,6230231.9382,934.0422
node-046,2024-01-01 20:01:00,0.0818,8891221.0943,0.1484,0.9102,141789.303,7.1083,6177382.9506,957.6117
node-047,2024-01-01 20:01:00,0.3017,8907445.434,0.2977,0.791,137581.2353,6.0388,6148068.3015,948.8786
node-048,2024-01-01 20:01:00,0.0,9637470.4809,0.0,1.1954,123502.9493,7.9454,6198690.6404,909.6241
node-049,2024-01-01 20:01:00,0.0351,8086110.5672,0.3882,0.1855,115610.604,3.0179,6328958.8225,907.5908
node-050,2024-01-01 20:01:00,0.0,7811120.0922,0.2107,0.1022,98834.9841,2.0056,6198535.5445,895.7952
node-051,2024-01-01 20:01:00,0.0763,9092963.7008,0.0,1.4188,109615.113,8.0208,6230853.755,953.6002
node-052,2024-01-01 20:01:00,0.0876,9386052.1171,0.7179,1.3087,117326.1184,3.9923,6259849.62,954.1068
node-053,2024-01-01 20:01:00,0.0937,9802546.9491,0.9813,1.0274,114144.9209,8.1263,6246942.2283,927.6188
node-054,2024-01-01 20:01:00,0.1032,9129917.8419,0.5465,0.9908,126862.7119,7.0203,6262110.2616,953.9482
node-055,2024-01-01 20:01:00,0.206,9037812.7979,0.2791,0.9101,110674.1707,5.9343,6184923.9369,946.0513
node-056,2024-01-01 20:01:00,0.0841,9894336.1684,0.0,0.7249,133333.6729,7.0348,6205892.4774,928.7436
node-057,2024-01-01 20:01:00,0.0988,7584104.899,0.0,1.126,102481.7296,4.8517,6186969.4938,945.6824
node-058,2024-01-01 20:01:00,0.1147,9835334.8548,0.0,1.0923,159488.6883,7.9964,6262455.1704,944.8522
node-059,2024-01-01 20:01:00,0.1045,9781806.5942,0.0,0.9795,106483.9799,5.978,6206305.4925,906.3174
node-060,2024-01-01 20:01:00,0.1167,9216446.5698,0.567,1.2905,130787.1295,10.9186,6192620.2346,928.6034
node-061,2024-01-01 20:01:00,0.0931,10227270.2522,0.0311,0.9938,132508.8801,6.9135,6154992.4058,941.1398
node-062,2024-01-01 20:01:00,0.3991,9282043.0575,0.1691,0.9848,125379.8947,8.9604,6168367.1373,950.9496
node-063,2024-01-01 20:01:00,0.1165,9061063.7312,0.0,1.2023,129699.3921,6.9379,6150647.0658,950.3831
node-064,2024-01-01 20:01:00,0.1813,9265329.7299,0.0,0.9947,127108.5681,4.9756,6249535.8907,952.4599
node-065,2024-01-01 20:01:00,0.1063,9413810.4344,0.8571,1.0941,116096.1394,4.9608,6148361.3856,949.1964
node-066,2024-01-01 20:01:00,0.1172,9197157.2471,0.7132,1.0095,121849.332,5.9577,6232936.915,931.3602
node-067,2024-01-01 20:01:00,0.104,9143539.6395,0.0,0.8024,135418.0591,8.0166,6223531.0618,945.9641
node-068,2024-01-01 20:01:00,0.1197,9700160.8881,0.0,1.1915,128660.8241,7.1078,6270209.9916,954.4545
node-069,2024-01-01 20:01:00,0.0091,8890768.8064,14.675,1.0198,120101.5447,7.9063,6184072.8584,967.9109
node-070,2024-01-01 20:01:00,0.0981,9035419.2568,0.0,0.9088,140637.0235,8.9189,6257803.6585,932.528
node-071,2024-01-01 20:01:00,0.1277,9723553.6836,0.3484,0.7805,130784.0909,8.0008,6244483.2686,947.8719
node-072,2024-01-01 20:01:00,0.0,106589240.8562,0.9836,0.2124,116581.4752,3.9143,6347526.4193,887.6496
node-073,2024-01-01 20:01:00,0.1792,9197792.1158,0.2651,0.8031,130633.7519,5.9601,6196333.9751,944.5303
node-074,2024-01-01 20:01:00,0.2001,9330007.0675,0.0,0.6699,126707.4158,5.1397,6225439.4509,899.9275
node-075,2024-01-01 20:01:00,0.1087,9835529.129,0.3338,0.8968,147965.1673,7.8658,6177282.8196,956.6347
node-076,2024-01-01 20:01:00,0.0201,10164907.6678,0.0,0.3016,75246.5114,1.9671,6078618.8831,867.96
node-077,2024-01-01 20:01:00,0.0851,9099579.655,0.4871,1.0032,136093.3925,5.9736,6296877.2408,949.7126
node-078,2024-01-01 20:01:00,0.1766,9776484.8736,0.55,0.8887,116698.8288,7.029,6259600.3595,954.5416
node-079,2024-01-01 20:01:00,0.0906,9019217.758,0.0,0.9979,110021.9011,18.9985,6143563.0426,942.3395
node-080,2024-01-01 20:01:00,0.121,9310982.8988,0.4888,0.9833,119565.8505,9.0853,6235225.0637,949.2876
node-081,2024-01-01 20:01:00,0.0957,9377392.3809,0.5364,0.7991,156031.7317,7.9248,6227058.6699,953.9218
node-082,2024-01-01 20:01:00,0.0388,8470831.8703,0.0,0.1983,98580.1403,4.0774,6182065.0167,922.128
node-083,2024-01-01 20:01:00,0.1065,8973374.8351,0.3653,0.9956,118893.6729,8.9828,6223231.6539,944.8496
node-084,2024-01-01 20:01:00,0.1967,9761707.3774,0.0,0.7889,122350.3792,7.9626,6246729.5501,961.2329
node-085,2024-01-01 20:01:00,0.1958,8718668.6423,0.0,1.0678,79591.9582,5.0305,6158110.955,968.1638
node-086,2024-01-01 20:01:00,0.1524,8621745.3497,0.0982,0.8788,115714.4945,6.0659,6198164.1243,942.5136
node-087,2024-01-01 20:01:00,0.0985,9543581.3774,0.0,1.6047,128256.3345,8.9951,6235953.1765,946.357
node-088,2024-01-01 20:01:00,0.0948,9413010.9193,0.0,0.8331,100603.2519,8.9687,6226053.8396,929.1129
node-089,2024-01-01 20:01:00,0.0833,9730867.127,0.0,1.5983,78273.8987,14.9417,6225187.6279,923.2478
node-090,2024-01-01 20:01:00,0.0892,10854406.0169,0.0,0.7978,190268.3851,7.0198,6199794.3531,958.1168
node-091,2024-01-01 20:01:00,0.2026,9814639.9804,0.5829,1.235,125035.0259,7.9524,6193894.6244,947.6874
node-092,2024-01-01 20:01:00,0.1212,10115181.7758,0.0,0.5984,114443.7051,6.9947,6232610.3099,917.1667
node-093,2024-01-01 20:01:00,0.191,10582853.6031,0.0,1.2034,117758.8504,4.9639,6218899.4453,911.033
node-094,2024-01-01 20:01:00,0.096,9104171.9298,0.0,1.1062,92468.709,7.0842,6154219.7992,958.5827
node-095,2024-01-01 20:01:00,0.0183,9194422.2872,0.2759,1.2747,115461.6814,6.9797,6173977.8498,950.0659
node-096,2024-01-01 20:01:00,0.0789,10358321.1735,0.0,1.0053,137701.1221,9.0158,6097323.5916,948.083
node-097,2024-01-01 20:01:00,0.0986,9214494.4451,0.0,0.8676,96651.0477,8.9157,6180438.4955,945.3098
node-098,2024-01-01 20:01:00,0.1021,9445186.08,0.1134,1.0616,106213.6584,8.0088,6162736.2207,941.8516
node-099,2024-01-01 20:01:00,0.4698,8988061.5663,0.0,1.009,114298.655,8.0297,6284047.6605,958.425
node-100,2024-01-01 20:01:00,0.1133,9705698.484,1.1714,0.6898,125962.0054,15.0352,6208194.059,919.2041
node-101,2024-01-01 20:01:00,0.0116,8186953.0217,0.6194,0.198,105757.5681,2.97,6222892.6813,889.6276
node-102,2024-01-01 20:01:00,0.1031,9729354.0359,0.0,0.7931,111001.2708,7.1713,6233849.7337,947.4318
node-103,2024-01-01 20:01:00,0.1123,8588123.817,0.3071,0.6907,89953.2114,3.9876,6184830.0844,954.7563
node-104,2024-01-01 20:01:00,0.1,9131310.6792,0.0174,0.9416,117755.501,7.019,6343319.4876,958.1371
node-105,2024-01-01 20:01:00,0.1131,9844425.5826,0.1715,1.477,152770.3562,11.0625,6176108.5912,936.5826
node-106,2024-01-01 20:01:00,0.0,8102966.4268,0.0,0.1908,119477.3148,3.0464,6083931.2406,888.3488
node-107,2024-01-01 20:01:00,0.1171,8610784.0467,0.0,0.8115,121720.0742,6.8794,6222000.7019,946.508
node-108,2024-01-01 20:01:00,0.1017,10464819.5521,0.2655,0.8777,105630.4672,6.9473,6315569.7666,946.1972
node-109,2024-01-01 20:01:00,0.097,9532151.7905,0.5278,0.8958,111744.9754,8.0013,6190044.8989,927.992
node-110,2024-01-01 20:01:00,0.0,9054301.396,0.0,0.7876,131823.2651,8.9897,6217451.3538,951.5788
node-111,2024-01-01 20:01:00,2.192,10337567.4861,0.5981,0.9,131952.0289,7.995,6171139.6141,932.9798
node-112,2024-01-01 20:01:00,0.0916,8928568.164,0.0,0.7871,120731.2145,9.8774,6335895.0368,930.7409
node-113,2024-01-01 20:01:00,0.0955,9177144.2646,0.0,1.3331,91045.7507,8.9181,6132842.4576,934.3972
node-114,2024-01-01 20:01:00,0.0899,9098219.8053,0.7867,0.498,150101.3924,7.9941,6198221.1747,912.0754
node-115,2024-01-01 20:01:00,0.1175,9206625.1408,1.292,0.9154,119427.8842,9.0265,6273545.0198,955.5139
node-116,2024-01-01 20:01:00,0.0887,9129222.6329,0.0133,1.0161,116099.0422,9.0274,6183262.9075,931.5111
node-117,2024-01-01 20:01:00,0.1046,8989481.6157,0.0,1.3407,127653.7205,10.0234,6251501.786,930.8294
node-118,2024-01-01 20:01:00,0.1107,9104232.6541,0.0,0.8879,120095.8358,7.0114,6274960.8217,950.2333
node-119,2024-01-01 20:01:00,0.1054,10552471.6955,0.1786,1.4226,123848.1762,9.0607,6207809.7103,939.0757
node-000,2024-01-01 20:02:00,0.2057,9252512.0663,0.0,5.5977,151154.5434,7.8839,6161581.8387,918.8871
node-001,2024-01-01 20:02:00,0.096,9466179.8768,0.0,1.1542,117096.0626,8.0072,6168467.6768,899.7808
node-002,2024-01-01 20:02:00,0.1152,9440620.3887,0.0698,1.005,118256.3549,5.0075,6189711.2589,957.154
node-003,2024-01-01 20:02:00,0.197,10172101.1741,0.0,0.7007,80226.4578,6.9475,6322515.1842,936.4716
node-004,2024-01-01 20:02:00,0.2046,9850165.1594,0.6516,1.2975,135669.1753,9.0303,6235064.2044,956.6065
node-005,2024-01-01 20:02:00,0.1964,8183938.4019,1.0932,0.9781,133409.366,6.0399,6213292.5497,950.639
node-006,2024-01-01 20:02:00,0.0042,9728807.1309,0.5682,0.1952,135927.7962,2.0574,6227000.1014,890.0595
node-007,2024-01-01 20:02:00,0.3214,9010741.4292,0.0,0.6867,170056.1111,7.9959,6246333.9158,955.8822
node-008,2024-01-01 20:02:00,0.0,9204385.483,0.0,0.7667,109000.7945,7.0269,6245155.5498,932.8281
node-009,2024-01-01 20:02:00,0.2319,9633540.6802,0.2532,0.8122,158042.3339,9.4776,6214801.3956,959.6006
node-010,2024-01-01 20:02:00,0.1716,9611578.5539,0.3173,1.9071,131651.638,8.8791,6161514.729,957.1223
node-011,2024-01-01 20:02:00,0.1014,8858392.1454,0.2649,0.7219,134043.3731,5.9072,6239250.5467,951.3153
node-012,2024-01-01 20:02:00,0.0775,8744699.3393,0.0937,0.6876,136575.6289,4.8156,6231786.4955,967.5374
node-013,2024-01-01 20:02:00,0.0142,9432105.559,0.0,1.0061,159579.4573,0.0,0.0,953.4032
node-014,2024-01-01 20:02:00,0.0755,10946548.3721,0.0,0.7904,125759.3355,8.0635,6354240.9362,950.9438
node-015,2024-01-01 20:02:00,0.0,9111996.0264,0.7113,0.2176,106728.5238,4.0495,6385723.5139,906.1778
node-016,2024-01-01 20:02:00,0.0865,9045209.6285,0.0427,0.9089,122991.7616,8.9668,6176044.4587,975.8697
node-017,2024-01-01 20:02:00,0.0126,10801472.7417,0.0,0.5394,160948.5219,8.0003,6241132.8338,946.0459
node-018,2024-01-01 20:02:00,0.1087,9706885.6612,0.0,1.088,116301.4407,7.2208,6209367.4656,935.9886
node-019,2024-01-01 20:02:00,0.117,9700151.9043,0.0,0.825,93651.3341,8.0071,6231833.3661,954.1122
node-020,2024-01-01 20:02:00,0.1031,9253700.1508,0.0,1.005,152074.212,15.8215,6149081.7291,940.2661
node-021,2024-01-01 20:02:00,0.0967,9901110.9006,0.0,1.4623,135977.1037,9.0846,6161272.8017,959.534
node-022,2024-01-01 20:02:00,0.0965,9825120.4717,0.0,0.7662,114158.4182,7.6022,6240795.7652,940.6369
node-023,2024-01-01 20:02:00,0.2072,9158994.1387,0.0,0.7982,95213.4266,8.7636,6283870.8433,909.9963
node-024,2024-01-01 20:02:00,0.0922,8990948.423,0.2316,1.193,128703.3253,7.9173,6241079.33,929.178
node-025,2024-01-01 20:02:00,0.1809,10668545.8785,0.1699,0.8109,127226.8646,6.1073,6158639.4624,938.8335
node-026,2024-01-01 20:02:00,0.0,9833689.174,0.0,0.2145,95436.5089,2.1408,6170235.6474,877.2678
node-027,2024-01-01 20:02:00,0.0988,9383672.6433,0.0,0.9946,139930.8897,13.9976,6198107.7338,957.0574
node-028,2024-01-01 20:02:00,0.1296,10215267.296,0.1221,0.7925,126013.4772,8.9596,6174906.6416,908.3483
node-029,2024-01-01 20:02:00,0.1103,9177487.6227,0.0,0.8155,135945.8986,6.0202,6142235.4111,914.4844
node-030,2024-01-01 20:02:00,0.1108,9369040.2533,0.808,0.702,117617.0821,6.9938,6324652.6153,953.2513
node-031,2024-01-01 20:02:00,0.0,28915267.9554,0.0,0.1792,9485.631,0.0,27171.3498,12.5315
node-032,2024-01-01 20:02:00,0.1526,9243174.5588,0.2274,0.9874,116365.5309,6.9855,6124968.1984,954.2591
node-033,2024-01-01 20:02:00,0.0981,9001114.6071,0.0,0.9241,124297.6527,6.938,6104005.6084,973.0191
node-034,2024-01-01 20:02:00,0.0,8876381.5673,0.0,0.1921,130242.9217,3.105,6030280.0576,866.1558
node-035,2024-01-01 20:02:00,0.1149,10416741.981,0.0,0.8568,117870.9118,6.9273,6194493.5762,937.6694
node-036,2024-01-01 20:02:00,0.1089,9999182.8257,0.021,3.295,119091.0927,6.8375,6177715.8732,951.0538
node-037,2024-01-01 20:02:00,0.0931,9464414.7978,0.3474,0.7579,112993.3828,10.0375,6177957.5234,937.95
node-038,2024-01-01 20:02:00,0.5006,8633235.53,0.7293,0.8124,124522.4547,4.9355,6165167.5903,954.623
node-039,2024-01-01 20:02:00,0.1125,10188871.9251,0.0,0.6219,78047.4306,5.1545,6219382.0152,944.1657
node-040,2024-01-01 20:02:00,0.0,9417722.0565,0.7883,0.1866,121170.6193,3.9939,6271804.9143,920.5517
node-041,2024-01-01 20:02:00,0.1332,9554172.5457,1.1769,0.745,142769.6866,8.0444,6167747.2642,971.6449
node-042,2024-01-01 20:02:00,0.0964,9032092.9012,0.0038,0.7351,119952.2889,5.673,6223967.4179,958.7529
node-043,2024-01-01 20:02:00,0.0987,9808705.3064,0.0,0.4983,92336.8038,6.1655,6186926.5004,955.6685
node-044,2024-01-01 20:02:00,0.1819,9223070.9359,0.0,0.9098,128085.9778,6.9916,6223772.783,928.6415
node-045,2024-01-01 20:02:00,0.1021,9239323.7771,0.7447,1.0088,116446.9075,7.9663,6176453.2071,928.4678
node-046,2024-01-01 20:02:00,0.1033,9383529.7677,0.7942,1.0047,119036.1452,7.8974,6242506.8878,955.5238
node-047,2024-01-01 20:02:00,0.1945,8799722.7937,0.0,0.7816,119100.3552,6.0081,6205875.1462,961.0204
node-048,2024-01-01 20:02:00,0.2115,9918688.0253,0.069,0.719,113704.6023,7.8682,6291076.4808,923.0147
node-049,2024-01-01 20:02:00,0.0094,8466866.4267,0.0,0.0851,114977.5059,3.045,6375612.3707,910.6764
node-050,2024-01-01 20:02:00,0.0036,7937220.6166,0.3976,0.2033,170336.3474,4.0611,6122934.6598,883.3
node-051,2024-01-01 20:02:00,0.0954,8859941.4943,0.5672,1.6083,168943.6939,7.9069,6326021.733,962.4564
node-052,2024-01-01 20:02:00,0.1058,9442523.3017,0.0,0.8842,132957.1369,7.9318,6210256.2867,947.9447
node-053,2024-01-01 20:02:00,0.0987,9741615.541,0.0,0.9673,102023.7974,7.0638,6277950.5582,918.4277
node-054,2024-01-01 20:02:00,0.215,8835717.7234,0.4458,1.0974,129030.2241,6.954,6222401.0138,940.9894
node-055,2024-01-01 20:02:00,0.0001,9321829.3683,0.0,0.9817,123750.3895,8.8885,6221705.7934,948.0135
node-056,2024-01-01 20:02:00,0.1027,9929795.2828,0.5766,0.7442,115765.599,7.0324,6204209.0711,924.8703
node-057,2024-01-01 20:02:00,0.0422,7720104.9386,0.0,1.13,129219.1284,6.0276,6241068.227,935.5103
node-058,2024-01-01 20:02:00,0.0811,10056467.3008,0.0,1.0968,132451.2887,8.0711,6223796.189,953.8424
node-059,2024-01-01 20:02:00,0.1079,9080511.1514,0.0,0.8058,125531.6563,6.1561,6134017.0593,927.198
node-060,2024-01-01 20:02:00,0.0848,9076635.2539,0.6228,0.8078,129712.2579,5.923,6328193.085,927.5526
node-061,2024-01-01 20:02:00,0.1,9612177.0811,0.0,1.2051,157390.8722,7.1461,6370093.4479,958.7152
node-062,2024-01-01 20:02:00,0.076,9657395.9433,0.351,0.6992,131044.9169,7.0021,6117918.7772,953.2061
node-063,2024-01-01 20:02:00,0.1032,9341768.8317,0.9063,0.9993,94138.0654,5.8792,6207808.2699,932.285
node-064,2024-01-01 20:02:00,0.1906,9303315.083,0.8086,1.4186,121287.485,7.0069,6233447.2897,947.0403
node-065,2024-01-01 20:02:00,0.098,9488271.4992,1.3034,1.1008,134019.3214,6.0811,6225932.1426,963.6238
node-066,2024-01-01 20:02:00,0.1212,9023887.3608,0.5577,0.9893,96579.6476,10.0164,6330447.4526,960.1847
node-067,2024-01-01 20:02:00,0.2046,9083974.8204,0.2782,1.2116,118802.302,7.0141,6353969.3943,949.4205
node-068,2024-01-01 20:02:00,0.0891,9773715.3513,0.0,1.0203,121444.0488,6.8922,6226017.5705,930.1161
node-069,2024-01-01 20:02:00,0.0,9222337.8393,14.6178,0.7894,92764.0731,6.0542,6168003.2564,950.7504
node-070,2024-01-01 20:02:00,0.101,8733716.5298,0.6248,0.8883,140979.2649,10.0143,6154805.7874,918.6872
node-071,2024-01-01 20:02:00,0.1809,9151229.7521,0.3546,0.7836,135606.9737,8.0482,6249819.8714,945.3641
node-072,2024-01-01 20:02:00,0.0,106020797.2565,1.2121,0.2203,102403.0554,4.0083,6242001.5931,903.6617
node-073,2024-01-01 20:02:00,0.1158,8959885.5722,1.3265,0.8011,151297.6491,9.0807,6177024.9864,939.7544
node-074,2024-01-01 20:02:00,0.0888,9049545.2141,0.1182,0.8084,127031.4318,4.9676,6222029.5,919.8537
node-075,2024-01-01 20:02:00,0.1751,10240036.3737,0.0,0.9733,101031.3991,7.9389,6218732.509,942.495
node-076,2024-01-01 20:02:00,0.0,10033488.9224,0.0,0.3159,111652.0606,5.0705,6077367.0286,913.3604
node-077,2024-01-01 20:02:00,0.0876,9198356.6345,0.9355,0.9933,130404.7486,6.5283,6172851.2419,965.8404
node-078,2024-01-01 20:02:00,0.199,9226212.8439,0.6228,0.6776,119706.3678,7.0924,6270756.2801,960.1978
node-079,2024-01-01 20:02:00,0.1008,8936196.0926,0.0,2.0177,122520.9842,17.4926,6256265.5991,977.554
node-080,2024-01-01 20:02:00,0.112,9019412.0071,0.0,1.1908,150274.1392,7.1286,6274679.1784,950.2958
node-081,2024-01-01 20:02:00,0.1959,9181283.5555,0.0,0.7408,114885.9193,7.8264,6282879.5071,962.5427
node-082,2024-01-01 20:02:00,0.0059,7829129.4406,0.0,0.2094,91597.2177,3.9712,6114866.3938,889.5213
node-083,2024-01-01 20:02:00,0.0888,9285792.0771,0.0,1.1836,103262.5244,8.0707,6159673.6348,949.9041
node-084,2024-01-01 20:02:00,0.0977,9786150.3038,1.2636,0.8974,145130.4163,7.0575,6157217.4813,982.0439
node-085,2024-01-01 20:02:00,0.1892,9609802.0889,0.0,1.0125,124065.2193,10.1172,6172613.4648,950.8292
node-086,2024-01-01 20:02:00,0.0962,9247241.2161,1.4007,0.8102,116839.176,6.044,6219380.8823,968.6395
node-087,2024-01-01 20:02:00,0.1796,9567271.4465,0.6477,1.0128,112618.4814,8.8505,6183795.1316,936.4206
node-088,2024-01-01 20:02:00,0.2845,9263051.7994,0.0,1.1942,88699.046,9.5109,6191092.0637,924.9119
node-089,2024-01-01 20:02:00,0.0998,8968981.2061,0.1515,1.9841,115989.9185,9.9272,6357028.2631,954.7792
node-090,2024-01-01 20:02:00,0.1143,10756701.0689,0.9476,1.0325,153057.7984,3.9906,6131924.1153,938.7291
node-091,2024-01-01 20:02:00,0.0936,9787500.4458,1.2813,1.5599,129939.6989,7.9109,6160992.1976,945.7103
node-092,2024-01-01 20:02:00,0.0905,10010040.5868,0.7812,0.7847,119366.4595,7.9946,6293032.0409,934.3024
node-093,2024-01-01 20:02:00,0.1176,10126779.7702,0.664,0.7007,136273.5487,7.0606,6324031.0953,903.4495
node-094,2024-01-01 20:02:00,0.0822,9361105.0794,0.1534,0.9139,131611.9816,6.03,6374540.3128,959.1276
node-095,2024-01-01 20:02:00,0.215,9225457.6634,0.0,0.988,126392.7967,7.8615,6139125.1937,956.4813
node-096,2024-01-01 20:02:00,0.1849,10423800.3888,0.6407,0.9285,108686.9637,5.9722,6215111.7076,949.1183
node-097,2024-01-01 20:02:00,0.0974,9396627.9445,0.0,0.8694,106500.885,8.8816,6262045.4105,973.9483
node-098,2024-01-01 20:02:00,0.1785,9457116.2675,0.0,0.9114,111898.7332,12.0791,6177719.7204,944.4197
node-099,2024-01-01 20:02:00,0.454,9117705.3116,0.6324,0.8145,129490.206,7.0087,6339072.4831,947.7152
node-100,2024-01-01 20:02:00,0.0973,9613681.314,0.7926,0.7391,176919.8815,8.0789,6280360.1772,920.0557
node-101,2024-01-01 20:02:00,0.0081,8434295.2883,0.0,0.2044,101815.8954,2.9336,6217368.4639,900.9164
node-102,2024-01-01 20:02:00,0.1044,9082122.6785,0.0,0.9,117955.1871,7.8956,6256185.5088,946.0335
node-103,2024-01-01 20:02:00,0.1014,9142237.5364,0.0,0.9885,125108.6833,5.8942,6219569.8019,956.2362
node-104,2024-01-01 20:02:00,0.0867,9156285.513,0.0,0.9185,107490.0173,14.0358,6218922.7991,954.4466
node-105,2024-01-01 20:02:00,0.1875,9605375.3784,0.4698,1.2031,175841.5741,10.0512,6181306.3501,920.553
node-106,2024-01-01 20:02:00,0.0022,8564514.9827,0.0,0.1855,116087.45,2.0512,6362106.6488,898.7964
node-107,2024-01-01 20:02:00,0.2003,8633903.804,0.2419,1.0027,104529.3171,9.0662,6148063.6895,940.5627
node-108,2024-01-01 20:02:00,0.1488,10106006.6212,0.0,0.9037,141943.906,4.9504,6278909.2011,947.3098
node-109,2024-01-01 20:02:00,0.0952,9513002.3198,0.0,0.8672,115295.7995,6.8994,6163038.4939,921.7841
node-110,2024-01-01 20:02:00,0.1161,9683526.1182,0.7674,0.7141,119382.7893,4.9561,6159897.3986,949.6157
node-111,2024-01-01 20:02:00,0.1648,10075360.9236,0.5087,0.9779,100819.423,7.993,6163486.7497,946.0564
node-112,2024-01-01 20:02:00,0.1152,8716989.1305,0.0,0.7215,119362.6111,9.002,6272674.3203,927.7791
node-113,2024-01-01 20:02:00,0.1078,8748993.2722,0.0,0.9185,89033.0142,9.3479,6106605.9955,953.4111
node-114,2024-01-01 20:02:00,0.1022,9056600.5581,0.0302,0.5274,134043.7692,5.0426,6131641.2809,921.7271
node-115,2024-01-01 20:02:00,0.0944,9370170.5792,0.3805,1.0217,119608.2085,14.9908,6223102.615,971.244
node-116,2024-01-01 20:02:00,0.1179,8854418.6739,0.0,0.9078,122707.1877,7.9036,6329763.7604,934.251
node-117,2024-01-01 20:02:00,0.0911,9297381.4806,0.0,1.5124,115004.0575,8.989,6198969.2886,942.2698
node-118,2024-01-01 20:02:00,0.1013,9056967.5039,0.0,0.9927,135841.4782,11.0413,6164207.0965,944.3871
node-119,2024-01-01 20:02:00,0.1342,10726491.1905,0.7435,1.4138,131062.8895,8.9224,6266383.8114,937.4772
node-000,2024-01-01 20:03:00,0.192,9226490.8872,0.2777,6.1113,166505.2641,11.0104,6196314.2477,920.0498
node-001,2024-01-01 20:03:00,0.182,8604106.1383,0.2978,0.9115,113249.4647,9.0003,6150959.1217,903.8169
node-002,2024-01-01 20:03:00,0.0126,9567217.0756,1.2589,0.9914,120249.1816,8.9323,6290551.2675,958.4176
node-003,2024-01-01 20:03:00,0.1012,10123790.8513,0.0,0.7014,115083.2697,7.7759,6286704.2992,937.2518
node-004,2024-01-01 20:03:00,0.0968,9657358.8771,1.2486,0.9845,116589.5672,9.1113,6157871.5039,948.3973
node-005,2024-01-01 20:03:00,0.1076,7882572.3609,0.0,0.6872,115612.5165,6.9965,6286693.2729,952.9133
node-006,2024-01-01 20:03:00,0.0,9881350.7462,0.0,0.1798,104382.0816,1.9959,6202507.0636,889.6201
node-007,2024-01-01 20:03:00,0.0963,8718846.4715,0.8251,0.7253,146554.7359,7.8347,6310347.2198,953.2768
node-008,2024-01-01 20:03:00,0.104,8802920.7833,0.0,0.6161,125303.442,5.8743,6297491.6514,961.3313
node-009,2024-01-01 20:03:00,0.1102,9977390.0529,1.5514,1.0975,138705.2194,11.9766,6207680.5531,955.1233
node-010,2024-01-01 20:03:00,0.2067,9448209.954,0.0,1.899,122175.4596,8.0115,6294775.8905,957.5563
node-011,2024-01-01 20:03:00,0.0997,8701289.1815,0.0,0.794,129782.1168,5.9766,6158735.8694,962.6473
node-012,2024-01-01 20:03:00,0.0142,8257396.2742,0.2276,1.0973,114399.8628,6.0646,6153523.5181,948.2063
node-013,2024-01-01 20:03:00,0.0872,9302743.4326,0.0,1.011,182188.7735,0.0,0.0,951.6115
node-014,2024-01-01 20:03:00,0.076,10592714.8667,0.5244,0.8629,117356.8726,7.1388,6174683.1584,941.5874
node-015,2024-01-01 20:03:00,0.0093,9093386.5791,0.0,0.2347,105508.2378,3.7805,6138146.9092,887.689
node-016,2024-01-01 20:03:00,0.0592,9200129.094,0.0,0.9035,112277.745,5.9429,6224127.3456,935.0562
node-017,2024-01-01 20:03:00,0.0998,10473401.3709,0.32,1.02,145594.4663,6.9722,6228035.6517,950.272
node-018,2024-01-01 20:03:00,0.0947,9438268.8368,0.0,1.0006,89286.1553,9.0095,6204868.4576,951.9861
node-019,2024-01-01 20:03:00,0.1044,9239137.701,0.0,0.8917,115361.3524,13.0149,6159431.91,935.7818
node-020,2024-01-01 20:03:00,0.0,9522294.4678,0.2087,1.0063,172749.9103,10.0793,6289685.0892,955.7719
node-021,2024-01-01 20:03:00,0.0833,9749657.8027,0.3654,1.3051,105765.8525,7.007,6266396.2293,953.259
node-022,2024-01-01 20:03:00,0.0928,9226841.843,0.4556,0.7371,114944.2503,4.9404,6239672.17,959.5749
node-023,2024-01-01 20:03:00,0.0,8874757.2029,0.0889,0.8468,110130.8962,7.0181,6152655.3816,914.8957
node-024,2024-01-01 20:03:00,0.1359,8759215.0059,0.7487,0.6514,108408.2041,7.9488,6206363.4277,928.8456
node-025,2024-01-01 20:03:00,0.1039,10903790.9666,0.0,0.7027,89564.1181,6.0011,6296024.7571,923.6293
node-026,2024-01-01 20:03:00,0.0,9622371.4989,0.0,0.2013,143404.307,1.972,6263265.5354,894.5353
node-027,2024-01-01 20:03:00,0.1171,9534720.5066,0.0,0.9115,124199.1797,13.4062,6186456.5241,944.0501
node-028,2024-01-01 20:03:00,0.0809,9824503.8959,0.3012,0.8023,140380.097,6.002,6239657.6949,918.7061
node-029,2024-01-01 20:03:00,0.1076,9187681.9545,0.3428,0.7766,81852.0227,7.0812,6261365.0724,918.8813
node-030,2024-01-01 20:03:00,0.1995,9177003.9718,0.0,1.2014,97243.0727,6.8001,6315708.7818,965.8986
node-031,2024-01-01 20:03:00,0.0,28782093.1799,0.0,0.1236,2038.2078,0.14,15615.5174,0.0
node-032,2024-01-01 20:03:00,0.0011,9361610.5338,0.0,0.9735,141128.1572,7.9122,6201481.0804,953.4819
node-033,2024-01-01 20:03:00,0.0975,9135659.8515,0.0,0.8819,135736.9382,7.9845,6215835.9108,966.7489
node-034,2024-01-01 20:03:00,0.0128,8495944.0598,0.0153,0.0876,106283.1268,4.046,6253707.1268,874.9195
node-035,2024-01-01 20:03:00,0.0829,10680433.569,0.0,0.8098,124377.3371,6.9539,6260237.7565,936.9372
node-036,2024-01-01 20:03:00,0.21,9561136.2098,0.5121,1.0042,144746.8804,9.0759,6208801.8886,952.2986
node-037,2024-01-01 20:03:00,0.105,9592370.8635,0.0,0.6998,109808.7365,7.9139,6262129.0528,948.4993
node-038,2024-01-01 20:03:00,0.0808,8609663.6378,0.0791,1.0167,91310.1587,8.0027,6233284.1558,947.7835
node-039,2024-01-01 20:03:00,0.1163,10021044.882,0.0,0.6038,114942.0777,5.9503,6168267.3699,945.565
node-040,2024-01-01 20:03:00,0.0,9406492.9844,0.2567,0.2375,187683.1979,3.9285,6184736.5714,899.9973
node-041,2024-01-01 20:03:00,0.0992,9791198.7148,0.4103,0.8884,130041.6334,7.1085,6288548.5111,953.4696
node-042,2024-01-01 20:03:00,0.0983,9692929.1501,0.0,0.7847,102156.3015,9.9532,6205459.6201,937.4358
node-043,2024-01-01 20:03:00,0.0992,10325803.5459,0.8038,0.6017,121145.736,6.9128,6142184.309,938.6998
node-044,2024-01-01 20:03:00,0.0828,8834749.4665,0.0,0.8865,111438.6922,7.9602,6170644.6177,916.4169
node-045,2024-01-01 20:03:00,0.1223,9450535.4783,0.0,1.1574,136454.0727,8.0471,6285094.5065,941.6205
node-046,2024-01-01 20:03:00,0.1714,9096146.674,0.0,0.7507,141511.4883,5.019,6197003.8681,964.9157
node-047,2024-01-01 20:03:00,0.1938,8456159.9672,0.8287,0.807,119378.175,6.9963,6281998.1432,943.0121
node-048,2024-01-01 20:03:00,0.0953,9189372.7033,0.2673,0.7083,110685.7018,5.9684,6161333.0971,925.7154
node-049,2024-01-01 20:03:00,0.0,7891078.3937,0.5566,0.1051,100068.0109,3.0856,6084166.1948,872.6126
node-050,2024-01-01 20:03:00,0.005,7826217.7384,0.7081,0.2152,116244.0085,5.0975,6427936.8094,899.0147
node-051,2024-01-01 20:03:00,0.0952,8980534.4509,0.0,1.6052,142109.5858,8.2349,6289429.7407,971.6526
node-052,2024-01-01 20:03:00,0.0924,9094417.6364,0.0891,0.8007,187050.7358,8.1683,6207215.0929,951.242
node-053,2024-01-01 20:03:00,0.1063,9781900.7839,0.0,1.2251,125532.2382,9.9004,6239516.055,936.2121
node-054,2024-01-01 20:03:00,0.0069,8853380.7764,0.2894,0.976,107264.9469,6.6963,6272836.7182,951.311
node-055,2024-01-01 20:03:00,0.1035,9136661.7973,0.9367,0.9995,119146.8184,7.973,6234335.2993,948.9785
node-056,2024-01-01 20:03:00,0.0937,9586160.2498,0.0,0.6148,80830.2196,7.0626,6186714.7411,928.7124
node-057,2024-01-01 20:03:00,0.1158,7685124.2254,0.3897,1.1028,122085.6018,5.9923,6311838.8499,942.6163
node-058,2024-01-01 20:03:00,0.091,9386471.3642,0.6378,1.0122,154605.4963,9.9531,6283233.9947,958.4821
node-059,2024-01-01 20:03:00,0.1118,9593268.387,0.0,0.815,114820.9707,7.0206,6192666.3966,939.6875
node-060,2024-01-01 20:03:00,0.119,9061410.2684,0.2896,0.7834,106969.8128,6.0044,6227342.8185,941.8164
node-061,2024-01-01 20:03:00,0.0924,9231317.606,0.1101,0.8981,127590.3308,8.908,6267856.7689,981.5058
node-062,2024-01-01 20:03:00,0.1009,9050112.4419,0.0,0.689,117367.6101,6.8669,6127886.4246,941.9583
node-063,2024-01-01 20:03:00,0.1029,8827747.0721,1.4138,0.8002,115102.3133,11.0515,6265350.909,935.8519
node-064,2024-01-01 20:03:00,0.1015,9448994.8785,0.1697,0.8873,141892.7978,8.9182,6165131.4684,966.3884
node-065,2024-01-01 20:03:00,0.1176,9346424.6328,0.0,1.1258,136098.1212,10.0353,6166968.8888,950.1571
node-066,2024-01-01 20:03:00,0.0788,9212188.707,0.2619,1.0377,122171.1851,10.9543,6221320.6661,948.472
node-067,2024-01-01 20:03:00,0.101,8779067.0616,0.0,0.9836,141408.2573,6.6895,6206042.0723,948.3453
node-068,2024-01-01 20:03:00,0.1803,9532791.894,0.3954,1.011,92774.3279,7.3706,6241000.2801,946.5887
node-069,2024-01-01 20:03:00,0.0136,9324601.9174,14.3731,1.0328,133742.6666,6.0684,6262938.0601,950.4577
node-070,2024-01-01 20:03:00,0.0754,8962895.0179,0.2489,0.9079,122123.6178,6.9936,6176480.1597,939.7131
node-071,2024-01-01 20:03:00,0.0934,9425904.5365,0.0738,0.7966,117524.8554,6.0225,6216321.1411,967.1944
node-072,2024-01-01 20:03:00,0.0,106672521.1646,0.4381,0.1911,88674.4013,4.2204,6165765.9188,902.8181
node-073,2024-01-01 20:03:00,0.083,9096511.8411,0.6561,0.9463,90100.1934,6.0312,6210130.9613,937.0516
node-074,2024-01-01 20:03:00,0.1191,9313341.5129,0.0,0.6586,143571.0281,5.2651,6219229.6484,926.9974
node-075,2024-01-01 20:03:00,0.1133,10294771.0455,0.0,0.7545,143850.2159,6.0472,6284903.4038,935.754
node-076,2024-01-01 20:03:00,0.0388,9634577.338,0.0,0.2055,96254.0551,1.9739,6175206.5581,881.0418
node-077,2024-01-01 20:03:00,0.1079,8773603.2539,0.0361,0.7992,115750.7989,9.9788,6193638.5761,950.7039
node-078,2024-01-01 20:03:00,0.2103,9623829.5507,0.9058,0.9054,105801.2666,6.9367,6256732.8885,957.6788
node-079,2024-01-01 20:03:00,0.1053,9219663.46,0.0,6.205,121546.814,7.9256,6292782.6826,954.5609
node-080,2024-01-01 20:03:00,0.0975,9114076.9214,0.0,0.9999,126171.1391,8.9451,6265587.0743,942.4636
node-081,2024-01-01 20:03:00,0.0285,8794738.1503,0.0,0.485,182840.4202,6.9452,6079398.7252,970.3115
node-082,2024-01-01 20:03:00,0.1226,8555853.7408,0.0,1.8959,124709.7285,4.0446,6331442.093,904.8054
node-083,2024-01-01 20:03:00,0.0906,9432870.8271,0.2175,0.9106,120638.0572,8.0177,6260230.8003,953.5085
node-084,2024-01-01 20:03:00,0.0721,9391420.7549,1.2113,0.9301,116416.5954,5.9181,6218204.2848,960.8626
node-085,2024-01-01 20:03:00,0.0721,9200003.1703,0.3118,0.7879,145161.1001,6.9424,6263961.3375,946.5105
node-086,2024-01-01 20:03:00,0.1068,9181757.5955,0.1666,0.8939,123310.3225,5.0138,6221899.4349,942.6188
node-087,2024-01-01 20:03:00,0.2246,9483945.1059,0.0,0.9978,127820.2361,8.9817,6211763.2047,934.9261
node-088,2024-01-01 20:03:00,0.0838,9102990.1151,0.0,0.7169,128722.3632,13.1932,6211852.3165,916.9684
node-089,2024-01-01 20:03:00,0.1154,9317558.5594,0.0611,1.5987,116187.0383,10.004,6252686.0972,931.2533
node-090,2024-01-01 20:03:00,0.0913,10647278.5326,0.0,0.916,174844.1893,4.2323,6196496.1422,944.1014
node-091,2024-01-01 20:03:00,0.1026,10240627.1313,0.0,1.1105,118162.512,7.9714,6230567.9996,948.2504
node-092,2024-01-01 20:03:00,0.0894,10251581.3224,0.325,0.801,191576.1246,9.9194,6186710.3354,910.6227
node-093,2024-01-01 20:03:00,0.1158,10372280.1718,0.1188,0.7954,109479.1548,4.0525,6231053.4628,935.6807
node-094,2024-01-01 20:03:00,0.1001,9376519.4731,0.0,1.0248,131356.2662,6.3818,6222038.3905,958.2949
node-095,2024-01-01 20:03:00,0.1032,8776605.1524,0.0,0.7102,132611.9685,8.0395,6155062.3538,962.0067
node-096,2024-01-01 20:03:00,0.0765,10777250.6343,0.0,0.7692,118349.094,6.0556,6239365.2542,959.2206
node-097,2024-01-01 20:03:00,0.1063,9298455.48,0.0,4.1154,107376.9501,8.0448,6270080.863,968.8697
node-098,2024-01-01 20:03:00,0.0949,9740182.1909,1.176,0.9888,123636.1819,8.8501,6203615.411,948.0314
node-099,2024-01-01 20:03:00,0.0704,9270528.5584,0.0,0.8154,109767.4876,13.9539,6166600.0566,975.3735
node-100,2024-01-01 20:03:00,0.1091,9402603.4042,0.0,0.7325,143846.5457,9.0014,6203038.3904,917.3654
node-101,2024-01-01 20:03:00,0.0294,8169970.1304,0.3697,0.186,139771.3232,3.1094,6244776.8233,913.2189
node-102,2024-01-01 20:03:00,0.0146,9252277.4603,0.0,0.9188,152578.3709,8.9985,6241112.3524,971.8678
node-103,2024-01-01 20:03:00,0.2023,8946531.915,0.0067,0.7105,120176.961,6.3433,6161832.6998,944.0903
node-104,2024-01-01 20:03:00,0.2021,8691077.748,0.0,1.2964,87857.8883,13.3532,6177807.5944,949.5381
node-105,2024-01-01 20:03:00,0.0923,9342162.8855,0.5159,0.899,177995.1141,8.0032,6210925.7803,946.7639
node-106,2024-01-01 20:03:00,0.1193,8541013.7364,0.0,0.3259,105173.3622,2.1229,6329668.0916,907.168
node-107,2024-01-01 20:03:00,0.1826,8111426.6047,0.5549,1.4814,124877.2366,8.6319,6154445.1957,960.7287
node-108,2024-01-01 20:03:00,0.1132,10228513.6022,0.0,0.7042,132395.5909,5.1431,6163920.6647,931.8005
node-109,2024-01-01 20:03:00,0.1004,9473629.6533,0.5691,0.7812,125825.9536,5.9558,6177598.1196,911.5703
node-110,2024-01-01 20:03:00,0.0635,9482742.9784,0.238,0.7049,141844.7504,5.8809,6148577.6124,925.9405
node-111,2024-01-01 20:03:00,0.1124,10521686.0694,0.0,0.999,127992.8632,7.9486,6329824.411,946.4514
node-112,2024-01-01 20:03:00,0.0971,8999704.9549,0.1292,0.9775,130000.5267,6.8745,6247015.3543,928.8428
node-113,2024-01-01 20:03:00,0.1041,9257040.7862,0.1217,1.1171,137996.5846,10.934,6249216.5923,934.2348
node-114,2024-01-01 20:03:00,0.078,9380998.4117,0.6688,0.838,168146.9497,4.9789,6210845.4716,942.5636
node-115,2024-01-01 20:03:00,0.0972,9395403.8943,0.0,1.1008,127373.5459,5.0863,6305048.367,946.4505
node-116,2024-01-01 20:03:00,0.0943,9094149.6767,0.0,1.0235,96091.3068,11.9483,6269727.7589,958.5794
node-117,2024-01-01 20:03:00,0.0922,9210271.3396,0.959,1.5026,113401.3864,10.0504,6212592.0529,940.0602
node-118,2024-01-01 20:03:00,0.1218,9002924.9145,0.0,0.9753,120642.3427,4.9888,6158957.7056,934.6773
node-119,2024-01-01 20:03:00,0.1995,10877381.3683,0.8034,0.8069,123932.2778,7.0521,6217236.2294,925.6832
