nodeId,timestamp,cpu_wio,mem_free,Missed Buffers_P1,cpu_user,bytes_out,proc_run,bytes_in,pkts_out
node-000,2024-01-01 19:14:00,0.0818,28347209.4489,0.033,0.5191,10310.3865,0.9526,475007.8159,264.1043
node-001,2024-01-01 19:14:00,0.0003,27997632.7054,156.2205,1.4986,27853.3994,0.041,231960.8458,254.4122
node-002,2024-01-01 19:14:00,0.0,8930670.9394,0.1158,0.6363,16759.0811,0.0681,590753.1972,334.6704
node-003,2024-01-01 19:14:00,0.1909,29975229.2564,4.331,0.5016,46514.1216,0.0,42888.2124,286.6806
node-004,2024-01-01 19:14:00,0.0,28562762.6793,28.3325,0.1923,46652.8371,2.9565,865627.6168,280.4401
node-005,2024-01-01 19:14:00,0.0959,7119509.9308,0.1543,1.069,420938.3791,0.0394,68709.0876,368.869
node-006,2024-01-01 19:14:00,0.0,28772871.2175,9.9983,0.2111,19450.7469,2.0075,74995.6875,222.6216
node-007,2024-01-01 19:14:00,0.0,28576965.803,243.7344,0.3836,4526.2624,1.004,325708.6021,194.5123
node-008,2024-01-01 19:14:00,0.0023,28661789.7999,13.2798,0.4952,11171.2101,0.028,600547.2508,276.4316
node-009,2024-01-01 19:14:00,0.0269,28440795.8772,3.2242,1.2758,487.0075,0.0752,404151.8988,263.9955
node-010,2024-01-01 19:14:00,0.1905,29147832.7912,5.5298,1.8232,68745.0942,0.027,939363.7021,390.49
node-011,2024-01-01 19:14:00,0.0049,27783481.5688,249.7308,0.2077,9178.8307,0.2534,118801.0619,247.0087
node-012,2024-01-01 19:14:00,0.1138,28129020.9426,0.0,0.8897,14456.5981,0.8914,168504.5144,148.4134
node-013,2024-01-01 19:14:00,0.3139,28622666.2097,0.0,1.9342,4332.2827,0.0,0.0,377.7761
node-014,2024-01-01 19:14:00,0.0905,29858120.3828,1.0036,1.2955,35892.6469,0.012,229862.8177,266.8268
node-015,2024-01-01 19:14:00,0.0,27652238.3792,0.0,0.0073,3061.047,0.075,436473.4601,229.6267
node-016,2024-01-01 19:14:00,0.0235,28212013.6051,187.0806,0.7632,4403.5671,0.0728,136308.4412,182.1623
node-017,2024-01-01 19:14:00,0.0204,29705407.8407,0.0,0.4026,3726.2122,0.0373,261551.2935,257.7002
node-018,2024-01-01 19:14:00,0.0,29030001.6315,34.8731,0.1865,7866.886,0.0,358977.0249,321.5668
node-019,2024-01-01 19:14:00,0.0543,28496835.2862,272.5984,0.7116,771.2334,1.0387,87992.3681,266.5971
node-020,2024-01-01 19:14:00,0.1107,28471933.5412,0.0,1.9175,35525.218,0.9805,943849.4038,312.3119
node-021,2024-01-01 19:14:00,0.0,28710459.7562,42.4073,1.2012,11938.6085,0.1348,219270.9353,155.1933
node-022,2024-01-01 19:14:00,0.0177,28443223.7165,89.3961,0.3738,7060.3386,1.0052,96410.5159,304.6241
node-023,2024-01-01 19:14:00,0.1116,28423109.1219,0.0,1.6933,849.7833,0.0,531556.9328,82.9565
node-024,2024-01-01 19:14:00,0.0,27675460.1095,0.0,1.0922,1095.2678,0.1129,631507.4826,190.6006
node-025,2024-01-01 19:14:00,0.0645,29659073.425,0.0,1.0896,10113.0307,0.3823,732684.2555,171.5789
node-026,2024-01-01 19:14:00,0.0199,28968335.5572,0.2173,0.0,8765.6952,0.2873,558213.066,247.6264
node-027,2024-01-01 19:14:00,0.0,28295934.5706,219.3788,1.2046,10898.2543,0.0319,125689.3199,276.3466
node-028,2024-01-01 19:14:00,0.0,29195138.8247,197.432,1.1805,2356.4001,0.0,106888.5135,312.075
node-029,2024-01-01 19:14:00,0.1005,28454306.1866,0.0,0.2077,10532.174,0.9885,915987.5464,269.2554
node-030,2024-01-01 19:14:00,0.0,28574998.116,0.991,0.2661,2630.4264,0.0262,138607.5135,307.0319
node-031,2024-01-01 19:14:00,0.0,28725448.3428,0.0,0.5012,0.0,0.0,137137.4617,0.0
node-032,2024-01-01 19:14:00,0.1631,28651893.471,9.0382,1.4147,7438.4126,2.0394,272442.3606,228.0095
node-033,2024-01-01 19:14:00,0.0825,28430477.1403,0.0,1.3941,11672.9969,0.0,765453.9885,139.5104
node-034,2024-01-01 19:14:00,0.0,27456529.252,211.5877,0.3217,13784.0306,0.019,495249.8234,239.5952
node-035,2024-01-01 19:14:00,0.0,29177639.3134,0.0,1.0318,8116.9355,1.0853,336498.6098,281.8212
node-036,2024-01-01 19:14:00,0.1194,28781806.2153,0.9693,0.5141,11068.0828,0.0,969371.9885,113.2428
node-037,2024-01-01 19:14:00,0.2521,28567014.6509,1.3042,1.4088,7356.6393,1.0774,656454.7031,280.8693
node-038,2024-01-01 19:14:00,0.0,27711246.518,2.9048,0.5087,2154.2717,0.0,230445.0908,172.0727
node-039,2024-01-01 19:14:00,0.0,29035024.0874,0.2343,0.486,9679.2308,0.0327,580538.5055,258.2877
node-040,2024-01-01 19:14:00,0.0,28729124.0766,0.0,0.2451,8906.1663,0.7678,362899.3597,221.2782
node-041,2024-01-01 19:14:00,0.1075,28812053.1651,275.7883,0.2977,1013.5106,0.0,78323.4364,169.6469
node-042,2024-01-01 19:14:00,0.0,28306062.9168,195.9145,0.6701,2472.404,0.0037,232753.6382,176.8914
node-043,2024-01-01 19:14:00,0.0,29240401.3107,0.0,1.5775,9191.9253,0.0993,700710.244,138.6713
node-044,2024-01-01 19:14:00,0.2307,28122936.2132,20.0953,0.7999,7792.7554,0.0294,91560.8511,319.255
node-045,2024-01-01 19:14:00,0.1019,28830851.1681,77.9064,0.2217,8194.9304,2.9663,98059.1399,287.395
node-046,2024-01-01 19:14:00,0.3709,28215125.5884,191.1957,0.2931,9759.82,0.0,55549.4713,217.2778
node-047,2024-01-01 19:14:00,0.0003,27970854.0969,154.8828,0.7939,8847.3746,0.0232,144340.0246,339.8738
node-048,2024-01-01 19:14:00,0.0,28499596.9668,18.9636,1.0863,1980.4352,0.9274,34711.4258,269.3689
node-049,2024-01-01 19:14:00,0.0182,26768341.6037,254.3747,0.0627,9457.9836,0.0,63430.7062,286.2204
node-050,2024-01-01 19:14:00,0.0,26966285.6749,248.5005,0.5438,11828.8857,0.1045,171576.9647,202.5094
node-051,2024-01-01 19:14:00,0.4929,28669687.006,260.7632,2.4056,7498.1354,0.9506,372858.6256,307.6631
node-052,2024-01-01 19:14:00,0.1136,28656585.077,6.364,1.4088,8571.099,0.0,877095.8718,248.5097
node-053,2024-01-01 19:14:00,0.0131,28956996.0465,60.6461,0.8774,482.0103,0.9178,781109.9414,289.6485
node-054,2024-01-01 19:14:00,0.1029,28172074.3481,0.0,1.0117,29139.6558,0.0097,441297.8904,279.9287
node-055,2024-01-01 19:14:00,0.1869,28190065.2271,0.0,0.3947,2385.3425,0.0503,340340.7792,87.4659
node-056,2024-01-01 19:14:00,0.0,28606398.5551,290.9693,0.1987,8461.4809,0.0542,119277.8322,260.1673
node-057,2024-01-01 19:14:00,0.1971,26585764.7447,191.0169,2.1134,7318.3111,2.0296,453025.6376,234.8557
node-058,2024-01-01 19:14:00,0.2886,28878838.3235,0.0692,1.1687,7944.0794,0.0,185041.5589,390.3042
node-059,2024-01-01 19:14:00,0.4271,28423760.8854,249.8408,0.5962,641.78,1.0014,584124.5855,220.3995
node-060,2024-01-01 19:14:00,0.0909,27889496.9006,177.4757,0.7932,7586.6677,0.0,202152.1277,346.5833
node-061,2024-01-01 19:14:00,0.0009,28558489.2965,55.236,0.2984,46310.7352,0.0,197479.4638,356.9457
node-062,2024-01-01 19:14:00,0.1034,28595905.5556,278.9983,0.0928,367.2648,0.0697,497214.4082,176.4531
node-063,2024-01-01 19:14:00,0.0914,28320825.8617,26.2002,0.6994,8378.7324,0.0,76577.8642,278.4462
node-064,2024-01-01 19:14:00,0.3946,28261414.5068,0.0,2.3652,16525.9249,0.0281,673600.7094,177.0632
node-065,2024-01-01 19:14:00,0.1001,27635726.9963,116.4372,1.8079,31.4792,0.0343,719791.012,364.5184
node-066,2024-01-01 19:14:00,0.1031,28655637.9322,7.4348,0.9078,1192.0244,0.0,1018939.9087,187.7744
node-067,2024-01-01 19:14:00,0.1167,27958991.3274,96.3352,1.4646,46065.7651,4.9582,822834.4125,290.5112
node-068,2024-01-01 19:14:00,0.0991,28640747.6796,21.2149,0.802,709.8339,0.1178,666132.3796,351.8541
node-069,2024-01-01 19:14:00,0.0991,8138594.8707,15.4107,1.2799,24392.2144,0.0,248914.4458,361.9288
node-070,2024-01-01 19:14:00,0.0,28326614.259,249.3695,0.273,531.8697,0.0,74726.17,230.2676
node-071,2024-01-01 19:14:00,0.1582,28341574.1191,208.467,0.4039,9170.987,0.0,236608.2022,254.3442
node-072,2024-01-01 19:14:00,0.0101,125366192.965,0.0,0.0971,9873.38,0.2904,138376.5183,207.5309
node-073,2024-01-01 19:14:00,0.213,28306694.8205,177.0993,0.2806,16568.1905,0.0,179012.6756,304.5546
node-074,2024-01-01 19:14:00,0.0494,28135868.4017,34.7858,0.4938,12963.8414,0.0,259595.6688,284.3663
node-075,2024-01-01 19:14:00,0.1067,29301601.5181,7.1957,1.3151,10271.568,0.0631,85852.4988,251.7784
node-076,2024-01-01 19:14:00,0.0,29324922.6987,0.4255,0.0975,10449.7339,0.0205,618447.1214,99.7671
node-077,2024-01-01 19:14:00,0.0,28411408.3562,266.2131,1.3194,2200.5826,0.6562,100315.1328,188.3442
node-078,2024-01-01 19:14:00,0.089,28553306.1433,187.3542,1.3985,1293.2211,0.1122,114071.7899,144.2778
node-079,2024-01-01 19:14:00,0.0105,28333618.7994,26.4442,0.7464,3991.3055,0.0,191435.3721,371.1759
node-080,2024-01-01 19:14:00,0.0005,28223717.1929,38.3736,1.0144,52769.032,0.0,89647.285,236.0596
node-081,2024-01-01 19:14:00,0.2649,28492202.1468,0.0,0.8853,8309.9641,1.0953,395555.7514,372.4006
node-082,2024-01-01 19:14:00,0.0,27288086.2244,147.3552,0.2789,10254.0326,0.0,580500.9788,221.6065
node-083,2024-01-01 19:14:00,0.1643,28631983.4861,0.1676,0.5894,8689.8093,0.1419,231059.7272,370.4371
node-084,2024-01-01 19:14:00,0.1222,28995923.3707,280.2205,1.013,19390.1415,0.0088,603059.8848,103.2483
node-085,2024-01-01 19:14:00,0.1858,28841768.1746,194.4776,1.1814,983.625,1.0338,170727.8106,304.5457
node-086,2024-01-01 19:14:00,0.0,28107731.6599,231.0473,1.5988,3327.6414,0.0169,50302.6287,302.9186
node-087,2024-01-01 19:14:00,0.0,28763789.8752,1.0994,0.3894,6428.1413,0.0,100476.0367,331.5613
node-088,2024-01-01 19:14:00,0.0119,28778657.4373,0.1242,1.1458,9404.7199,0.0,704646.8877,295.2603
node-089,2024-01-01 19:14:00,0.1801,28579957.2903,0.0,1.4115,14955.6776,0.937,811625.162,319.4849
node-090,2024-01-01 19:14:00,0.1443,29669715.3089,0.0139,1.4019,38922.3776,0.0,415190.9753,255.0812
node-091,2024-01-01 19:14:00,0.3076,29247630.1623,54.6391,0.5363,15766.7556,0.0463,630485.4815,290.7822
node-092,2024-01-01 19:14:00,0.0967,29557549.6025,0.0,1.4063,3403.2353,0.0,565590.6115,217.5563
node-093,2024-01-01 19:14:00,0.0961,29488137.0421,5.5675,1.3449,5357.1249,0.0,412182.4616,253.8843
node-094,2024-01-01 19:14:00,0.1123,28627807.5596,202.3626,1.1858,1555.5823,0.0,96312.0466,360.5334
node-095,2024-01-01 19:14:00,0.023,28243767.6334,250.3194,0.2048,9375.4077,0.0138,263882.4934,299.7464
node-096,2024-01-01 19:14:00,0.0977,29640639.42,0.9785,1.3915,26487.3063,0.012,199001.852,225.4697
node-097,2024-01-01 19:14:00,0.0,28218576.2817,7.5268,0.3986,1054.7647,0.3446,370543.6085,277.348
node-098,2024-01-01 19:14:00,0.1671,28737049.7278,23.5923,0.3872,9441.0806,0.0091,306691.9092,319.9084
node-099,2024-01-01 19:14:00,0.3117,27891688.1943,19.7659,0.6034,10117.0254,2.0156,57634.9285,366.1382
node-100,2024-01-01 19:14:00,0.0274,28180253.9878,143.5736,0.1824,9516.7064,0.8891,576058.1957,255.7758
node-101,2024-01-01 19:14:00,0.0,27214828.2275,1.2089,0.0854,24464.9609,0.8235,391836.6549,215.5514
node-102,2024-01-01 19:14:00,0.0,28495811.218,162.5447,0.4983,1018.2713,0.0,155604.2584,183.3267
node-103,2024-01-01 19:14:00,0.0104,28257938.878,42.4164,1.0973,7504.0395,4.1202,1014413.3491,351.5321
node-104,2024-01-01 19:14:00,0.0286,28117434.8146,0.3763,0.2132,2630.9917,2.9641,512591.4926,249.8159
node-105,2024-01-01 19:14:00,0.1039,28609428.6579,0.0,0.4295,14298.0287,0.0301,409202.154,148.6928
node-106,2024-01-01 19:14:00,0.0116,27172903.2826,0.5686,0.0,9001.654,0.0387,88435.495,203.9166
node-107,2024-01-01 19:14:00,0.3141,27579916.1533,126.1895,2.0897,9152.5708,0.0111,835707.1146,341.3375
node-108,2024-01-01 19:14:00,0.1457,29546128.7839,0.0,1.0969,39629.6516,7.0234,553155.9496,233.548
node-109,2024-01-01 19:14:00,0.0,28731778.7239,240.5105,1.3854,648.947,0.0698,513527.4156,141.0999
node-110,2024-01-01 19:14:00,0.1998,28616041.2213,172.0451,1.3343,10421.3221,0.0,717629.3467,318.4936
node-111,2024-01-01 19:14:00,0.0,29114313.2229,214.6687,0.4009,10322.0977,1.0138,61062.6125,143.2607
node-112,2024-01-01 19:14:00,0.0789,27617567.5869,187.5742,1.1741,9704.9161,0.0,512713.8812,221.679
node-113,2024-01-01 19:14:00,0.1604,28516794.4015,0.0,0.3943,0.0,0.0,391709.7026,219.0474
node-114,2024-01-01 19:14:00,0.0,28734577.2824,14.5782,0.893,8134.6038,0.0,832424.3386,377.1013
node-115,2024-01-01 19:14:00,0.1972,28301977.4255,0.0,1.7468,71148.5012,0.0,913258.438,421.0882
node-116,2024-01-01 19:14:00,0.002,28665838.2859,14.0761,0.3996,29641.6575,0.0623,52694.8249,212.7856
node-117,2024-01-01 19:14:00,0.0235,9512367.6926,0.5123,1.1096,23797.8457,0.9489,279882.9185,382.6091
node-118,2024-01-01 19:14:00,0.1288,28171981.8091,1.3378,2.1832,8961.0521,0.0,890003.9403,412.9753
node-119,2024-01-01 19:14:00,0.0957,29502383.1584,0.0,0.3967,8045.6144,0.0147,40559.45,225.7536
node-000,2024-01-01 19:15:00,0.1011,28386679.3683,0.0,0.3943,5348.9621,0.0,55809.131,20.2883
node-001,2024-01-01 19:15:00,0.2885,28427977.3829,155.9656,2.6187,8915.4631,0.0275,762950.9341,99.621
node-002,2024-01-01 19:15:00,0.0,9089740.4947,0.5926,1.0092,23848.1948,0.9782,146452.7801,285.3581
node-003,2024-01-01 19:15:00,0.0,29646391.6234,4.3725,0.3286,9292.1995,0.053,216022.4525,71.1055
node-004,2024-01-01 19:15:00,0.0352,28618088.6485,28.1802,0.2095,3715.2022,4.0995,58063.633,34.1225
node-005,2024-01-01 19:15:00,0.1163,7782843.5295,0.3272,1.4886,17153.6309,1.8751,263282.7756,241.9169
node-006,2024-01-01 19:15:00,0.0049,29077816.9176,8.7774,0.349,41174.8857,0.0,240279.107,9.6121
node-007,2024-01-01 19:15:00,0.0923,28211712.3792,242.9397,0.7776,10108.2539,0.7119,189750.3319,106.4098
node-008,2024-01-01 19:15:00,0.0099,28117906.9123,12.7918,0.5,39474.5327,0.0186,0.0,12.4508
node-009,2024-01-01 19:15:00,0.2956,28442447.1765,3.085,1.0055,15225.4531,1.0435,96232.2678,88.2424
node-010,2024-01-01 19:15:00,0.1074,28459005.0448,5.3879,1.0132,8755.7887,0.0,248066.6094,71.007
node-011,2024-01-01 19:15:00,0.2066,27729573.555,248.536,1.3038,1139.4626,0.0435,130349.8644,15.6788
node-012,2024-01-01 19:15:00,0.1995,27920532.9916,0.0,2.0011,35910.6791,0.0,267467.7189,18.153
node-013,2024-01-01 19:15:00,0.2469,28629965.4494,0.6523,1.5183,47429.0467,0.0441,0.0,71.8757
node-014,2024-01-01 19:15:00,0.1004,30137933.2333,0.0,0.5816,14900.3142,0.0,130990.9554,12.1236
node-015,2024-01-01 19:15:00,0.1159,27594211.7244,224.0869,0.0868,776.9602,0.0,169047.9012,49.3848
node-016,2024-01-01 19:15:00,0.0,28101904.776,185.6898,1.3796,21109.8878,0.0755,216187.16,183.9527
node-017,2024-01-01 19:15:00,0.0966,29596628.1674,0.0806,1.1482,6174.1254,3.9643,446374.9104,11.8641
node-018,2024-01-01 19:15:00,0.0,28833110.7084,36.7709,0.2191,58985.4655,0.095,173895.0857,73.0287
node-019,2024-01-01 19:15:00,0.1552,28103625.2648,272.2347,0.2939,8845.7625,0.0213,98855.9901,57.7439
node-020,2024-01-01 19:15:00,0.0,28615983.7062,0.6249,0.3894,20448.9553,0.0,146566.0358,90.4043
node-021,2024-01-01 19:15:00,0.1989,28784748.1904,42.9647,1.198,61669.5744,0.0,201947.1067,207.5616
node-022,2024-01-01 19:15:00,0.0706,28366364.4792,88.5653,0.8022,12436.5395,1.0679,123646.0581,7.1869
node-023,2024-01-01 19:15:00,0.3901,28008071.944,248.4145,0.1933,17778.3564,0.0,100149.5803,131.3897
node-024,2024-01-01 19:15:00,0.1348,27968813.0808,175.871,0.0996,9883.0223,1.0597,96904.4204,168.472
node-025,2024-01-01 19:15:00,0.1214,29504145.5879,0.2411,0.2952,26866.2921,0.0279,84871.888,25.614
node-026,2024-01-01 19:15:00,0.0,28915754.3757,0.0,0.2131,3721.2107,0.0,122463.7564,6.3079
node-027,2024-01-01 19:15:00,0.1693,28053700.5789,221.511,0.3205,7545.8837,0.0,208642.4207,51.3399
node-028,2024-01-01 19:15:00,0.2168,29267456.8323,196.5759,0.4828,1268.3965,0.7549,253725.7846,10.6806
node-029,2024-01-01 19:15:00,0.1216,28130213.9317,251.5075,0.4147,11697.4532,0.0,11454.6351,7.9449
node-030,2024-01-01 19:15:00,0.1084,28348179.2571,0.0,0.9094,927.729,0.0,101244.3773,5.6659
node-031,2024-01-01 19:15:00,0.0858,28614850.0354,0.0,0.0,218.8453,0.0152,36601.5511,7.6704
node-032,2024-01-01 19:15:00,0.0874,28452002.6509,10.7381,0.4044,31306.9778,0.065,128846.7261,21.1768
node-033,2024-01-01 19:15:00,0.1169,27987227.6197,217.8797,1.4167,46949.0301,0.9677,112900.3472,10.2586
node-034,2024-01-01 19:15:00,0.0,27147033.1483,211.3888,0.4116,10961.7456,0.0023,154379.2658,26.9325
node-035,2024-01-01 19:15:00,0.1172,28962791.6246,0.0,0.8122,11428.5203,1.0183,112019.2554,94.7056
node-036,2024-01-01 19:15:00,0.0983,28407947.9126,0.5362,0.4174,15380.7502,4.0128,609238.694,415.202
node-037,2024-01-01 19:15:00,0.0,28512214.8185,208.642,0.4129,11846.0605,3.0472,97463.6972,22.0772
node-038,2024-01-01 19:15:00,0.1394,28202943.3025,3.3569,0.7893,4085.0816,0.8289,219034.9989,144.19
node-039,2024-01-01 19:15:00,0.0,28910634.9954,281.6006,0.5152,8942.8374,0.0,94599.0292,6.8174
node-040,2024-01-01 19:15:00,0.0052,28869225.771,0.8093,0.1144,3779.7358,0.9489,132143.2482,26.8972
node-041,2024-01-01 19:15:00,0.0824,28403808.5156,275.1026,0.2856,12394.3267,0.9429,270039.0688,16.3061
node-042,2024-01-01 19:15:00,0.2127,28688972.53,197.0094,1.4478,0.0,0.9402,967153.3396,14.5245
node-043,2024-01-01 19:15:00,0.1852,29458846.0725,103.8345,0.4203,12504.642,0.04,35922.8751,0.0
node-044,2024-01-01 19:15:00,0.3931,28428209.7697,20.6674,0.6917,7573.2019,0.0439,430844.949,58.8226
node-045,2024-01-01 19:15:00,0.1134,28640062.1017,78.146,0.1928,15950.8754,2.0082,111241.0389,33.2676
node-046,2024-01-01 19:15:00,0.0,28368326.075,190.4974,0.5097,39315.4156,0.9497,181730.5438,177.6723
node-047,2024-01-01 19:15:00,0.1865,27853771.6183,153.478,0.4088,22474.5399,0.0264,1130657.6785,70.8811
node-048,2024-01-01 19:15:00,0.1101,28472422.7439,19.9535,0.7512,17898.8652,0.0,219369.9718,13.7094
node-049,2024-01-01 19:15:00,0.0,26795012.5346,253.4529,0.0817,42796.5724,0.0,159341.0868,50.0051
node-050,2024-01-01 19:15:00,0.0575,27289358.8993,248.7496,0.6857,8543.9029,0.6112,103423.8146,60.0472
node-051,2024-01-01 19:15:00,0.2059,28421869.8258,260.6225,1.501,43616.7818,0.6781,0.0,109.8354
node-052,2024-01-01 19:15:00,0.0966,28797134.7226,6.7643,1.4223,20519.2275,0.0,32169.9571,9.6159
node-053,2024-01-01 19:15:00,0.0007,28981772.921,60.9013,0.8844,8284.3727,0.0237,225618.9721,117.0008
node-054,2024-01-01 19:15:00,0.0,27951315.0335,0.0,0.8868,20303.3286,0.3618,53825.8646,81.2583
node-055,2024-01-01 19:15:00,0.1704,27954046.7663,218.3048,0.3168,61156.2343,0.1152,521471.6546,194.8195
node-056,2024-01-01 19:15:00,0.1135,28488058.0878,292.0,0.6735,29628.9958,0.0,41550.7438,51.4145
node-057,2024-01-01 19:15:00,0.1033,26806428.4835,191.5711,1.1308,8717.4157,0.0205,83195.5454,17.5685
node-058,2024-01-01 19:15:00,0.0965,29336934.2712,0.0,1.1353,68407.8315,0.0,56998.8067,60.6121
node-059,2024-01-01 19:15:00,0.0,28517998.3935,251.0192,0.3035,14449.7437,0.0,29280.1381,164.9689
node-060,2024-01-01 19:15:00,0.0088,28164565.3121,177.0847,0.8563,38212.7374,0.0,108034.1075,74.457
node-061,2024-01-01 19:15:00,0.0,28041160.2589,55.9108,0.4257,11953.9901,0.0,74016.7405,67.9569
node-062,2024-01-01 19:15:00,0.101,28575035.6382,279.5658,0.0895,10554.1465,0.995,83402.0426,12.8321
node-063,2024-01-01 19:15:00,0.2198,28500440.5337,26.7982,0.4123,6721.5678,1.9667,106187.7752,48.3812
node-064,2024-01-01 19:15:00,0.1204,28180863.0104,277.7832,0.2989,34170.4378,0.02,114439.4543,166.0841
node-065,2024-01-01 19:15:00,0.1053,28125011.6499,117.1711,1.8322,1779.0392,9.9156,77184.1999,36.651
node-066,2024-01-01 19:15:00,0.0758,28759782.313,6.912,0.3933,17249.0542,0.9933,119974.4403,38.7234
node-067,2024-01-01 19:15:00,0.1023,28144419.6524,94.272,1.2859,8770.6725,3.6141,78866.2957,67.718
node-068,2024-01-01 19:15:00,0.1038,28517069.4869,20.8111,0.8901,244.8612,1.2388,74784.1206,40.0627
node-069,2024-01-01 19:15:00,0.201,8944231.3057,12.8634,1.1832,25088.0941,0.0,192109.5439,245.6889
node-070,2024-01-01 19:15:00,0.2202,28284102.8544,248.8639,0.9786,16573.1471,0.0,223863.7449,100.9447
node-071,2024-01-01 19:15:00,0.0,28843959.395,207.2725,1.0447,19513.1523,0.0,359091.4444,22.9042
node-072,2024-01-01 19:15:00,0.003,125393793.16,1.1992,0.2106,29030.691,0.0,54.9489,35.5106
node-073,2024-01-01 19:15:00,0.0933,28240667.3564,177.5776,0.5397,69847.0479,0.0,156158.1933,19.8522
node-074,2024-01-01 19:15:00,0.1948,28239113.54,34.1782,1.4145,5812.2489,0.0,2199656.5631,45.9762
node-075,2024-01-01 19:15:00,0.1932,29301980.6983,7.43,0.3021,7140.4171,0.0326,154799.4765,8.7318
node-076,2024-01-01 19:15:00,0.0155,29049853.422,1.0035,0.3128,25790.2658,0.0,2279.7396,13.3884
node-077,2024-01-01 19:15:00,0.2353,28265118.5602,266.7419,1.6881,9894.7574,0.9331,275942.2675,190.1427
node-078,2024-01-01 19:15:00,0.2188,28923536.9257,185.8382,1.3079,0.0,0.0859,371053.6668,6.1211
node-079,2024-01-01 19:15:00,0.1778,28439288.5137,26.805,0.9374,23544.4674,0.0,682927.3531,51.0472
node-080,2024-01-01 19:15:00,0.2015,28343401.9492,38.1785,1.2953,15086.2585,0.0652,244252.4597,22.5388
node-081,2024-01-01 19:15:00,0.1001,27728933.6131,0.0,0.7,8311.9859,0.854,129354.4802,49.4548
node-082,2024-01-01 19:15:00,0.0,27360742.8552,148.4803,0.313,8751.4405,0.0,120252.6284,70.3436
node-083,2024-01-01 19:15:00,0.1078,28455111.3559,0.8312,0.4146,10208.327,0.0101,53843.6392,72.6972
node-084,2024-01-01 19:15:00,0.2505,28641182.6773,280.7162,0.607,12162.3236,0.0363,101977.3503,198.0922
node-085,2024-01-01 19:15:00,0.2134,28330812.1806,194.7542,1.6708,7630.647,1.0141,179238.1411,31.8325
node-086,2024-01-01 19:15:00,0.1869,28527664.6124,230.6344,1.4096,8922.7605,0.0602,188458.4339,57.0549
node-087,2024-01-01 19:15:00,0.1001,29037023.4438,0.4249,0.3604,8346.8288,0.0292,226822.5056,78.6615
node-088,2024-01-01 19:15:00,0.0888,28263711.2069,0.0,0.3952,16777.441,3.939,39334.9392,17.414
node-089,2024-01-01 19:15:00,0.0288,28534308.9155,0.0,0.8996,11267.9618,0.0593,57784.3729,11.2793
node-090,2024-01-01 19:15:00,0.0249,29804856.3099,0.0,0.3082,10030.8343,0.0636,50954.7355,16.7279
node-091,2024-01-01 19:15:00,0.0,28776444.5831,54.6941,0.3888,2416.0639,0.0,108161.9508,15.0916
node-092,2024-01-01 19:15:00,0.1974,29954897.7752,0.0,0.3182,30137.1734,0.151,22392.1601,13.2557
node-093,2024-01-01 19:15:00,0.2213,29570369.5086,5.2753,0.3104,8987.9194,0.0,136449.9618,10.8662
node-094,2024-01-01 19:15:00,0.0968,28777424.4694,204.0788,0.907,20201.1834,0.0642,231136.8346,65.4079
node-095,2024-01-01 19:15:00,0.0589,28185242.085,247.4537,1.0112,49734.4503,0.0117,404415.8485,73.0099
node-096,2024-01-01 19:15:00,0.1111,29434126.2106,0.1205,0.3877,15108.5997,0.0,57350.3821,8.8644
node-097,2024-01-01 19:15:00,0.1076,28118324.959,7.7531,4.6965,29662.1048,0.1399,102686.7338,130.1625
node-098,2024-01-01 19:15:00,0.0812,28931993.5987,22.9846,0.4082,9598.8807,0.0,79359.4353,9.4866
node-099,2024-01-01 19:15:00,0.1168,28115568.8113,21.1852,0.4067,61089.9165,0.0,46623.6513,55.1317
node-100,2024-01-01 19:15:00,0.1156,28872733.0242,143.712,1.1137,10967.4528,0.0,106802.917,26.3804
node-101,2024-01-01 19:15:00,0.1801,26804349.24,0.704,1.5971,35717.8072,0.985,93276.7751,28.3826
node-102,2024-01-01 19:15:00,0.0,28187089.3582,163.696,0.4944,21403.1921,0.0,157904.8632,224.6864
node-103,2024-01-01 19:15:00,0.189,28003375.1568,41.5836,1.3941,40375.4415,2.6975,103163.953,45.7536
node-104,2024-01-01 19:15:00,0.0,27897343.434,0.0,0.1718,9794.9812,1.858,64153.4682,12.7001
node-105,2024-01-01 19:15:00,0.2077,29204235.8561,286.7641,1.1984,11550.6445,2.9141,80525.6749,10.4862
node-106,2024-01-01 19:15:00,0.0,27481254.6365,0.0,0.2937,9599.5628,0.0,242382.2241,15.5484
node-107,2024-01-01 19:15:00,0.3139,28060325.068,125.8485,2.1177,18877.8475,0.0,188965.5725,62.7436
node-108,2024-01-01 19:15:00,0.1172,29622164.0724,0.5013,0.8146,13316.424,4.6414,105060.0509,4.5673
node-109,2024-01-01 19:15:00,0.0963,28260733.2184,241.1988,0.3054,29933.6303,0.0269,87089.7363,25.6857
node-110,2024-01-01 19:15:00,0.0922,28621398.2372,172.2195,0.1987,4832.6996,0.9515,72748.6538,15.0875
node-111,2024-01-01 19:15:00,0.1051,29238617.7248,214.0252,0.404,12862.1317,0.0,132814.7044,18.6268
node-112,2024-01-01 19:15:00,0.2138,27778626.8154,187.212,0.2978,42795.0384,0.0384,46231.9823,16.5805
node-113,2024-01-01 19:15:00,0.1242,28268589.0829,0.0,0.4164,7097.5301,0.0595,137525.637,20.8796
node-114,2024-01-01 19:15:00,0.1033,27979807.2752,14.2267,1.2002,59059.08,0.0,198189.5627,62.4022
node-115,2024-01-01 19:15:00,0.1102,28340846.1997,121.2091,0.4089,5640.1829,1.0649,223292.7099,37.196
node-116,2024-01-01 19:15:00,0.0014,28443634.094,14.8168,0.4072,2038.7257,0.0,117495.7126,11.2354
node-117,2024-01-01 19:15:00,0.2174,8709258.1395,0.3348,1.6273,29163.9417,0.698,144678.0184,235.4595
node-118,2024-01-01 19:15:00,0.0984,28255057.0445,259.1748,0.4975,79171.3584,0.0,146030.0262,27.7096
node-119,2024-01-01 19:15:00,1.6884,29490918.593,0.3357,1.1738,22039.7128,0.0708,386772.633,8.8794
node-000,2024-01-01 19:16:00,0.1372,28571099.3016,0.0,1.9958,33411.7099,0.7941,271287.0817,28.6988
node-001,2024-01-01 19:16:00,0.1962,27967059.5333,155.1944,2.9804,20718.06,0.034,133198.7575,23.9558
node-002,2024-01-01 19:16:00,0.0044,9051992.7318,0.0,1.6121,32084.6338,0.6955,261756.0764,186.6004
node-003,2024-01-01 19:16:00,0.0436,29441951.7931,4.5522,1.8116,1983.2833,0.0606,421862.8946,18.043
node-004,2024-01-01 19:16:00,0.1636,28689556.2577,29.121,1.7957,14467.2672,0.0,187475.1379,60.8006
node-005,2024-01-01 19:16:00,0.083,7580797.4068,0.491,1.7376,25089.0372,1.3305,867728.1989,173.9478
node-006,2024-01-01 19:16:00,0.0092,28955763.1472,9.5655,0.086,512.2468,0.0,338211.816,40.067
node-007,2024-01-01 19:16:00,0.0987,28323741.5981,243.293,1.3932,8587.7782,0.0,117380.4658,51.5249
node-008,2024-01-01 19:16:00,0.1291,28660444.1509,12.9206,0.6943,9164.9246,0.0,225606.8768,24.9173
node-009,2024-01-01 19:16:00,0.31,28315079.5091,1.8237,0.8962,6840.6908,0.0,172215.3354,20.3325
node-010,2024-01-01 19:16:00,0.1053,28755424.8256,4.0642,1.4059,408.168,0.0,53143.9539,7.6102
node-011,2024-01-01 19:16:00,0.0877,27831641.5657,249.6318,0.6666,11150.6046,0.0,112649.5178,32.8877
node-012,2024-01-01 19:16:00,0.2254,27710841.4635,0.3536,0.9427,11191.2451,0.0447,184887.7018,36.9713
node-013,2024-01-01 19:16:00,0.0993,28649895.6301,0.0,0.3664,10434.3834,0.0,0.0,0.7844
node-014,2024-01-01 19:16:00,0.2124,29998489.7065,0.0,1.4299,2610.8676,0.0147,266576.9776,7.516
node-015,2024-01-01 19:16:00,0.0999,27413326.2516,224.5923,0.2201,1733.3528,4.0897,129130.6952,50.5128
node-016,2024-01-01 19:16:00,0.0781,27930109.1572,186.351,2.4107,8312.2155,0.0395,479087.9444,5.165
node-017,2024-01-01 19:16:00,0.0177,29757408.3237,0.0997,0.4186,1719.3132,2.6823,38448.786,0.0
node-018,2024-01-01 19:16:00,0.0,29019457.599,35.2416,0.4033,10609.3832,0.0,311386.7288,14.6015
node-019,2024-01-01 19:16:00,0.3003,28370049.9527,273.3686,0.2936,18174.5127,0.0532,162868.4519,24.8506
node-020,2024-01-01 19:16:00,0.1635,28509718.7004,1.6046,0.9997,10954.9297,0.0,174634.4486,10.0176
node-021,2024-01-01 19:16:00,0.1926,28720346.842,42.6191,7.0599,5342.7413,0.0409,104151.3544,7.858
node-022,2024-01-01 19:16:00,0.1058,28320192.5049,89.5267,2.7531,4713.2755,0.1045,126359.2704,32.2838
node-023,2024-01-01 19:16:00,0.1088,28139785.6456,247.4861,1.2875,7710.4919,0.1211,173812.7766,19.824
node-024,2024-01-01 19:16:00,0.0,28323393.4131,175.1267,0.7146,6208.9515,0.0,129779.172,18.1042
node-025,2024-01-01 19:16:00,0.0761,29514528.1211,0.8716,1.1021,4199.2238,0.9995,270439.3725,46.8291
node-026,2024-01-01 19:16:00,0.0,28747993.7485,0.0,0.067,2666.605,0.0,205823.5762,25.965
node-027,2024-01-01 19:16:00,0.1826,28595647.0952,220.3116,0.3055,35835.3507,0.0,151502.7224,19.4744
node-028,2024-01-01 19:16:00,0.2005,28859572.4285,197.0112,3.5456,19179.1483,0.0155,277002.8603,19.5198
node-029,2024-01-01 19:16:00,0.0995,28501856.3413,250.4394,0.4081,51892.758,2.1328,254150.8035,29.0269
node-030,2024-01-01 19:16:00,0.0022,28342322.8622,0.0594,3.5998,12225.2406,0.0,519529.2731,45.1578
node-031,2024-01-01 19:16:00,0.1157,29164869.733,0.0,0.1983,1985.7551,0.0,121372.5957,10.7631
node-032,2024-01-01 19:16:00,0.1108,28631686.3336,10.4529,3.9026,2387.3465,0.0739,223158.8715,32.0877
node-033,2024-01-01 19:16:00,0.094,28686992.7695,218.4602,1.2965,2273.1566,0.6617,246607.6793,44.0674
node-034,2024-01-01 19:16:00,0.0187,27492020.6189,211.7309,0.1009,7776.9699,0.0074,237187.4282,18.4345
node-035,2024-01-01 19:16:00,0.0952,29418133.2186,0.0,0.3145,8915.0467,0.6304,198442.8999,4.424
node-036,2024-01-01 19:16:00,0.1223,28839991.1968,0.0,0.282,14964.3226,0.0,199593.1525,24.5852
node-037,2024-01-01 19:16:00,0.0556,28585067.8716,206.5036,0.7962,39260.7765,2.9498,184737.4574,42.0341
node-038,2024-01-01 19:16:00,0.1885,27935158.0676,2.9171,2.7964,10893.3529,0.6975,1087203.9517,63.1505
node-039,2024-01-01 19:16:00,0.0,29177722.5306,283.6511,0.2099,10349.2115,0.0,201233.1068,24.4738
node-040,2024-01-01 19:16:00,0.0018,28165285.049,0.0,0.1272,28920.878,0.0,209003.0256,17.6306
node-041,2024-01-01 19:16:00,0.1115,29075416.2178,274.5356,5.1453,6468.3396,0.6144,561099.4304,0.0
node-042,2024-01-01 19:16:00,0.202,28206387.6796,196.5648,2.5025,8981.8775,3.9736,292815.6803,39.5314
node-043,2024-01-01 19:16:00,0.2028,29348965.3027,103.6445,1.0751,29811.1942,0.0,283560.934,37.2253
node-044,2024-01-01 19:16:00,0.2988,28337408.2933,19.9666,2.8174,10531.8506,0.0182,343388.3375,13.5432
node-045,2024-01-01 19:16:00,0.1195,28204441.3171,80.6219,2.9655,4306.2597,0.0606,634431.0388,29.9359
node-046,2024-01-01 19:16:00,0.0263,28149702.9839,191.596,0.7628,3320.2693,1.9681,160758.7588,12.5435
node-047,2024-01-01 19:16:00,0.2011,28195952.608,153.9847,0.4897,2990.8317,0.0,77857.3989,17.1996
node-048,2024-01-01 19:16:00,0.0711,28500023.1483,19.5673,1.847,7908.195,0.0,492601.2984,30.2627
node-049,2024-01-01 19:16:00,0.1241,26845016.0037,254.0564,0.0766,6875.2431,0.0212,207194.8965,40.3772
node-050,2024-01-01 19:16:00,0.081,26710631.3022,248.5096,0.1147,24794.7125,1.1071,167747.4519,42.9597
node-051,2024-01-01 19:16:00,0.1204,28731744.3033,260.4859,1.3994,1947.6077,0.0467,124100.7196,42.7736
node-052,2024-01-01 19:16:00,0.0356,28461192.1544,7.1227,1.3018,4061.6113,0.0,172795.985,48.5885
node-053,2024-01-01 19:16:00,0.107,29050892.2636,60.4746,0.9021,16622.6442,0.0603,228332.5045,27.606
node-054,2024-01-01 19:16:00,0.0046,28172119.2662,1.0314,0.8906,6225.2855,0.899,131268.7749,20.5736
node-055,2024-01-01 19:16:00,0.0099,28047768.9557,218.4303,1.504,9186.5992,0.3661,262605.1952,49.616
node-056,2024-01-01 19:16:00,0.126,28757990.2819,291.0248,1.3908,12826.3861,0.0329,42742.7294,6.5065
node-057,2024-01-01 19:16:00,0.2221,26575696.0406,190.2675,1.3986,38007.4353,0.0532,119546.8902,33.3609
node-058,2024-01-01 19:16:00,0.1023,29476799.0756,0.0,0.3984,8872.4123,0.0381,959438.6377,1.0728
node-059,2024-01-01 19:16:00,0.0685,28627653.4165,251.2358,0.8117,6729.5972,0.0,298557.3438,17.8658
node-060,2024-01-01 19:16:00,0.1756,28283538.9893,179.0278,2.3678,18742.3574,0.0791,822312.0455,6.6561
node-061,2024-01-01 19:16:00,0.1244,28348482.4644,56.4403,2.9922,3090.4292,0.0,617059.3581,6.4437
node-062,2024-01-01 19:16:00,0.0861,28332032.9855,280.1749,1.3821,9883.4302,0.038,193502.9766,12.7555
node-063,2024-01-01 19:16:00,0.211,28361854.8621,26.5509,0.4091,6619.5069,0.0,450499.0604,49.5589
node-064,2024-01-01 19:16:00,0.101,28285044.4673,276.1071,0.6892,2796.8925,0.0,264103.5086,22.0143
node-065,2024-01-01 19:16:00,0.1098,28466876.027,117.5993,0.8913,14324.0537,6.6716,164179.5099,41.4894
node-066,2024-01-01 19:16:00,0.1132,28731924.4396,7.8782,2.3064,8474.0019,0.6848,127704.709,23.4429
node-067,2024-01-01 19:16:00,0.1043,28149103.685,95.6045,1.7226,9645.6198,1.0172,89648.5943,25.0849
node-068,2024-01-01 19:16:00,0.1005,28908295.1058,20.7063,0.9422,9541.7598,1.9983,377614.5172,29.7678
node-069,2024-01-01 19:16:00,0.0,8118318.6124,13.6711,1.1466,16898.9368,0.9631,186273.4538,185.4416
node-070,2024-01-01 19:16:00,0.1094,27987292.1652,248.7511,4.3718,7540.2735,0.0,165811.8176,20.714
node-071,2024-01-01 19:16:00,0.0262,28573457.4214,207.9132,2.734,35767.1056,0.0,186843.5858,34.7553
node-072,2024-01-01 19:16:00,0.0,125432832.0,0.0,0.0956,5768.2513,0.1008,352107.3534,49.2738
node-073,2024-01-01 19:16:00,0.0964,28314976.7757,177.9888,0.9073,10454.042,0.0,187848.1551,39.8799
node-074,2024-01-01 19:16:00,0.1909,27951645.6843,34.6573,1.2924,67257.0679,0.0384,142280.6224,25.0388
node-075,2024-01-01 19:16:00,0.1862,29622906.9929,7.0246,2.7407,35154.4531,1.0243,269738.2194,15.0289
node-076,2024-01-01 19:16:00,0.0,28745236.2551,0.0,0.0916,12299.7574,0.015,210827.478,3.688
node-077,2024-01-01 19:16:00,0.1869,28428522.4116,268.8685,5.0319,8074.5487,0.1158,277572.1039,12.9868
node-078,2024-01-01 19:16:00,0.2808,29174834.5991,186.8605,4.7133,31063.2118,0.0033,107321.8589,15.9194
node-079,2024-01-01 19:16:00,0.1664,28217545.1746,27.3705,1.4195,6800.1534,0.0688,109927.0325,11.9777
node-080,2024-01-01 19:16:00,0.0,28464595.9946,36.8832,2.9462,790.7707,0.0542,1044624.9373,27.2895
node-081,2024-01-01 19:16:00,0.12,28145312.1217,0.7186,1.1081,11390.8271,0.0,137276.2312,22.1966
node-082,2024-01-01 19:16:00,0.0,27442060.8672,147.244,0.1031,29778.8802,1.1165,85706.3717,37.9466
node-083,2024-01-01 19:16:00,0.0476,28198167.5744,0.7472,2.083,4875.015,0.0,190700.929,18.9424
node-084,2024-01-01 19:16:00,0.1975,28775732.2289,279.5743,0.6275,53798.0477,0.0,135407.3306,12.7269
node-085,2024-01-01 19:16:00,0.0859,28211323.0761,195.3446,1.7119,44726.5053,1.0461,188487.298,55.602
node-086,2024-01-01 19:16:00,0.1632,28563877.3051,231.9624,3.9007,8816.2822,0.9054,342173.2557,27.5295
node-087,2024-01-01 19:16:00,0.1028,29040472.0313,0.0,2.2191,10836.1621,0.0153,304397.5344,14.5176
node-088,2024-01-01 19:16:00,0.1434,28724240.4626,1.0465,5.8685,33663.3352,0.9792,178018.034,44.4223
node-089,2024-01-01 19:16:00,0.1604,28484813.215,0.0,1.4044,48296.5393,0.0,143033.8473,3.7022
node-090,2024-01-01 19:16:00,0.0,29710203.2345,0.1906,0.3062,4173.4002,0.1701,87929.1415,24.3293
node-091,2024-01-01 19:16:00,0.015,28995957.5261,55.4859,0.3665,6525.2066,0.0,457514.831,66.0027
node-092,2024-01-01 19:16:00,0.188,29648343.5469,0.8672,1.7025,12869.166,0.0,71075.7875,12.6123
node-093,2024-01-01 19:16:00,0.1728,29195876.8577,5.8988,0.6445,72104.0292,0.1749,116429.0159,31.4443
node-094,2024-01-01 19:16:00,0.102,28570913.9183,201.6654,1.1748,7396.8873,0.0442,1020260.4245,12.7743
node-095,2024-01-01 19:16:00,0.0346,28096096.7406,249.9341,5.1801,8010.3158,0.0815,109765.3913,26.0739
node-096,2024-01-01 19:16:00,0.1393,29778281.7894,0.3955,1.396,2337.432,0.1151,298642.566,14.7375
node-097,2024-01-01 19:16:00,0.1211,28325901.4715,8.2128,4.7058,8770.0941,0.1186,113612.1815,25.6256
node-098,2024-01-01 19:16:00,0.1084,29226207.5112,23.1507,1.7902,26048.7297,0.6628,197551.3644,4.1455
node-099,2024-01-01 19:16:00,0.1027,28355125.0386,21.3711,0.7072,10960.0128,0.0658,354412.8975,19.09
node-100,2024-01-01 19:16:00,0.3148,28803732.4902,142.9384,0.7147,1505.8338,0.003,89315.7934,32.9268
node-101,2024-01-01 19:16:00,0.0,27097146.8849,0.8791,0.1087,19794.6797,0.0419,81370.4027,37.169
node-102,2024-01-01 19:16:00,0.0239,28402133.2063,163.0988,0.7953,3690.1413,0.0,261443.2381,21.7228
node-103,2024-01-01 19:16:00,0.0104,27859836.1419,41.2982,0.3327,6954.7292,0.0,210205.6872,34.4588
node-104,2024-01-01 19:16:00,0.0911,28211815.7781,0.0,6.4854,10424.7518,0.0,129230.6985,43.3245
node-105,2024-01-01 19:16:00,0.2149,28731750.9493,286.802,1.202,61726.1086,1.953,99974.4762,11.1915
node-106,2024-01-01 19:16:00,0.0124,27201679.5288,0.0,0.0901,33287.5411,0.0,234360.3806,37.3557
node-107,2024-01-01 19:16:00,0.2938,27691663.2766,125.9484,2.1144,2626.4484,0.0,14755.1161,16.0715
node-108,2024-01-01 19:16:00,0.0948,29599125.1847,0.3785,0.3125,2507.3373,0.0,105394.9836,44.736
node-109,2024-01-01 19:16:00,0.1086,28441770.3458,241.569,0.7812,9866.4468,0.0,80023.7072,48.0684
node-110,2024-01-01 19:16:00,0.2017,28846173.6493,172.5801,0.7922,9479.0845,0.9862,194144.9285,33.4881
node-111,2024-01-01 19:16:00,0.099,29164179.5933,215.9704,0.2795,3422.2909,0.0,135001.2742,9.1616
node-112,2024-01-01 19:16:00,0.1538,27782281.2118,188.2866,0.7964,11247.4719,0.0882,98009.0142,38.8401
node-113,2024-01-01 19:16:00,0.0047,28453996.6253,0.0,0.5997,9402.2069,0.1578,102449.7638,24.1306
node-114,2024-01-01 19:16:00,0.1201,28320259.479,15.6903,0.2712,5972.6516,0.0,87063.0417,2.6264
node-115,2024-01-01 19:16:00,0.116,28208425.0227,121.5219,0.187,11806.6669,0.0,174737.3151,43.9673
node-116,2024-01-01 19:16:00,0.017,28664778.1616,15.3209,1.3065,6992.2021,0.0,753125.7397,42.6935
node-117,2024-01-01 19:16:00,0.1371,8981807.1354,0.0,1.3922,23972.6018,0.0,368502.9959,187.2893
node-118,2024-01-01 19:16:00,0.0965,28058219.3106,259.4039,1.2776,4066.0293,0.0,188135.8223,40.9428
node-119,2024-01-01 19:16:00,0.1133,29670999.9602,0.0,0.4983,15501.0791,0.0,59893.7694,53.455
node-000,2024-01-01 19:17:00,1.7965,28423711.6405,0.0,4.6866,32978.3085,1.8736,635138.1506,1344.7304
node-001,2024-01-01 19:17:00,0.2022,28424064.0882,155.6408,2.1096,3406.9264,0.0514,80297.4306,106.4282
node-002,2024-01-01 19:17:00,0.1062,8720840.1117,0.1075,2.5538,17880.916,0.0,75382.1243,202.4067
node-003,2024-01-01 19:17:00,0.3758,29283995.5915,4.0618,0.6038,128579.4984,0.0,129244.4697,485.4398
node-004,2024-01-01 19:17:00,2.9081,27747082.2422,28.222,2.6048,300547.4874,0.0026,406578.8944,1089.4652
node-005,2024-01-01 19:17:00,0.195,7893794.2752,0.0,0.8517,22352.4125,0.0,104618.1512,597.0496
node-006,2024-01-01 19:17:00,0.1116,28792979.8699,10.1569,0.2552,19526.0321,0.0,196581.2802,1106.9821
node-007,2024-01-01 19:17:00,0.0956,28259292.0732,242.9801,9.8107,35782.0427,0.0904,196020.4623,58.1168
node-008,2024-01-01 19:17:00,0.0942,28359160.1297,13.6495,0.7196,14166.5916,0.0598,61542.0728,74.9145
node-009,2024-01-01 19:17:00,0.1384,28683780.0706,3.4357,1.1526,22344.9921,0.004,342712.9285,91.4988
node-010,2024-01-01 19:17:00,4.2057,28205580.9405,4.0687,4.3936,141254.7592,3.92,506824.6851,576.4153
node-011,2024-01-01 19:17:00,0.1599,27721729.8316,249.3792,1.663,5843.8168,0.0,485850.7329,39.7651
node-012,2024-01-01 19:17:00,0.1909,28057743.8169,0.5171,1.9566,40053.4279,0.1005,235040.5631,250.1149
node-013,2024-01-01 19:17:00,3.034,28952693.0923,0.2151,1.5079,1184.7413,0.0455,4190.6391,663.1788
node-014,2024-01-01 19:17:00,0.2067,29184472.3562,0.4298,3.7065,15712.85,0.0247,114810.0748,885.5468
node-015,2024-01-01 19:17:00,0.0,27675502.905,223.1892,0.1913,9913.5247,0.094,194206.2679,59.8537
node-016,2024-01-01 19:17:00,0.0601,28583563.8563,184.5632,1.886,14252.4755,2.0546,187689.3631,70.0925
node-017,2024-01-01 19:17:00,0.0,29516630.584,0.0158,1.1978,10011.3519,0.0,109580.403,1092.5596
node-018,2024-01-01 19:17:00,1.6861,28899227.4294,35.2782,6.2009,9756.0432,5.1615,471321.2027,645.5085
node-019,2024-01-01 19:17:00,0.1147,27954106.7477,271.7557,0.6984,12019.6734,0.0,96481.5338,62.243
node-020,2024-01-01 19:17:00,2.3991,28030789.4901,0.1169,6.6222,25288.1576,4.9182,403655.2446,402.3033
node-021,2024-01-01 19:17:00,0.1911,29014670.3448,42.242,1.2911,18515.2689,0.0199,193474.6291,56.2296
node-022,2024-01-01 19:17:00,0.1055,28809704.5177,89.2543,1.2125,11913.5564,0.0,266166.7167,48.8293
node-023,2024-01-01 19:17:00,0.2089,28569671.6578,246.7688,1.2921,23098.7652,0.0,140350.9342,46.5781
node-024,2024-01-01 19:17:00,0.0158,27980020.7435,176.1826,0.6877,13646.3699,0.0,133541.8906,52.3995
node-025,2024-01-01 19:17:00,4.3316,29754990.8108,0.167,2.958,16698.9029,0.0,691447.0803,672.2689
node-026,2024-01-01 19:17:00,0.0306,28922031.4744,0.0,0.3288,6624.4385,3.0422,271322.8824,47.382
node-027,2024-01-01 19:17:00,0.0,28073640.8144,221.6052,1.213,6296.1174,0.0,150871.4103,66.6789
node-028,2024-01-01 19:17:00,0.1237,29062810.1476,196.6586,0.5095,10705.1257,0.0413,114243.7358,202.2916
node-029,2024-01-01 19:17:00,0.0786,28631418.562,250.6536,0.3569,1755.1066,4.9564,131629.4317,44.5152
node-030,2024-01-01 19:17:00,0.3108,27906987.9927,0.0,0.7605,8082.5377,0.0613,493328.6586,414.3846
node-031,2024-01-01 19:17:00,0.0925,29115031.6131,0.0,0.1075,0.0,0.0,190886.5965,2.9256
node-032,2024-01-01 19:17:00,2.1938,28666054.532,8.9168,0.7254,7323.5396,0.0,185768.527,698.8415
node-033,2024-01-01 19:17:00,0.1126,28391802.3685,217.4751,3.205,17708.7572,0.0857,355916.6362,15.7588
node-034,2024-01-01 19:17:00,0.0,27044519.0032,211.7151,0.4837,32777.8611,0.0735,129161.8541,48.7366
node-035,2024-01-01 19:17:00,0.0923,29666558.8984,0.2926,2.6657,55390.0955,0.0,465867.0097,339.5631
node-036,2024-01-01 19:17:00,1.8161,28872321.7174,0.0,5.3916,75723.0735,7.5604,626182.3043,1428.73
node-037,2024-01-01 19:17:00,0.1994,28396304.1859,208.2923,2.067,10913.3079,0.0046,161889.636,48.4568
node-038,2024-01-01 19:17:00,0.1966,27761238.6644,2.8345,0.4127,15970.3178,0.0,169231.0824,418.5972
node-039,2024-01-01 19:17:00,0.0093,28617655.8113,282.6011,0.2758,953.233,0.2271,79076.0109,38.0574
node-040,2024-01-01 19:17:00,0.008,28555523.557,0.049,0.2027,16230.8041,0.0132,235965.5608,1120.3164
node-041,2024-01-01 19:17:00,0.1151,28165428.2594,275.1618,0.7536,14829.2967,0.0066,115867.5407,60.7404
node-042,2024-01-01 19:17:00,0.1729,28344312.5031,197.9056,1.0122,10397.0553,0.0,163629.1014,139.4073
node-043,2024-01-01 19:17:00,0.2145,29095665.5827,103.3031,0.7243,705.8811,0.0,2526.0662,23.9883
node-044,2024-01-01 19:17:00,1.0538,28310866.1889,18.9818,0.6167,1744.6227,6.9996,152043.4515,631.3965
node-045,2024-01-01 19:17:00,1.4977,28561574.4732,79.5917,0.7233,6898.4618,0.0574,225363.7881,778.0883
node-046,2024-01-01 19:17:00,0.0535,28749138.8025,191.115,3.1528,10167.8577,1.6074,232337.993,75.4641
node-047,2024-01-01 19:17:00,0.0,28482773.904,153.6019,1.7835,8386.3646,0.0678,65346.0351,626.7992
node-048,2024-01-01 19:17:00,0.198,28424229.1863,19.2956,0.4081,9239.4381,3.0327,350193.2314,223.8844
node-049,2024-01-01 19:17:00,0.0,26962849.5323,254.2577,0.0935,18116.274,0.0975,166802.4292,286.9387
node-050,2024-01-01 19:17:00,0.0084,27059962.3828,248.6843,0.7082,22986.1672,0.0058,168773.5784,79.0492
node-051,2024-01-01 19:17:00,0.0923,28658705.0694,260.917,1.5488,7739.8757,0.0,572942.9794,394.0738
node-052,2024-01-01 19:17:00,0.4804,28683872.534,6.5726,2.9873,17778.0585,1.9039,682802.8957,933.7221
node-053,2024-01-01 19:17:00,2.2022,29163065.63,60.7043,3.2321,54573.8553,0.015,563029.5239,800.6906
node-054,2024-01-01 19:17:00,0.0,27841676.8477,0.0,1.1343,9645.8539,1.9876,1445362.1685,659.8711
node-055,2024-01-01 19:17:00,0.103,27894629.3774,218.7761,1.4594,5995.3808,1.0324,133778.0477,48.1916
node-056,2024-01-01 19:17:00,0.2968,28768077.6945,291.3927,6.1981,888.8965,4.894,208171.5472,51.3142
node-057,2024-01-01 19:17:00,0.1894,26758054.2554,190.663,1.3892,5055.2285,0.0978,184384.9355,113.5139
node-058,2024-01-01 19:17:00,6.5761,28776254.886,0.0988,6.2027,3109.8025,0.0,423753.6039,717.0779
node-059,2024-01-01 19:17:00,0.1134,28516621.3505,251.1453,3.5912,12640.8728,0.0,367678.8239,196.845
node-060,2024-01-01 19:17:00,4.2511,28080547.7888,176.3621,0.7799,4236.3752,0.074,157171.6855,652.3221
node-061,2024-01-01 19:17:00,2.8032,28663161.9069,55.6661,0.3858,23986.6639,0.7502,41657.9511,608.5242
node-062,2024-01-01 19:17:00,0.1194,28375614.7727,280.4882,3.6896,46269.8074,0.0006,651243.0434,0.0
node-063,2024-01-01 19:17:00,1.7903,28435964.9929,25.4317,7.5365,5489.0889,2.7879,96988.4555,706.8494
node-064,2024-01-01 19:17:00,0.0958,28081310.8963,276.9306,1.0125,11281.7918,2.1093,63994.6385,59.3923
node-065,2024-01-01 19:17:00,0.2053,28196135.7375,116.8153,0.9875,9444.5451,0.0534,410858.817,83.9153
node-066,2024-01-01 19:17:00,0.2996,28916798.8418,7.3703,0.9985,8546.8365,0.0,161739.26,1251.4802
node-067,2024-01-01 19:17:00,3.0772,27128597.1277,94.5838,7.6913,141465.6984,2.895,1047336.5886,631.753
node-068,2024-01-01 19:17:00,0.1173,28679185.97,20.8517,4.4103,8796.8139,2.9647,276593.6487,707.1178
node-069,2024-01-01 19:17:00,0.1175,14775706.2397,14.9251,2.7836,30794.9102,0.0238,143651.2679,138.7959
node-070,2024-01-01 19:17:00,0.1119,28011483.1057,249.5295,1.9001,44911.745,0.0,142630.2451,91.2055
node-071,2024-01-01 19:17:00,0.3167,28939811.1858,208.0868,0.6439,2996.4322,3.6914,196252.1382,328.2109
node-072,2024-01-01 19:17:00,0.0016,123784279.9687,0.3514,0.1083,16710.6507,0.0421,107346.998,1182.5685
node-073,2024-01-01 19:17:00,0.0953,28315551.6055,177.0601,0.5278,16489.2689,1.9144,138256.5797,77.0538
node-074,2024-01-01 19:17:00,0.199,28375164.0957,33.9289,1.0519,1403.0742,0.0278,111511.6266,266.8467
node-075,2024-01-01 19:17:00,0.0,29382830.5503,7.1363,0.6012,4221.1139,0.6337,127630.0019,157.3854
node-076,2024-01-01 19:17:00,0.0015,28648811.2201,1.0442,0.0991,9752.7742,0.0695,193540.4261,46.3011
node-077,2024-01-01 19:17:00,0.3103,28004548.7191,267.1568,1.6253,18734.7768,0.056,146838.6515,91.465
node-078,2024-01-01 19:17:00,0.0906,29072461.5825,186.8553,1.0529,9380.4852,0.0487,147106.1651,15.5202
node-079,2024-01-01 19:17:00,0.0937,28466530.71,27.0471,2.2502,21359.9989,0.0,226199.4652,602.5672
node-080,2024-01-01 19:17:00,2.2843,27696861.011,38.7874,5.8109,148445.7511,0.0026,151249.4618,1385.3196
node-081,2024-01-01 19:17:00,0.1805,28106183.3857,0.0143,1.9436,3727.1378,0.0,2730549.5788,809.3285
node-082,2024-01-01 19:17:00,0.0216,27625120.9833,148.2906,0.5328,7918.1777,0.0531,256977.7139,68.9857
node-083,2024-01-01 19:17:00,0.3001,28436942.8257,0.1948,2.7922,10094.1644,2.1617,139847.9688,403.7041
node-084,2024-01-01 19:17:00,0.2029,28593307.8279,279.9928,1.1605,2189.3167,0.0,26077.7845,69.6615
node-085,2024-01-01 19:17:00,0.3057,28514945.7468,195.0597,0.4986,9053.7717,0.9743,192754.1126,63.7229
node-086,2024-01-01 19:17:00,0.2052,28202617.0635,231.6846,1.364,40708.3061,0.6644,165894.5394,69.3698
node-087,2024-01-01 19:17:00,0.1009,28962133.2408,0.705,0.8078,2561.311,0.0072,118364.5504,521.6473
node-088,2024-01-01 19:17:00,0.3236,27861949.7983,1.1084,5.9042,4472.4949,14.9575,1201211.347,546.0969
node-089,2024-01-01 19:17:00,2.8995,28378012.9419,0.0,4.5039,2189.3512,4.9246,630983.5374,458.2957
node-090,2024-01-01 19:17:00,0.1095,29436484.6129,0.0,1.1362,9265.2443,0.0915,282227.2822,162.0377
node-091,2024-01-01 19:17:00,3.0968,27379212.4493,54.9196,0.6982,321032.6933,11.1506,58566.6054,1243.3863
node-092,2024-01-01 19:17:00,0.2928,28952428.0401,0.0,4.0932,2283.8372,0.0,563402.9442,941.3561
node-093,2024-01-01 19:17:00,0.3491,29566218.8003,6.9906,2.5606,3481.8219,0.0354,451543.8325,78.4236
node-094,2024-01-01 19:17:00,0.1039,28394885.1286,203.0287,1.1047,21898.4782,0.0,80999.5391,633.6767
node-095,2024-01-01 19:17:00,0.1172,28244218.3901,248.855,1.8932,11594.824,0.133,176719.3358,421.6107
node-096,2024-01-01 19:17:00,0.3968,29004022.5566,0.0,4.3816,17725.2204,5.1579,135637.1917,1065.7111
node-097,2024-01-01 19:17:00,0.9983,28635307.1995,8.423,2.3742,68051.2698,0.0,200909.8339,1039.602
node-098,2024-01-01 19:17:00,3.1999,28205174.8588,23.5104,0.5993,4766.4504,1.9878,580540.9062,894.4871
node-099,2024-01-01 19:17:00,1.0451,27772343.8343,19.3365,0.7134,11381.8908,0.0004,203897.1753,666.0055
node-100,2024-01-01 19:17:00,1.017,28741086.2617,145.0953,1.9236,10479.5053,1.0696,120459.8413,71.6029
node-101,2024-01-01 19:17:00,0.0,26874143.2874,2.7857,0.1064,1721.4479,0.0617,436245.0294,1156.5365
node-102,2024-01-01 19:17:00,0.1104,28361974.8124,163.9328,6.0108,18349.6737,0.0,117387.1183,73.8897
node-103,2024-01-01 19:17:00,0.0057,27621687.327,42.1684,0.9886,6201.7116,0.984,2458878.6787,668.4728
node-104,2024-01-01 19:17:00,0.0678,28085390.1605,0.0,9.1561,56878.983,3.0946,644230.5212,523.2331
node-105,2024-01-01 19:17:00,0.2146,28522739.1747,286.865,1.214,3450.2928,0.0,103617.0369,11.8892
node-106,2024-01-01 19:17:00,0.0086,26735764.5748,0.1758,0.0915,4564.0233,0.0,126408.1987,1136.1499
node-107,2024-01-01 19:17:00,0.2949,27840386.1962,126.4516,1.2203,36785.0263,0.028,284814.4738,608.2589
node-108,2024-01-01 19:17:00,0.158,29101681.5755,0.0,2.6354,109845.783,0.1887,479545.9416,887.3302
node-109,2024-01-01 19:17:00,0.1139,28919738.4567,240.4641,0.9956,44437.078,0.0347,43398.7945,73.4454
node-110,2024-01-01 19:17:00,0.4794,28533351.322,172.4545,1.2317,5903.2729,0.0411,125428.8664,45.0787
node-111,2024-01-01 19:17:00,0.091,29512166.5655,214.9771,11.3884,2583.1004,0.0,146702.1036,16.3902
node-112,2024-01-01 19:17:00,0.085,27963371.7236,188.1527,1.3503,13720.3755,0.0,109742.4507,87.2888
node-113,2024-01-01 19:17:00,0.0,27987529.4416,0.0,2.5145,28469.4129,0.0,154129.2826,1124.9453
node-114,2024-01-01 19:17:00,1.5229,28551651.4955,14.9883,0.945,1656.5885,4.0412,832079.7982,731.1876
node-115,2024-01-01 19:17:00,0.0842,28102132.0045,122.1186,1.4225,49993.8574,7.892,260569.6797,199.6194
node-116,2024-01-01 19:17:00,0.6863,26661866.0192,13.899,1.0696,344110.268,0.0,155926.7727,1269.4581
node-117,2024-01-01 19:17:00,3.8211,15785728.1098,0.4951,2.2014,18680.2991,16.9291,586997.3172,567.5084
node-118,2024-01-01 19:17:00,0.08,28170516.6088,259.0348,1.305,11473.7517,0.0,215161.832,189.7148
node-119,2024-01-01 19:17:00,0.2939,29701334.2005,0.0,0.8682,16442.3978,0.0,208539.6475,887.8099
node-000,2024-01-01 19:18:00,0.0837,26751074.4065,0.6712,1.6614,3480.1695,1.4088,134841.1277,212.7693
node-001,2024-01-01 19:18:00,1.8818,28288882.4552,0.0,2.2112,10790.7405,3.9606,4686337.3103,921.6291
node-002,2024-01-01 19:18:00,0.1152,11170767.3237,0.4959,2.6976,26399.7244,0.0429,5671865.9793,446.1578
node-003,2024-01-01 19:18:00,0.0803,28175424.8374,4.7264,1.5058,18466.977,0.0,200932.1398,189.626
node-004,2024-01-01 19:18:00,0.4497,27722609.0674,28.617,0.9574,17841.9691,0.0974,120320.9179,203.6385
node-005,2024-01-01 19:18:00,0.1,7684051.5967,0.0,0.868,24310.7956,0.1069,155431.4516,200.2588
node-006,2024-01-01 19:18:00,0.0,27369991.7289,9.0774,0.2882,313377.5039,0.0271,65485.7395,347.7503
node-007,2024-01-01 19:18:00,0.3951,28283961.57,243.5074,1.804,0.0,1.0528,212327.5297,329.2103
node-008,2024-01-01 19:18:00,0.0851,27224094.0417,12.7148,1.7304,13868.5168,0.0954,107521.1881,211.402
node-009,2024-01-01 19:18:00,0.1195,28527410.9312,3.466,1.8774,1887.9807,0.0,123325.9249,454.6539
node-010,2024-01-01 19:18:00,0.6404,27178431.4816,4.7751,3.0801,26169.0431,0.0,115724.1919,209.4326
node-011,2024-01-01 19:18:00,0.0984,26547633.0556,248.1213,2.0837,189580.6081,0.0,239700.2298,285.0229
node-012,2024-01-01 19:18:00,0.0,26385983.8836,0.4881,2.1573,189238.7364,0.0151,3798090.024,298.7736
node-013,2024-01-01 19:18:00,0.0901,27290294.3436,1.3757,1.3073,37121.0518,0.0486,54693.554,190.7167
node-014,2024-01-01 19:18:00,0.1264,28185277.0428,0.1451,1.4771,148950.4739,0.0,126609.6055,193.3459
node-015,2024-01-01 19:18:00,0.0217,27877345.9145,224.1822,0.2022,6736.5688,0.0,111205.2073,201.37
node-016,2024-01-01 19:18:00,0.1058,28044655.5676,185.1506,3.6781,58817.4143,0.0,145536.353,329.3451
node-017,2024-01-01 19:18:00,0.1892,29546969.0077,0.0,2.6141,9990.1943,0.0444,2649178.4613,193.6838
node-018,2024-01-01 19:18:00,1.6851,27748754.661,34.523,2.917,149266.747,5.0051,143986.6991,196.8043
node-019,2024-01-01 19:18:00,0.0922,28358035.076,271.8639,1.8848,63720.0389,0.0,185894.2462,432.9987
node-020,2024-01-01 19:18:00,0.4047,27319440.2889,0.4423,1.4794,15291.1664,2.0216,21390.8734,193.3796
node-021,2024-01-01 19:18:00,0.0927,28345236.8779,40.7399,1.9057,52605.3654,2.1065,2116942.6278,520.3079
node-022,2024-01-01 19:18:00,0.251,27980333.5577,88.3426,1.2915,6749.7389,0.0365,105226.477,266.1906
node-023,2024-01-01 19:18:00,0.1536,28140647.076,248.3684,1.0218,30708.9601,0.0,246949.3395,8.8368
node-024,2024-01-01 19:18:00,0.1885,27673246.5988,175.0682,2.4137,56200.089,0.0,100116.1747,329.7365
node-025,2024-01-01 19:18:00,0.0864,28992403.3004,0.0,0.5768,165507.5239,0.0,201145.3965,285.9621
node-026,2024-01-01 19:18:00,0.0,27449197.5218,0.0,0.2459,263444.1053,0.3335,150358.4223,330.1019
node-027,2024-01-01 19:18:00,0.0827,27564798.7871,222.0372,2.0049,5143.4169,15.8233,14870.0808,483.8067
node-028,2024-01-01 19:18:00,0.4631,29136192.4922,196.5562,2.4203,20330.1173,0.0,178313.278,243.2448
node-029,2024-01-01 19:18:00,0.1137,28452822.8679,251.2803,1.4691,13873.3542,3.5922,142137.5296,194.0066
node-030,2024-01-01 19:18:00,6.0225,28137836.3702,0.938,0.788,56513.1268,11.0006,140279.0318,394.4986
node-031,2024-01-01 19:18:00,0.0,28903374.0623,0.3008,0.0999,6913.1668,5.0514,67464.3418,3.3982
node-032,2024-01-01 19:18:00,0.1075,27073636.841,10.7264,0.7719,164649.3469,0.1125,131818.8185,209.7912
node-033,2024-01-01 19:18:00,0.0892,27129902.9971,217.9628,1.2833,115895.5556,3.5254,322076.0086,342.5143
node-034,2024-01-01 19:18:00,0.0,27087942.5544,211.7965,0.0802,499.7388,0.0475,157971.4493,271.7848
node-035,2024-01-01 19:18:00,0.6215,29575183.8038,0.0,0.5085,8671.7444,0.0,89907.3926,202.1783
node-036,2024-01-01 19:18:00,1.8113,28044008.2564,0.0,1.3194,5378.7186,19.062,162481.7306,198.7236
node-037,2024-01-01 19:18:00,2.8211,26905695.0352,206.9041,1.2889,11543.1089,5.0912,364217.9218,393.4915
node-038,2024-01-01 19:18:00,3.8974,27712670.2769,4.3388,1.1887,19768.2579,1.9037,161861.7015,332.4388
node-039,2024-01-01 19:18:00,0.0,29252926.0492,283.0315,1.3298,234.1694,0.0,153207.6848,204.6341
node-040,2024-01-01 19:18:00,0.0,28844081.6497,0.2023,0.1925,2403.5235,0.1298,5762709.9331,182.5662
node-041,2024-01-01 19:18:00,0.1003,28737829.3633,275.3828,1.8931,3038.0825,0.0,52442.9931,315.5223
node-042,2024-01-01 19:18:00,4.508,28243085.261,0.0,1.9506,27434.9835,0.1205,2544316.0348,331.1126
node-043,2024-01-01 19:18:00,0.1587,29555005.4693,104.3978,2.2733,11610.8544,0.0,220079.37,278.2982
node-044,2024-01-01 19:18:00,0.2945,28161963.6787,20.8027,2.3326,93309.8277,6.994,163389.59,194.773
node-045,2024-01-01 19:18:00,0.1243,27548644.342,77.9554,1.0388,196297.2842,3.0173,127514.0148,209.2199
node-046,2024-01-01 19:18:00,0.1011,28007254.2264,190.5224,2.0112,13356.2249,0.1429,62501.9723,245.0251
node-047,2024-01-01 19:18:00,1.846,26487655.5472,0.0,1.9909,348435.4274,0.0,4635003.6664,190.834
node-048,2024-01-01 19:18:00,0.1034,28669302.9373,18.8466,0.9918,51359.6896,2.0178,182106.8547,387.4374
node-049,2024-01-01 19:18:00,0.0113,26884465.9346,254.0213,0.2655,83477.5239,0.0239,221190.2885,207.2149
node-050,2024-01-01 19:18:00,0.0257,27071331.5514,246.6733,0.0928,17018.2838,0.0,116977.4419,202.5841
node-051,2024-01-01 19:18:00,0.007,27162827.8672,261.7816,2.4874,246020.1067,0.0,59714.9104,188.496
node-052,2024-01-01 19:18:00,0.0831,27583174.3643,7.5174,1.0308,242073.8779,0.8854,156883.3224,243.5972
node-053,2024-01-01 19:18:00,0.077,27542083.1641,60.0519,1.7673,11071.053,0.0,111212.0193,215.4662
node-054,2024-01-01 19:18:00,0.2552,27060595.0685,0.1887,1.9952,252516.7256,0.0,78461.9295,186.9473
node-055,2024-01-01 19:18:00,0.1096,28323671.4984,219.2166,0.9507,32312.0424,1.9217,143731.9323,234.4416
node-056,2024-01-01 19:18:00,0.3347,28816071.7003,292.0,0.4873,8454.0735,4.5291,185736.7206,333.5435
node-057,2024-01-01 19:18:00,0.0,26311558.7352,190.8927,2.1887,13626.6948,0.8739,161760.1544,336.8622
node-058,2024-01-01 19:18:00,1.4792,28428778.8191,1.283,0.7057,170712.1338,0.0,122850.9569,191.5254
node-059,2024-01-01 19:18:00,0.0584,28921910.5855,251.3978,0.5675,40611.4687,0.0,179054.6553,225.5476
node-060,2024-01-01 19:18:00,0.0243,27627752.0964,176.4211,2.0096,22430.9057,0.0597,216464.2997,206.3478
node-061,2024-01-01 19:18:00,0.1978,26922973.5734,56.1273,1.0885,19776.1504,4.5988,192372.3792,198.9589
node-062,2024-01-01 19:18:00,0.1189,28780545.0031,280.6591,1.6317,2150.927,0.0,141835.3103,308.7681
node-063,2024-01-01 19:18:00,0.0966,27156765.6499,26.944,0.714,185140.3231,6.9577,136984.1515,211.2527
node-064,2024-01-01 19:18:00,0.1335,26671109.1698,277.8935,0.7608,58622.2946,1.0417,81345.2694,330.3029
node-065,2024-01-01 19:18:00,0.1363,28324092.1431,116.742,1.2754,55591.0104,2.9491,86160.8789,218.7545
node-066,2024-01-01 19:18:00,2.0943,29082871.3812,8.0154,2.6687,20975.6005,0.031,3008818.0013,202.5996
node-067,2024-01-01 19:18:00,0.106,26409814.298,95.2793,1.5026,17478.988,3.9927,62158.5756,191.8536
node-068,2024-01-01 19:18:00,2.9963,28770811.0405,21.5413,0.728,67523.7187,3.9566,129918.3669,207.1386
node-069,2024-01-01 19:18:00,0.4867,15074769.3438,12.9205,1.9954,107089.1066,0.8998,225674.597,296.5705
node-070,2024-01-01 19:18:00,0.2196,28504374.3851,249.0242,1.9159,8796.6559,0.0,123998.7726,505.5443
node-071,2024-01-01 19:18:00,1.5893,27166362.7689,180.3521,1.8846,48008.7341,8.9452,1407955.3608,310.9945
node-072,2024-01-01 19:18:00,0.0231,124067161.676,0.8305,0.2215,324906.8613,0.0855,172392.7592,212.3801
node-073,2024-01-01 19:18:00,0.1088,26967723.2194,178.4614,7.2559,357364.0742,0.0,274993.046,370.9236
node-074,2024-01-01 19:18:00,0.1851,28335006.2275,33.639,2.3183,12602.5085,0.9496,5394632.2812,1009.9799
node-075,2024-01-01 19:18:00,0.2192,29343276.074,7.9139,2.4021,1863.3341,0.0,75563.0193,253.3043
node-076,2024-01-01 19:18:00,0.0,28442568.5807,0.0,0.1951,27068.9633,0.0093,213537.6479,1122.4966
node-077,2024-01-01 19:18:00,0.1367,28131780.0236,266.9954,2.3827,2884.2971,0.0,192764.4002,973.9724
node-078,2024-01-01 19:18:00,0.0951,28454810.0038,186.8057,0.8247,13880.7577,0.0,2310728.5251,239.1746
node-079,2024-01-01 19:18:00,0.2732,27774919.5814,0.3656,2.4976,3135.662,0.0,4209696.4441,188.7896
node-080,2024-01-01 19:18:00,1.3437,26924564.5354,39.236,1.7439,14821.2336,1.1022,162367.3212,217.4009
node-081,2024-01-01 19:18:00,1.1606,28390590.2544,0.0,0.5957,17863.2572,0.0817,133299.0618,192.2388
node-082,2024-01-01 19:18:00,0.0,27334598.5583,147.6977,0.1062,18988.8064,0.5201,194590.8616,214.9984
node-083,2024-01-01 19:18:00,0.0976,28694200.9798,0.0,1.0942,12168.877,0.0,61613.2922,195.2543
node-084,2024-01-01 19:18:00,0.1919,28841574.5886,280.0536,0.8039,17447.7901,5.0293,150093.0542,813.7258
node-085,2024-01-01 19:18:00,0.3103,28151046.634,194.6847,1.2865,62378.7751,0.901,229156.2105,220.3859
node-086,2024-01-01 19:18:00,0.1013,28311541.343,230.4971,0.9132,3920.1888,0.127,139467.8567,286.5178
node-087,2024-01-01 19:18:00,0.1912,28681790.6217,0.1856,1.325,44888.1564,0.0,190843.6053,218.3074
node-088,2024-01-01 19:18:00,3.6944,27123286.8423,0.0,1.9733,57095.4767,14.9791,305640.1782,304.5676
node-089,2024-01-01 19:18:00,0.0964,28304367.8499,0.1406,1.1746,3937.8642,0.0,80092.2993,192.0377
node-090,2024-01-01 19:18:00,0.1086,28846656.1402,0.4719,0.4893,229853.2371,0.0504,163603.2113,291.2647
node-091,2024-01-01 19:18:00,0.0079,27704746.7682,55.1283,1.6601,21192.4851,6.6418,140891.1137,217.9392
node-092,2024-01-01 19:18:00,0.0,27879315.0971,0.3656,1.1701,110304.6542,0.9648,128606.6943,195.704
node-093,2024-01-01 19:18:00,0.0232,29461846.9011,5.1913,1.555,5882.5564,0.0199,186835.0141,320.7913
node-094,2024-01-01 19:18:00,3.2753,28236885.9889,203.3399,2.3071,3940.0892,0.0,78562.2441,190.8828
node-095,2024-01-01 19:18:00,0.0981,26588993.8214,233.0283,2.0816,115200.3891,0.8638,4108044.5679,198.5195
node-096,2024-01-01 19:18:00,0.094,28193936.8556,0.0546,1.1282,189260.0849,0.0,113532.3012,197.7199
node-097,2024-01-01 19:18:00,0.9774,27901958.3676,8.8591,1.995,55226.5702,0.0,3218130.2062,211.9513
node-098,2024-01-01 19:18:00,0.108,27688968.3524,24.2962,0.8756,9028.3207,6.0981,91479.5703,197.3282
node-099,2024-01-01 19:18:00,0.1071,26991998.909,20.7354,0.6944,170597.6531,1.0268,216115.8992,191.0256
node-100,2024-01-01 19:18:00,0.0988,27284548.5851,144.4773,1.6321,12125.4315,0.9275,248715.5607,349.2814
node-101,2024-01-01 19:18:00,0.0,25946821.5778,1.1584,0.0852,138235.1516,0.0,208015.8278,219.0031
node-102,2024-01-01 19:18:00,0.1054,28591848.5443,161.7164,1.7333,37151.7826,0.0,195183.1007,469.7388
node-103,2024-01-01 19:18:00,0.1222,26703338.235,41.0689,0.4994,14944.172,5.9509,215965.0202,215.8833
node-104,2024-01-01 19:18:00,0.1772,28298445.893,0.2913,1.0289,18809.3719,0.9112,108043.5983,218.9441
node-105,2024-01-01 19:18:00,0.0209,28959387.9399,287.3895,0.8592,17971.2625,0.0,203808.3662,277.5465
node-106,2024-01-01 19:18:00,0.0,27235843.8426,0.1588,0.204,9890.9967,1.0356,124766.3789,206.2978
node-107,2024-01-01 19:18:00,0.1205,26131355.9676,125.2681,0.8879,338087.5818,0.0,93715.3035,199.5164
node-108,2024-01-01 19:18:00,0.0955,28012383.5071,0.0,1.8964,20735.7994,0.0134,202368.5125,231.6418
node-109,2024-01-01 19:18:00,0.0657,28210026.3544,242.0779,2.1476,6576.5364,0.0376,532706.2082,351.023
node-110,2024-01-01 19:18:00,0.1009,26950541.863,172.1626,0.608,345567.6172,0.0,388559.4829,380.6938
node-111,2024-01-01 19:18:00,0.1047,28840736.4354,214.3344,1.204,1541.6338,0.846,202025.3612,257.575
node-112,2024-01-01 19:18:00,0.0992,26463106.983,187.2619,1.8144,323284.8492,0.0,159790.4993,346.9002
node-113,2024-01-01 19:18:00,0.0274,28379874.3636,0.0,2.5191,2838.4572,0.182,3722209.8429,217.459
node-114,2024-01-01 19:18:00,0.125,27300714.1762,15.6085,1.0281,181116.0283,2.3771,58092.4646,211.1206
node-115,2024-01-01 19:18:00,0.0956,27174147.0055,122.3495,2.9023,20300.1896,2.6292,145454.0609,215.2
node-116,2024-01-01 19:18:00,0.0943,27059529.701,14.8762,0.9379,18512.2171,0.8266,147318.5593,211.4151
node-117,2024-01-01 19:18:00,0.0251,14689193.0645,0.0,0.8284,71378.0343,1.0236,70312.784,189.2904
node-118,2024-01-01 19:18:00,0.0975,27637683.1905,259.3648,1.4252,112042.0684,21.9565,84931.3506,225.4982
node-119,2024-01-01 19:18:00,0.1238,28155738.9567,0.0,2.3016,247719.3825,0.0,226615.1671,200.8327
node-000,2024-01-01 19:19:00,0.1049,27123320.2148,0.5287,1.8016,14952.8068,0.8839,134211.3096,198.3353
node-001,2024-01-01 19:19:00,0.0855,26638407.8952,0.0753,0.8408,382414.2167,4.0308,5440561.5717,189.4328
node-002,2024-01-01 19:19:00,0.1652,14603959.1224,0.1762,1.3529,141931.1708,0.9842,5577526.5972,208.711
node-003,2024-01-01 19:19:00,0.0992,28743440.9449,5.3653,1.7007,22582.139,0.7651,3519559.1666,264.5386
node-004,2024-01-01 19:19:00,0.1738,27554444.8006,29.1547,2.9861,21925.5811,0.0,148909.5975,225.0517
node-005,2024-01-01 19:19:00,0.2028,14322046.3575,0.5209,1.3242,17012.3766,1.0132,4709123.7323,237.267
node-006,2024-01-01 19:19:00,0.0,27534436.0178,0.0,0.1799,62107.8918,0.0722,3548831.4281,234.6647
node-007,2024-01-01 19:19:00,0.228,27703629.3158,226.5059,2.1133,13980.4259,0.9997,35941.9414,241.3825
node-008,2024-01-01 19:19:00,0.0986,27289869.9422,13.9367,1.9019,21460.5707,0.0,230342.9337,228.6186
node-009,2024-01-01 19:19:00,0.0026,27235300.0256,3.7059,2.0973,15866.0284,1.963,222509.7339,204.9313
node-010,2024-01-01 19:19:00,0.089,27146965.5466,6.4137,2.9062,23108.1329,3.1205,186567.4879,239.212
node-011,2024-01-01 19:19:00,0.1202,26479526.4438,249.2742,1.9086,40774.8203,0.0,265032.0315,216.7356
node-012,2024-01-01 19:19:00,0.0954,26776250.0119,0.0,0.581,43909.7623,0.013,5506353.8524,225.8697
node-013,2024-01-01 19:19:00,0.175,27274909.9605,0.0,2.6646,20408.4569,0.0,0.0,219.7609
node-014,2024-01-01 19:19:00,0.0915,28600403.4019,0.452,1.6059,20273.0089,3.8956,151397.6319,235.2543
node-015,2024-01-01 19:19:00,0.0216,27448756.7392,223.9727,0.1898,32488.9585,0.44,148351.1892,244.2271
node-016,2024-01-01 19:19:00,0.1373,27853725.7566,0.5685,3.691,2646.9646,3.9849,3218668.1425,241.6993
node-017,2024-01-01 19:19:00,0.0982,30039012.7487,0.3257,1.7057,21511.7296,0.0691,5662855.8812,257.3763
node-018,2024-01-01 19:19:00,0.3029,27059680.1801,35.1038,2.3616,17691.4465,0.063,182329.556,235.8726
node-019,2024-01-01 19:19:00,0.0959,28715545.1074,271.6894,2.1638,2720.3958,16.9793,64515.7158,293.8406
node-020,2024-01-01 19:19:00,0.1152,27419284.6486,0.0,2.09,19759.6789,0.3866,161140.7702,253.1927
node-021,2024-01-01 19:19:00,0.0998,27596286.4401,0.0,1.5619,31244.4985,0.3189,5459481.2245,239.7531
node-022,2024-01-01 19:19:00,0.0949,27409958.5231,82.7738,1.2993,152558.9056,5.166,219530.1588,224.1048
node-023,2024-01-01 19:19:00,0.0129,27919707.7196,247.671,1.6932,15278.0664,5.1795,131370.4495,490.4052
node-024,2024-01-01 19:19:00,0.0271,28298972.5891,175.5408,1.7947,7183.4846,0.1176,233527.1728,233.4754
node-025,2024-01-01 19:19:00,0.1922,28164294.9686,0.0537,0.5763,36951.7644,0.0063,89387.3063,242.5553
node-026,2024-01-01 19:19:00,0.0,27553838.8215,0.9183,0.1634,54712.5668,0.0,213545.2006,228.9885
node-027,2024-01-01 19:19:00,0.0834,27298651.6063,0.607,2.2184,8108.6076,6.5492,5676071.2357,254.6373
node-028,2024-01-01 19:19:00,0.0808,29123812.4629,0.0,2.3557,6431.1405,0.0616,2822094.3233,257.8053
node-029,2024-01-01 19:19:00,0.1159,28723590.8128,251.7997,1.6005,9253.5947,4.0621,105575.3309,219.3883
node-030,2024-01-01 19:19:00,0.1126,28319600.9526,0.8377,0.9295,3145.5104,11.0373,733178.1205,236.2795
node-031,2024-01-01 19:19:00,0.0,28598917.9498,1.0123,0.6898,0.0,0.6024,120378.1968,25.1884
node-032,2024-01-01 19:19:00,0.0785,27258457.9498,9.407,1.1188,17409.2544,0.0193,182088.1488,215.2182
node-033,2024-01-01 19:19:00,0.0457,26646403.5775,217.5661,2.4019,57932.6011,4.1255,279312.9401,248.2868
node-034,2024-01-01 19:19:00,0.0,27507701.0552,210.6903,0.308,14019.238,0.0,157160.0272,201.3386
node-035,2024-01-01 19:19:00,0.0,29357320.1303,0.0,2.3061,3067.6494,1.0224,235097.9141,251.6986
node-036,2024-01-01 19:19:00,0.3417,27719957.359,0.0,1.6792,157722.1504,0.9223,197203.6679,225.5851
node-037,2024-01-01 19:19:00,0.1112,27745142.6997,207.9126,2.1747,365033.7118,0.5836,202641.081,241.7263
node-038,2024-01-01 19:19:00,0.0,27454457.4157,0.0,2.1061,16791.6884,0.8952,2840159.2755,234.5734
node-039,2024-01-01 19:19:00,0.0,29167253.5544,282.2977,1.5118,4606.0034,0.0,148917.3809,214.1763
node-040,2024-01-01 19:19:00,0.0,29031378.7336,0.5262,0.1663,21034.4089,0.0,5483673.0699,244.0296
node-041,2024-01-01 19:19:00,0.178,28273986.6443,1.003,1.0855,3628.2381,0.0,3128219.6645,249.8463
node-042,2024-01-01 19:19:00,0.696,28212254.7522,0.2592,1.0581,4845.2756,3.4945,5538306.5113,231.2134
node-043,2024-01-01 19:19:00,0.1211,28898655.2314,104.8847,2.0024,173405.7568,2.8113,166863.2165,222.6549
node-044,2024-01-01 19:19:00,0.3084,26743778.6625,18.8628,2.5849,249059.34,3.0042,4237457.9416,236.3471
node-045,2024-01-01 19:19:00,0.1209,27269932.4767,78.3524,2.566,53189.3428,1.2288,143905.1537,230.5222
node-046,2024-01-01 19:19:00,0.0991,27243276.4606,1.0579,1.9886,33205.291,0.045,5618867.8476,259.1665
node-047,2024-01-01 19:19:00,0.0904,26569762.0793,0.8967,1.905,17284.2774,0.0365,5454557.1215,260.9034
node-048,2024-01-01 19:19:00,0.1795,28051269.3628,20.0923,1.9103,1470.9475,1.6337,240973.8236,238.0254
node-049,2024-01-01 19:19:00,0.0071,25787341.5363,236.2973,0.2882,22486.7085,2.9476,449930.4304,254.9684
node-050,2024-01-01 19:19:00,0.019,26539283.9586,248.7169,0.3058,5880.9611,0.0345,96403.5873,255.2847
node-051,2024-01-01 19:19:00,0.0,26760845.0625,261.3214,2.6056,19771.0327,5.4687,248426.0152,251.9804
node-052,2024-01-01 19:19:00,0.1007,27259080.7649,7.0563,1.1162,22445.5562,1.033,205745.2815,245.1096
node-053,2024-01-01 19:19:00,0.1072,27839297.8795,61.7292,2.0175,6508.6923,0.0,118865.7955,208.1333
node-054,2024-01-01 19:19:00,0.0852,26692303.4286,0.0,2.0991,16628.2807,0.0529,217691.1284,246.403
node-055,2024-01-01 19:19:00,0.0346,28392112.1595,218.9341,1.9995,16125.3861,20.9996,227537.7425,220.3629
node-056,2024-01-01 19:19:00,0.083,27719714.1281,290.3673,2.204,54995.6864,1.3013,2855877.7147,219.3139
node-057,2024-01-01 19:19:00,0.0,25628981.4861,190.0372,2.4069,33505.6836,1.1697,191561.6964,233.7566
node-058,2024-01-01 19:19:00,1.5144,27811945.3383,0.0,0.6744,17778.6921,0.1079,171460.3216,242.1508
node-059,2024-01-01 19:19:00,0.0912,28475219.9425,250.6753,2.2263,7113.0299,0.0051,238066.6853,247.3058
node-060,2024-01-01 19:19:00,0.0,26512097.9514,0.6156,2.2138,244800.2049,0.0,81681.9505,253.6821
node-061,2024-01-01 19:19:00,0.1911,27327302.3895,52.1964,1.4462,22995.4091,4.9448,21839.2168,240.007
node-062,2024-01-01 19:19:00,0.0282,28607241.1639,280.5252,2.1195,8444.1352,0.1185,106721.4814,223.8155
node-063,2024-01-01 19:19:00,0.1048,27239198.2656,26.0429,1.4151,22192.416,1.1138,148353.6114,236.3255
node-064,2024-01-01 19:19:00,0.1284,26999071.4158,276.2669,0.779,21079.7042,1.6879,284695.3927,236.5641
node-065,2024-01-01 19:19:00,0.0834,28374430.0233,117.2028,2.7189,5249.8595,0.0,199969.4276,241.249
node-066,2024-01-01 19:19:00,0.0758,27564373.8059,1.8565,1.4584,6083.7571,0.0,5568972.2623,232.9661
node-067,2024-01-01 19:19:00,0.0937,26770726.2311,94.161,2.5452,23588.8742,3.8826,217917.194,250.8998
node-068,2024-01-01 19:19:00,0.1359,28794004.561,21.3234,2.8397,8241.4444,2.3965,160320.236,245.4955
node-069,2024-01-01 19:19:00,0.0909,13666907.1196,13.6968,1.6945,50787.8114,1.0251,83891.711,236.3319
node-070,2024-01-01 19:19:00,0.2138,27992579.5917,0.5237,1.895,17772.8307,0.0,3094164.8757,243.1069
node-071,2024-01-01 19:19:00,0.2844,26846401.008,0.0,2.2046,243163.5124,1.1772,5613790.9471,221.5106
node-072,2024-01-01 19:19:00,0.0082,123649725.4955,0.7158,0.1712,25607.3333,0.0,118772.2636,207.4727
node-073,2024-01-01 19:19:00,0.1786,26554173.9753,0.0,6.0314,67879.4035,4.3115,5503975.8405,244.7043
node-074,2024-01-01 19:19:00,2.0073,26761828.3912,0.5454,1.0224,368885.1679,0.5243,5634329.4676,202.8689
node-075,2024-01-01 19:19:00,0.1971,29027133.3803,0.2228,2.4943,35969.155,5.0025,2842690.2882,187.8059
node-076,2024-01-01 19:19:00,0.0091,28903792.2286,1.0698,0.1951,2894.9281,0.0,172237.7556,344.0264
node-077,2024-01-01 19:19:00,0.0213,27626863.9142,0.0,2.4195,2310.1875,0.0773,2960431.8432,297.0611
node-078,2024-01-01 19:19:00,0.098,28493670.859,0.0,2.106,34234.847,1.5968,5720119.4379,229.1833
node-079,2024-01-01 19:19:00,0.0167,28363894.4053,0.0,2.3933,12399.0722,0.0,5631135.2757,261.5973
node-080,2024-01-01 19:19:00,0.3987,26529137.4355,37.8754,2.8967,21891.453,0.9161,164918.8455,219.1524
node-081,2024-01-01 19:19:00,0.0,26885863.5486,0.8614,1.9763,447472.2697,1.0641,120560.6387,195.2458
node-082,2024-01-01 19:19:00,0.0,26077447.5643,147.3969,0.2143,6441.4057,0.9904,131739.134,243.8179
node-083,2024-01-01 19:19:00,0.1102,26284097.9465,0.0,3.1091,4111.2049,0.0,1280.6279,243.5675
node-084,2024-01-01 19:19:00,0.0951,28610846.3649,280.9007,2.3246,85721.8833,0.0,165885.4809,269.1656
node-085,2024-01-01 19:19:00,0.1238,28480491.2652,0.0,1.4968,5531.5631,16.9317,2917259.5465,233.8028
node-086,2024-01-01 19:19:00,0.0993,28594923.3548,0.0,1.5801,11695.4833,15.2461,5113025.079,237.7289
node-087,2024-01-01 19:19:00,0.1397,27706359.4787,0.0,1.4039,262360.9102,4.3023,332529.5915,242.0836
node-088,2024-01-01 19:19:00,0.5828,26988998.5707,0.4234,1.9904,214522.3106,1.9706,184906.7122,209.8592
node-089,2024-01-01 19:19:00,0.0848,27230476.1886,0.9939,1.1986,102175.9772,0.9119,273054.9265,248.1114
node-090,2024-01-01 19:19:00,0.1251,28360016.4963,0.0739,1.7672,48274.7892,0.0036,288658.7824,243.6454
node-091,2024-01-01 19:19:00,0.0853,27668192.7557,54.5862,3.0055,19411.1895,0.0,149638.4027,223.0087
node-092,2024-01-01 19:19:00,0.0002,28090547.5825,0.3129,1.3022,17126.0235,0.1898,187351.7953,249.5948
node-093,2024-01-01 19:19:00,0.0063,28101563.5841,5.5589,1.6966,96479.0071,0.0,193043.9742,232.5961
node-094,2024-01-01 19:19:00,0.5449,28125267.1604,0.0,1.0794,7902.3869,0.0,4667946.8715,249.0291
node-095,2024-01-01 19:19:00,0.0,26941998.1053,0.0,0.6492,21736.5897,1.9082,5589983.5258,245.0022
node-096,2024-01-01 19:19:00,0.1048,28303055.6578,0.0,2.0019,17609.3854,0.0,0.0,236.9304
node-097,2024-01-01 19:19:00,0.1234,26708156.1213,0.0011,1.7953,3116.8621,0.8363,5519622.3599,204.6446
node-098,2024-01-01 19:19:00,0.0934,27599479.6451,24.1234,3.2107,215053.2867,7.0657,214627.9744,242.1068
node-099,2024-01-01 19:19:00,0.0948,26742367.0448,0.0,2.0824,17812.5434,1.8482,377555.1901,254.4066
node-100,2024-01-01 19:19:00,0.1208,27248136.3478,144.6655,1.7993,287824.1851,0.203,158115.0175,226.0464
node-101,2024-01-01 19:19:00,0.0,25335313.586,0.0,0.0915,17312.033,0.0,153563.7344,215.9656
node-102,2024-01-01 19:19:00,0.1203,27699354.5824,161.4264,2.4788,11354.1797,5.0442,315542.9547,232.7328
node-103,2024-01-01 19:19:00,0.1145,26487520.6565,41.915,0.6683,215854.88,1.1367,206398.2282,254.2134
node-104,2024-01-01 19:19:00,0.0941,28025656.2543,0.4619,2.6853,2585.7474,1.9769,337947.2856,229.2019
node-105,2024-01-01 19:19:00,0.0921,27817872.2298,287.5829,2.0132,84155.9397,0.0,195066.9179,232.9022
node-106,2024-01-01 19:19:00,0.0,25654378.501,0.0,0.2253,308702.4078,0.2026,487125.8165,211.5453
node-107,2024-01-01 19:19:00,0.1107,26517818.6526,126.6005,0.8856,18356.1824,0.6476,242417.2502,248.4436
node-108,2024-01-01 19:19:00,0.0152,28417477.8412,0.0,2.0846,23520.9189,0.8093,173612.9837,252.1324
node-109,2024-01-01 19:19:00,0.3926,27584330.3031,241.4243,2.129,15567.7458,0.0,143711.6995,240.8094
node-110,2024-01-01 19:19:00,0.0812,26781451.5905,171.4955,1.7254,65525.3466,3.5394,235525.0339,221.148
node-111,2024-01-01 19:19:00,0.0296,28179099.145,214.9648,0.5012,35355.7411,1.0381,2344433.2869,233.1908
node-112,2024-01-01 19:19:00,0.0088,26858738.4498,187.5728,1.996,61738.408,0.0382,185398.4424,232.8727
node-113,2024-01-01 19:19:00,0.0876,27554053.1818,0.0,1.5975,7089.816,0.0141,5553667.6814,213.4255
node-114,2024-01-01 19:19:00,0.1746,26955845.4413,14.0686,2.3817,17695.6521,0.0,192261.8594,249.2558
node-115,2024-01-01 19:19:00,0.0938,27095314.3081,122.0219,2.9065,22236.5715,0.0502,206866.8461,239.2311
node-116,2024-01-01 19:19:00,0.1783,27128366.5165,13.0625,2.5967,18393.3882,1.086,211193.7029,212.5218
node-117,2024-01-01 19:19:00,0.06,14779627.5671,0.7996,2.7942,122456.6735,1.917,202738.6914,247.091
node-118,2024-01-01 19:19:00,0.1067,26617998.7315,258.7858,1.9961,25627.0485,3.0664,181239.1443,240.1035
node-119,2024-01-01 19:19:00,0.0,28262523.1727,0.0,1.9974,20065.1493,0.0,5573509.5064,232.7785
node-000,2024-01-01 19:20:00,3.4094,27401143.316,0.9905,1.6026,207787.0204,1.0147,354899.8,103.1403
node-001,2024-01-01 19:20:00,0.0,26871350.1609,0.6651,0.9008,18909.2704,4.1143,5359959.3186,49.0767
node-002,2024-01-01 19:20:00,0.2308,14440451.5336,0.0,0.8893,20425.2594,3.5654,5481984.5552,71.9554
node-003,2024-01-01 19:20:00,0.0925,28725022.8781,0.5175,1.3761,15816.1561,0.9341,5670828.4885,66.8322
node-004,2024-01-01 19:20:00,0.1866,27369885.48,0.3676,2.9464,13324.7123,0.1433,56563.552,35.9988
node-005,2024-01-01 19:20:00,0.2165,13075138.2482,0.0,1.4771,28305.4737,0.1782,5673175.5072,68.2355
node-006,2024-01-01 19:20:00,0.0269,27537646.1765,0.0,0.1052,16356.7191,0.0762,5477490.9806,185.9464
node-007,2024-01-01 19:20:00,0.08,27172507.0503,0.0,0.9135,5003.4753,0.94,5647156.6529,10.3226
node-008,2024-01-01 19:20:00,0.1259,27526857.8815,0.0,1.4147,17912.1125,0.3576,3546231.7744,179.0249
node-009,2024-01-01 19:20:00,0.0212,27170615.7216,0.0,2.0711,169042.2771,0.9458,369156.7062,245.9658
node-010,2024-01-01 19:20:00,0.1906,27436802.2177,5.5304,1.9645,6980.7628,4.1216,131249.1534,73.7864
node-011,2024-01-01 19:20:00,0.1089,26298765.5917,0.4453,1.8804,20531.0315,0.0,3359524.5428,132.0897
node-012,2024-01-01 19:20:00,0.0958,26680099.6051,0.0,0.5237,16145.9242,0.3002,5433912.2218,177.2482
node-013,2024-01-01 19:20:00,0.3485,27023562.4157,0.0,2.8832,21274.2647,0.0646,0.0,73.9352
node-014,2024-01-01 19:20:00,0.0988,28586443.9495,0.24,0.7709,28021.2672,5.0317,2145138.516,145.1177
node-015,2024-01-01 19:20:00,0.0,26872654.7992,209.0286,0.2352,15598.4571,0.9945,151908.9815,24.9584
node-016,2024-01-01 19:20:00,0.0987,27530908.497,0.0,0.6112,12347.4592,4.1684,5417148.1999,87.9109
node-017,2024-01-01 19:20:00,0.0886,29137093.9625,0.0,0.6025,6230.2045,0.094,5449191.3416,116.0353
node-018,2024-01-01 19:20:00,0.0968,27450609.3306,0.6692,2.0037,23970.6028,0.005,312986.4932,57.3625
node-019,2024-01-01 19:20:00,0.1109,28010059.9886,0.0,0.3989,13743.4279,2.24,5590160.3758,220.1542
node-020,2024-01-01 19:20:00,0.4959,27417772.7082,0.0,1.5222,10818.6352,0.3935,70350.5531,92.2185
node-021,2024-01-01 19:20:00,0.0802,27169326.6812,0.0,1.1132,21418.3676,0.2666,5377928.7239,145.361
node-022,2024-01-01 19:20:00,0.1149,27157780.6306,0.0,0.4888,37567.2534,5.9713,5496676.0672,198.2549
node-023,2024-01-01 19:20:00,0.1186,26499850.2307,0.8537,1.3443,7883.1921,6.0197,3029589.6488,219.7384
node-024,2024-01-01 19:20:00,0.0,26467809.1275,163.4845,1.7815,8283.8941,0.0,367061.7897,51.5036
node-025,2024-01-01 19:20:00,0.0972,27905309.2844,0.0545,0.6823,20475.7028,0.0,1795977.2958,164.1346
node-026,2024-01-01 19:20:00,0.0066,27440673.515,0.2589,0.1823,20181.3285,1.0342,259397.1573,80.0127
node-027,2024-01-01 19:20:00,0.0933,27198704.4329,0.489,0.8038,120309.8015,4.971,5517077.6468,205.8874
node-028,2024-01-01 19:20:00,0.1992,27536097.5883,0.0,0.3039,12273.2088,0.0329,5651037.1141,115.8442
node-029,2024-01-01 19:20:00,0.0854,27217626.0057,234.1609,1.5805,19289.8783,1.9408,486666.8341,119.5984
node-030,2024-01-01 19:20:00,0.1131,26966937.7178,0.6805,0.4857,7222.392,1.5228,5504927.798,183.2536
node-031,2024-01-01 19:20:00,0.019,28774386.4928,0.0,0.6921,2492.9235,0.0,24978.2546,4.0958
node-032,2024-01-01 19:20:00,0.5154,27316728.9124,0.0,1.0547,18760.3544,0.0,3589929.0136,195.2784
node-033,2024-01-01 19:20:00,0.0983,26882083.3261,0.0,1.0764,18512.9684,4.1935,2400762.2542,164.5047
node-034,2024-01-01 19:20:00,0.0013,26127381.765,0.0,0.2809,201283.0641,0.178,125086.7639,27.5204
node-035,2024-01-01 19:20:00,0.1087,28511955.8506,0.0,2.2884,87958.3118,0.9154,277655.9601,101.5544
node-036,2024-01-01 19:20:00,0.0815,27103012.6866,0.0,2.2229,29261.2174,0.0648,25722.945,199.7523
node-037,2024-01-01 19:20:00,0.1862,27406943.7917,193.1388,1.2555,68406.8313,0.0,244857.0052,181.386
node-038,2024-01-01 19:20:00,0.0986,26966165.0493,0.0394,0.4173,16963.745,0.1703,5507168.5728,166.6525
node-039,2024-01-01 19:20:00,0.0,27271981.4385,0.0,0.9588,17787.3814,0.0922,3503359.8281,147.651
node-040,2024-01-01 19:20:00,0.0,27620652.9801,0.0,0.0944,189598.4162,0.0461,5399828.1502,127.2674
node-041,2024-01-01 19:20:00,0.1022,28502740.0901,0.6736,0.8978,12074.6935,0.1295,5535328.3851,136.2485
node-042,2024-01-01 19:20:00,0.1002,28175584.4187,0.0,0.4949,12926.5665,3.9647,5412762.7992,164.1777
node-043,2024-01-01 19:20:00,0.1064,27915090.1603,0.2631,2.0387,39511.0194,0.9625,1680216.3052,161.2627
node-044,2024-01-01 19:20:00,0.3144,27217015.9954,0.0,1.0921,16904.4288,0.0328,5633330.4838,47.3273
node-045,2024-01-01 19:20:00,0.0821,27487451.6787,0.0,0.9056,16910.0665,0.8809,2940446.9675,28.0151
node-046,2024-01-01 19:20:00,0.0834,26598415.5812,0.0,1.9936,24019.1851,0.0755,5430944.6259,67.8409
node-047,2024-01-01 19:20:00,0.1019,26200565.8507,0.311,0.8996,28365.7651,1.0379,5401168.7438,67.832
node-048,2024-01-01 19:20:00,0.1085,27182207.9156,0.2276,1.199,15905.0736,1.9864,5513994.7849,189.5156
node-049,2024-01-01 19:20:00,0.0,26076345.8434,0.2348,0.195,23732.2984,1.5653,5676493.5736,31.1703
node-050,2024-01-01 19:20:00,0.0,25842748.1224,0.0,0.1933,20281.7366,0.0,5437927.8489,29.6163
node-051,2024-01-01 19:20:00,0.792,27249971.9947,0.0,2.5474,20586.2008,7.0237,421324.6153,53.9788
node-052,2024-01-01 19:20:00,0.1016,27466058.2287,7.0339,0.7204,22805.1758,1.115,258727.4297,160.0942
node-053,2024-01-01 19:20:00,0.136,27657352.9583,0.0,1.99,191307.0834,3.0789,569685.6065,124.6803
node-054,2024-01-01 19:20:00,0.3826,26621631.7746,0.0,1.7604,6657.7704,0.0,376857.5115,72.7314
node-055,2024-01-01 19:20:00,0.0817,27735903.1871,218.7868,2.2913,7267.7133,3.5889,80956.2547,29.1629
node-056,2024-01-01 19:20:00,0.0858,27631143.6594,1.2519,1.1403,18267.375,1.07,5612882.9114,13.9955
node-057,2024-01-01 19:20:00,0.1175,25218144.7131,178.8424,0.9742,54290.0932,1.1991,154192.5073,170.8914
node-058,2024-01-01 19:20:00,0.3405,27945033.7497,0.3432,2.119,21382.9569,0.0,4656616.168,40.8872
node-059,2024-01-01 19:20:00,0.1066,27225492.4778,0.0,1.711,8456.2062,0.9251,3968228.952,77.6347
node-060,2024-01-01 19:20:00,0.8857,26101685.3195,0.0,0.7296,17972.363,0.0,5664723.6196,73.2154
node-061,2024-01-01 19:20:00,0.3072,27111877.2376,0.0,1.1628,8881.9683,0.0504,5683510.1128,79.5181
node-062,2024-01-01 19:20:00,0.0883,28017309.5743,0.3371,1.0013,717.7385,0.819,2965572.1758,132.9167
node-063,2024-01-01 19:20:00,0.0808,26679874.8975,0.0,1.0883,20919.9311,0.0,2871209.2796,34.8034
node-064,2024-01-01 19:20:00,0.0,26777631.4552,258.3234,1.0859,10127.8795,1.9921,333102.8466,81.3978
node-065,2024-01-01 19:20:00,0.1235,26747249.3961,0.0,2.6927,13094.3662,3.2707,2507776.9642,233.46
node-066,2024-01-01 19:20:00,0.0859,27298564.1905,0.1961,1.0105,129046.0857,0.0,5307288.1305,19.2583
node-067,2024-01-01 19:20:00,0.8778,26537826.0201,89.3099,1.1631,9601.5959,4.0628,147591.6394,51.9538
node-068,2024-01-01 19:20:00,0.0996,27471120.6324,0.6469,1.8724,11348.3335,0.018,4695749.4283,35.0715
node-069,2024-01-01 19:20:00,0.0262,14061306.6457,14.4288,0.9771,21395.2542,3.9553,5672189.6099,77.9829
node-070,2024-01-01 19:20:00,0.2226,27321874.8316,0.1396,0.6145,63797.4581,0.1023,5355247.8061,81.524
node-071,2024-01-01 19:20:00,0.1097,26945617.6387,1.058,0.6027,50912.0292,1.0018,5472580.1326,187.9148
node-072,2024-01-01 19:20:00,0.0,123488192.7123,0.0207,0.2104,21347.2311,0.0,2933308.6456,47.5045
node-073,2024-01-01 19:20:00,0.1969,26821194.3368,0.1388,1.5104,27143.1503,4.9752,5554191.3749,203.5976
node-074,2024-01-01 19:20:00,0.534,26891002.9836,0.447,0.618,18138.7127,0.0,5332678.8551,215.1179
node-075,2024-01-01 19:20:00,0.0634,28173652.8303,0.0159,0.4122,34331.8723,0.9202,5708506.3876,189.341
node-076,2024-01-01 19:20:00,0.002,28409554.6568,0.7596,0.1682,6335.4936,0.0,368995.7248,202.3624
node-077,2024-01-01 19:20:00,0.0968,27002102.0208,0.0178,0.9063,11188.0702,0.9807,5731183.1078,81.8381
node-078,2024-01-01 19:20:00,0.1159,28585768.4621,0.527,1.7983,2200.9429,1.9487,5454723.157,152.6543
node-079,2024-01-01 19:20:00,0.0398,26925456.4144,0.0,2.405,359519.9133,0.0388,5439630.4725,46.6502
node-080,2024-01-01 19:20:00,0.0235,26961469.9534,0.9979,1.5745,17180.6225,1.2629,5568582.8699,190.7133
node-081,2024-01-01 19:20:00,0.1105,26825820.7576,0.0,1.0668,18175.6063,0.1039,412981.4714,156.2953
node-082,2024-01-01 19:20:00,0.0129,26215971.7476,1.1426,0.216,22245.252,1.0606,139435.5821,40.1193
node-083,2024-01-01 19:20:00,0.1087,26983066.8606,0.4205,1.7458,29444.3668,0.983,3216739.8231,66.9724
node-084,2024-01-01 19:20:00,0.0969,27755063.3286,261.9421,2.3951,45759.9465,1.7857,2157586.336,133.5832
node-085,2024-01-01 19:20:00,0.1,28096864.0704,0.0,0.9925,14504.2144,7.4563,5636213.6623,30.157
node-086,2024-01-01 19:20:00,0.0858,27592927.4305,0.0,1.6039,30275.5307,6.3577,5567848.6772,34.9622
node-087,2024-01-01 19:20:00,0.0884,27686594.1577,0.4514,1.3931,21388.4426,4.9596,5635778.2553,58.986
node-088,2024-01-01 19:20:00,0.1254,27347515.2845,0.202,1.9627,45626.255,0.0893,958868.6808,271.8306
node-089,2024-01-01 19:20:00,1.1104,27222931.4489,0.0,1.8015,19926.6688,1.3587,245627.3903,125.7546
node-090,2024-01-01 19:20:00,0.0646,28593658.6978,0.1532,2.1094,10599.0434,0.0,2790226.5161,110.5919
node-091,2024-01-01 19:20:00,0.0943,27307148.0277,0.0,2.9171,19632.8472,0.0392,3177100.4561,52.7628
node-092,2024-01-01 19:20:00,0.0061,28237382.2008,0.4234,1.3364,19369.8142,0.2995,260857.0833,125.4009
node-093,2024-01-01 19:20:00,0.0,27883437.2755,0.0001,0.5836,55867.5869,0.2212,3383044.3896,222.4953
node-094,2024-01-01 19:20:00,0.1104,27008785.9622,0.5825,1.2003,353219.02,0.1346,5455944.426,42.9871
node-095,2024-01-01 19:20:00,0.0132,27113256.7089,0.0,0.5082,20932.8176,0.0,5244767.5031,48.4438
node-096,2024-01-01 19:20:00,0.0954,28341379.3175,0.0775,2.2037,22507.7164,4.0493,2494431.6781,130.9812
node-097,2024-01-01 19:20:00,0.0294,26700653.3809,0.0,0.792,107536.1493,1.0063,5400154.2541,117.331
node-098,2024-01-01 19:20:00,0.1193,27755371.3364,0.0,1.1082,18701.5265,7.1069,2576303.3246,154.1695
node-099,2024-01-01 19:20:00,0.0785,27217896.8348,0.0,0.9994,21479.912,1.7846,5725959.2305,44.4834
node-100,2024-01-01 19:20:00,0.131,27673623.8272,135.632,1.7944,57750.1642,0.3757,606864.3152,154.1463
node-101,2024-01-01 19:20:00,0.032,25728636.181,0.0,0.103,20259.113,0.0724,463678.2474,91.7293
node-102,2024-01-01 19:20:00,0.101,27102085.4681,0.0096,1.0164,9514.0843,1.9815,5592114.377,66.5868
node-103,2024-01-01 19:20:00,0.1049,26966566.2125,0.0636,1.817,24210.5807,0.0866,389763.8354,19.9642
node-104,2024-01-01 19:20:00,0.3136,27359718.2098,0.0,1.0623,17339.9608,1.8793,209170.5811,187.0888
node-105,2024-01-01 19:20:00,0.2966,27401546.126,287.2552,2.2394,42293.8839,0.0,241536.9645,144.3004
node-106,2024-01-01 19:20:00,0.0,26012694.2481,0.0,0.1993,19648.6201,0.0,5509134.7268,101.0211
node-107,2024-01-01 19:20:00,0.0896,26672842.2401,118.0279,0.9059,19640.4033,1.0235,44046.0841,57.1453
node-108,2024-01-01 19:20:00,0.0107,28115321.4307,1.2444,0.7024,12270.2295,1.0146,298205.5634,155.4903
node-109,2024-01-01 19:20:00,0.1169,27125829.5106,223.4394,2.0631,111307.6468,0.0,247112.471,174.9017
node-110,2024-01-01 19:20:00,0.0823,26888133.0817,160.492,2.0085,20423.0769,3.9791,544390.9553,156.0417
node-111,2024-01-01 19:20:00,0.0,27800248.1753,0.6793,1.1976,22179.0822,0.0,5467682.8134,147.1983
node-112,2024-01-01 19:20:00,0.0131,26480485.8208,175.3544,0.6668,15368.149,0.0,273872.1745,176.6013
node-113,2024-01-01 19:20:00,0.0776,26867461.2837,0.5147,0.6152,278570.9884,0.0,5406870.3739,176.4592
node-114,2024-01-01 19:20:00,0.6762,27208279.8756,13.5462,2.6525,22434.7285,0.0,173609.0554,62.126
node-115,2024-01-01 19:20:00,0.1813,26811815.9006,113.6746,0.8624,3331.2625,0.0409,124192.9074,31.6607
node-116,2024-01-01 19:20:00,0.1973,27568668.8491,0.0,2.8069,17207.2638,0.9291,5524860.9492,179.9277
node-117,2024-01-01 19:20:00,0.1007,14466283.0749,0.0,3.3081,18932.4031,1.9426,356879.7051,61.828
node-118,2024-01-01 19:20:00,0.1104,27039720.5131,258.2878,0.6814,24161.2622,0.0226,186039.404,36.2475
node-119,2024-01-01 19:20:00,0.0722,28346050.3013,0.1135,0.2883,20956.6366,1.8536,5530049.6477,147.756
node-000,2024-01-01 19:21:00,1.7011,27049340.0325,0.5465,1.1923,16530.9732,3.9943,5593485.065,807.6232
node-001,2024-01-01 19:21:00,12.1219,26982168.3043,0.441,0.6089,26216.6541,0.0139,5833871.7308,725.1295
node-002,2024-01-01 19:21:00,0.227,14475672.191,0.0,0.883,22985.6836,3.9743,6479630.8576,549.0739
node-003,2024-01-01 19:21:00,0.1921,24904272.1228,0.8882,0.9314,104314.4688,3.9969,5408293.9232,785.9257
node-004,2024-01-01 19:21:00,0.1019,23979759.8941,0.2313,0.8017,105766.8996,8.8827,5578703.1963,772.8785
node-005,2024-01-01 19:21:00,0.006,12901695.2286,0.0,1.5231,309181.7892,0.0237,5268672.2476,768.6848
node-006,2024-01-01 19:21:00,0.0129,25341297.8324,0.0,0.0917,37457.4141,2.1082,5428312.2479,669.1602
node-007,2024-01-01 19:21:00,1.4013,26893669.2516,0.2967,1.0054,54997.9861,0.019,5525211.4638,782.8199
node-008,2024-01-01 19:21:00,0.1196,23633828.0877,0.5177,0.6011,65387.2486,5.1135,5567756.712,744.6195
node-009,2024-01-01 19:21:00,0.0939,27344006.8561,0.0,0.5233,19262.063,7.09,5618314.932,683.4766
node-010,2024-01-01 19:21:00,0.0962,23989356.9105,0.0,1.4285,103758.2747,6.0817,5583851.0826,789.3666
node-011,2024-01-01 19:21:00,1.2923,24813361.5901,0.0092,4.7954,38702.5258,5.9502,5532712.9221,774.85
node-012,2024-01-01 19:21:00,0.4237,24615937.6162,1.2729,0.5276,47183.4451,4.0188,5958993.8894,763.7153
node-013,2024-01-01 19:21:00,0.5006,25456390.2922,1.4097,1.1948,16973.8036,0.0,4962.9016,784.0846
node-014,2024-01-01 19:21:00,1.2004,26995540.238,0.0,6.8016,28760.8241,4.025,5509830.1406,788.7665
node-015,2024-01-01 19:21:00,0.0005,26152397.8694,0.0,0.1046,14271.4403,0.0,5679821.9749,694.5955
node-016,2024-01-01 19:21:00,0.1021,26830427.7971,1.1747,0.6105,61767.1528,0.0151,5506288.3271,790.1159
node-017,2024-01-01 19:21:00,0.1146,28236498.9985,0.0,0.4125,9296.076,1.1161,6152545.9387,775.6768
node-018,2024-01-01 19:21:00,0.81,27190033.6755,0.0,1.2038,15956.6296,10.0177,5694659.8236,783.8061
node-019,2024-01-01 19:21:00,0.0901,27030176.0311,1.7073,0.4065,68348.3287,0.0,5411674.2572,728.8018
node-020,2024-01-01 19:21:00,0.6198,23931036.2772,0.0,0.2063,41252.498,4.9263,5696720.2045,798.9752
node-021,2024-01-01 19:21:00,0.0909,25944798.2394,0.0,0.9054,25378.2849,1.0014,6004516.1641,337.5502
node-022,2024-01-01 19:21:00,1.9967,26614176.8033,1.4514,0.4935,22324.1024,6.0121,5385730.9669,795.2052
node-023,2024-01-01 19:21:00,8.4167,26578098.3418,0.0,2.0971,113497.0081,0.0,5643128.452,457.6637
node-024,2024-01-01 19:21:00,3.7278,26763631.648,0.8654,0.5922,126632.4555,7.1169,5551379.9003,775.6521
node-025,2024-01-01 19:21:00,0.1162,27042312.6321,0.1964,0.814,28518.2418,4.0251,5574679.6416,789.3991
node-026,2024-01-01 19:21:00,0.0,25718511.3193,0.3509,0.1014,58718.1451,3.9106,5415703.0766,632.9354
node-027,2024-01-01 19:21:00,3.0857,26700662.9584,0.6762,0.8977,33236.7902,0.0247,5673086.8279,803.6171
node-028,2024-01-01 19:21:00,0.1996,27450759.6652,0.367,0.7022,102749.0636,0.6162,5400912.7972,774.1683
node-029,2024-01-01 19:21:00,0.3017,27198786.5999,0.1521,0.8234,19041.7915,5.0,5550563.9066,763.4099
node-030,2024-01-01 19:21:00,2.215,27203205.3262,0.0,1.0078,109393.0574,0.0,5486418.1122,763.1404
node-031,2024-01-01 19:21:00,0.0901,29127144.0599,0.0,0.0018,3896.3321,0.0,91703.2972,13.1921
node-032,2024-01-01 19:21:00,0.7151,27310432.1744,0.0,0.6892,19392.7339,6.9736,5611864.7856,775.372
node-033,2024-01-01 19:21:00,0.478,26439745.4666,0.0,0.6761,43019.1912,6.0672,5576723.6609,798.9028
node-034,2024-01-01 19:21:00,0.2203,26128109.6124,0.1675,0.0914,41494.9772,1.355,5458879.0392,685.3182
node-035,2024-01-01 19:21:00,0.1041,28293713.9003,0.2387,0.2915,17257.1558,0.9734,5718091.4107,788.2015
node-036,2024-01-01 19:21:00,3.9812,27235135.1516,0.0,0.3926,19835.4784,5.3473,5552179.0914,447.2378
node-037,2024-01-01 19:21:00,1.5077,25246072.2524,0.7623,0.4207,16383.9115,0.0212,5579530.9422,765.8679
node-038,2024-01-01 19:21:00,8.6974,26233557.3507,0.2484,0.5283,162460.6692,0.0,5389292.8118,750.2132
node-039,2024-01-01 19:21:00,2.3718,27309053.3243,0.0,0.9884,17123.2382,2.9719,5577093.855,773.5674
node-040,2024-01-01 19:21:00,0.0359,27271893.6035,0.9276,0.1167,16723.8809,0.1334,6451388.4975,671.2899
node-041,2024-01-01 19:21:00,0.283,27027187.3622,0.0,0.4958,56554.7061,0.9316,5449471.0666,771.9972
node-042,2024-01-01 19:21:00,5.2477,26780873.3832,0.0,0.5084,37795.3014,8.1799,5949898.2166,758.4069
node-043,2024-01-01 19:21:00,0.1105,27950559.4126,0.981,0.4299,12568.8268,5.8882,5585699.7687,763.9979
node-044,2024-01-01 19:21:00,0.2277,27070851.9952,0.7818,1.5114,22578.3576,4.82,5412357.5789,767.4931
node-045,2024-01-01 19:21:00,0.0822,26739946.9327,0.0,0.9303,17759.912,0.1452,5594742.0558,767.3409
node-046,2024-01-01 19:21:00,0.1096,25161481.765,0.0,1.4203,19057.4074,3.0582,5482685.5584,791.3882
node-047,2024-01-01 19:21:00,8.3217,26254776.321,0.0755,0.5142,18562.0273,1.1564,5618017.3769,790.8188
node-048,2024-01-01 19:21:00,4.8954,27243680.8745,0.0,0.6591,303988.6516,1.0262,5628412.7828,762.3296
node-049,2024-01-01 19:21:00,0.0,25629993.6843,0.2132,0.109,5405.604,1.1067,5534012.4242,666.258
node-050,2024-01-01 19:21:00,0.0,25630369.9428,0.0,0.1976,24182.5226,0.0308,5816655.8984,671.6862
node-051,2024-01-01 19:21:00,1.0847,24936774.0804,0.0,1.0976,60320.3534,7.071,5595787.0846,776.6874
node-052,2024-01-01 19:21:00,0.2072,25912162.4312,0.0992,0.7006,40017.6221,8.0274,5471216.2771,765.9527
node-053,2024-01-01 19:21:00,0.4851,27283049.1865,0.0,0.9886,17755.2043,5.9179,5433214.6368,773.2816
node-054,2024-01-01 19:21:00,0.227,23549281.5038,0.7872,0.9924,64056.6907,7.1397,5636864.9459,793.253
node-055,2024-01-01 19:21:00,0.0998,26962301.0005,0.0,0.9029,23811.1421,1.097,5606057.6935,791.9776
node-056,2024-01-01 19:21:00,0.0423,27541298.0892,0.0,0.3906,3545.7109,0.0,5300733.2749,784.5514
node-057,2024-01-01 19:21:00,0.2149,24972477.0998,0.8621,0.7849,23223.8914,3.0079,5537986.5081,761.401
node-058,2024-01-01 19:21:00,0.2158,27090379.0169,0.265,1.2068,14717.5494,0.0343,5702302.7264,779.9721
node-059,2024-01-01 19:21:00,4.7189,27241075.8276,0.4274,1.6257,101189.0232,5.8924,5662375.8803,788.0256
node-060,2024-01-01 19:21:00,0.1988,26530166.4874,0.3919,0.797,8125.9717,4.0693,5523679.5587,773.4085
node-061,2024-01-01 19:21:00,0.7027,25005883.7707,0.0,1.1937,52377.177,3.9673,5476786.3383,789.9321
node-062,2024-01-01 19:21:00,0.0842,27413888.7088,0.0,0.9026,55880.0629,1.4613,5550068.3831,782.1527
node-063,2024-01-01 19:21:00,0.4805,26896830.3907,0.3594,0.6963,21707.415,6.9348,5567834.2444,769.5117
node-064,2024-01-01 19:21:00,0.0,23699328.2069,0.2222,1.1078,95010.8783,5.9622,5687276.5366,791.3998
node-065,2024-01-01 19:21:00,0.1031,26865920.2763,2.1266,0.7075,13879.8245,3.9555,5611818.4427,769.1698
node-066,2024-01-01 19:21:00,4.9177,27613073.5978,0.1783,0.1944,26692.689,0.0146,6054816.9742,767.312
node-067,2024-01-01 19:21:00,0.2242,23415016.443,0.0,1.0014,71741.9761,2.9459,5604300.2288,761.3619
node-068,2024-01-01 19:21:00,0.2208,28078907.0343,0.0,0.9042,170446.5462,0.0,5687402.6168,785.0552
node-069,2024-01-01 19:21:00,4.6154,11667744.2488,14.899,0.8975,51561.6541,9.9766,5693940.2621,783.4998
node-070,2024-01-01 19:21:00,0.2073,26812057.7486,0.0,0.5041,37282.437,3.873,5570456.2531,475.9727
node-071,2024-01-01 19:21:00,1.4073,25616842.6766,0.0,0.6021,16879.328,2.6827,5455783.9345,778.6749
node-072,2024-01-01 19:21:00,0.0198,120983814.2632,0.7879,0.1916,20926.5577,2.9801,5565132.6086,652.1366
node-073,2024-01-01 19:21:00,3.697,24575382.1994,0.0,0.2765,53364.6548,0.062,5396845.968,745.5449
node-074,2024-01-01 19:21:00,0.0752,26638553.5554,0.5466,0.211,22558.6545,1.0241,5770195.1185,857.8353
node-075,2024-01-01 19:21:00,0.0829,27687813.1121,0.0,0.4797,16612.3643,5.9908,5494500.164,802.0201
node-076,2024-01-01 19:21:00,0.0102,27879357.4287,0.0915,0.0876,5859.5834,0.0,5471509.4842,377.6537
node-077,2024-01-01 19:21:00,0.0878,26680794.9943,2.3562,0.9168,50295.2509,8.0918,5394864.7948,481.9413
node-078,2024-01-01 19:21:00,6.0046,27435731.4288,1.1367,0.6611,11663.7413,0.0,6358048.8279,808.0582
node-079,2024-01-01 19:21:00,0.1124,26687807.2355,0.0,0.3897,18097.7578,8.0153,5532528.121,767.4901
node-080,2024-01-01 19:21:00,1.4067,25450721.1688,0.0,0.8842,45418.5149,4.9304,5608119.5078,791.1324
node-081,2024-01-01 19:21:00,0.0056,26822888.202,0.5034,0.9845,16737.974,4.9104,5658970.9496,793.5341
node-082,2024-01-01 19:21:00,0.1946,25960947.1966,0.0,0.1867,23186.5347,2.011,5648090.9006,690.1999
node-083,2024-01-01 19:21:00,0.0975,26658098.906,0.4959,0.7082,125713.1711,9.0228,5586587.5294,768.7047
node-084,2024-01-01 19:21:00,0.0896,27367096.26,0.4286,1.0018,21051.2252,1.9749,5544953.8614,362.8314
node-085,2024-01-01 19:21:00,0.101,26554737.7565,0.0,0.9924,70413.9532,6.3988,5405329.7298,788.9137
node-086,2024-01-01 19:21:00,1.8916,26811959.8934,0.3281,0.4863,42197.5598,4.3301,5329362.6702,767.2912
node-087,2024-01-01 19:21:00,0.0833,27295588.1583,0.4401,1.0012,20755.7161,0.0138,5472632.0557,775.1339
node-088,2024-01-01 19:21:00,3.0132,25305567.4033,0.2109,0.3094,16957.947,4.3521,5549265.5446,745.1595
node-089,2024-01-01 19:21:00,0.7205,27059759.189,0.8054,1.589,23351.1209,5.9749,5718043.5173,778.2812
node-090,2024-01-01 19:21:00,0.2329,26612065.2693,0.3894,1.1052,46785.2408,6.0552,5651371.9276,790.8184
node-091,2024-01-01 19:21:00,0.1887,26262078.4023,0.0,1.0991,46888.2911,4.2564,5536317.2606,770.9493
node-092,2024-01-01 19:21:00,0.6687,26696156.4001,0.012,0.808,7882.5095,4.991,5682439.4164,784.0164
node-093,2024-01-01 19:21:00,0.52,28464935.2082,0.2054,0.3235,31525.4798,4.8949,5427311.9374,763.0094
node-094,2024-01-01 19:21:00,0.0703,27218776.6387,0.8873,0.8932,17871.217,2.9931,5366778.4687,774.1757
node-095,2024-01-01 19:21:00,0.1221,24287742.7337,1.2232,0.5745,7110.4651,5.153,5609372.3127,783.2588
node-096,2024-01-01 19:21:00,0.1548,26389300.1115,0.0,0.3916,42412.4053,9.0104,5492305.3398,781.4294
node-097,2024-01-01 19:21:00,0.7944,27020198.2151,1.0039,0.7953,20866.9152,1.9177,6078913.1003,781.2577
node-098,2024-01-01 19:21:00,1.3017,25834047.338,0.0,0.814,21659.3297,5.0238,5823804.4313,799.9782
node-099,2024-01-01 19:21:00,0.2831,26746762.0648,0.0,0.9998,4411.3641,0.0,5543633.2668,785.6511
node-100,2024-01-01 19:21:00,0.3677,25838979.4339,0.0,0.2925,18117.0398,2.9215,5535937.7362,774.2336
node-101,2024-01-01 19:21:00,0.107,23979671.6228,0.4316,0.1768,19006.6677,3.9606,5581065.2552,665.8719
node-102,2024-01-01 19:21:00,0.1299,26815950.3646,1.2086,1.1804,101788.7646,2.402,5449044.162,531.9376
node-103,2024-01-01 19:21:00,0.0965,26563815.7046,0.4809,0.5144,24020.4314,6.8627,5590798.3815,763.8455
node-104,2024-01-01 19:21:00,0.3109,26708262.8627,0.8674,0.5951,86342.5631,6.0708,5688128.9419,782.2525
node-105,2024-01-01 19:21:00,0.0799,27632220.7993,0.0,0.8845,20841.1437,0.0,5761519.6902,780.0207
node-106,2024-01-01 19:21:00,0.0076,25782305.0852,0.0,0.1937,20423.8054,0.0,5554918.003,648.6581
node-107,2024-01-01 19:21:00,0.7038,24408276.2994,0.0275,1.6234,61635.1293,9.0128,5600809.9214,767.548
node-108,2024-01-01 19:21:00,0.1205,26992650.2311,0.0,0.9064,24086.3448,4.9313,5540800.0007,762.1991
node-109,2024-01-01 19:21:00,5.4229,27134280.5665,0.1416,0.5945,51359.9854,0.2701,5473028.4006,774.5784
node-110,2024-01-01 19:21:00,9.196,25797839.5073,0.2132,1.4436,53194.4286,4.0809,5635264.9214,765.2038
node-111,2024-01-01 19:21:00,0.0928,27808495.6413,0.7658,0.4623,14644.1697,8.7924,5408150.5272,767.9508
node-112,2024-01-01 19:21:00,0.2506,24619130.8794,0.0,1.077,47503.2667,3.9375,5565666.9031,763.7877
node-113,2024-01-01 19:21:00,0.3937,27170969.7963,0.0,0.5965,17974.9706,3.9705,6368910.934,757.9138
node-114,2024-01-01 19:21:00,0.1137,26894529.6774,0.0,1.1011,15678.1206,5.9928,5652719.6486,764.2245
node-115,2024-01-01 19:21:00,0.0957,23490058.2125,0.0,0.9992,116370.0951,6.919,5610740.6132,784.6625
node-116,2024-01-01 19:21:00,0.1704,23446019.3768,0.5724,1.2938,107574.6286,4.9363,5577940.6441,764.0343
node-117,2024-01-01 19:21:00,0.0964,11734396.0506,0.4032,3.0176,22427.936,5.0015,5646955.2098,777.1482
node-118,2024-01-01 19:21:00,1.1815,24374904.0345,1.6177,0.6857,74837.3765,0.0,5649784.9147,782.5515
node-119,2024-01-01 19:21:00,0.0905,26224593.1962,0.0,1.0607,26281.1773,10.0623,5399264.7873,747.2425
node-000,2024-01-01 19:22:00,0.5166,25604502.0535,1.4993,0.8055,18126.7391,3.9806,5475192.5665,757.5161
node-001,2024-01-01 19:22:00,0.5939,24137888.1617,0.0,0.7673,10824.7281,6.9495,6301420.5986,738.9475
node-002,2024-01-01 19:22:00,0.0,14333527.1723,0.0,0.7071,9941.6937,9.9778,6276674.2516,769.6815
node-003,2024-01-01 19:22:00,0.0985,24612507.3459,0.0,0.5145,95048.9419,3.9705,6099978.827,758.0139
node-004,2024-01-01 19:22:00,0.2106,23839517.1966,0.0,0.9971,129930.8683,3.0762,5492375.879,755.7935
node-005,2024-01-01 19:22:00,0.0083,12863426.1124,0.6456,0.805,20662.2825,10.9509,5833515.8245,747.1715
node-006,2024-01-01 19:22:00,0.2915,24052709.3645,0.2391,0.0834,112849.5132,3.8862,6189364.3156,663.7216
node-007,2024-01-01 19:22:00,0.2058,26742782.9772,0.0,0.5074,20561.6111,6.0224,5727447.6516,757.5692
node-008,2024-01-01 19:22:00,0.0769,23628642.4037,0.0798,0.7099,81767.3879,4.8613,5342158.9217,740.9429
node-009,2024-01-01 19:22:00,0.1078,24991230.8397,0.0,0.5975,25530.2193,6.909,5502229.1177,763.766
node-010,2024-01-01 19:22:00,0.216,23705057.5439,0.5013,1.0701,104566.1459,5.9707,5477772.6314,758.5528
node-011,2024-01-01 19:22:00,0.1817,23453888.0271,0.8335,6.1948,111504.6366,5.0351,5346602.0763,744.1865
node-012,2024-01-01 19:22:00,1.5143,22805838.4719,1.1137,0.7242,116316.146,4.0174,6217929.2043,761.2046
node-013,2024-01-01 19:22:00,0.1971,23491155.4835,0.0,0.7027,60810.1726,0.0,0.0,775.4017
node-014,2024-01-01 19:22:00,0.601,24915635.892,0.0,2.2044,132608.0215,4.0569,5402703.4386,787.3728
node-015,2024-01-01 19:22:00,0.1026,25955280.3523,0.0,0.2166,298380.8908,2.2648,5371365.3914,657.5769
node-016,2024-01-01 19:22:00,0.1952,27040427.9755,0.0,0.5916,21042.2862,11.0976,6543378.5239,767.635
node-017,2024-01-01 19:22:00,0.0974,27731434.6496,0.0,0.4633,306191.6427,5.9382,6317042.6491,748.9417
node-018,2024-01-01 19:22:00,1.5023,24154742.3471,0.7595,1.2181,106963.0042,9.9518,5526626.8018,778.9496
node-019,2024-01-01 19:22:00,0.0774,26979494.0972,0.5032,0.6019,44361.8887,0.0131,5740345.8672,791.7485
node-020,2024-01-01 19:22:00,0.3905,23911155.5785,0.3806,0.8151,124055.0523,5.1151,5502873.6607,762.4704
node-021,2024-01-01 19:22:00,0.108,24414360.9121,0.0386,1.0447,115030.0604,5.0923,6386726.9203,778.9915
node-022,2024-01-01 19:22:00,0.5077,23841592.7355,0.0,0.4955,67563.8078,3.0219,6020516.5957,765.5838
node-023,2024-01-01 19:22:00,8.4116,25349723.6516,0.0,0.5806,47806.333,6.1186,5342394.9406,779.5169
node-024,2024-01-01 19:22:00,0.0974,26398213.7952,0.0,0.5864,55007.2747,7.0123,5412350.0221,757.9595
node-025,2024-01-01 19:22:00,0.3904,24446552.9779,0.6278,0.6926,119364.5418,3.1305,5454794.1014,773.488
node-026,2024-01-01 19:22:00,0.5052,24566869.8884,0.0,0.1958,87160.3011,3.0061,5553879.2444,707.5433
node-027,2024-01-01 19:22:00,0.5843,23986270.6337,0.0,0.5244,21652.2665,6.9213,6438800.9869,808.342
node-028,2024-01-01 19:22:00,0.112,27262689.3326,0.0,0.6416,38650.9411,9.0318,6073880.7688,747.2169
node-029,2024-01-01 19:22:00,0.6811,25924605.2456,0.9837,0.5096,11240.2224,5.055,5555215.3518,758.8647
node-030,2024-01-01 19:22:00,0.2139,27095400.3535,0.3911,0.4738,65228.3932,3.6082,5960313.4767,748.0756
node-031,2024-01-01 19:22:00,0.0,29345409.8836,0.0,0.1954,9427.9566,0.0468,78128.3747,0.0
node-032,2024-01-01 19:22:00,0.3019,23265876.5481,0.0,1.0037,111780.6365,7.0229,5477612.2399,759.9739
node-033,2024-01-01 19:22:00,0.4946,22949121.6056,0.0,0.728,123630.3637,6.0222,5481951.4734,805.2225
node-034,2024-01-01 19:22:00,0.1894,25824998.2418,0.5277,0.1037,18842.9059,2.9329,5352399.2618,665.3377
node-035,2024-01-01 19:22:00,0.0988,27999331.0236,0.0,0.406,23029.3743,6.9492,5539649.2143,735.9522
node-036,2024-01-01 19:22:00,0.4091,25892688.3516,0.0,2.0723,21470.6532,10.1283,5550010.7706,761.5242
node-037,2024-01-01 19:22:00,0.082,23687657.634,0.0,0.3963,51513.6384,3.9612,5573207.3396,748.7945
node-038,2024-01-01 19:22:00,0.5046,26969413.1529,0.2403,0.4239,53264.6524,4.855,6037961.3531,757.1538
node-039,2024-01-01 19:22:00,0.0875,27842618.8028,0.065,0.3994,16243.0149,7.0132,5439011.4293,772.2548
node-040,2024-01-01 19:22:00,0.0061,27590977.7076,0.0,0.1365,21058.4454,1.175,6165609.2766,662.1045
node-041,2024-01-01 19:22:00,0.1071,27185574.9298,0.143,0.4715,20893.6934,7.8722,6629107.769,767.5845
node-042,2024-01-01 19:22:00,0.217,27224366.2599,0.9978,0.6182,56883.0381,5.9367,6282416.4107,747.5927
node-043,2024-01-01 19:22:00,0.7125,26964258.131,0.3265,0.5942,24824.7587,3.9109,5462570.1165,761.5224
node-044,2024-01-01 19:22:00,0.4046,24988544.5941,0.0,0.8994,54037.3874,5.0525,5670901.5668,754.3782
node-045,2024-01-01 19:22:00,0.0828,26049687.111,0.333,0.591,49177.8908,8.1292,5386698.2328,753.0057
node-046,2024-01-01 19:22:00,0.0795,23347440.2229,0.0,0.6268,89879.0198,2.9551,6469932.7901,760.5449
node-047,2024-01-01 19:22:00,0.1028,23812773.5404,0.0372,0.6319,119435.6418,5.0221,6426217.2431,740.7889
node-048,2024-01-01 19:22:00,2.0974,27308401.5253,0.2032,0.3946,66027.9282,2.9551,5336787.4484,767.1296
node-049,2024-01-01 19:22:00,0.1003,21712883.1277,0.0,0.0952,98414.2976,5.0428,5508930.0708,693.0132
node-050,2024-01-01 19:22:00,0.0048,25416244.3967,0.4604,0.1166,5862.6231,2.1155,5804558.5782,698.1885
node-051,2024-01-01 19:22:00,0.1057,23327035.4439,0.0,1.1755,117953.7416,3.9383,5407142.9391,773.451
node-052,2024-01-01 19:22:00,0.0953,23335616.4085,0.0,0.2159,116683.2857,3.9794,5451885.2618,751.2612
node-053,2024-01-01 19:22:00,0.4974,24009140.882,0.0,0.9726,19027.215,5.9582,5485546.965,741.4332
node-054,2024-01-01 19:22:00,0.1933,23392307.1744,0.5646,0.8156,121452.8607,1.9943,5482192.6741,751.6362
node-055,2024-01-01 19:22:00,0.0806,26920537.7349,0.6845,0.709,19356.1882,0.0033,5429647.577,764.1279
node-056,2024-01-01 19:22:00,0.2452,23755845.9557,0.0,0.3998,107368.7151,6.0125,5996147.5442,759.135
node-057,2024-01-01 19:22:00,0.0994,21409863.0539,0.9351,0.9109,15064.0175,3.0756,5512876.1961,761.7825
node-058,2024-01-01 19:22:00,0.103,23990250.6319,0.0,0.8118,146915.5208,5.0194,5362787.7301,744.2331
node-059,2024-01-01 19:22:00,0.0981,27471480.4312,0.3795,0.7853,28542.5294,5.9751,5419871.4591,778.0319
node-060,2024-01-01 19:22:00,0.4876,24963910.024,0.3535,0.8086,69730.8085,6.2045,5543944.225,758.0537
node-061,2024-01-01 19:22:00,0.2078,23157025.1459,0.0,0.6991,121180.8317,4.0466,5383885.185,757.3182
node-062,2024-01-01 19:22:00,3.7344,26549408.7268,0.0,0.9047,20944.3434,6.9634,5484824.9693,760.1292
node-063,2024-01-01 19:22:00,0.0981,23395568.1588,0.5153,0.6931,43423.2363,6.9096,5370444.9984,761.5948
node-064,2024-01-01 19:22:00,0.002,23059319.2947,0.0,1.1157,117274.4764,5.0691,5465515.9979,756.6571
node-065,2024-01-01 19:22:00,0.0927,26830235.2737,0.0,0.7864,19667.9703,6.9973,5308640.2141,735.3036
node-066,2024-01-01 19:22:00,0.1221,27808563.656,0.0,0.7177,18426.1566,11.1035,6165876.0385,755.5307
node-067,2024-01-01 19:22:00,0.1989,22982507.3142,0.2503,1.0061,118551.9625,3.0071,5512010.9841,764.1585
node-068,2024-01-01 19:22:00,0.5003,27359102.5179,0.0,0.8006,17345.0454,6.9588,5399205.1573,761.6616
node-069,2024-01-01 19:22:00,0.0,11103706.4243,14.733,0.916,104738.7355,2.8351,5423887.6455,787.249
node-070,2024-01-01 19:22:00,0.0994,26764322.7145,0.2086,0.4963,23630.4027,6.9521,6580345.1532,752.5955
node-071,2024-01-01 19:22:00,0.1867,23595209.3987,0.6054,0.5224,55620.4386,4.041,6372752.3556,776.4015
node-072,2024-01-01 19:22:00,0.0045,120242951.1513,0.4384,0.0931,44733.7048,1.0643,5456582.4117,636.4782
node-073,2024-01-01 19:22:00,0.0,23009491.849,1.0954,0.4926,102465.1302,5.082,6288104.1233,749.8269
node-074,2024-01-01 19:22:00,1.019,24007702.3841,0.7363,0.7522,9663.706,6.0361,6383429.4135,796.7377
node-075,2024-01-01 19:22:00,0.4913,28151680.2557,0.0,0.3826,22903.1917,5.9386,5350562.9633,748.4802
node-076,2024-01-01 19:22:00,0.3047,27579199.3174,0.0,0.0944,59273.9729,0.9466,5448771.1634,675.2237
node-077,2024-01-01 19:22:00,0.1023,26784745.4829,0.2438,0.8874,19896.0872,8.002,6062467.8854,748.6523
node-078,2024-01-01 19:22:00,0.5136,27183572.0645,0.3931,0.5515,141053.0808,7.0285,6273652.7939,791.6323
node-079,2024-01-01 19:22:00,0.1212,27001165.8208,0.0,0.705,25562.237,7.8562,6343169.0472,770.5931
node-080,2024-01-01 19:22:00,1.3923,23543067.459,0.619,0.9023,130465.9072,4.9821,6089416.78,786.394
node-081,2024-01-01 19:22:00,0.0921,24534132.9869,0.1503,0.4907,59414.3008,5.0724,5435441.465,750.5313
node-082,2024-01-01 19:22:00,0.0942,22487025.4259,0.7467,0.2059,5566.521,3.0311,5407416.8599,661.1672
node-083,2024-01-01 19:22:00,1.0939,24884936.0484,0.4081,0.8961,18103.755,2.9792,5437455.1807,794.1556
node-084,2024-01-01 19:22:00,0.4992,26087358.9108,0.0,0.5218,35152.5284,7.0391,5502283.8902,797.7801
node-085,2024-01-01 19:22:00,0.0951,27295076.3714,0.5166,0.6964,24450.1388,9.033,5877823.1316,760.6093
node-086,2024-01-01 19:22:00,0.089,26994528.7197,0.0,0.4128,20297.7836,0.083,6007049.9189,762.482
node-087,2024-01-01 19:22:00,0.0117,25917818.282,0.0,0.598,41831.4132,5.9947,5538523.3822,757.3131
node-088,2024-01-01 19:22:00,0.0,23900567.2941,1.3331,0.8809,58272.7259,8.2159,5437162.7791,772.1589
node-089,2024-01-01 19:22:00,0.694,25756937.8467,0.0,1.0942,12607.767,7.0098,5511278.9443,769.6521
node-090,2024-01-01 19:22:00,0.2115,24623346.1802,0.0,0.6991,130796.2224,4.0388,5450702.6046,760.5832
node-091,2024-01-01 19:22:00,0.1035,24026677.0155,0.2881,0.6888,120515.8458,7.9308,5396290.1319,745.7286
node-092,2024-01-01 19:22:00,0.6172,24465392.0539,0.0,0.8121,33053.1616,4.9275,5438667.9058,778.1942
node-093,2024-01-01 19:22:00,1.1119,24818935.8701,0.0,0.4857,21433.0297,5.1554,5341581.8801,756.2427
node-094,2024-01-01 19:22:00,0.2098,27128015.191,0.0,0.876,24425.3197,6.0208,5890302.1837,751.7065
node-095,2024-01-01 19:22:00,0.117,23689872.341,0.4871,0.5969,91198.6374,8.0407,6224865.8722,753.0984
node-096,2024-01-01 19:22:00,0.1922,24749647.0678,0.4072,0.6961,106417.2389,5.0215,5422359.5398,744.2785
node-097,2024-01-01 19:22:00,0.7019,27198989.1056,0.1335,0.7836,17619.6454,3.9377,6293603.1356,756.9177
node-098,2024-01-01 19:22:00,0.0988,23527427.6812,0.0,0.7757,34829.9344,5.0147,5487728.6269,801.6144
node-099,2024-01-01 19:22:00,0.1084,23676348.1513,0.8927,0.6848,109483.7566,5.0053,5725344.1985,751.4598
node-100,2024-01-01 19:22:00,0.4169,23850320.9103,0.8964,0.3007,64985.2011,2.0902,5575479.1023,758.1782
node-101,2024-01-01 19:22:00,0.106,22190512.7243,0.1335,0.0868,36674.7928,0.9537,5252812.5569,650.3137
node-102,2024-01-01 19:22:00,0.2142,27189467.9815,1.0845,0.6027,28973.8471,6.9384,5549209.2827,768.408
node-103,2024-01-01 19:22:00,0.2035,22985407.9412,0.4492,0.4274,85197.703,4.8983,5537434.0311,753.7183
node-104,2024-01-01 19:22:00,0.0926,26900198.0627,1.0123,1.0012,22148.4371,6.9172,5418742.5486,752.4917
node-105,2024-01-01 19:22:00,0.1083,26636172.389,0.3837,0.7906,45394.7999,8.0242,5476730.7294,774.5097
node-106,2024-01-01 19:22:00,0.0029,25646183.306,0.0,0.2078,10714.3528,2.0149,6067918.1185,679.4052
node-107,2024-01-01 19:22:00,0.1812,22418544.6589,0.6243,0.7986,115394.321,2.954,5610678.0068,768.1828
node-108,2024-01-01 19:22:00,0.1085,24692931.0018,1.3633,0.6045,123307.4065,3.8975,5534032.3403,775.6757
node-109,2024-01-01 19:22:00,0.0856,24083104.0627,0.0632,0.5974,20988.8101,4.0013,5541828.841,761.5356
node-110,2024-01-01 19:22:00,0.1925,23299692.9333,0.4347,0.5055,117030.2608,5.9665,5611033.1317,762.2401
node-111,2024-01-01 19:22:00,0.0865,24405408.6539,0.0,0.6097,96351.0351,8.9213,5408133.4515,773.8007
node-112,2024-01-01 19:22:00,0.6114,22867534.1651,1.2657,0.415,108318.9254,5.0095,5553219.5028,768.3778
node-113,2024-01-01 19:22:00,0.2247,27198821.291,0.0,0.3763,19827.635,5.9464,6171713.8197,767.953
node-114,2024-01-01 19:22:00,0.1246,23417620.187,0.0,1.105,144348.0278,3.038,5613169.2507,760.76
node-115,2024-01-01 19:22:00,0.3027,23175478.1307,0.0,0.4935,99256.8034,6.9789,5503780.7123,751.0572
node-116,2024-01-01 19:22:00,0.0943,23315651.2215,0.2779,0.609,107839.1145,4.9024,5379641.1562,751.2469
node-117,2024-01-01 19:22:00,0.1134,11247102.3906,0.0,3.0137,58895.8663,4.9366,5428288.559,762.8496
node-118,2024-01-01 19:22:00,0.0984,23915488.1981,0.0,0.6921,129959.6088,4.9648,5435718.899,734.4694
node-119,2024-01-01 19:22:00,0.1046,24770923.4456,0.0,0.712,120183.0404,4.0022,6368009.5705,760.4853
node-000,2024-01-01 19:23:00,0.6799,23464564.0554,0.0,0.6411,18400.3852,4.0235,5622495.2428,783.9697
node-001,2024-01-01 19:23:00,0.099,23405054.8481,0.24,0.6955,65218.192,4.0471,5959749.3246,717.991
node-002,2024-01-01 19:23:00,0.0988,11185286.0942,0.4457,0.683,122810.2855,3.0534,6043361.7878,753.7617
node-003,2024-01-01 19:23:00,0.02,24318711.9636,0.0,0.3861,104527.2681,1.6091,6292964.7731,743.3212
node-004,2024-01-01 19:23:00,0.3608,22910097.3718,0.0,0.7706,109604.4269,5.3841,5900034.057,814.4552
node-005,2024-01-01 19:23:00,0.394,11029085.6097,0.0,0.6963,17027.8871,2.9551,6181335.8678,773.4769
node-006,2024-01-01 19:23:00,0.3044,23472591.8094,1.389,0.1022,104119.3489,1.9234,5969230.2819,667.6317
node-007,2024-01-01 19:23:00,0.3857,23208539.1573,0.0,0.6054,3838.6878,1.875,6342198.0751,805.8209
node-008,2024-01-01 19:23:00,0.1312,22946239.3331,0.0,0.4377,109177.6239,4.0224,5972886.1742,740.0171
node-009,2024-01-01 19:23:00,1.4079,24008983.9675,0.0,0.6163,18553.8016,5.0508,5578240.1194,750.4445
node-010,2024-01-01 19:23:00,0.2846,23293198.8229,0.0,1.1359,86795.1437,4.3998,5625253.506,773.9882
node-011,2024-01-01 19:23:00,0.0991,22516831.3267,0.0,0.3996,107818.9422,7.3206,6184323.6366,816.2236
node-012,2024-01-01 19:23:00,0.2635,22740504.5476,0.3773,0.3075,91438.3305,3.9284,5941442.0056,736.4538
node-013,2024-01-01 19:23:00,1.131,23259548.8078,0.0,0.6707,145636.6683,0.0,0.0,770.3574
node-014,2024-01-01 19:23:00,0.101,24118740.7143,0.0,0.4556,121652.2545,2.9817,6248979.8439,751.7755
node-015,2024-01-01 19:23:00,0.1907,25988416.4619,0.0,0.1233,15433.8239,3.9623,5862593.409,706.6027
node-016,2024-01-01 19:23:00,0.2014,24252615.4263,0.3948,0.5949,9830.0216,4.0502,6279460.395,753.4925
node-017,2024-01-01 19:23:00,0.3023,28142544.8706,0.3612,0.4887,16646.6136,5.1207,6167229.0809,743.6977
node-018,2024-01-01 19:23:00,1.5211,23794577.1424,0.7901,1.1933,121983.6566,6.975,5548609.7205,769.4315
node-019,2024-01-01 19:23:00,0.1058,26766522.3001,0.0198,0.7782,19426.6684,7.0234,6406958.1111,776.0431
node-020,2024-01-01 19:23:00,1.6344,22886449.822,0.996,0.5754,143781.1588,6.4291,5382056.5801,770.503
node-021,2024-01-01 19:23:00,0.0871,23619738.0746,0.0,1.5787,114747.881,2.0487,6058471.5313,771.9796
node-022,2024-01-01 19:23:00,0.5126,23322993.2348,0.2449,0.6318,72521.2571,3.0591,6237576.3968,823.4237
node-023,2024-01-01 19:23:00,0.6829,23453993.6337,0.0,0.4214,3729.2232,5.965,6005659.9258,753.4131
node-024,2024-01-01 19:23:00,0.0867,23042328.8485,0.0,0.5913,14093.3946,2.9529,5466617.0227,773.7066
node-025,2024-01-01 19:23:00,0.2734,24104188.4489,0.0,0.5589,101525.3824,2.8507,5886596.7621,737.0502
node-026,2024-01-01 19:23:00,0.2746,23635673.9706,0.0,0.0815,100384.9469,3.0183,5887753.2824,702.3265
node-027,2024-01-01 19:23:00,0.5739,23185669.8046,0.441,0.902,69173.706,6.9815,6232937.2483,769.7285
node-028,2024-01-01 19:23:00,0.101,26103000.3686,0.0,0.6964,25781.7729,5.8751,6288638.6061,754.2876
node-029,2024-01-01 19:23:00,0.101,24051498.7831,0.6505,0.5068,95377.5527,5.9691,6015253.7034,824.2432
node-030,2024-01-01 19:23:00,0.2003,25404714.4008,0.0,0.493,20733.5594,6.9423,6254394.5314,814.6273
node-031,2024-01-01 19:23:00,0.0,29117415.4074,0.0,0.2072,0.0,0.0,104983.3225,0.0
node-032,2024-01-01 19:23:00,0.1898,23134480.649,0.0,0.6209,116597.8029,8.09,6206863.8805,808.8201
node-033,2024-01-01 19:23:00,0.252,22679020.8427,0.3496,0.8039,82521.1214,5.9842,5714732.2917,740.8453
node-034,2024-01-01 19:23:00,0.0697,22364193.2214,1.3362,0.1168,39597.5326,2.8659,5783397.469,700.6336
node-035,2024-01-01 19:23:00,0.0,28097033.0854,0.0,0.5663,18394.7949,7.8917,5424342.2708,742.5464
node-036,2024-01-01 19:23:00,0.9946,24066368.7002,0.2022,0.7622,43149.6963,4.9759,5820174.4385,741.6049
node-037,2024-01-01 19:23:00,0.9785,23278461.1115,0.3978,0.6364,122065.1621,6.2288,6085146.8923,830.7949
node-038,2024-01-01 19:23:00,0.1114,24665883.3605,0.0,0.8787,19774.1669,4.0292,6441555.4147,760.4421
node-039,2024-01-01 19:23:00,1.1155,23904990.4247,0.0,0.5065,51833.3634,6.9579,6179228.8214,824.4524
node-040,2024-01-01 19:23:00,0.0,25730854.4654,0.9351,0.0964,42442.2592,1.0243,5955628.1249,665.4183
node-041,2024-01-01 19:23:00,0.1064,25505794.6724,0.0,0.711,20593.7048,3.9341,6274196.0044,747.6946
node-042,2024-01-01 19:23:00,0.1797,26439746.3183,0.0,0.6917,23583.9062,5.9561,5973785.9254,747.0204
node-043,2024-01-01 19:23:00,1.0942,23800536.1891,0.582,0.3583,107464.0062,4.0151,5440538.7811,740.5791
node-044,2024-01-01 19:23:00,0.2006,22898539.6978,0.0,0.8701,76059.1697,5.028,6305375.9211,786.2687
node-045,2024-01-01 19:23:00,0.1158,23704265.4902,0.2383,0.7884,113562.7868,2.9938,5869402.3682,788.9169
node-046,2024-01-01 19:23:00,0.4519,22440113.2628,0.0,0.4859,97633.5086,5.0118,6214935.9538,790.7105
node-047,2024-01-01 19:23:00,0.0994,22756883.4261,0.0,1.3847,96025.6549,4.928,6041122.419,757.4547
node-048,2024-01-01 19:23:00,0.2977,23614220.2789,0.9687,0.5061,16311.8599,2.8177,6273006.5885,752.2494
node-049,2024-01-01 19:23:00,0.2867,22193985.5848,0.0,0.1147,79839.0196,2.993,6650054.0129,697.0584
node-050,2024-01-01 19:23:00,0.1678,22357610.5272,0.0882,0.1243,122378.7376,1.9615,6249348.179,688.251
node-051,2024-01-01 19:23:00,0.8827,23150452.5272,0.144,1.1028,150531.8117,0.9121,5357744.0786,766.3606
node-052,2024-01-01 19:23:00,0.0973,22863005.3704,0.0621,0.5832,67756.3095,4.1569,5423231.6794,734.952
node-053,2024-01-01 19:23:00,0.0892,24075317.0825,0.0526,0.5104,14034.2158,8.9373,5965443.5889,814.2642
node-054,2024-01-01 19:23:00,0.082,22652845.2953,0.0049,0.7258,107431.3297,2.7343,5478321.9455,742.9532
node-055,2024-01-01 19:23:00,0.196,27360625.8037,0.3417,0.6104,12955.6576,2.9522,5907988.785,804.1868
node-056,2024-01-01 19:23:00,0.1191,23518388.8668,0.502,0.518,93051.0728,5.9745,6464388.4412,800.5318
node-057,2024-01-01 19:23:00,0.2005,22031656.9143,0.0,1.0708,108073.3248,2.9845,5379872.7333,753.5751
node-058,2024-01-01 19:23:00,0.5939,23843235.8994,1.3456,0.7085,132597.7333,3.0634,5652606.0491,782.1138
node-059,2024-01-01 19:23:00,0.1016,25077521.3493,1.202,0.6732,22582.5266,2.106,6166616.321,780.947
node-060,2024-01-01 19:23:00,0.69,23164449.3679,0.1753,0.5628,88922.049,6.0205,6540998.5109,772.3366
node-061,2024-01-01 19:23:00,0.1085,23382271.2542,0.0893,0.4934,112179.0896,5.994,6474665.6481,750.7979
node-062,2024-01-01 19:23:00,3.6958,25486464.7576,0.0,0.6836,44288.9757,5.879,6466849.1807,762.6504
node-063,2024-01-01 19:23:00,0.1244,23197969.5533,0.0,0.7001,102333.2731,10.0378,6037952.6614,785.0913
node-064,2024-01-01 19:23:00,0.0,22561139.1356,0.0,1.1123,113307.65,2.6056,5418006.8529,752.4596
node-065,2024-01-01 19:23:00,0.1882,23715455.0718,0.6737,0.7702,21940.6332,3.8892,5956370.4412,796.6161
node-066,2024-01-01 19:23:00,0.0926,26213750.9565,0.6312,0.6463,23580.1871,5.9653,6123861.2002,791.7005
node-067,2024-01-01 19:23:00,0.1116,22275311.5365,0.0,0.7735,112084.0402,3.0041,5594531.2842,761.0026
node-068,2024-01-01 19:23:00,1.0786,25303123.536,0.0738,0.5739,22429.6515,4.9633,5645146.956,780.5577
node-069,2024-01-01 19:23:00,0.0658,10590963.7046,14.2915,0.6916,95443.0687,3.0206,5476716.2538,761.3925
node-070,2024-01-01 19:23:00,0.6949,24441743.5607,0.0,0.5076,9729.4571,4.9605,6294167.23,779.9761
node-071,2024-01-01 19:23:00,0.2024,22477753.3197,0.3826,0.7428,120589.8798,4.1037,6208207.2327,734.9126
node-072,2024-01-01 19:23:00,0.0,119514985.7873,0.0513,0.0936,108918.1895,3.3745,6077302.7413,710.1392
node-073,2024-01-01 19:23:00,0.1074,22838082.9518,0.0104,0.5946,82876.6622,4.4694,6111260.6647,731.0382
node-074,2024-01-01 19:23:00,0.5037,23338025.868,0.0,0.5442,107391.6246,5.9905,6138101.2218,717.711
node-075,2024-01-01 19:23:00,0.1105,25013881.5282,0.1737,0.8079,92177.5548,2.0656,6534267.9715,744.8954
node-076,2024-01-01 19:23:00,0.1074,27093188.049,0.1589,0.1154,22141.1785,1.871,5919574.6319,642.6248
node-077,2024-01-01 19:23:00,0.0871,23696940.8002,0.1362,0.9156,11303.4371,2.9154,6344129.9505,750.6024
node-078,2024-01-01 19:23:00,0.1346,27567064.7201,0.7394,0.8983,34450.2683,6.9759,6030569.07,747.7736
node-079,2024-01-01 19:23:00,0.4882,24781814.016,0.7542,0.6569,16887.7976,3.9377,6122726.3961,762.7223
node-080,2024-01-01 19:23:00,1.3901,22726465.1559,0.2705,0.9128,116904.3116,3.079,6275978.3558,804.5164
node-081,2024-01-01 19:23:00,0.0962,23152827.1729,0.0,0.525,139522.2745,4.0232,5601293.416,776.5876
node-082,2024-01-01 19:23:00,0.4286,22331629.8285,0.0251,0.1332,80947.0408,2.9755,5668434.6305,709.5487
node-083,2024-01-01 19:23:00,0.6278,23605149.6762,0.6825,0.7068,18410.4468,3.1111,6522789.1214,748.0909
node-084,2024-01-01 19:23:00,0.6846,23868926.7592,0.0,0.5947,105871.6568,5.0192,5322564.7857,761.7503
node-085,2024-01-01 19:23:00,0.1252,26600820.0784,0.0,0.9122,21221.3639,4.9408,6207420.9094,773.9503
node-086,2024-01-01 19:23:00,0.0059,24087172.9449,0.0,0.8578,10273.6013,5.9387,6310421.8255,790.337
node-087,2024-01-01 19:23:00,0.1786,23687167.6926,0.6517,0.4986,75386.7432,5.9958,6488336.8562,762.1564
node-088,2024-01-01 19:23:00,1.9224,23063388.9601,0.0,0.5098,117856.1997,4.9652,6010228.7973,829.744
node-089,2024-01-01 19:23:00,0.4058,23679520.0266,0.1577,0.6906,76036.7861,5.4684,5357901.8507,739.3696
node-090,2024-01-01 19:23:00,0.3671,24679316.3561,0.0,0.5403,127683.0657,4.0071,5415044.1256,754.8505
node-091,2024-01-01 19:23:00,0.0965,23719266.0534,0.8848,0.8051,107320.9078,4.9829,5986599.9535,799.3691
node-092,2024-01-01 19:23:00,0.8231,24065848.4792,0.0,0.5736,114127.3922,4.3699,5487163.4207,752.524
node-093,2024-01-01 19:23:00,1.4928,24234250.3027,0.0176,0.4069,68454.4344,4.9738,6318343.3128,750.4589
node-094,2024-01-01 19:23:00,0.0751,24737013.1053,0.0,0.8782,11634.6077,5.9203,6252934.7881,761.6041
node-095,2024-01-01 19:23:00,0.1089,22792686.9298,0.0559,0.5846,98090.1098,8.04,6197031.4462,789.5211
node-096,2024-01-01 19:23:00,0.13,24029227.2541,0.4437,0.5172,137352.7743,4.508,6359800.7691,740.4676
node-097,2024-01-01 19:23:00,0.7063,25146128.4644,0.1844,0.8545,19896.7502,4.053,6079837.5183,820.7381
node-098,2024-01-01 19:23:00,0.087,23525904.3759,0.0,0.8001,79566.8738,7.03,6008993.2982,748.4782
node-099,2024-01-01 19:23:00,2.0226,23123943.8357,0.0,0.8044,75219.7862,1.8622,6390468.074,798.1235
node-100,2024-01-01 19:23:00,1.9316,23760702.8665,0.0156,0.4998,150589.9188,2.4077,5684824.8621,794.5838
node-101,2024-01-01 19:23:00,0.4831,21648856.9522,0.0,0.1024,111536.4571,2.6034,5967896.7314,728.7138
node-102,2024-01-01 19:23:00,0.9375,24092600.0459,0.1347,0.6201,8120.3228,5.1036,6425772.1773,731.1557
node-103,2024-01-01 19:23:00,0.0984,22647204.4337,0.1772,0.477,74497.6742,4.9985,5734597.3396,787.7461
node-104,2024-01-01 19:23:00,0.0931,25457683.7853,0.9971,0.9282,21262.8667,6.8698,6055746.7625,835.3483
node-105,2024-01-01 19:23:00,0.8051,23971987.8714,0.3728,0.6977,126020.6494,5.0518,5337668.1337,763.8559
node-106,2024-01-01 19:23:00,0.4297,22684071.4086,0.0,0.2008,96612.2376,2.0924,6113627.1317,751.9679
node-107,2024-01-01 19:23:00,0.0917,22430320.384,0.0947,0.6859,103207.441,2.9385,5519145.0737,764.7579
node-108,2024-01-01 19:23:00,0.054,24273516.4,0.0955,0.5318,112280.3734,4.6266,5270126.9106,731.7084
node-109,2024-01-01 19:23:00,0.0959,23799768.8899,0.0,0.7031,32454.5622,3.9686,5378065.6819,726.586
node-110,2024-01-01 19:23:00,1.0943,22974312.325,0.606,0.4094,117981.789,3.9463,5654739.5233,773.1351
node-111,2024-01-01 19:23:00,0.0954,24515330.2551,0.0,0.5957,93872.2966,5.0358,6356483.8439,748.0723
node-112,2024-01-01 19:23:00,0.8158,22541497.0532,0.0,0.4932,119190.4078,4.966,5364015.4316,743.6662
node-113,2024-01-01 19:23:00,0.186,24542701.1249,0.1818,0.4031,19743.8969,5.9561,5898829.1544,748.2147
node-114,2024-01-01 19:23:00,0.1144,23090436.2848,0.1185,0.5274,142653.1171,2.9951,5512747.9566,768.2337
node-115,2024-01-01 19:23:00,0.1229,22910899.5571,0.0,0.9895,106994.0294,1.9257,5774483.3393,814.7535
node-116,2024-01-01 19:23:00,0.1938,23134622.1963,0.0,0.7178,75544.4983,4.9198,6384581.9131,733.9858
node-117,2024-01-01 19:23:00,0.2022,10738673.2322,0.0,3.2338,130476.4354,5.0618,5420895.274,761.0696
node-118,2024-01-01 19:23:00,0.1161,23172759.4165,0.2698,0.4134,89382.6521,0.9804,5783779.0181,793.8821
node-119,2024-01-01 19:23:00,0.0918,24530941.1063,0.0,0.4834,120220.3727,4.095,6280119.2802,744.93
