nodeId,timestamp,cpu_wio,mem_free,Missed Buffers_P1,cpu_user,bytes_out,proc_run,bytes_in,pkts_out
node-000,2024-01-01 18:44:00,0.1065,7865729.909,1.5725,1.0832,165415.5584,10.4157,6228725.2651,958.3129
node-001,2024-01-01 18:44:00,0.1211,7765249.331,0.0897,1.0341,129198.5559,6.9529,6127733.4877,943.6669
node-002,2024-01-01 18:44:00,0.1084,9060833.0556,0.0,1.407,109746.6398,7.3873,6251133.5635,965.309
node-003,2024-01-01 18:44:00,0.1128,9683799.7886,5.5568,0.4503,122871.1931,6.8815,6328007.9353,954.8496
node-004,2024-01-01 18:44:00,0.0877,8390002.4294,0.0803,1.0097,122887.5316,9.0198,6157275.2025,953.5981
node-005,2024-01-01 18:44:00,0.0979,7510252.2517,0.4577,5.9947,106911.9458,6.9488,6219793.276,934.4479
node-006,2024-01-01 18:44:00,0.0186,5126263.7165,9.9288,0.1921,131027.0232,3.3646,6228859.6272,897.2583
node-007,2024-01-01 18:44:00,0.2188,6819761.7945,7.2788,0.7128,117052.9851,6.9987,6286592.2654,948.7008
node-008,2024-01-01 18:44:00,0.1074,7991475.6077,13.4254,0.704,109303.6696,6.0646,6156788.3463,932.0769
node-009,2024-01-01 18:44:00,0.1389,7817167.9648,3.9412,1.2913,134124.7672,8.1052,6207378.0613,950.8909
node-010,2024-01-01 18:44:00,0.154,8373599.8635,0.7841,1.5955,118217.7231,8.0082,6136280.54,946.0982
node-011,2024-01-01 18:44:00,0.1456,7613651.8067,8.5414,1.0531,119100.9154,8.946,6248941.521,950.0778
node-012,2024-01-01 18:44:00,0.1245,7430255.1554,0.0,0.9103,119181.8291,6.691,6204084.5738,961.5634
node-013,2024-01-01 18:44:00,0.1063,7548446.3471,0.0,1.1191,166872.1058,0.0128,50269.7238,952.4887
node-014,2024-01-01 18:44:00,0.1228,9439009.3593,0.0,0.7161,111537.3222,6.948,6147514.4213,932.6284
node-015,2024-01-01 18:44:00,0.0,4306056.3925,0.1619,0.2121,97930.9096,2.994,6325588.8164,930.5142
node-016,2024-01-01 18:44:00,0.1657,7514156.8126,6.4231,0.9949,134876.3275,9.043,6239942.5105,962.2146
node-017,2024-01-01 18:44:00,0.0573,8937909.4384,0.0316,0.5996,134953.101,5.8587,6431369.5638,942.3977
node-018,2024-01-01 18:44:00,0.0973,8354734.3202,8.3873,1.2125,153165.6747,8.0617,6234900.1162,936.9609
node-019,2024-01-01 18:44:00,0.2182,8282909.8234,0.0,1.0111,146624.9989,6.104,6278498.5989,934.3618
node-020,2024-01-01 18:44:00,0.099,8092066.6494,0.0,1.7369,156775.4603,6.9135,6158228.1133,969.3152
node-021,2024-01-01 18:44:00,0.0762,8366464.3711,0.0,1.6076,118796.9536,9.1653,6243245.3365,966.3731
node-022,2024-01-01 18:44:00,0.1069,8046237.3839,0.0,0.9454,141822.3738,8.0336,6238016.5998,981.2489
node-023,2024-01-01 18:44:00,0.0566,7725296.909,6.6942,0.8162,146081.4574,5.8588,6177294.4985,948.7055
node-024,2024-01-01 18:44:00,0.1202,7974972.4667,6.1043,0.8151,131345.8109,13.0079,6250331.79,957.7173
node-025,2024-01-01 18:44:00,0.1157,9175466.9775,0.0,0.6851,119310.6591,9.051,6244185.9201,960.059
node-026,2024-01-01 18:44:00,0.0087,6059328.6634,0.0,0.079,120827.8828,3.8511,6211722.8196,891.11
node-027,2024-01-01 18:44:00,0.1115,8066902.6624,4.5138,0.8906,122893.6752,7.0069,6289430.3508,939.1531
node-028,2024-01-01 18:44:00,0.0753,8606316.6628,4.4371,0.6721,122846.7059,5.8969,6286134.1366,941.5797
node-029,2024-01-01 18:44:00,0.0864,8427439.7214,9.8097,0.8949,123128.9295,6.0209,6357348.0431,971.5684
node-030,2024-01-01 18:44:00,0.1992,7757364.3702,0.0,0.7395,115880.774,5.1456,6205597.506,961.7641
node-031,2024-01-01 18:44:00,0.0076,28940159.5485,0.7954,0.5888,366.476,0.1092,76938.5292,0.0
node-032,2024-01-01 18:44:00,0.0737,7578973.8803,10.3429,0.9982,126518.9831,8.584,6184680.6337,954.9465
node-033,2024-01-01 18:44:00,0.0028,7774683.5298,2.9969,1.0148,126177.0019,12.0234,6169191.6805,958.1474
node-034,2024-01-01 18:44:00,0.0,5314763.5827,0.0,0.1868,132474.0578,2.9476,6178011.0889,920.6791
node-035,2024-01-01 18:44:00,0.1094,9507093.9873,0.7682,0.7548,132314.2712,8.9575,6218395.3809,945.7298
node-036,2024-01-01 18:44:00,0.0,8271306.6579,0.0,1.1563,183204.1356,9.0107,6283912.713,956.9632
node-037,2024-01-01 18:44:00,0.0415,8273494.6517,13.3262,0.9077,130903.186,5.9481,6222019.4675,970.7383
node-038,2024-01-01 18:44:00,0.0765,7347601.6024,2.3858,0.9554,118329.7856,7.6858,6180079.7776,939.6513
node-039,2024-01-01 18:44:00,0.0988,8597581.511,8.0962,1.6003,143976.0234,6.9879,6185563.5853,952.7474
node-040,2024-01-01 18:44:00,0.0,4791540.2159,0.0,0.2185,178837.84,5.0751,6278400.9586,888.8154
node-041,2024-01-01 18:44:00,0.1304,7722673.1652,5.1872,0.9647,122620.8477,6.4378,6252976.4721,962.2174
node-042,2024-01-01 18:44:00,0.1144,7769745.3673,12.1227,1.1865,121569.5391,6.0693,6179406.5325,939.661
node-043,2024-01-01 18:44:00,0.2047,9216879.0955,0.0,0.7045,113248.4492,5.9885,6227939.9287,919.3996
node-044,2024-01-01 18:44:00,0.3028,7945991.9466,10.3143,1.3071,133377.0013,9.136,6316206.0167,942.5046
node-045,2024-01-01 18:44:00,0.1143,7785895.0651,0.4173,0.9115,113143.4007,9.9602,6246528.2144,950.6409
node-046,2024-01-01 18:44:00,0.1053,8163701.5782,0.0,0.7983,84350.2858,5.9586,6190379.5774,929.4775
node-047,2024-01-01 18:44:00,0.0924,7529092.8355,0.1267,0.7399,123990.8797,5.9835,6319435.6233,926.9894
node-048,2024-01-01 18:44:00,0.3971,7853771.5759,1.9548,1.0104,124469.272,4.8716,6220187.6598,947.2016
node-049,2024-01-01 18:44:00,0.0312,5542279.3579,0.0,0.1873,117968.8563,3.0316,6210929.1905,924.5773
node-050,2024-01-01 18:44:00,0.0231,2176160.6949,0.7502,0.2149,123027.338,3.0605,6205802.669,903.9169
node-051,2024-01-01 18:44:00,0.1157,7233711.4178,10.5525,2.0029,162830.8229,5.966,6250394.1965,959.3601
node-052,2024-01-01 18:44:00,0.0917,8358568.7146,0.0,0.5961,114518.1205,7.1582,6188097.7642,953.537
node-053,2024-01-01 18:44:00,0.0994,7899025.358,0.0,0.9002,84918.4746,10.7582,6285721.499,949.4217
node-054,2024-01-01 18:44:00,0.0946,7845358.3747,0.0,1.0989,125824.8756,6.0236,6236557.7419,961.5194
node-055,2024-01-01 18:44:00,0.1205,8241870.8733,0.6546,1.1341,128513.4729,7.2663,6234462.2552,956.3874
node-056,2024-01-01 18:44:00,0.1174,8377079.0575,5.0843,0.9068,123291.7729,10.0094,6218908.128,956.7466
node-057,2024-01-01 18:44:00,0.0526,4809456.6743,6.3563,1.1741,112917.536,8.2336,6216420.3545,937.2467
node-058,2024-01-01 18:44:00,0.2194,8178054.751,0.5169,6.1058,157142.4361,7.5748,6262387.0006,963.8704
node-059,2024-01-01 18:44:00,0.0933,8522297.8221,9.39,0.9502,91118.0454,6.9086,6290607.1351,977.4633
node-060,2024-01-01 18:44:00,0.1488,7993712.0594,5.2577,0.689,136680.9017,5.9355,6240489.5868,956.0327
node-061,2024-01-01 18:44:00,0.2394,8289166.6982,0.2206,1.489,119661.3901,8.0957,6146393.7647,949.4111
node-062,2024-01-01 18:44:00,0.1052,7863757.5256,10.6558,0.8729,88732.5858,7.9121,6177615.8543,955.3056
node-063,2024-01-01 18:44:00,0.0771,7671345.217,17.3201,1.1262,120135.5193,7.0019,6266850.4359,949.4126
node-064,2024-01-01 18:44:00,0.1488,7690428.2975,7.7275,1.3867,116538.1658,6.0566,6183630.9735,959.9254
node-065,2024-01-01 18:44:00,0.1012,8046978.3227,0.0,1.2844,76614.5874,6.1371,6297827.0144,954.5229
node-066,2024-01-01 18:44:00,0.1011,7957749.097,7.9869,0.8981,106372.097,11.3073,6265637.6457,967.4215
node-067,2024-01-01 18:44:00,0.1113,7803747.3528,0.0,0.831,111618.6634,7.0529,6200307.9745,941.8407
node-068,2024-01-01 18:44:00,0.1162,8196724.9589,12.0086,2.1332,124612.5355,9.997,6266510.012,948.6345
node-069,2024-01-01 18:44:00,0.0752,8649125.3989,13.2843,0.8822,124743.4221,13.0987,6211963.8964,950.5504
node-070,2024-01-01 18:44:00,0.0777,7806411.4219,0.0,0.8002,104581.6418,8.0825,6315768.3615,958.6547
node-071,2024-01-01 18:44:00,0.0534,7967925.4831,0.3043,0.6828,136612.7353,4.9907,6182901.107,953.0668
node-072,2024-01-01 18:44:00,0.0,101050966.3484,0.0,0.2158,140613.1915,3.0677,6386435.7195,897.6524
node-073,2024-01-01 18:44:00,0.1504,7708661.5098,0.398,0.7331,124694.9246,5.0429,6221745.3145,949.998
node-074,2024-01-01 18:44:00,0.0907,7396800.969,11.039,0.7466,103790.7962,5.9166,6293944.9228,961.8753
node-075,2024-01-01 18:44:00,0.0382,8820302.735,7.0435,0.5971,129838.5689,7.0365,6228972.5596,941.3043
node-076,2024-01-01 18:44:00,0.0277,6091961.8279,0.0,0.1218,131753.7445,3.0736,6206650.6348,886.5928
node-077,2024-01-01 18:44:00,0.1006,7871240.9082,3.7484,1.0302,96674.9632,13.1,6232635.9339,935.0461
node-078,2024-01-01 18:44:00,0.0985,8446728.5337,8.0873,1.0113,125043.2466,8.1341,6222253.332,952.7384
node-079,2024-01-01 18:44:00,0.0745,8058227.9658,0.3234,0.9829,139255.6539,5.8971,6206534.9,936.9063
node-080,2024-01-01 18:44:00,0.1468,7694795.4979,0.0,1.5209,106918.861,9.2518,6200288.448,953.7344
node-081,2024-01-01 18:44:00,0.0994,7715119.5988,0.7431,0.8884,164380.61,7.9991,6193001.7577,957.5452
node-082,2024-01-01 18:44:00,0.0025,5563290.0927,0.0,0.1949,118238.8491,4.0362,6354685.8049,914.4324
node-083,2024-01-01 18:44:00,0.0886,7805254.0113,0.0,1.1242,134068.2272,6.963,6119411.9743,954.79
node-084,2024-01-01 18:44:00,0.0489,8240782.7962,14.3166,0.9729,116066.284,6.029,6227754.4025,950.3882
node-085,2024-01-01 18:44:00,0.1197,8068205.4268,6.4135,1.0995,107870.9302,5.9582,6245510.4246,968.8952
node-086,2024-01-01 18:44:00,0.106,7388276.3976,7.6981,0.9207,139311.2389,6.044,6255891.1879,959.6105
node-087,2024-01-01 18:44:00,0.0887,8213405.8653,0.0,0.9311,146727.0917,8.0285,6332895.6515,908.9754
node-088,2024-01-01 18:44:00,0.0865,7644265.0917,0.0,0.8858,120638.6831,5.1468,6202434.8896,971.0328
node-089,2024-01-01 18:44:00,0.1137,8068038.9328,0.0,1.4507,153035.9801,9.0609,6220454.8157,942.5393
node-090,2024-01-01 18:44:00,0.2149,8914110.1389,0.7817,0.9476,124968.9293,7.9272,6183615.41,925.9596
node-091,2024-01-01 18:44:00,0.1039,8760319.8158,12.9316,1.1241,118034.1647,11.0234,6190842.2567,951.8019
node-092,2024-01-01 18:44:00,0.1766,8836651.9358,0.4284,0.9429,108654.008,9.009,6197523.6198,938.2161
node-093,2024-01-01 18:44:00,0.186,8827407.5371,6.5605,0.881,129432.165,6.8581,6193204.2691,949.5022
node-094,2024-01-01 18:44:00,0.1201,8122099.1955,0.0,1.0575,90164.5712,7.9532,6248532.4772,977.1841
node-095,2024-01-01 18:44:00,0.1066,7578381.3042,15.1584,0.9725,120864.1206,6.9313,6305596.5837,943.4513
node-096,2024-01-01 18:44:00,0.0955,9525548.2738,0.6595,1.0493,133875.4617,8.9416,6264146.2936,961.0459
node-097,2024-01-01 18:44:00,0.1098,7470103.7772,0.0,0.9057,138998.6974,8.9141,6234497.8964,964.171
node-098,2024-01-01 18:44:00,0.0525,8361760.3326,8.2097,0.8849,122180.886,6.883,6230629.0012,951.0304
node-099,2024-01-01 18:44:00,0.1296,7909869.6206,11.1531,1.044,120315.4853,9.0831,6268489.4212,948.0721
node-100,2024-01-01 18:44:00,0.097,7567080.2612,0.2544,0.6704,252815.3588,6.9165,6166837.6157,957.8305
node-101,2024-01-01 18:44:00,0.0086,4124612.3943,0.7244,0.2128,118918.0319,4.0494,6295854.9829,906.4014
node-102,2024-01-01 18:44:00,0.1108,8467502.9184,0.642,0.819,141526.1232,6.9312,6267269.068,976.0316
node-103,2024-01-01 18:44:00,0.1029,7931128.4856,0.0,0.7674,118920.7458,9.0556,6277786.3275,936.6686
node-104,2024-01-01 18:44:00,0.1064,7244519.9384,0.1625,1.2928,113966.2816,8.0581,6158420.3372,948.9717
node-105,2024-01-01 18:44:00,0.1649,7804363.8938,9.0464,0.8738,162605.2167,6.58,6120933.8631,958.4079
node-106,2024-01-01 18:44:00,0.017,4935040.919,0.0,0.202,115423.5953,3.016,6304031.7903,919.643
node-107,2024-01-01 18:44:00,0.1514,7622992.7932,0.0,1.1277,115124.7846,9.9634,6186659.9657,947.9294
node-108,2024-01-01 18:44:00,0.0894,9298924.2392,0.4147,0.8038,120219.9368,9.0225,6212048.5066,934.2538
node-109,2024-01-01 18:44:00,0.2158,7919736.0129,0.0,1.3905,108532.7524,8.013,6189611.0593,942.1394
node-110,2024-01-01 18:44:00,0.162,8169384.6582,2.9873,1.3024,132938.0303,7.0921,6328641.3575,963.0575
node-111,2024-01-01 18:44:00,0.0769,8785478.3697,0.4117,1.1782,124049.5649,7.9376,6182112.5203,951.5293
node-112,2024-01-01 18:44:00,0.1034,7478761.8414,9.8967,0.715,123463.154,5.1008,6211387.4962,939.6427
node-113,2024-01-01 18:44:00,0.0779,8038001.6919,0.0,1.4264,126524.6729,8.0074,6119244.8982,960.2125
node-114,2024-01-01 18:44:00,0.1417,7646380.5053,15.2061,1.0382,167728.7481,8.0107,6274164.2752,957.739
node-115,2024-01-01 18:44:00,0.0712,8027043.505,0.0,1.0188,107553.9549,7.8953,6184513.0181,944.0818
node-116,2024-01-01 18:44:00,0.0988,7859123.9632,8.3576,1.0282,123960.939,11.6361,6235762.9506,966.9324
node-117,2024-01-01 18:44:00,0.1042,8770631.724,0.1401,1.3127,98243.2151,6.9307,6181955.3564,961.3288
node-118,2024-01-01 18:44:00,0.0948,7667192.3796,8.1212,1.0793,104829.0461,9.0153,6203913.2095,957.122
node-119,2024-01-01 18:44:00,0.034,9479358.3907,0.0,0.9195,117725.3238,4.9137,6196839.3741,950.7303
node-000,2024-01-01 18:45:00,0.099,7482228.6155,0.1218,1.0079,145319.856,9.9419,6189073.8305,947.0055
node-001,2024-01-01 18:45:00,0.0886,7125148.4563,0.0282,1.3996,124102.6303,7.9297,6309561.8482,948.06
node-002,2024-01-01 18:45:00,0.3375,8730156.2749,0.0,0.8409,118533.9915,5.992,6190215.7917,971.2587
node-003,2024-01-01 18:45:00,0.0968,9709267.0645,6.2394,0.7108,129991.4163,7.0669,6257663.3221,959.1248
node-004,2024-01-01 18:45:00,0.0949,8879260.7843,0.8178,1.0017,118396.334,8.0343,6255517.3198,955.2196
node-005,2024-01-01 18:45:00,0.2159,8188376.6504,0.0661,3.7148,144063.9188,10.9978,6255842.5125,956.9377
node-006,2024-01-01 18:45:00,0.0144,5577759.4317,9.5295,0.193,84171.426,3.0313,6294765.4291,912.6071
node-007,2024-01-01 18:45:00,0.0882,7283276.5289,6.5703,0.7026,143750.8591,6.0086,6206395.8409,945.7077
node-008,2024-01-01 18:45:00,0.0739,7729584.2692,12.3266,0.969,117180.1668,7.0618,6219269.3211,924.4102
node-009,2024-01-01 18:45:00,0.2952,7892854.666,3.2478,0.9887,109139.5897,7.3978,6215929.2106,970.3066
node-010,2024-01-01 18:45:00,0.0936,8296520.4563,0.0,1.4662,123387.7872,14.9244,6260430.125,955.9915
node-011,2024-01-01 18:45:00,0.1437,7755939.0991,6.7756,0.853,108829.1221,7.9777,6298083.3848,944.3754
node-012,2024-01-01 18:45:00,0.0988,7407862.3096,0.0599,0.9063,131234.061,5.9434,6180727.5131,938.875
node-013,2024-01-01 18:45:00,0.1029,8067619.5822,0.5622,1.1099,159172.8634,0.0342,27886.1585,959.6932
node-014,2024-01-01 18:45:00,0.1191,9459348.7242,0.0338,0.8132,89683.369,6.0704,6201778.2826,929.4471
node-015,2024-01-01 18:45:00,0.0667,4461523.767,0.0,0.0969,109723.3302,2.9961,6127374.2562,885.6914
node-016,2024-01-01 18:45:00,0.0192,7508473.7961,7.4642,0.9084,109483.3471,8.9286,6208439.7559,958.1785
node-017,2024-01-01 18:45:00,0.0883,8960365.0851,0.0,0.7335,161423.2635,7.1258,6160883.4028,955.4722
node-018,2024-01-01 18:45:00,0.0977,8471807.4432,9.1671,0.997,118245.39,11.0081,6249206.5444,957.5272
node-019,2024-01-01 18:45:00,0.1137,8216548.944,0.2187,1.7068,146279.9184,8.0723,6346863.0077,946.2319
node-020,2024-01-01 18:45:00,0.1225,7951831.808,0.8614,1.0017,129187.5504,8.9732,6135543.7549,971.7637
node-021,2024-01-01 18:45:00,0.1997,8212436.6471,0.0,1.3481,111302.3101,10.9403,6242733.5167,973.0023
node-022,2024-01-01 18:45:00,0.091,8417590.7692,0.0,0.8759,128152.4471,7.9879,6229694.7157,954.2768
node-023,2024-01-01 18:45:00,0.0847,7374005.7393,6.3452,0.6887,121869.1275,6.1275,6224576.9281,949.3265
node-024,2024-01-01 18:45:00,0.0991,7950340.159,4.3957,0.6693,165540.4983,6.9737,6199185.0813,946.3687
node-025,2024-01-01 18:45:00,0.2148,9263238.0583,0.3225,0.8458,133087.6596,5.0667,6206817.7083,959.3655
node-026,2024-01-01 18:45:00,0.0062,6001167.6332,0.5409,0.2135,121414.5084,3.9706,6213818.8288,894.0021
node-027,2024-01-01 18:45:00,0.147,8257673.5757,6.5997,1.5737,107016.5655,6.9489,6160979.9891,951.7707
node-028,2024-01-01 18:45:00,0.0869,8088292.2612,5.1241,1.3899,134599.4556,5.834,6241640.0818,952.8548
node-029,2024-01-01 18:45:00,0.1118,8040422.1156,9.518,0.8218,118429.3472,5.9735,6242969.665,961.7588
node-030,2024-01-01 18:45:00,0.0578,7957290.2907,0.0,0.7833,122894.5876,6.936,6188205.2053,956.1234
node-031,2024-01-01 18:45:00,0.1091,28951266.1386,0.0,0.003,603.0082,0.0,0.0,2.3147
node-032,2024-01-01 18:45:00,0.1143,7498895.3676,9.6666,1.1053,128703.5622,8.8949,6279948.1752,961.3507
node-033,2024-01-01 18:45:00,0.0,7876097.8914,3.4972,0.8628,116365.4394,9.0834,6161799.5599,946.0141
node-034,2024-01-01 18:45:00,0.0068,5165837.4146,0.9654,0.1914,102653.37,1.9972,6239523.4285,901.1273
node-035,2024-01-01 18:45:00,0.0979,8949373.4736,0.0,0.8188,118775.4208,9.0038,6218704.2431,962.3431
node-036,2024-01-01 18:45:00,0.0876,8229529.8101,0.0,1.0049,126072.9609,10.004,6342463.6921,966.7934
node-037,2024-01-01 18:45:00,0.0637,8017664.662,11.3443,0.7624,130795.4863,6.9839,6267432.736,957.876
node-038,2024-01-01 18:45:00,0.092,6736500.7742,3.8029,1.0674,124674.2116,9.011,6223639.196,939.9726
node-039,2024-01-01 18:45:00,0.2115,8643105.1913,7.3556,0.7014,134130.4255,7.4918,6186556.5266,958.6147
node-040,2024-01-01 18:45:00,0.0,4900505.132,0.5503,0.2229,162738.2149,3.1489,6321647.0944,908.2337
node-041,2024-01-01 18:45:00,0.1019,7445576.0232,5.3527,1.6863,109185.4905,5.1036,6162816.2069,963.4082
node-042,2024-01-01 18:45:00,0.092,7747677.9563,10.8119,0.7759,127481.3509,7.8289,6264888.1426,941.6381
node-043,2024-01-01 18:45:00,0.2163,8683050.8944,0.0,0.8063,112312.5649,4.8895,6248137.0249,951.0998
node-044,2024-01-01 18:45:00,0.3625,7716354.5476,9.3441,0.807,113489.4219,9.5891,6223723.2084,959.4055
node-045,2024-01-01 18:45:00,0.0851,7803512.7362,0.0,0.981,136615.7367,13.0841,6247497.3541,922.7778
node-046,2024-01-01 18:45:00,0.0967,7744784.5128,0.3022,1.1917,122485.3871,7.0004,6132629.3104,946.3192
node-047,2024-01-01 18:45:00,0.114,7631645.8,0.0336,1.6297,124242.6167,7.2537,6212913.1537,940.5978
node-048,2024-01-01 18:45:00,0.3046,8387037.2883,1.3751,0.9866,124055.1796,6.9976,6213161.6264,959.4439
node-049,2024-01-01 18:45:00,0.0,5474171.875,0.0543,0.2132,110854.8363,3.0906,6220290.7803,902.7529
node-050,2024-01-01 18:45:00,0.0,2373871.4541,1.4571,0.1885,123011.6112,3.0528,6147221.1224,908.2451
node-051,2024-01-01 18:45:00,0.0478,7362380.7373,10.6753,2.0831,158768.0098,10.958,6222961.9718,977.326
node-052,2024-01-01 18:45:00,0.1837,8192983.5297,0.4259,0.8851,115485.7772,6.0629,6356083.2503,971.3898
node-053,2024-01-01 18:45:00,0.0942,7823261.323,0.0186,1.0406,125503.7981,12.0387,6206171.8327,949.2117
node-054,2024-01-01 18:45:00,0.0937,7542250.557,0.0,0.9964,137960.6247,7.0368,6239241.4258,957.6959
node-055,2024-01-01 18:45:00,0.1062,7648622.5983,0.1809,0.9008,116639.1547,7.0682,6193579.1668,941.9026
node-056,2024-01-01 18:45:00,0.0054,8335945.2143,5.4536,0.8062,121686.9594,9.0831,6226049.062,960.1826
node-057,2024-01-01 18:45:00,0.1862,4769269.6082,7.5585,1.201,140276.8808,8.9313,6255323.6497,943.6736
node-058,2024-01-01 18:45:00,0.1177,7935057.8169,0.0,1.1955,162666.1687,7.9642,6279183.9364,968.9099
node-059,2024-01-01 18:45:00,0.1016,8503871.8555,10.6345,0.8854,112988.9639,6.929,6176610.7472,961.102
node-060,2024-01-01 18:45:00,0.1977,7648025.6871,4.4145,0.8169,117565.3421,5.9298,6248786.9861,959.7784
node-061,2024-01-01 18:45:00,0.0607,7639850.5882,0.8791,1.109,125400.7744,7.3364,6163750.8438,950.4744
node-062,2024-01-01 18:45:00,0.1131,8021810.3214,11.6425,0.8775,125483.7713,8.0027,6227588.2313,958.3295
node-063,2024-01-01 18:45:00,0.0839,7815671.8687,17.0528,1.1018,131876.1933,7.5278,6239529.8416,940.1736
node-064,2024-01-01 18:45:00,0.1392,7499182.6662,7.9722,1.0132,118422.0399,7.9672,6199557.9686,977.4525
node-065,2024-01-01 18:45:00,0.1054,7776766.0982,0.0,1.1178,116833.3046,6.0065,6174262.7466,975.702
node-066,2024-01-01 18:45:00,0.1455,8249894.959,8.677,0.894,148755.3829,9.9781,6187116.5088,966.6016
node-067,2024-01-01 18:45:00,0.0821,7615072.9442,0.0,0.9056,118873.5269,7.0115,6189388.869,943.6975
node-068,2024-01-01 18:45:00,0.192,8302805.0971,12.5241,1.0089,125442.2744,10.9258,6172140.011,961.6538
node-069,2024-01-01 18:45:00,0.0177,8387794.5024,14.2052,0.9163,139892.3229,8.1965,6238595.0745,961.6423
node-070,2024-01-01 18:45:00,0.2669,6895942.48,0.0036,1.0233,116132.3826,3.947,6242783.6421,958.6946
node-071,2024-01-01 18:45:00,0.1016,8223603.4391,0.5143,0.9116,125668.9451,6.7828,6175151.6485,955.3122
node-072,2024-01-01 18:45:00,0.0,100888218.5099,0.1915,0.2271,128873.5853,2.0864,6195170.5344,936.3035
node-073,2024-01-01 18:45:00,0.0867,7758170.3882,0.0,1.0661,120190.8454,7.0263,6220840.2153,950.0258
node-074,2024-01-01 18:45:00,0.1945,7736239.2073,11.113,0.7639,114602.0883,5.8982,6242084.766,970.0279
node-075,2024-01-01 18:45:00,0.1329,9284364.6549,8.1309,0.6746,142741.8439,6.9546,6228178.4687,946.5112
node-076,2024-01-01 18:45:00,0.0,5910301.6827,0.3637,0.1035,171965.0825,4.0505,6291535.69,894.9
node-077,2024-01-01 18:45:00,0.097,7974372.1394,3.8337,0.9966,120857.8406,7.0363,6274556.6563,936.5125
node-078,2024-01-01 18:45:00,0.1597,8175421.4413,8.3064,1.7075,101788.0595,7.9485,6310422.8794,981.6293
node-079,2024-01-01 18:45:00,0.0996,7749722.1947,0.0184,1.0808,104441.6334,7.1779,6232806.2854,955.591
node-080,2024-01-01 18:45:00,0.102,7994490.9392,1.244,0.9989,122037.9663,8.0779,6266779.2305,949.427
node-081,2024-01-01 18:45:00,0.1103,7890424.6513,0.5041,0.7413,169247.7349,7.0229,6276213.1608,961.6691
node-082,2024-01-01 18:45:00,0.095,5316273.7371,0.0,0.1801,125277.0986,3.0051,6262659.6307,913.0447
node-083,2024-01-01 18:45:00,0.0993,7920224.1745,0.0,1.0003,95582.0716,8.0931,6165772.867,970.9169
node-084,2024-01-01 18:45:00,0.0796,8336901.1027,14.4772,0.9032,104247.0601,8.0459,6135202.5248,960.9295
node-085,2024-01-01 18:45:00,0.1356,8241222.5358,5.8697,0.8969,132678.9264,9.2326,6158900.3764,949.3252
node-086,2024-01-01 18:45:00,0.0967,7943174.2543,6.4907,1.2085,96226.3082,6.5522,6181503.9392,957.4599
node-087,2024-01-01 18:45:00,0.1409,7939191.4698,0.0,0.9076,74537.7153,8.9518,6222084.3779,937.5897
node-088,2024-01-01 18:45:00,0.1346,7943640.9246,0.0,0.7562,129698.1224,6.1968,6379440.3089,961.9054
node-089,2024-01-01 18:45:00,0.0976,8251663.3452,0.0,1.4679,103745.812,6.9951,6201320.5568,951.3849
node-090,2024-01-01 18:45:00,1.8773,9003864.5073,0.6546,3.4714,131679.3089,6.0337,6232716.4572,938.3272
node-091,2024-01-01 18:45:00,0.1556,8245123.7389,12.9454,1.0119,118331.8213,7.9928,6266738.4542,948.426
node-092,2024-01-01 18:45:00,0.0836,8832659.6777,0.0,0.8511,118997.7485,7.0171,6270900.2668,935.8543
node-093,2024-01-01 18:45:00,0.2265,8820342.6705,5.8696,0.7451,124977.7272,8.1045,6232763.8483,943.7245
node-094,2024-01-01 18:45:00,0.2135,8226299.285,0.7637,1.6968,118083.7053,5.0363,6180233.201,969.0057
node-095,2024-01-01 18:45:00,0.0862,7689858.4969,14.0286,0.9689,99786.6867,8.022,6184210.1767,936.211
node-096,2024-01-01 18:45:00,0.1688,8464319.8492,0.4293,1.002,239925.6879,9.0504,6175090.8882,947.5176
node-097,2024-01-01 18:45:00,0.0843,7411669.8443,0.1435,0.8013,105730.1937,9.9763,6163532.7396,948.3392
node-098,2024-01-01 18:45:00,0.2024,8041105.943,7.6936,0.9483,114193.5121,8.9904,6253044.1491,961.3434
node-099,2024-01-01 18:45:00,0.1497,7911077.7146,10.6412,1.2135,122365.4888,9.0563,6286735.3695,955.6902
node-100,2024-01-01 18:45:00,0.1081,7606222.6727,0.0014,0.6992,146849.8759,4.9029,6392096.9381,963.648
node-101,2024-01-01 18:45:00,0.0,4421066.9062,0.7902,0.1989,100865.9542,3.1052,6249951.0884,899.7701
node-102,2024-01-01 18:45:00,0.1204,7544130.6762,1.0169,0.8872,146812.0059,6.4781,6243412.0365,992.5031
node-103,2024-01-01 18:45:00,0.0756,7909027.7403,0.0,0.9137,117020.0216,8.0029,6189300.1684,939.7563
node-104,2024-01-01 18:45:00,0.0738,7450056.3159,0.5853,0.8836,120532.396,9.0629,6367039.4373,969.7035
node-105,2024-01-01 18:45:00,0.1169,7682807.1975,8.7751,0.9915,147292.3464,5.9924,6297089.7202,975.0452
node-106,2024-01-01 18:45:00,0.1016,4894785.6849,0.0,0.3304,118333.052,3.9613,6375819.8833,921.3738
node-107,2024-01-01 18:45:00,0.1253,7394738.7725,0.3702,0.8917,134991.9651,6.9087,6291786.1209,965.4923
node-108,2024-01-01 18:45:00,0.1338,9630225.2949,0.0,0.7962,104683.5946,6.9685,6226887.2223,936.4934
node-109,2024-01-01 18:45:00,0.1455,7964940.7828,1.1347,0.6809,127711.3254,7.494,6329714.5085,936.8466
node-110,2024-01-01 18:45:00,0.1886,8696690.3372,3.7336,1.7923,134034.9929,8.986,6317022.0748,943.5678
node-111,2024-01-01 18:45:00,0.1095,8713674.3112,0.0,1.2027,132725.6036,10.9793,6218056.7032,947.4821
node-112,2024-01-01 18:45:00,0.1177,7507391.228,9.3189,0.7448,99814.3453,8.9484,6133625.656,938.2087
node-113,2024-01-01 18:45:00,0.0981,7765395.3203,0.9188,1.0656,110143.5808,6.9713,6365038.4526,954.8344
node-114,2024-01-01 18:45:00,0.1826,7603336.5374,15.2642,1.1865,155850.4534,11.9879,6254944.5614,947.9863
node-115,2024-01-01 18:45:00,0.1215,8352567.3776,0.0723,1.1047,121791.4226,8.0605,6256088.4512,952.3612
node-116,2024-01-01 18:45:00,0.0762,7873185.6006,9.9306,1.1326,121243.8275,13.8878,6239866.008,947.7205
node-117,2024-01-01 18:45:00,0.1042,9468984.0235,0.1833,1.4872,138956.9082,7.9375,6213706.5753,969.0851
node-118,2024-01-01 18:45:00,0.105,7812363.1851,8.2781,1.0105,117157.4932,8.9575,6253350.3355,970.8785
node-119,2024-01-01 18:45:00,0.1556,9276256.9196,0.9524,0.8111,123492.0221,6.2792,6407600.5211,938.3238
node-000,2024-01-01 18:46:00,0.1133,7167749.26,0.0,1.3658,155932.6689,8.1052,6244552.3081,955.7507
node-001,2024-01-01 18:46:00,0.0892,7752075.9001,0.0,0.9094,125251.6292,7.0766,6198166.007,942.4185
node-002,2024-01-01 18:46:00,0.2931,8921757.9629,1.3942,0.9194,129802.9591,6.997,6181997.6045,959.2772
node-003,2024-01-01 18:46:00,0.1017,9357976.3673,5.1874,0.6592,130937.1965,5.9685,6135184.1137,957.8773
node-004,2024-01-01 18:46:00,0.0856,8039173.3844,1.2891,1.177,133925.6758,7.9129,6228231.7051,958.8816
node-005,2024-01-01 18:46:00,0.3827,7951903.9205,0.0,0.9842,115314.5339,9.9988,6364802.6094,949.6752
node-006,2024-01-01 18:46:00,0.007,5686302.3139,10.1099,0.1982,125970.7154,2.9732,6083311.1098,884.8273
node-007,2024-01-01 18:46:00,0.1116,6965796.5153,7.4111,0.7039,172154.6932,5.9133,6214652.584,935.0366
node-008,2024-01-01 18:46:00,0.2079,7834772.9387,13.5057,1.0737,110579.2682,8.0127,6251611.6285,926.1932
node-009,2024-01-01 18:46:00,0.1069,7864848.4913,2.5597,0.9867,129819.2736,6.9826,6240901.1369,956.7948
node-010,2024-01-01 18:46:00,0.0892,8174782.4882,0.2608,1.2101,133783.4441,8.0873,6365294.1026,965.4082
node-011,2024-01-01 18:46:00,0.1909,7213624.4515,8.0439,1.1249,134399.924,8.0996,6221762.9103,956.5074
node-012,2024-01-01 18:46:00,0.0778,7712581.3417,0.0,0.7462,119466.5082,6.9861,6177736.7735,965.8957
node-013,2024-01-01 18:46:00,0.2201,8040956.7222,0.0,3.9654,157519.8679,0.0,0.0,981.8084
node-014,2024-01-01 18:46:00,0.0878,9629396.6366,0.1604,1.0123,123372.8972,6.9533,6243193.5365,936.7894
node-015,2024-01-01 18:46:00,0.0929,4746396.8562,0.3831,0.2103,90690.0973,2.0155,6075489.8563,896.1045
node-016,2024-01-01 18:46:00,0.1534,7631715.5219,8.4161,0.8902,116197.6744,5.8222,6324551.8063,961.9475
node-017,2024-01-01 18:46:00,0.0798,9137139.7398,0.361,0.6386,170005.1286,6.0096,6169255.6439,958.4086
node-018,2024-01-01 18:46:00,0.0915,8395703.4831,7.9399,1.0182,108222.571,11.0197,6279597.5663,962.4434
node-019,2024-01-01 18:46:00,0.212,7870265.5804,0.0,1.0081,105265.201,9.9794,6193440.9593,943.9661
node-020,2024-01-01 18:46:00,0.135,8280328.0642,0.4145,1.606,181864.908,9.0329,6363846.0076,982.4525
node-021,2024-01-01 18:46:00,0.0921,8591152.128,0.0,1.3081,116285.0106,6.948,6302171.0365,956.9861
node-022,2024-01-01 18:46:00,0.0938,8308466.9818,0.0,0.9046,115176.0178,6.3824,6194174.4815,954.4328
node-023,2024-01-01 18:46:00,0.1041,7713258.4674,7.1344,0.6925,124508.7977,6.037,6194840.0928,950.3132
node-024,2024-01-01 18:46:00,0.0942,7543997.1397,5.3648,0.8949,117746.575,6.9319,6219832.5921,951.9655
node-025,2024-01-01 18:46:00,0.2016,8966290.4293,0.0,1.2972,123609.213,5.0768,6253636.6151,970.5171
node-026,2024-01-01 18:46:00,0.0,5320460.052,0.3533,0.0967,116340.4465,5.2291,6247433.6909,885.0285
node-027,2024-01-01 18:46:00,0.0965,8015972.3027,6.2622,0.9561,133143.9592,7.507,6299767.8756,943.3092
node-028,2024-01-01 18:46:00,0.1122,7668174.7087,5.8783,0.899,103050.6258,8.8469,6190812.48,949.6279
node-029,2024-01-01 18:46:00,0.1388,7728383.422,9.198,1.2132,138725.5184,5.0599,6208941.118,967.8354
node-030,2024-01-01 18:46:00,0.0853,7958466.4215,0.2499,0.7831,121924.4466,6.2233,6264380.6682,964.962
node-031,2024-01-01 18:46:00,0.1703,28869940.8128,0.0,0.0,1004.72,0.0063,2364.7112,12.1908
node-032,2024-01-01 18:46:00,0.1164,7564938.6088,9.4817,1.1869,96776.7162,9.0337,6236712.6552,948.5435
node-033,2024-01-01 18:46:00,0.2237,7858960.8329,2.8206,0.8149,118297.7628,8.0901,6229823.7132,960.7032
node-034,2024-01-01 18:46:00,0.0,5076337.3178,0.2373,0.1865,116111.4091,1.9675,6084316.1579,906.8288
node-035,2024-01-01 18:46:00,0.0371,8968050.035,0.2897,0.7777,123296.9301,7.0052,6252941.4142,957.2873
node-036,2024-01-01 18:46:00,0.0922,8152546.1358,0.0,2.9605,118049.5817,10.9424,6207943.7184,947.5451
node-037,2024-01-01 18:46:00,0.1076,8220692.5378,13.0519,1.0536,125745.2894,6.0251,6129128.6169,952.8956
node-038,2024-01-01 18:46:00,0.2186,7432167.3633,3.1014,0.7695,115929.0584,7.8831,6316662.9577,949.7961
node-039,2024-01-01 18:46:00,0.1093,8814036.1494,7.8584,0.6913,126973.7017,7.9659,6205568.9957,959.5416
node-040,2024-01-01 18:46:00,0.0,5335210.7019,0.0331,0.1972,125836.0793,3.0037,6211787.9965,897.6932
node-041,2024-01-01 18:46:00,0.1015,8185511.0955,4.9165,0.9426,133417.1816,7.8857,6321947.183,948.9817
node-042,2024-01-01 18:46:00,0.1362,7380229.47,10.7914,0.7772,112078.9325,9.1318,6287739.0826,945.2884
node-043,2024-01-01 18:46:00,0.1858,8296993.6484,0.0041,1.5033,134388.2051,5.0694,6252641.0978,957.9359
node-044,2024-01-01 18:46:00,0.39,7412279.0219,10.7678,0.9778,106469.8408,9.9172,6292654.4352,953.2585
node-045,2024-01-01 18:46:00,0.001,8228886.2666,0.392,1.0008,138531.0209,8.9756,6217577.4881,926.269
node-046,2024-01-01 18:46:00,0.1151,8018464.4902,0.0072,0.9774,123827.2544,7.8422,6268043.2919,941.5698
node-047,2024-01-01 18:46:00,0.0,7732229.6646,0.6258,0.705,121437.1322,7.9911,6193718.2747,931.0081
node-048,2024-01-01 18:46:00,0.2926,8049513.9211,1.8679,1.41,132669.4863,6.4411,6250866.2072,945.4466
node-049,2024-01-01 18:46:00,0.0,5147852.4053,0.0,0.1755,118705.1663,6.9281,6268468.9026,897.3818
node-050,2024-01-01 18:46:00,0.0,2135882.4739,0.0275,0.2011,132574.7027,1.9766,6242860.0407,893.3855
node-051,2024-01-01 18:46:00,0.1001,7173327.2856,10.4002,1.9888,168812.6147,6.9035,6223483.0982,971.1057
node-052,2024-01-01 18:46:00,0.1788,7919321.7552,1.3627,1.4965,113170.336,6.9629,6194771.9486,943.9206
node-053,2024-01-01 18:46:00,0.1653,7742270.1183,0.0471,1.4783,125278.9562,7.9072,6286303.5109,949.6667
node-054,2024-01-01 18:46:00,0.1833,7809350.5943,0.1322,0.8862,132623.1145,9.0324,6206585.611,954.1189
node-055,2024-01-01 18:46:00,0.0912,7609856.1992,0.0,1.1056,112529.8399,8.0189,6247114.9206,968.4977
node-056,2024-01-01 18:46:00,0.0503,8226877.4806,7.4383,0.7873,117105.6364,8.4827,6289152.1952,965.8135
node-057,2024-01-01 18:46:00,0.1906,4632282.326,7.5605,1.2623,129586.2848,6.03,6216700.6134,936.1235
node-058,2024-01-01 18:46:00,0.1151,8099630.7788,0.0,1.3455,161086.8213,7.0826,6214932.1817,934.5525
node-059,2024-01-01 18:46:00,0.1013,8546889.4176,9.7885,0.9472,144029.4102,7.0078,6241316.2408,950.1899
node-060,2024-01-01 18:46:00,0.1009,7522122.0197,4.5938,1.0852,130902.1476,7.9066,6270897.0757,949.7044
node-061,2024-01-01 18:46:00,0.1264,8185258.7574,0.0,0.8988,132575.0459,6.9737,6226474.3263,950.7978
node-062,2024-01-01 18:46:00,0.0927,7832118.711,11.6396,0.8908,127068.5288,6.0452,6226734.8883,941.1662
node-063,2024-01-01 18:46:00,0.0979,7659513.0643,16.8197,0.9949,108935.7309,7.9279,6332426.9165,937.5026
node-064,2024-01-01 18:46:00,0.215,7607331.0806,9.1957,1.1725,139215.5893,9.0237,6275341.3577,967.7793
node-065,2024-01-01 18:46:00,0.0747,7812491.9834,0.6314,1.798,131220.3133,10.0114,6205888.3042,965.9038
node-066,2024-01-01 18:46:00,0.072,8271579.8526,7.4656,1.3628,146614.0707,8.9864,6264224.4575,954.7074
node-067,2024-01-01 18:46:00,0.1796,7615325.1383,0.2003,0.9636,132887.4045,8.1983,6310307.9487,959.005
node-068,2024-01-01 18:46:00,0.0909,8402898.9293,10.7836,1.0023,139343.9502,8.0325,6317167.8933,947.9338
node-069,2024-01-01 18:46:00,0.0638,8760019.1381,13.738,1.0824,122422.9637,9.3288,6178423.5582,960.7777
node-070,2024-01-01 18:46:00,0.0936,7683590.9495,0.0,0.9739,128863.0836,5.9945,6231540.2942,969.7748
node-071,2024-01-01 18:46:00,0.054,7951309.4871,0.0,0.8921,137010.1717,8.0436,6247486.792,955.7948
node-072,2024-01-01 18:46:00,0.0941,100492427.9303,0.0,0.2192,121896.5153,3.2503,6337535.4952,901.0788
node-073,2024-01-01 18:46:00,0.1927,8026376.6395,0.9978,0.7377,131053.0703,4.0226,6260437.9092,966.3216
node-074,2024-01-01 18:46:00,0.2216,7902527.4056,11.813,0.6988,129372.1091,9.9331,6163135.0091,962.6153
node-075,2024-01-01 18:46:00,0.2241,8928876.4319,6.9004,0.7442,137060.7745,7.0276,6152632.212,959.3134
node-076,2024-01-01 18:46:00,0.0,5991221.3222,0.0,0.1027,115966.1543,2.8802,6404335.479,911.3327
node-077,2024-01-01 18:46:00,0.1133,7629782.181,4.4526,1.0042,124303.5493,6.4858,6260213.1596,938.1765
node-078,2024-01-01 18:46:00,0.0985,7661813.2373,9.0744,0.8876,166904.6555,8.0203,6191059.984,954.0929
node-079,2024-01-01 18:46:00,0.0887,7927273.69,1.9173,0.9011,118958.4748,7.9584,6210042.5246,950.9313
node-080,2024-01-01 18:46:00,0.1107,7813250.368,0.0,0.9821,125562.2023,8.0559,6096688.0917,945.4015
node-081,2024-01-01 18:46:00,0.1079,7331357.3324,0.0,0.8894,162602.4966,5.9593,6355525.7986,967.9025
node-082,2024-01-01 18:46:00,0.0,5480703.2031,0.0,0.1176,113274.9597,3.5222,6185958.5823,914.3135
node-083,2024-01-01 18:46:00,0.0874,8068138.304,0.0,4.6914,130787.2545,10.1172,6366457.3727,965.5088
node-084,2024-01-01 18:46:00,0.1883,8444175.7712,12.8162,0.9029,118379.304,8.0322,6258682.6586,959.3906
node-085,2024-01-01 18:46:00,0.1545,7955538.0964,7.0545,0.8959,129660.8995,12.0225,6287655.9472,953.8397
node-086,2024-01-01 18:46:00,0.0737,7618526.8632,7.7821,1.0084,114373.0271,6.9301,6309112.2187,961.8849
node-087,2024-01-01 18:46:00,0.0985,8140529.1519,0.0,1.1012,140830.0329,8.9875,6324648.9731,917.1232
node-088,2024-01-01 18:46:00,0.0907,8085002.6741,0.0097,1.1564,126281.6588,6.9454,6281395.5648,961.6788
node-089,2024-01-01 18:46:00,0.0984,7941780.7825,0.0349,1.8541,119463.1353,10.944,6260080.0823,953.0636
node-090,2024-01-01 18:46:00,0.2513,8477865.1522,0.0,6.3165,144725.2691,6.9775,6279012.6659,938.5125
node-091,2024-01-01 18:46:00,0.2832,8222316.0811,13.4111,1.2924,114048.8956,8.0385,6254703.7547,952.5627
node-092,2024-01-01 18:46:00,0.1292,8825677.5824,0.0,1.1508,117784.1171,7.031,6263724.4629,942.6265
node-093,2024-01-01 18:46:00,0.0926,8930351.4318,7.472,0.7062,114684.1734,6.1804,6235474.1847,956.6611
node-094,2024-01-01 18:46:00,0.121,7869966.5938,0.6603,1.104,110858.2176,7.1418,6227013.958,957.4215
node-095,2024-01-01 18:46:00,0.1807,7334966.5586,13.7004,0.7901,119324.5136,6.1037,6180571.039,957.7753
node-096,2024-01-01 18:46:00,0.0818,8997341.2004,0.3449,1.4943,117629.4987,6.1662,6259124.1655,950.2911
node-097,2024-01-01 18:46:00,0.0863,7703349.5356,0.0,1.0285,122001.9254,11.1309,6245281.0131,955.8551
node-098,2024-01-01 18:46:00,0.1577,8283429.8858,8.0676,0.8437,114805.2974,10.0312,6240545.2883,951.243
node-099,2024-01-01 18:46:00,0.1535,7267920.3649,11.5273,1.0404,127641.8349,8.0806,6205170.7457,947.7141
node-100,2024-01-01 18:46:00,0.2905,7705580.2288,0.0,0.9465,159246.5819,5.0279,6184933.0537,956.3511
node-101,2024-01-01 18:46:00,0.0342,4580178.5075,0.0,0.2018,114563.4258,4.6123,6307896.1379,922.0656
node-102,2024-01-01 18:46:00,0.1146,8125260.8277,0.0,1.6072,122481.286,5.9935,6181681.0008,956.646
node-103,2024-01-01 18:46:00,0.142,7618020.5063,0.8494,0.9919,75544.578,7.0212,6340020.1117,952.6912
node-104,2024-01-01 18:46:00,0.0811,7685269.3762,0.3291,1.3381,127405.3904,11.0802,6213128.1874,948.3204
node-105,2024-01-01 18:46:00,0.0964,7916839.9357,9.385,0.8087,147643.249,6.9217,6311453.566,970.4293
node-106,2024-01-01 18:46:00,0.1076,4691146.823,0.083,0.2072,127950.4556,6.9561,6269941.321,923.8677
node-107,2024-01-01 18:46:00,0.1108,7465889.537,0.089,1.4317,136813.1805,13.044,6222311.9709,955.0681
node-108,2024-01-01 18:46:00,0.0953,9441365.9688,0.0,0.6008,99067.1374,8.0068,6246184.7939,929.7293
node-109,2024-01-01 18:46:00,0.12,7839522.8752,0.8756,1.4004,127643.5268,7.0845,6284843.1885,967.0496
node-110,2024-01-01 18:46:00,0.0978,7961604.1448,4.2518,1.0068,123669.4481,6.0548,6198734.8747,943.7225
node-111,2024-01-01 18:46:00,0.1203,8891631.2079,0.0,1.2146,116482.3107,10.9389,6229751.1356,952.163
node-112,2024-01-01 18:46:00,0.0966,7096482.5652,9.4601,0.9688,135403.7065,8.0611,6166730.7937,939.7485
node-113,2024-01-01 18:46:00,0.1068,8216194.5125,0.0,0.9407,140915.3391,6.9705,6190848.885,961.482
node-114,2024-01-01 18:46:00,0.2934,7632323.5925,15.5343,1.2768,148170.115,8.4068,6258352.9716,939.186
node-115,2024-01-01 18:46:00,0.1077,8258919.0325,0.7559,0.8045,134235.2702,7.0413,6201938.4263,956.1691
node-116,2024-01-01 18:46:00,0.108,8440310.4348,9.1122,1.2078,117492.0227,7.9998,6165252.6652,961.1776
node-117,2024-01-01 18:46:00,0.0771,9500152.7746,0.2491,1.6061,155736.9922,9.8943,6293981.8986,961.0103
node-118,2024-01-01 18:46:00,0.1093,8288551.3414,8.3255,1.2152,119989.2776,13.9987,6233346.2985,959.9431
node-119,2024-01-01 18:46:00,0.2087,9083075.9238,0.0,0.7423,112150.3844,6.9466,6240451.7987,934.252
node-000,2024-01-01 18:47:00,0.096,7916815.2602,0.0927,1.0079,167960.7801,8.2051,6223152.1033,961.3572
node-001,2024-01-01 18:47:00,0.2973,7823421.1871,0.0,0.8932,122814.4661,5.7547,6247877.6904,964.7519
node-002,2024-01-01 18:47:00,0.0882,8992297.2013,0.0,0.8304,127857.7774,9.9851,6149862.4037,966.7449
node-003,2024-01-01 18:47:00,0.0983,9767283.7837,4.2213,0.7341,117280.0106,6.5707,6237049.3648,956.5004
node-004,2024-01-01 18:47:00,0.078,8484870.313,0.0,1.0857,119832.0062,8.0747,6225368.2051,940.8849
node-005,2024-01-01 18:47:00,0.1939,7413049.9185,0.0,0.8993,124592.2527,8.0826,6270973.7039,960.1978
node-006,2024-01-01 18:47:00,0.0029,5551933.0541,9.9706,0.2069,147393.6329,4.0051,6188225.3445,904.9003
node-007,2024-01-01 18:47:00,0.023,7131691.0752,7.8848,0.6162,150210.8869,7.9044,6254104.5213,938.0491
node-008,2024-01-01 18:47:00,0.2058,7734211.172,13.06,1.1063,136787.009,5.9907,6243297.6053,922.0814
node-009,2024-01-01 18:47:00,0.214,8049137.6997,1.977,1.0007,130940.8468,6.0276,6168814.3857,962.3204
node-010,2024-01-01 18:47:00,0.1,8268852.7094,0.0,1.4199,136213.645,8.6906,6312451.2972,948.9436
node-011,2024-01-01 18:47:00,0.1407,7625243.3244,8.0232,0.8241,128066.8787,8.0413,6172882.0725,947.0237
node-012,2024-01-01 18:47:00,0.1123,7172769.4503,0.0,0.8456,119524.4856,8.0782,6267675.5615,925.0714
node-013,2024-01-01 18:47:00,0.1782,7497207.7604,0.314,6.3773,141678.6664,0.0505,0.0,953.2533
node-014,2024-01-01 18:47:00,0.0316,9563182.8855,0.7716,0.9172,147741.6953,5.9391,6231512.978,923.5332
node-015,2024-01-01 18:47:00,0.0,4775242.4785,0.0,0.1908,123151.6294,3.2597,6211704.6876,898.284
node-016,2024-01-01 18:47:00,0.1296,7700889.2136,7.7677,0.8941,141141.3982,8.0859,6237674.3643,961.1395
node-017,2024-01-01 18:47:00,0.0,8465286.0132,0.9156,0.9572,149841.5024,6.0087,6271972.695,954.657
node-018,2024-01-01 18:47:00,0.0573,8090696.6058,8.233,1.0943,114116.419,10.0988,6192375.2668,952.3259
node-019,2024-01-01 18:47:00,0.1825,7918790.8652,0.7846,1.0152,119389.0514,9.01,6199708.19,945.0562
node-020,2024-01-01 18:47:00,0.107,8119838.9307,0.0,0.8865,170959.4391,13.1345,6175358.934,957.1277
node-021,2024-01-01 18:47:00,0.0835,8360974.9998,0.0,1.5557,144279.5924,6.0868,6284915.1631,955.0027
node-022,2024-01-01 18:47:00,0.1075,8261248.7865,0.0,0.8957,113472.1705,5.1118,6196788.6927,969.0944
node-023,2024-01-01 18:47:00,0.1174,6970204.6144,6.3793,0.7058,94572.0237,6.0324,6249750.8779,939.5662
node-024,2024-01-01 18:47:00,0.1162,7733918.3405,5.0623,0.6051,109370.2498,12.0014,6199795.6661,960.9553
node-025,2024-01-01 18:47:00,0.0933,9161722.5171,0.0,0.9013,153504.2125,4.8617,6229480.4742,965.6881
node-026,2024-01-01 18:47:00,0.0111,4782886.0328,0.3162,0.1145,95228.7311,5.8699,6295506.6963,881.042
node-027,2024-01-01 18:47:00,0.2251,7822834.9699,5.711,1.0203,127167.7258,7.9911,6134435.3913,962.983
node-028,2024-01-01 18:47:00,0.2157,8657112.4962,4.0051,0.9161,170037.1391,8.9502,6253833.8859,950.1316
node-029,2024-01-01 18:47:00,0.1226,7835508.8102,9.6242,0.9181,125760.5432,11.0972,6246352.9275,956.501
node-030,2024-01-01 18:47:00,0.0992,7664679.0338,0.7641,0.7491,118536.5687,6.1048,6245691.7542,953.5864
node-031,2024-01-01 18:47:00,0.1886,29248479.1865,0.418,0.0,1903.954,0.0,32249.6823,3.0669
node-032,2024-01-01 18:47:00,0.1025,7632346.9828,10.0571,1.1808,124248.9794,5.9512,6223852.9105,959.7813
node-033,2024-01-01 18:47:00,0.211,7694954.4994,3.5462,0.8048,115077.4132,7.001,6203019.1995,977.526
node-034,2024-01-01 18:47:00,0.0,5596920.3924,0.6047,0.2151,117338.544,3.0954,6337913.7212,905.5698
node-035,2024-01-01 18:47:00,0.0442,9025476.6195,0.3578,0.8327,124663.2324,9.1405,6391681.0105,945.5305
node-036,2024-01-01 18:47:00,0.1194,7757648.5736,0.0,4.0915,116597.6809,7.8868,6255000.9283,946.8492
node-037,2024-01-01 18:47:00,0.1134,8307266.1666,11.8191,0.8309,128177.8383,5.9995,6253091.0871,954.6841
node-038,2024-01-01 18:47:00,0.1854,6908481.7479,3.7111,0.7182,112366.0649,7.0843,6186392.3005,961.7012
node-039,2024-01-01 18:47:00,0.1003,8500202.5727,8.1459,0.5875,108813.9979,7.93,6382399.1798,957.6252
node-040,2024-01-01 18:47:00,0.0,5471290.4164,0.0,0.0769,149051.5763,3.04,6208862.463,914.7913
node-041,2024-01-01 18:47:00,0.4123,7929695.546,5.1054,0.9947,112924.1655,8.0551,6201304.585,961.4633
node-042,2024-01-01 18:47:00,0.1167,7492626.5849,10.689,0.7522,112518.5012,7.0992,6147777.4925,929.0172
node-043,2024-01-01 18:47:00,0.3626,8880688.0624,0.2661,1.1124,107280.9695,7.1127,6177122.0686,957.9254
node-044,2024-01-01 18:47:00,0.2566,7881674.8387,10.6949,1.0134,114349.4223,10.92,6189596.6666,964.1909
node-045,2024-01-01 18:47:00,0.1268,7748514.5169,0.3768,0.8818,121584.5313,7.6483,6239918.0157,921.4048
node-046,2024-01-01 18:47:00,0.1049,7588210.4983,0.0,0.8921,118568.0276,8.0666,6286879.7372,946.4837
node-047,2024-01-01 18:47:00,0.1819,7964801.252,0.0,0.7727,127301.8193,4.0759,6210774.1787,952.6782
node-048,2024-01-01 18:47:00,0.332,8110290.2025,1.2261,0.7089,124265.2961,5.9192,6264238.4806,954.8038
node-049,2024-01-01 18:47:00,0.0,5010863.0047,0.0,0.1863,144025.7223,1.8836,6217902.5993,921.8901
node-050,2024-01-01 18:47:00,0.0,2357220.4701,0.2896,0.1985,105841.8786,2.8892,6227160.9619,898.5208
node-051,2024-01-01 18:47:00,0.1157,7338107.1482,10.4742,1.7089,153207.6665,5.8922,6165743.6371,955.2993
node-052,2024-01-01 18:47:00,0.0996,8126846.3615,0.0944,0.806,135159.7051,5.5692,6262868.9549,953.104
node-053,2024-01-01 18:47:00,0.1944,8325627.0182,0.2478,1.3922,128350.608,8.9901,6214924.5637,951.3011
node-054,2024-01-01 18:47:00,0.192,8029628.7084,0.0,0.9126,126244.404,8.4513,6220738.7828,949.7514
node-055,2024-01-01 18:47:00,0.1725,8116477.79,0.2592,1.0167,111964.4534,8.1083,6241349.5844,964.8179
node-056,2024-01-01 18:47:00,0.0945,8159378.6404,6.0598,1.4129,137717.1193,7.8854,6193517.8521,967.5743
node-057,2024-01-01 18:47:00,0.0554,4303462.4504,6.4992,1.0924,126599.231,6.0084,6179847.5092,937.1873
node-058,2024-01-01 18:47:00,0.0996,8333377.7626,0.0,1.0309,104397.8677,12.0998,6176722.9959,956.2667
node-059,2024-01-01 18:47:00,0.1006,8471591.1049,10.7112,0.9787,120287.1968,8.1098,6183748.7651,943.5955
node-060,2024-01-01 18:47:00,0.103,7541458.7749,4.8894,0.7956,106847.6071,8.9478,6129939.239,948.7527
node-061,2024-01-01 18:47:00,0.1058,7461300.4274,0.0,0.9917,139285.0263,8.9376,6237351.834,952.0105
node-062,2024-01-01 18:47:00,0.0624,7855121.4154,12.0627,0.8071,137755.1374,8.9017,6196042.7588,954.5395
node-063,2024-01-01 18:47:00,0.1141,7796303.0542,17.5056,1.019,131868.9854,7.0994,6225278.1062,949.738
node-064,2024-01-01 18:47:00,0.1119,7572652.9869,7.9708,0.9059,133014.5099,7.1925,6191853.9878,969.179
node-065,2024-01-01 18:47:00,0.3088,7858914.3963,0.0,1.814,133854.1389,6.0176,6264271.8818,942.0722
node-066,2024-01-01 18:47:00,0.022,8098878.5058,7.5291,1.0913,144726.8634,12.0213,6124281.2146,963.0626
node-067,2024-01-01 18:47:00,0.0993,7294198.4876,0.2561,0.8209,135070.4079,8.0805,6250181.6528,940.9398
node-068,2024-01-01 18:47:00,0.1004,8341206.838,12.4807,0.9756,127608.9467,8.6271,6351154.0597,959.7433
node-069,2024-01-01 18:47:00,0.0815,8278769.1258,13.4341,1.2098,107302.704,10.0237,6162135.8388,948.6499
node-070,2024-01-01 18:47:00,0.1611,7632080.4024,0.8697,1.0055,119023.2553,10.0452,6217104.4744,960.8633
node-071,2024-01-01 18:47:00,0.0328,8142618.36,0.1489,0.7308,125462.7979,4.9074,6190585.5617,947.6551
node-072,2024-01-01 18:47:00,0.0309,100713770.5102,0.3425,0.1971,142915.3309,3.957,6116129.3905,916.4611
node-073,2024-01-01 18:47:00,0.1437,7519776.1755,0.0,0.6285,140782.7577,5.2564,6381632.1749,941.381
node-074,2024-01-01 18:47:00,0.4044,7372707.8982,11.0729,0.7764,125718.2472,8.0448,6206330.4752,969.0023
node-075,2024-01-01 18:47:00,0.1419,8884369.8503,6.6566,0.5944,109654.1155,7.9141,6217901.2934,939.7724
node-076,2024-01-01 18:47:00,0.0003,5989228.9046,0.0,0.0787,115453.7444,3.5845,6155724.4286,885.5932
node-077,2024-01-01 18:47:00,0.1031,7296635.7294,3.8339,1.0543,143855.5915,6.0167,6284572.0463,942.9867
node-078,2024-01-01 18:47:00,0.2259,8166764.8847,6.6132,0.9195,121922.9593,8.0938,6223434.1026,959.2233
node-079,2024-01-01 18:47:00,0.1016,8020125.368,0.7641,0.9748,108319.792,8.0485,6173314.8779,946.3016
node-080,2024-01-01 18:47:00,0.1195,7875618.2163,0.0,0.998,123548.0592,8.9893,6290101.3642,950.258
node-081,2024-01-01 18:47:00,0.119,7389647.8483,0.0,0.8363,199286.3228,5.0765,6221424.6887,950.0398
node-082,2024-01-01 18:47:00,0.0145,5381758.6813,0.0,0.0901,98823.0884,4.126,6276301.6878,912.7539
node-083,2024-01-01 18:47:00,0.2173,7917560.707,0.0,6.9319,125282.9273,9.9083,6296345.0512,962.9989
node-084,2024-01-01 18:47:00,0.0907,8370255.0398,14.079,0.9431,122191.8647,6.979,6215854.4312,959.2799
node-085,2024-01-01 18:47:00,0.086,7896285.9569,4.9806,0.881,134763.6023,7.9356,6170647.9654,963.3859
node-086,2024-01-01 18:47:00,0.1371,7691078.4207,7.5567,0.8898,136350.0722,7.9749,6219274.29,961.8731
node-087,2024-01-01 18:47:00,0.086,8491909.505,0.0479,1.22,119272.4696,9.005,6154080.6787,922.1291
node-088,2024-01-01 18:47:00,0.1223,7408312.9911,0.0,0.7946,116114.0731,5.0044,6206271.5133,946.6015
node-089,2024-01-01 18:47:00,0.1031,7950146.8797,0.5321,1.407,121157.6583,10.3818,6180613.3745,954.7116
node-090,2024-01-01 18:47:00,0.1545,8516721.3452,0.0,0.7627,174327.4531,6.9926,6161461.3015,922.313
node-091,2024-01-01 18:47:00,0.1016,8217947.332,14.0774,1.0304,109572.5646,9.0813,6211565.039,974.3078
node-092,2024-01-01 18:47:00,0.0895,9036588.3196,0.0,0.8328,120920.7647,7.0317,6235905.9669,941.4125
node-093,2024-01-01 18:47:00,0.1,9134246.5455,5.1386,0.7239,122399.6807,7.8831,6216496.3757,952.159
node-094,2024-01-01 18:47:00,0.1818,7439943.205,0.8919,1.1081,118281.4615,9.0264,6197401.1965,956.8882
node-095,2024-01-01 18:47:00,0.0923,8287425.791,13.3456,1.0103,126381.8537,5.117,6198931.0631,945.2373
node-096,2024-01-01 18:47:00,0.0,9181023.2308,0.0,0.732,122172.0108,5.9851,6263704.9592,942.1085
node-097,2024-01-01 18:47:00,0.0655,7700575.1499,0.0,0.9852,137380.7967,11.8999,6164069.3696,948.0061
node-098,2024-01-01 18:47:00,0.0826,7876068.9271,7.9889,1.0881,110181.7424,7.9509,6245142.4944,952.4959
node-099,2024-01-01 18:47:00,0.1104,7396361.1178,9.7568,0.9857,139773.9304,7.0139,6154869.3157,947.7114
node-100,2024-01-01 18:47:00,0.1042,8113834.4246,0.0,0.6304,193933.8826,6.422,6246162.0673,958.4687
node-101,2024-01-01 18:47:00,0.0161,4271982.8118,0.374,0.1816,112821.4872,5.9155,6354602.9503,913.9101
node-102,2024-01-01 18:47:00,0.0926,8013743.1229,0.0,1.0976,128424.2616,6.849,6152974.0809,947.7606
node-103,2024-01-01 18:47:00,0.1036,7682590.0195,0.0,0.7714,113967.0526,6.8442,6155665.821,925.3629
node-104,2024-01-01 18:47:00,0.0957,7524584.462,0.0,1.0025,158556.509,11.0765,6249952.1476,955.1376
node-105,2024-01-01 18:47:00,0.0901,7946652.8254,8.9937,0.9053,169728.6788,6.9916,6169709.3779,944.51
node-106,2024-01-01 18:47:00,0.0073,4752346.6565,0.0,0.2251,111866.7596,5.2284,6292720.0768,883.7501
node-107,2024-01-01 18:47:00,0.1279,7361973.4083,0.6815,1.2935,124138.6105,11.7954,6195493.1592,946.9155
node-108,2024-01-01 18:47:00,0.0916,9783606.3363,0.0,0.8787,110726.444,8.0804,6225928.5756,937.4057
node-109,2024-01-01 18:47:00,0.2888,7531368.7047,0.5937,0.8039,117070.0404,7.0474,6256267.3245,935.6767
node-110,2024-01-01 18:47:00,0.0909,8487915.4932,2.59,1.0119,127220.859,7.3052,6234060.8378,926.1276
node-111,2024-01-01 18:47:00,0.0933,8981771.4147,0.0,0.9867,106264.5491,7.989,6200023.8191,950.4776
node-112,2024-01-01 18:47:00,0.0,7919528.8142,10.6373,0.7554,129760.141,6.6183,6207695.7327,927.1908
node-113,2024-01-01 18:47:00,0.0708,7701493.303,0.0,1.0907,119572.6502,9.058,6257059.4444,953.419
node-114,2024-01-01 18:47:00,0.0996,7354370.9468,13.887,0.8942,111338.5273,5.9677,6211507.1847,960.9128
node-115,2024-01-01 18:47:00,0.1216,7889324.7452,0.5414,0.7915,119965.5407,6.0559,6225445.8353,946.2316
node-116,2024-01-01 18:47:00,0.1042,7775247.4543,8.6865,1.412,112935.3639,9.0906,6161916.4413,957.0539
node-117,2024-01-01 18:47:00,0.11,9418565.8131,0.0,1.0503,141701.8954,9.5423,6216434.1927,957.064
node-118,2024-01-01 18:47:00,0.1267,7676036.021,8.3549,0.9021,127055.7494,8.9378,6226334.3152,947.1786
node-119,2024-01-01 18:47:00,0.1212,9048689.8657,0.6983,0.8085,128760.9889,8.9619,6232137.2672,958.9715
node-000,2024-01-01 18:48:00,0.0784,7728906.3394,0.0603,0.838,157175.8537,7.5254,6352293.3671,960.0988
node-001,2024-01-01 18:48:00,0.2107,7757729.9303,0.0,0.8873,113035.4852,5.003,6239755.7616,967.4412
node-002,2024-01-01 18:48:00,0.1052,8496895.9643,0.0,1.3106,134436.3048,8.7224,6318969.0223,961.5141
node-003,2024-01-01 18:48:00,0.091,9325747.8054,4.6207,0.6949,124283.7651,7.0947,6294501.5931,955.9139
node-004,2024-01-01 18:48:00,0.2102,8325033.4677,0.0,1.1135,125981.5162,12.0036,6202426.8422,933.7506
node-005,2024-01-01 18:48:00,0.1473,7558968.1388,0.3138,0.5984,112716.9066,8.6281,6199045.2868,976.8317
node-006,2024-01-01 18:48:00,0.1104,5270374.6554,9.9312,0.2112,129481.3841,3.5919,6196796.3661,892.7899
node-007,2024-01-01 18:48:00,0.0957,7295729.5815,6.3146,0.7584,159098.8762,9.0131,6273704.6072,932.9546
node-008,2024-01-01 18:48:00,0.1951,8228004.658,13.593,1.0919,131013.8774,5.9543,6287387.5068,923.1594
node-009,2024-01-01 18:48:00,0.2055,8054461.042,3.0683,0.9766,127231.6119,8.0278,6242996.1482,943.8534
node-010,2024-01-01 18:48:00,0.0831,8080736.3197,0.0,1.4169,111642.6558,9.0489,6151882.6183,940.6778
node-011,2024-01-01 18:48:00,0.1206,7400495.3974,7.3249,0.8413,116215.3992,8.0452,6248304.6913,944.7199
node-012,2024-01-01 18:48:00,0.1094,7706940.024,0.0,0.7788,111273.4476,7.9215,6230479.8273,938.9775
node-013,2024-01-01 18:48:00,0.096,7702268.2567,0.6319,6.3879,174222.202,0.0371,15651.2085,953.643
node-014,2024-01-01 18:48:00,0.1081,9975002.2962,0.0,0.7956,121994.8218,9.1629,6321129.9582,935.6836
node-015,2024-01-01 18:48:00,0.0049,4818487.7032,0.0,0.2132,141765.3544,3.8287,6158414.9993,894.4914
node-016,2024-01-01 18:48:00,0.0938,7365091.4867,7.3381,1.0104,121858.0648,8.0063,6228593.8319,959.4171
node-017,2024-01-01 18:48:00,0.086,8658976.9735,0.3826,0.9672,140043.8565,6.0143,6229068.6877,951.9875
node-018,2024-01-01 18:48:00,0.0876,8195721.9806,8.4949,1.1177,94397.8049,7.9983,6135661.8683,939.587
node-019,2024-01-01 18:48:00,0.0878,8007096.1226,1.1227,1.1189,119355.1379,6.0031,6258490.1335,943.5178
node-020,2024-01-01 18:48:00,0.1262,8245787.9442,0.0,1.1171,163091.8433,15.9649,6230847.9676,945.7535
node-021,2024-01-01 18:48:00,0.0885,8356030.4291,0.0,1.5133,118688.0044,5.9998,6269342.4464,965.7131
node-022,2024-01-01 18:48:00,0.1037,8163770.4242,0.0,0.9051,123376.1254,13.0337,6204651.502,961.7022
node-023,2024-01-01 18:48:00,0.1027,7463233.8023,6.2193,0.7164,120450.431,5.9737,6318432.2221,945.969
node-024,2024-01-01 18:48:00,0.0876,7401533.3454,5.9421,0.6519,100379.1402,5.9761,6231328.298,941.2363
node-025,2024-01-01 18:48:00,0.1039,9220212.5075,0.315,0.6959,133134.3228,7.002,6313702.5669,963.9681
node-026,2024-01-01 18:48:00,0.0,5295061.3697,0.0,0.2167,110101.6329,3.1245,6255942.367,892.0698
node-027,2024-01-01 18:48:00,0.0987,7859677.767,5.155,0.9801,135363.9058,6.9484,6197043.8626,946.2028
node-028,2024-01-01 18:48:00,0.0787,8158504.1494,4.9052,0.799,154782.6809,10.2213,6126233.0754,945.0878
node-029,2024-01-01 18:48:00,0.1162,7772088.4488,10.0624,0.8788,81107.9316,10.3902,6185062.3502,953.9873
node-030,2024-01-01 18:48:00,0.1222,7697786.8432,0.0195,0.7222,130705.864,10.02,6273128.86,969.6943
node-031,2024-01-01 18:48:00,0.0113,29295928.9905,1.3321,0.0,10271.393,0.0122,74873.167,0.0
node-032,2024-01-01 18:48:00,0.0827,7530945.9013,10.2819,1.1828,115350.1642,7.0706,6209556.1639,936.9825
node-033,2024-01-01 18:48:00,0.2067,7791529.9382,3.2705,0.7955,126925.9356,6.4226,6235690.7949,953.571
node-034,2024-01-01 18:48:00,0.0,5127236.5655,0.3144,0.2011,116391.0585,3.1329,6157671.4634,887.0815
node-035,2024-01-01 18:48:00,0.0936,9158478.9784,0.5494,0.5902,122628.144,9.0648,6227277.3504,942.8587
node-036,2024-01-01 18:48:00,0.084,8248405.5121,0.0,0.9994,110293.7721,9.9274,6246046.9975,949.1767
node-037,2024-01-01 18:48:00,0.0913,8320910.2839,12.8002,1.0127,111662.8757,5.9726,6204798.2639,940.6551
node-038,2024-01-01 18:48:00,0.1554,6896478.4977,4.1047,0.7204,104774.426,9.0259,6185952.6473,972.1663
node-039,2024-01-01 18:48:00,0.1339,8566823.1117,7.8388,0.7049,110969.0692,10.0755,6215927.878,963.0282
node-040,2024-01-01 18:48:00,0.0182,5364613.1848,0.9233,0.0886,160650.4142,6.0895,6158166.4569,912.8548
node-041,2024-01-01 18:48:00,0.2149,7650448.8797,4.8165,0.8166,127741.3787,7.8141,6240295.7701,961.7005
node-042,2024-01-01 18:48:00,0.0922,7979878.4854,11.0472,0.8138,101255.9396,4.0124,6214801.7282,953.7631
node-043,2024-01-01 18:48:00,0.4023,8786002.9512,0.0,0.7013,124803.7894,5.9823,6186579.1781,960.62
node-044,2024-01-01 18:48:00,0.1928,7702228.5663,10.4266,0.8969,129618.443,8.1495,6204733.4054,948.7759
node-045,2024-01-01 18:48:00,0.1144,8195034.2327,0.0,1.067,124715.5669,6.923,6212012.2404,921.3601
node-046,2024-01-01 18:48:00,0.115,7773835.6596,0.0,1.0128,124032.2059,10.984,6175609.5318,928.8383
node-047,2024-01-01 18:48:00,0.099,7308602.2573,1.1877,1.0873,124960.1878,9.0683,6243586.1045,932.8396
node-048,2024-01-01 18:48:00,0.1512,8257134.865,1.8821,1.2026,101766.7418,5.9691,6231260.9865,963.7767
node-049,2024-01-01 18:48:00,0.0137,5063867.8683,0.0,0.1899,127697.7982,1.9417,6299997.8888,905.0957
node-050,2024-01-01 18:48:00,0.0,2273824.4519,0.3598,0.1704,124769.7384,2.9053,6254527.6618,886.82
node-051,2024-01-01 18:48:00,0.1168,7570875.983,10.3931,1.5748,152757.2101,4.9983,6231834.7718,957.1374
node-052,2024-01-01 18:48:00,0.1129,7871287.0072,0.0,0.8171,123685.1983,5.0077,6300199.883,955.3276
node-053,2024-01-01 18:48:00,0.2043,8494950.1721,0.2976,1.0559,110914.139,9.0302,6196944.8914,953.1977
node-054,2024-01-01 18:48:00,0.0892,7642808.947,0.0488,1.1147,120744.4834,8.0146,6245585.6317,957.9426
node-055,2024-01-01 18:48:00,0.099,7697078.9509,0.0,0.9019,110580.0529,7.8492,6204174.3899,951.9757
node-056,2024-01-01 18:48:00,0.1441,8031829.9941,5.9665,0.8932,134818.5946,7.9186,6216106.2249,963.097
node-057,2024-01-01 18:48:00,0.1102,4088534.5666,7.3908,1.0123,127622.368,6.504,6223128.6037,925.321
node-058,2024-01-01 18:48:00,0.0848,7846850.2568,0.0,1.1065,166977.3255,9.5906,6223773.1677,949.8912
node-059,2024-01-01 18:48:00,0.1002,8531887.9548,9.4731,0.9801,113145.0849,10.021,6205992.1893,955.3453
node-060,2024-01-01 18:48:00,0.0822,7482655.4461,2.6524,0.7948,104492.4568,7.0169,6318620.9443,951.8604
node-061,2024-01-01 18:48:00,0.106,7850267.1465,0.0,1.593,123100.8633,6.9504,6223576.8633,942.5953
node-062,2024-01-01 18:48:00,0.0844,8218265.7385,11.2161,0.7898,121525.789,7.7887,6231391.5184,951.1034
node-063,2024-01-01 18:48:00,0.117,8075851.9977,17.0568,0.9023,97529.0089,6.8585,6180720.4938,961.5278
node-064,2024-01-01 18:48:00,0.0872,7516549.1021,8.025,0.9598,117022.98,6.036,6200885.6307,961.2549
node-065,2024-01-01 18:48:00,0.3032,8160765.2752,0.0,1.8232,139033.5267,5.9841,6222898.082,956.7312
node-066,2024-01-01 18:48:00,0.1035,8429121.0393,7.2644,1.204,116784.2373,12.0186,6425916.7585,963.7649
node-067,2024-01-01 18:48:00,0.0909,7379485.4689,0.678,0.7005,133922.2688,7.9763,6188341.139,959.446
node-068,2024-01-01 18:48:00,0.0935,8345823.5956,11.4342,0.9911,120023.6956,8.9224,6232115.2125,946.1523
node-069,2024-01-01 18:48:00,0.1122,8573846.1176,14.5235,0.9586,131892.7564,9.0793,6403327.4815,953.4205
node-070,2024-01-01 18:48:00,0.1145,7090918.4517,0.0,0.9465,129934.5106,9.9333,6223783.7668,957.1073
node-071,2024-01-01 18:48:00,0.1107,7834005.4725,0.0,0.8907,125263.0785,6.9694,6229084.3227,942.2115
node-072,2024-01-01 18:48:00,0.0136,100790429.8829,0.0,0.2129,83502.1232,2.9715,6232391.6314,892.7887
node-073,2024-01-01 18:48:00,0.127,7667845.1639,0.1087,0.7004,101870.4357,5.9709,6356043.0665,938.1209
node-074,2024-01-01 18:48:00,0.1844,7755550.7057,11.628,0.8712,126797.3109,7.0113,6188940.7015,957.6788
node-075,2024-01-01 18:48:00,0.1146,8500889.0009,7.823,0.7041,110019.3655,6.037,6152496.7158,952.5686
node-076,2024-01-01 18:48:00,0.0,6042307.9568,0.0,0.2046,127239.2169,3.969,6264843.8658,888.2505
node-077,2024-01-01 18:48:00,0.0984,7586834.8691,2.0634,0.9001,123311.6583,8.9643,6205286.8804,946.3078
node-078,2024-01-01 18:48:00,0.1079,8238558.8982,8.2122,0.9375,123095.7768,10.1023,6225104.6961,940.2689
node-079,2024-01-01 18:48:00,0.1251,7918196.2242,0.8665,1.2085,124794.6587,9.0234,6164730.2499,935.8715
node-080,2024-01-01 18:48:00,0.1468,7691624.2309,0.0,1.1494,122179.9915,7.9121,6278714.5518,952.7177
node-081,2024-01-01 18:48:00,0.0888,7597943.0134,0.1342,0.7996,159562.894,7.0308,6184130.8027,953.9801
node-082,2024-01-01 18:48:00,0.0,4968741.9517,0.1076,0.1094,119691.6227,3.9787,6070196.4647,872.6574
node-083,2024-01-01 18:48:00,0.1118,7495264.8862,0.0619,7.0895,144095.7709,8.943,6171772.0962,954.7978
node-084,2024-01-01 18:48:00,0.1628,8140857.665,14.4289,1.0142,115803.5034,7.636,6181717.7648,986.354
node-085,2024-01-01 18:48:00,0.0885,8478949.2849,4.4627,0.9202,125833.7869,11.0455,6185082.7016,953.4934
node-086,2024-01-01 18:48:00,0.1072,7949100.1515,7.7283,0.9723,128081.0272,15.0086,6238980.0603,960.4023
node-087,2024-01-01 18:48:00,0.1482,7761921.8776,0.0,1.01,121575.6043,8.9133,6225459.2756,933.9089
node-088,2024-01-01 18:48:00,0.1167,7924424.961,0.0337,0.6794,139351.8049,5.9325,6297903.2789,964.0219
node-089,2024-01-01 18:48:00,0.1001,8017105.7354,0.9964,1.399,109156.9934,10.5184,6278128.7817,936.9627
node-090,2024-01-01 18:48:00,0.0963,9007286.2501,0.0,0.7736,148463.7925,8.9629,6232292.5812,911.781
node-091,2024-01-01 18:48:00,0.0763,8701566.4096,13.3276,0.9026,138377.6758,9.017,6153382.1402,943.9057
node-092,2024-01-01 18:48:00,0.1636,9432139.6422,0.1215,0.8064,134245.7134,7.0029,6319759.4237,952.6092
node-093,2024-01-01 18:48:00,0.0964,8861345.386,6.4038,0.7038,110520.4183,8.0789,6260624.0846,958.7136
node-094,2024-01-01 18:48:00,0.1418,8049924.2882,0.0,4.6134,108101.4549,4.9468,6344953.5527,950.5616
node-095,2024-01-01 18:48:00,0.0832,7243269.1576,13.7203,0.9784,136574.6613,7.947,6237950.2165,947.4696
node-096,2024-01-01 18:48:00,0.0908,9017923.8609,0.2078,0.6925,105969.9643,3.9247,6213342.8102,951.9882
node-097,2024-01-01 18:48:00,0.1106,7503718.6771,0.0,1.0028,131764.956,7.0151,6224872.8831,951.78
node-098,2024-01-01 18:48:00,0.1469,7887345.8099,8.8796,1.0926,126449.1164,11.6733,6184882.2165,944.1658
node-099,2024-01-01 18:48:00,0.1429,7724768.2154,10.751,1.1065,106094.2655,7.6058,6306280.7096,955.3845
node-100,2024-01-01 18:48:00,0.1172,8019619.4849,0.0,0.6153,174185.2065,7.0626,6226545.8044,959.1554
node-101,2024-01-01 18:48:00,0.0,4294138.8521,0.2986,0.1925,193033.6502,2.9062,6253841.1459,910.2668
node-102,2024-01-01 18:48:00,0.1295,8041571.801,0.1017,0.9018,130142.7527,8.9152,6148853.5045,960.2757
node-103,2024-01-01 18:48:00,0.1145,7819327.6196,0.0,0.7885,116757.9984,6.9225,6135117.3374,923.3428
node-104,2024-01-01 18:48:00,0.1195,7669646.1772,0.1215,1.0168,99188.5183,8.1754,6230277.6955,958.1226
node-105,2024-01-01 18:48:00,0.1173,7908245.4832,8.2599,0.792,172622.4062,9.1525,6289597.5333,947.6525
node-106,2024-01-01 18:48:00,0.0,4268200.5189,0.1655,0.3075,106477.1228,3.9775,6270611.6042,898.9714
node-107,2024-01-01 18:48:00,0.1021,7015093.1873,0.4096,1.3058,134502.6973,10.9726,6240834.1122,944.8772
node-108,2024-01-01 18:48:00,0.1276,9137911.9675,0.5896,0.7953,112698.5641,7.9851,6292117.7133,938.6407
node-109,2024-01-01 18:48:00,0.1324,8032469.5265,0.0,0.8287,128667.6777,6.9778,6276778.8563,938.0997
node-110,2024-01-01 18:48:00,0.1016,7716765.5961,4.4746,0.7905,123551.3618,8.0663,6302305.4262,922.2574
node-111,2024-01-01 18:48:00,0.0986,8668450.9121,0.0,0.992,110377.8424,7.9387,6248451.3486,950.5409
node-112,2024-01-01 18:48:00,0.0942,7177581.1072,8.4814,0.7583,134029.7991,6.0523,6121546.0915,940.0692
node-113,2024-01-01 18:48:00,0.1174,7813086.1321,1.0216,1.031,127785.3697,16.0365,6105450.6873,959.5631
node-114,2024-01-01 18:48:00,0.1133,7966918.1527,15.5814,0.6771,162822.1149,9.0291,6300998.3719,943.9974
node-115,2024-01-01 18:48:00,0.1019,7736749.2346,0.762,1.0108,111099.4462,7.0255,6192671.9352,948.5993
node-116,2024-01-01 18:48:00,0.1032,7981388.3483,8.2967,0.9255,107693.8167,7.9865,6365198.4176,955.0279
node-117,2024-01-01 18:48:00,0.1285,9562150.9993,0.0,1.1046,123591.0018,9.0578,6200123.3494,945.2915
node-118,2024-01-01 18:48:00,0.1067,7932588.3558,7.9785,0.8879,116108.6318,7.9516,6238431.544,938.1456
node-119,2024-01-01 18:48:00,0.0928,9304667.0809,0.8427,0.9541,126570.7622,7.0575,6264939.7485,930.4912
node-000,2024-01-01 18:49:00,0.1012,7653050.5465,0.0,1.3134,174143.5519,8.1209,6210003.5467,960.144
node-001,2024-01-01 18:49:00,0.0772,7494104.2127,0.0,0.9079,123789.3888,6.0182,6146737.1396,957.5717
node-002,2024-01-01 18:49:00,0.1074,8925047.8052,1.2047,0.8882,92418.8775,7.9952,6237314.3642,953.6587
node-003,2024-01-01 18:49:00,0.1166,9728780.6131,4.0883,0.8947,124285.064,5.8646,6253974.5916,939.7169
node-004,2024-01-01 18:49:00,0.1953,7935886.9258,0.0,1.1233,111209.8172,5.9163,6197901.0602,943.0575
node-005,2024-01-01 18:49:00,0.0919,7266489.9877,0.4393,0.7785,122712.1921,8.9853,6195753.4608,947.9605
node-006,2024-01-01 18:49:00,0.0874,5319715.0677,10.56,0.1082,119534.5812,3.1216,6260817.0905,893.7164
node-007,2024-01-01 18:49:00,0.1052,7510333.7547,8.6192,0.8213,159035.3241,6.9735,6246265.438,946.4681
node-008,2024-01-01 18:49:00,0.1341,7970101.1638,13.634,0.6454,126225.7272,6.1609,6201355.5453,940.2619
node-009,2024-01-01 18:49:00,0.0,8106846.5288,2.3959,1.0321,134299.5647,6.8887,6111994.3477,955.2367
node-010,2024-01-01 18:49:00,0.1624,8524398.8565,0.3338,1.5513,117094.6315,9.9474,6189891.0187,958.1532
node-011,2024-01-01 18:49:00,0.255,7263815.7605,8.2068,0.8733,113741.2314,8.0024,6217866.896,948.6815
node-012,2024-01-01 18:49:00,0.2159,7369512.8018,0.3057,0.9006,88164.7688,8.0229,6268025.9489,945.1616
node-013,2024-01-01 18:49:00,0.0661,7807963.1284,0.1476,1.1694,166215.2796,0.0,0.0,971.2928
node-014,2024-01-01 18:49:00,0.1571,9587254.1149,0.5007,0.8216,119360.141,11.9147,6218133.2624,951.4735
node-015,2024-01-01 18:49:00,0.0,4058210.3209,0.0084,0.1782,132514.8514,3.9741,6077649.0146,891.4905
node-016,2024-01-01 18:49:00,0.1107,7628156.4596,8.3684,1.3928,132490.3147,6.0907,6161014.9471,938.1832
node-017,2024-01-01 18:49:00,0.1196,8731998.429,0.0,0.6828,135085.9709,5.8791,6210634.8682,943.3513
node-018,2024-01-01 18:49:00,0.1044,7932513.1984,10.4497,1.1042,117315.1114,10.0354,6240672.8687,958.7795
node-019,2024-01-01 18:49:00,0.1076,7987812.2488,0.083,0.8731,153516.9723,6.0313,6201427.3596,930.0932
node-020,2024-01-01 18:49:00,0.1561,7830354.8919,1.0883,1.107,153259.5053,6.9051,6233308.9417,965.8844
node-021,2024-01-01 18:49:00,0.1244,8518123.8696,0.0,1.3789,80546.2957,6.0734,6197459.1494,939.2439
node-022,2024-01-01 18:49:00,0.1033,8173558.9685,0.0,0.8972,133382.1167,7.9743,6243428.4965,950.3708
node-023,2024-01-01 18:49:00,0.0794,7703454.1447,6.4045,0.802,149435.0241,9.9058,6201468.3718,973.3486
node-024,2024-01-01 18:49:00,0.1134,7419916.3712,4.9634,0.6911,118724.5247,8.9581,6204179.3587,952.5964
node-025,2024-01-01 18:49:00,0.0933,9697382.1964,0.3928,0.8981,110562.1651,7.9604,6205724.9304,957.9806
node-026,2024-01-01 18:49:00,0.0271,5142600.2539,0.2298,0.2061,125856.969,2.9882,6313067.2999,910.4294
node-027,2024-01-01 18:49:00,0.0964,8389699.8728,6.5586,0.9728,130211.9993,10.9247,6213765.6513,939.2673
node-028,2024-01-01 18:49:00,0.1075,8373223.6382,6.1891,0.7842,121645.6713,11.0111,6188109.8572,941.27
node-029,2024-01-01 18:49:00,0.0864,8065094.7812,9.063,0.7852,143693.0318,9.8668,6160174.8011,964.2713
node-030,2024-01-01 18:49:00,0.0852,7897776.5613,0.0,0.7162,133983.9955,7.9197,6227925.1576,964.4952
node-031,2024-01-01 18:49:00,0.0887,28943231.0206,0.0315,0.4912,0.0,0.0,76405.7039,9.7729
node-032,2024-01-01 18:49:00,0.1141,7695208.3511,9.1704,0.9217,120795.1628,7.9335,6240150.7217,943.1289
node-033,2024-01-01 18:49:00,0.188,8133601.8151,2.3883,0.7804,115429.4326,5.8883,6183423.7889,939.3483
node-034,2024-01-01 18:49:00,0.0119,4881976.5776,0.0,0.1963,137674.4421,3.0973,6216718.2333,886.5061
node-035,2024-01-01 18:49:00,0.1076,9180083.663,0.0,0.7005,134704.8455,9.0278,6216999.8807,964.7622
node-036,2024-01-01 18:49:00,0.1066,8133361.537,0.0,0.9005,131183.398,9.8063,6303987.8102,928.1055
node-037,2024-01-01 18:49:00,0.1174,7907729.9713,12.8172,0.6504,118112.2446,4.8671,6200770.24,945.8404
node-038,2024-01-01 18:49:00,0.0829,7051915.0326,3.1111,0.6901,132495.9893,10.0048,6179500.5738,950.9552
node-039,2024-01-01 18:49:00,0.0902,8735140.9895,7.3103,0.8944,135460.6088,12.1269,6224159.4412,944.9646
node-040,2024-01-01 18:49:00,0.0,5045218.4799,0.6778,0.0729,187515.2635,2.0223,6007501.8148,882.8804
node-041,2024-01-01 18:49:00,0.2047,7829069.58,4.035,1.0441,116830.7383,7.0519,6243200.8339,948.0922
node-042,2024-01-01 18:49:00,0.0846,7388233.457,10.3603,0.7025,114343.1023,5.9812,6183774.7667,929.2846
node-043,2024-01-01 18:49:00,0.1078,9093467.6874,0.1731,0.7941,111182.3179,5.968,6282008.5318,959.4796
node-044,2024-01-01 18:49:00,0.1285,7957753.8256,11.5182,0.919,131628.7199,8.0044,6206855.426,939.3739
node-045,2024-01-01 18:49:00,0.0943,7867527.3218,0.4825,1.2826,119914.1631,9.009,6193122.5634,913.7078
node-046,2024-01-01 18:49:00,0.0483,8157924.7928,0.3046,0.9189,109080.2272,9.3415,6181718.0166,950.3471
node-047,2024-01-01 18:49:00,0.1035,7808680.6117,0.2562,0.8902,102768.5698,8.6601,6215706.2737,948.1777
node-048,2024-01-01 18:49:00,0.3102,8266988.0721,1.2966,0.6762,131157.7297,4.9985,6211943.0262,969.1648
node-049,2024-01-01 18:49:00,0.1146,5368766.6669,0.0,0.1852,106884.4481,3.0462,6095472.78,895.1374
node-050,2024-01-01 18:49:00,0.0093,2615173.4943,0.1147,0.1008,123751.9795,2.9333,6207426.6252,913.8227
node-051,2024-01-01 18:49:00,0.1248,7537274.392,11.641,1.5903,159582.3054,8.0925,6258376.1859,960.5168
node-052,2024-01-01 18:49:00,0.1097,8373358.7424,0.0,0.8291,122740.1111,6.9542,6223597.1993,954.0424
node-053,2024-01-01 18:49:00,0.1512,8626070.6273,0.7678,1.0448,105743.806,8.4607,6285946.9398,943.6645
node-054,2024-01-01 18:49:00,0.0426,7304238.9318,0.0,1.0469,104380.8314,9.0104,6277575.0661,953.9256
node-055,2024-01-01 18:49:00,0.0904,7338193.8792,0.3327,0.8961,137167.7121,8.0549,6223137.4663,962.7187
node-056,2024-01-01 18:49:00,0.1086,7982229.9773,5.9808,0.8872,141812.261,7.9914,6165420.4894,953.9395
node-057,2024-01-01 18:49:00,0.1051,4552353.9032,7.0871,1.0899,110202.3662,6.9046,6256488.7208,932.4572
node-058,2024-01-01 18:49:00,0.116,8304194.8061,0.0,1.0958,161433.379,8.161,6221204.9521,951.6169
node-059,2024-01-01 18:49:00,0.1051,8310069.7614,10.1958,0.7894,114220.043,9.0367,6252544.4931,958.0405
node-060,2024-01-01 18:49:00,0.1085,7879010.1021,4.6449,0.8136,126652.4189,7.1247,6157902.5362,960.8405
node-061,2024-01-01 18:49:00,0.0901,8490678.2141,0.2376,1.0026,118765.264,15.9595,6222120.408,952.4542
node-062,2024-01-01 18:49:00,0.0758,8002092.2778,10.9543,0.9939,115868.9254,6.3593,6121281.2867,939.8375
node-063,2024-01-01 18:49:00,0.1006,7915982.8743,17.1927,1.0886,120761.2402,7.2625,6295964.0534,953.1608
node-064,2024-01-01 18:49:00,0.1095,7438685.559,8.056,0.9434,124698.5376,5.9536,6194515.8316,965.49
node-065,2024-01-01 18:49:00,0.2938,7696599.0731,0.4023,1.7751,92426.3147,8.1826,6124837.8345,953.5686
node-066,2024-01-01 18:49:00,0.0865,8512712.8592,8.5761,0.8925,99842.1713,10.128,6118739.72,938.5295
node-067,2024-01-01 18:49:00,0.0992,7741215.2214,0.0,0.6943,129099.0689,7.0008,6191876.1351,949.5191
node-068,2024-01-01 18:49:00,0.1526,8298078.9402,10.9594,1.1161,122746.8136,9.021,6234131.2003,938.9112
node-069,2024-01-01 18:49:00,0.0874,8447032.2391,13.1432,1.2937,127320.6335,6.9722,6193569.4391,969.7447
node-070,2024-01-01 18:49:00,0.1146,7454053.8007,1.1273,0.8981,174811.9668,8.0448,6282443.2538,968.8451
node-071,2024-01-01 18:49:00,0.0986,8185781.918,1.4887,1.0229,133384.1285,6.0703,6250152.1584,936.5517
node-072,2024-01-01 18:49:00,0.0,100963116.9066,0.1115,0.1186,129449.6998,3.113,6223128.2056,895.6979
node-073,2024-01-01 18:49:00,0.1094,7897750.7203,0.1818,0.7828,127702.4969,8.062,6232556.1455,975.2598
node-074,2024-01-01 18:49:00,0.1064,7411017.9966,11.1656,0.5903,115272.6778,7.9431,6354126.011,953.2067
node-075,2024-01-01 18:49:00,0.1057,8599379.788,6.9006,0.8682,126410.5015,5.8391,6198862.1039,945.3382
node-076,2024-01-01 18:49:00,0.0,5661481.083,0.0,0.1994,117129.1462,2.8634,6313633.4924,889.4149
node-077,2024-01-01 18:49:00,0.0942,7870970.7912,4.6616,1.0837,109651.3481,16.0789,6263322.8395,956.413
node-078,2024-01-01 18:49:00,0.0875,8036071.4539,7.8662,0.925,141334.9521,12.0633,6347752.8544,957.6529
node-079,2024-01-01 18:49:00,0.114,7786695.6597,1.4894,1.3098,126017.1125,8.0318,6147952.8944,942.3455
node-080,2024-01-01 18:49:00,0.1024,8001344.9179,0.0,1.2568,112647.7223,7.6796,6200659.3328,944.8726
node-081,2024-01-01 18:49:00,0.1801,7229618.0203,0.0,0.6132,156982.663,11.9739,6198360.223,961.2745
node-082,2024-01-01 18:49:00,0.0005,5219193.6494,0.6874,0.1137,111260.9415,7.1301,6222321.9391,907.1197
node-083,2024-01-01 18:49:00,0.0805,7832374.3478,0.0,3.6506,127270.4379,7.9829,6259822.2305,970.034
node-084,2024-01-01 18:49:00,0.0911,8684504.0814,14.5734,1.1092,123576.1915,8.0501,6260801.5422,949.4806
node-085,2024-01-01 18:49:00,0.08,8393443.1006,5.7386,0.9039,114584.8872,10.4875,6202728.9207,948.0692
node-086,2024-01-01 18:49:00,0.1782,7873397.7979,7.8205,0.9175,140954.1842,9.4281,6267290.6254,946.1545
node-087,2024-01-01 18:49:00,0.1012,8457050.7614,0.0,1.0992,123421.5926,15.1252,6170120.7541,952.6409
node-088,2024-01-01 18:49:00,0.1207,7840274.6388,0.0,0.7794,122995.2646,5.1452,6206973.9531,948.3396
node-089,2024-01-01 18:49:00,0.0679,8071449.8921,0.0,1.5006,112877.9233,11.027,6211454.8647,952.1368
node-090,2024-01-01 18:49:00,0.09,8908624.8717,0.5989,0.7654,150348.9151,4.2274,6214058.9088,927.0139
node-091,2024-01-01 18:49:00,0.0972,8570339.2193,13.6625,0.9003,123491.7803,11.9683,6160282.6652,959.0564
node-092,2024-01-01 18:49:00,0.1075,9174683.8655,0.393,0.6109,106985.7568,6.0149,6160815.6124,947.4835
node-093,2024-01-01 18:49:00,0.1467,8897584.1896,5.5333,1.0137,135162.6714,6.4422,6192346.1659,961.6155
node-094,2024-01-01 18:49:00,0.0991,7591469.475,0.0,4.9927,128952.4867,4.9932,6214620.4904,948.1587
node-095,2024-01-01 18:49:00,0.1974,7401505.0044,13.7033,0.9445,120547.8058,12.0493,6183181.3993,948.5727
node-096,2024-01-01 18:49:00,0.0284,8989943.1417,0.0,0.8241,115640.1397,4.8905,6199707.5136,964.4377
node-097,2024-01-01 18:49:00,0.0838,6975708.9878,0.1603,0.8846,141468.42,8.0664,6151675.1207,970.2571
node-098,2024-01-01 18:49:00,0.1355,8397271.9232,7.0795,1.1979,121246.5849,14.8893,6260801.9304,951.9633
node-099,2024-01-01 18:49:00,0.0887,7703506.936,11.4408,1.1113,131771.8367,8.1222,6138005.2608,949.61
node-100,2024-01-01 18:49:00,0.1046,7747158.9638,0.1763,0.7258,148970.3726,6.0338,6247904.3604,952.7036
node-101,2024-01-01 18:49:00,0.0,4480163.6735,0.7737,0.1832,123588.7279,1.9921,6183924.0483,892.2172
node-102,2024-01-01 18:49:00,0.1035,7849889.3072,1.5078,0.8904,124759.476,8.7267,6243381.0383,950.4332
node-103,2024-01-01 18:49:00,0.1747,7986078.2925,0.5313,0.8542,121862.1426,7.981,6137809.8964,938.9527
node-104,2024-01-01 18:49:00,0.0837,7494719.3982,0.0,1.0481,116653.995,6.9485,6219187.5415,947.1115
node-105,2024-01-01 18:49:00,0.0993,8054933.0185,9.6572,0.9537,150489.3835,10.9469,6076860.6382,947.3099
node-106,2024-01-01 18:49:00,0.0,4537736.4256,0.0,0.1985,124872.7733,2.9886,6136050.663,893.3034
node-107,2024-01-01 18:49:00,0.114,7423336.6773,0.0,1.2222,128381.8185,7.9822,6278802.4933,951.4083
node-108,2024-01-01 18:49:00,0.1307,9457101.2958,0.0,0.7107,109598.3778,10.0903,6229189.7778,945.6681
node-109,2024-01-01 18:49:00,0.1092,7923060.2409,0.0,0.924,129420.9673,8.1007,6271168.1513,953.1095
node-110,2024-01-01 18:49:00,0.0914,8397536.8249,3.0138,0.7816,72684.8763,9.1131,6216726.6597,936.729
node-111,2024-01-01 18:49:00,0.1037,9014726.7936,0.0534,0.9885,132234.8221,8.0148,6240854.6921,952.1236
node-112,2024-01-01 18:49:00,0.1007,7741592.4532,10.3333,0.8151,117575.5576,6.9127,6296741.6149,932.715
node-113,2024-01-01 18:49:00,0.0984,7829519.6892,0.0,1.0123,129787.087,9.1858,6118301.562,940.8577
node-114,2024-01-01 18:49:00,0.0925,7887482.794,15.6909,0.7282,146425.0549,7.0288,6370241.5685,964.2273
node-115,2024-01-01 18:49:00,0.1367,7624684.2133,0.0,0.7826,107832.8636,5.8916,6350292.8478,956.3748
node-116,2024-01-01 18:49:00,0.0958,7932097.1198,10.16,1.0204,118229.4636,8.0961,6282617.631,960.7831
node-117,2024-01-01 18:49:00,0.0951,9092726.9601,0.6031,1.1762,117839.9882,7.9597,6275776.4861,934.8402
node-118,2024-01-01 18:49:00,0.0893,7873350.5291,8.5214,0.9425,119197.3875,6.9593,6214063.1226,957.7052
node-119,2024-01-01 18:49:00,0.1012,8645759.2954,0.0,0.6942,110935.4898,5.9662,6206899.3396,935.9795
node-000,2024-01-01 18:50:00,0.0976,7802264.4463,0.1739,1.1826,131648.3892,8.9819,6189766.0684,972.077
node-001,2024-01-01 18:50:00,0.1232,7555857.3406,1.4125,1.3175,119683.8924,8.1582,6138477.6087,960.6953
node-002,2024-01-01 18:50:00,0.0446,8955477.6842,0.371,0.7833,130280.12,9.0607,6129460.0126,956.7808
node-003,2024-01-01 18:50:00,0.2067,9428937.5408,5.6292,0.9127,148305.1575,5.9229,6230247.465,980.8142
node-004,2024-01-01 18:50:00,0.1039,8567761.9134,0.0,1.0574,113260.1092,6.9085,6180909.1122,949.3363
node-005,2024-01-01 18:50:00,0.0968,7436792.8948,0.0,0.8571,116784.1447,6.9522,6188326.5564,942.7089
node-006,2024-01-01 18:50:00,0.1035,5315987.197,10.4734,0.2043,144854.4881,3.9382,6210203.5695,877.2114
node-007,2024-01-01 18:50:00,0.1021,6762664.8336,5.7303,0.6722,138736.1804,9.0766,6239517.4762,952.7897
node-008,2024-01-01 18:50:00,0.0994,7799423.3864,13.5746,0.8055,143533.7161,5.9644,6223054.8987,923.7601
node-009,2024-01-01 18:50:00,0.1312,8395195.5917,3.4334,1.3012,101611.0195,9.9887,6133139.3723,956.2347
node-010,2024-01-01 18:50:00,0.1976,7956844.8162,0.0,1.6112,119848.2737,10.1454,6213677.0607,948.3109
node-011,2024-01-01 18:50:00,0.285,7663662.623,8.3906,1.0271,134354.3317,7.7712,6234778.3156,946.0907
node-012,2024-01-01 18:50:00,0.2483,7495554.2606,0.655,0.7529,127879.7189,7.0156,6246669.3612,936.7072
node-013,2024-01-01 18:50:00,0.1624,7762560.1161,0.2821,1.2145,175199.1896,0.0143,0.0,945.2156
node-014,2024-01-01 18:50:00,0.0,9791716.0823,0.1877,0.75,96265.9495,10.9867,6250272.5665,934.2859
node-015,2024-01-01 18:50:00,0.0,4146393.6161,0.0917,0.2312,146034.8047,4.0376,6394895.5236,929.0832
node-016,2024-01-01 18:50:00,0.092,7262976.3877,8.8233,1.3326,129873.9187,6.0542,6225913.257,952.853
node-017,2024-01-01 18:50:00,0.0952,8928379.2666,0.0,0.8929,150353.8755,8.0178,6278887.0974,928.4671
node-018,2024-01-01 18:50:00,0.1009,8336783.9534,8.6311,1.2802,112525.0125,7.152,6254296.9818,957.8392
node-019,2024-01-01 18:50:00,0.1923,8023020.4805,0.2779,0.9392,131784.475,6.0324,6210607.3767,947.8982
node-020,2024-01-01 18:50:00,0.1684,7940742.1559,0.0,1.136,144096.6956,7.024,6220503.0574,949.2307
node-021,2024-01-01 18:50:00,0.1224,8184203.2815,0.2308,1.5189,111080.1627,6.8834,6195566.9507,964.2227
node-022,2024-01-01 18:50:00,0.0888,8342360.9167,1.3913,0.915,125160.3554,8.5994,6281681.7208,960.7665
node-023,2024-01-01 18:50:00,0.1283,7902380.2214,5.7179,0.9263,130099.3006,7.7803,6244378.6135,952.7782
node-024,2024-01-01 18:50:00,0.0932,7392059.8654,5.6966,0.767,131958.1283,9.7672,6184394.1331,958.054
node-025,2024-01-01 18:50:00,0.0219,9299071.7865,0.2631,0.8626,113746.1949,5.8236,6200264.978,945.8326
node-026,2024-01-01 18:50:00,0.0,5399846.0928,0.0,0.2047,133616.973,3.9639,6047588.5778,877.4017
node-027,2024-01-01 18:50:00,0.071,7964969.2939,5.5343,1.023,124393.5704,10.4113,6190973.1116,956.6777
node-028,2024-01-01 18:50:00,0.1035,8270970.55,5.0422,0.783,120783.1937,6.0935,6254428.6595,939.2317
node-029,2024-01-01 18:50:00,0.0876,7763380.2215,9.9421,0.7994,120785.7954,10.0202,6382075.0894,963.9733
node-030,2024-01-01 18:50:00,0.1113,7533238.8238,0.0,0.8127,119767.3823,7.0477,6268806.8348,952.6072
node-031,2024-01-01 18:50:00,0.1125,28913021.8262,0.0,0.4556,244.7949,0.2033,28610.4507,0.0
node-032,2024-01-01 18:50:00,0.1156,7716718.0324,9.548,1.0,118280.3763,7.9748,6308599.1531,940.9281
node-033,2024-01-01 18:50:00,0.1813,7833364.1322,1.3823,0.7849,120247.0431,6.9915,6232974.8977,959.1348
node-034,2024-01-01 18:50:00,0.0061,5434893.1609,0.0,0.1846,107151.2222,3.7444,6185029.5445,903.8056
node-035,2024-01-01 18:50:00,0.1046,8777899.0243,0.0,1.0765,105950.1902,7.0044,6264846.5638,945.1263
node-036,2024-01-01 18:50:00,0.108,8364813.7403,0.6124,1.0763,126922.8957,8.8313,6218432.7391,941.6636
node-037,2024-01-01 18:50:00,0.1378,8214046.6792,11.6193,1.2195,125522.6617,7.9059,6173102.1551,950.8561
node-038,2024-01-01 18:50:00,0.0842,7412613.1037,2.9568,0.6708,116296.1262,6.9494,6169168.705,952.015
node-039,2024-01-01 18:50:00,0.1129,8397163.7585,7.6652,0.6872,120303.3191,10.6521,6219863.1381,943.261
node-040,2024-01-01 18:50:00,0.0,5204368.541,0.8004,0.1873,157167.2955,1.9425,6234923.8546,894.6912
node-041,2024-01-01 18:50:00,0.1139,8008578.8902,5.6057,0.9242,140778.7048,7.0196,6246258.1069,947.9481
node-042,2024-01-01 18:50:00,0.1047,7562672.9234,10.978,0.9977,122677.3564,5.9384,6190631.558,922.589
node-043,2024-01-01 18:50:00,0.1867,8474357.4149,0.0,0.9124,106627.2149,5.916,6281392.8715,955.0097
node-044,2024-01-01 18:50:00,0.3107,7632452.3275,10.9377,0.9381,111765.0296,11.6063,6210220.9171,949.0192
node-045,2024-01-01 18:50:00,0.1106,8379806.6338,0.0,0.8716,112698.428,9.9227,6336440.3191,917.2564
node-046,2024-01-01 18:50:00,0.0737,7508490.7742,0.2075,0.925,102502.324,7.9558,6294229.3049,946.4507
node-047,2024-01-01 18:50:00,0.1365,8267386.3471,0.1896,1.1313,103967.5496,5.9162,6204775.6395,954.9973
node-048,2024-01-01 18:50:00,0.1195,8091372.9596,1.4097,0.5969,118793.253,6.1274,6250214.5633,957.7739
node-049,2024-01-01 18:50:00,0.0,5227018.4863,0.0,0.0902,125687.6924,2.9872,6116665.1316,884.9969
node-050,2024-01-01 18:50:00,0.0179,2001614.1717,0.0,0.217,125634.4603,3.1153,6200123.7528,920.7935
node-051,2024-01-01 18:50:00,0.0,7567762.2052,11.0088,1.4912,151219.4106,9.9421,6240398.4802,958.4693
node-052,2024-01-01 18:50:00,0.0741,7946154.9434,0.1104,0.6654,111854.8005,7.8754,6201867.0885,947.4787
node-053,2024-01-01 18:50:00,0.1733,7811546.4364,0.0,1.0968,118828.3064,7.9989,6239152.2482,965.0852
node-054,2024-01-01 18:50:00,0.0945,7608376.8369,0.7893,0.891,133822.2134,5.0804,6199173.9905,954.5086
node-055,2024-01-01 18:50:00,0.0945,7934148.6705,0.0,1.4905,128892.8248,6.0454,6229375.837,968.1379
node-056,2024-01-01 18:50:00,0.0939,8194638.5719,5.7777,0.9094,135324.4145,9.5447,6205267.2932,960.0295
node-057,2024-01-01 18:50:00,0.1026,4231758.9363,6.1565,1.0926,107412.7831,5.1681,6179857.1899,928.0937
node-058,2024-01-01 18:50:00,0.2557,7976370.06,0.0,1.0991,162512.71,12.0312,6202328.3011,957.7607
node-059,2024-01-01 18:50:00,0.1054,8476711.6385,9.6633,0.9531,124911.7716,6.782,6298364.6526,959.7293
node-060,2024-01-01 18:50:00,0.1074,7602104.9917,5.0787,0.7962,108472.6265,6.3297,6176396.5499,947.0923
node-061,2024-01-01 18:50:00,0.1097,8368840.3214,0.5565,1.0132,122366.2266,16.1113,6254356.0263,950.7301
node-062,2024-01-01 18:50:00,0.1085,8092185.8619,12.6467,0.9091,98261.7773,5.981,6213841.4247,948.1402
node-063,2024-01-01 18:50:00,0.1003,7317567.426,16.668,1.5278,131308.1012,8.2169,6250191.1562,960.3359
node-064,2024-01-01 18:50:00,0.1038,7512368.756,7.6683,0.9176,96224.8887,8.2013,6241225.7011,958.4459
node-065,2024-01-01 18:50:00,0.3009,7741292.3712,0.3636,1.8038,151998.0625,8.0,6211675.0104,956.4793
node-066,2024-01-01 18:50:00,0.15,8373363.9047,6.8524,1.2744,108917.882,7.9194,6180961.2374,958.5461
node-067,2024-01-01 18:50:00,0.0995,7753301.7225,0.1414,0.7354,90335.0299,11.9658,6213163.2342,944.2082
node-068,2024-01-01 18:50:00,0.1125,8179922.6068,11.9646,1.1191,119722.5455,10.1198,6250106.3374,948.8698
node-069,2024-01-01 18:50:00,0.0944,8619768.9515,14.4443,0.9197,134985.0341,7.7022,6227278.5617,966.2162
node-070,2024-01-01 18:50:00,0.1226,7711344.5793,0.0,1.0802,106478.7843,8.9702,6206788.049,969.7401
node-071,2024-01-01 18:50:00,0.0889,8328885.8513,0.0,0.593,77813.9336,6.0971,6231615.4763,939.9703
node-072,2024-01-01 18:50:00,0.0,100470140.1036,0.0,0.1209,117790.5761,4.0193,6223393.8052,896.0054
node-073,2024-01-01 18:50:00,0.1836,7504846.3081,0.07,0.7259,114019.7606,5.969,6234847.0694,961.7256
node-074,2024-01-01 18:50:00,0.0961,7756246.9593,10.7006,1.0698,115492.563,9.965,6155112.3408,962.3603
node-075,2024-01-01 18:50:00,0.0815,8906133.5952,7.4779,0.8393,123131.9598,5.094,6240778.6844,952.5481
node-076,2024-01-01 18:50:00,0.0,6026615.6222,0.9218,0.2085,107278.554,3.0935,5990670.7235,915.3073
node-077,2024-01-01 18:50:00,0.0106,7806313.0869,3.024,1.1559,96551.4833,9.9634,6233257.9038,936.4188
node-078,2024-01-01 18:50:00,0.1389,8509658.4359,7.893,2.2079,100396.1344,8.9789,6177840.8689,963.2008
node-079,2024-01-01 18:50:00,0.1008,7939570.694,0.0,0.9967,129878.389,7.3077,6317048.0669,961.0059
node-080,2024-01-01 18:50:00,0.0992,7597486.5497,0.2394,1.3929,89318.9626,8.0357,6252507.3638,946.439
node-081,2024-01-01 18:50:00,0.1607,7216647.1485,1.1555,1.2134,158696.193,9.0392,6208838.1771,947.4435
node-082,2024-01-01 18:50:00,0.0076,5145962.4683,0.7401,0.2183,119324.0692,4.2376,6160223.6796,902.7536
node-083,2024-01-01 18:50:00,0.093,8391199.8468,0.0,1.417,118551.6503,8.0442,6185719.4784,948.0041
node-084,2024-01-01 18:50:00,0.1898,8362352.6219,12.8321,1.0374,124168.6832,6.9275,6173259.0878,961.0631
node-085,2024-01-01 18:50:00,0.0895,8020020.6079,6.6619,0.8914,135086.1937,10.0871,6191696.3418,959.1259
node-086,2024-01-01 18:50:00,0.1147,7967228.148,7.9798,1.5126,119486.1889,6.0588,6224902.4097,964.1472
node-087,2024-01-01 18:50:00,0.0685,8427970.2891,1.614,0.8899,119475.8592,11.0664,6245440.0838,956.3812
node-088,2024-01-01 18:50:00,0.1058,7902265.7936,0.0739,0.7987,175870.7566,5.024,6212676.4288,960.968
node-089,2024-01-01 18:50:00,0.1071,8004654.7676,0.0,1.51,109484.3801,8.0085,6166399.6899,958.0004
node-090,2024-01-01 18:50:00,0.312,8924650.3743,0.0463,0.7967,137614.8956,5.4461,6209346.1041,898.9387
node-091,2024-01-01 18:50:00,0.0908,8208730.5807,13.9277,1.7921,112802.4848,9.1163,6186276.9962,948.9626
node-092,2024-01-01 18:50:00,0.0629,8933982.2749,0.0577,0.9993,92690.3091,4.9941,6187633.2642,946.2069
node-093,2024-01-01 18:50:00,0.1267,8755996.4808,6.4874,0.7607,116168.1314,4.9743,6196116.45,958.6487
node-094,2024-01-01 18:50:00,0.3291,7967274.4146,0.0,1.1123,120456.6098,7.0846,6285800.529,971.269
node-095,2024-01-01 18:50:00,0.1015,7824592.7442,13.786,0.8003,114140.3365,10.5338,6219510.66,945.9795
node-096,2024-01-01 18:50:00,0.1648,9252318.1874,0.6311,1.4005,122547.8182,5.0382,6245068.4734,936.7559
node-097,2024-01-01 18:50:00,0.0286,7302100.2554,0.0,0.9516,128935.6406,9.109,6253906.1543,966.3107
node-098,2024-01-01 18:50:00,0.1779,7939260.1725,8.2576,0.9716,122958.4105,6.9573,6075880.4053,953.3639
node-099,2024-01-01 18:50:00,0.1089,7750850.0583,11.7387,1.121,115737.6643,8.0035,6215946.601,959.5786
node-100,2024-01-01 18:50:00,0.1353,7675545.4724,1.2307,0.7508,154466.9951,5.0594,6180024.8919,956.9375
node-101,2024-01-01 18:50:00,0.0,4117957.9452,0.0,0.1641,207611.5825,2.7803,6317362.8532,888.1367
node-102,2024-01-01 18:50:00,0.1221,8531080.6318,0.0,0.7824,101865.7656,6.8928,6287149.7036,956.2945
node-103,2024-01-01 18:50:00,0.1107,7538374.3412,0.0,0.7031,135063.9407,6.1132,6295322.3351,940.4165
node-104,2024-01-01 18:50:00,0.0859,7696250.5728,0.885,0.9976,131427.6848,8.0643,6262669.6128,944.3086
node-105,2024-01-01 18:50:00,0.1239,7960163.9301,9.1009,0.9961,156428.8667,8.0833,6203286.0172,958.5413
node-106,2024-01-01 18:50:00,0.0,4745231.35,1.2725,0.2278,116776.7873,2.9617,6362772.4499,912.0543
node-107,2024-01-01 18:50:00,0.0907,7314794.0451,0.0,1.4757,122208.0375,7.0681,6159511.4011,938.4207
node-108,2024-01-01 18:50:00,0.0852,9130693.0582,0.0,0.8552,123879.5984,6.2896,6236669.2852,930.5148
node-109,2024-01-01 18:50:00,0.1158,8008824.6522,0.0,0.885,80020.7138,8.8795,6239142.73,941.9141
node-110,2024-01-01 18:50:00,0.1133,8079761.7073,4.2573,0.796,105620.2354,9.9666,6306017.1656,930.9248
node-111,2024-01-01 18:50:00,0.1148,8807046.8954,0.1412,0.9985,132403.6632,8.4392,6337745.6362,942.2728
node-112,2024-01-01 18:50:00,0.2274,7487468.2757,9.6647,0.7013,115158.217,6.0951,6158789.18,922.1555
node-113,2024-01-01 18:50:00,0.2149,8168996.3647,0.0,1.0824,103430.1851,8.9175,6230001.304,947.3036
node-114,2024-01-01 18:50:00,0.0964,7767668.3055,14.2705,1.3144,166453.5082,7.0595,6258222.7445,961.7259
node-115,2024-01-01 18:50:00,0.1132,8344534.2447,0.0,0.7849,142121.9958,4.9733,6244380.0319,961.9809
node-116,2024-01-01 18:50:00,0.1023,7615397.6032,8.364,1.0179,138232.7705,8.981,6311548.1518,956.0252
node-117,2024-01-01 18:50:00,0.1061,8894124.5168,0.0,1.785,112463.8919,10.1413,6223096.4772,957.4692
node-118,2024-01-01 18:50:00,0.0845,7896409.9911,7.3623,0.9809,102079.0057,8.0506,6171914.6417,942.8056
node-119,2024-01-01 18:50:00,0.1372,8964260.5917,0.0,0.7699,91913.0058,6.0916,6261398.6602,928.5468
node-000,2024-01-01 18:51:00,0.0953,7427968.1248,0.0,1.3045,157612.1668,6.9798,6193117.7794,944.1451
node-001,2024-01-01 18:51:00,0.0086,7484656.1653,0.8478,0.9113,130164.2595,6.4687,6333467.6116,954.401
node-002,2024-01-01 18:51:00,0.0867,8451405.9603,0.0,0.8938,117834.0819,6.8878,6231682.5681,976.5358
node-003,2024-01-01 18:51:00,0.1604,8953869.87,5.1623,0.8615,123714.9268,6.3056,6232983.0382,942.8093
node-004,2024-01-01 18:51:00,0.0955,8759419.5888,0.2862,1.0251,125155.0995,7.0687,6302562.2809,961.2556
node-005,2024-01-01 18:51:00,0.1283,7821705.8345,0.0,1.2969,130561.8893,6.9477,6234899.9975,937.8726
node-006,2024-01-01 18:51:00,0.0187,5473318.9101,10.6773,0.1941,94750.6317,1.9489,6206450.0874,892.273
node-007,2024-01-01 18:51:00,0.0169,7052399.8083,6.7757,0.7396,147620.8936,8.7096,6265053.0036,956.0489
node-008,2024-01-01 18:51:00,0.2789,7626363.317,13.8382,1.1389,102704.0501,7.0313,6159949.4201,934.8208
node-009,2024-01-01 18:51:00,0.1258,7745878.1865,4.6528,0.902,108778.7881,11.0212,6368992.5165,962.7623
node-010,2024-01-01 18:51:00,0.0891,8076611.703,0.6866,1.4016,127335.4495,9.3091,6144537.061,949.3121
node-011,2024-01-01 18:51:00,0.0311,7261987.5949,8.0861,0.8336,132224.8722,6.9501,6205883.1171,944.2012
node-012,2024-01-01 18:51:00,0.149,7526229.461,0.2331,0.8799,124927.4888,7.1,6279993.8665,941.1327
node-013,2024-01-01 18:51:00,0.1386,7738871.9886,1.2503,0.9965,187783.9351,0.0,0.0,940.5119
node-014,2024-01-01 18:51:00,0.1106,9359077.8441,0.3053,0.9127,101489.957,11.0837,6212712.5642,934.7265
node-015,2024-01-01 18:51:00,0.0,3871879.3107,0.0,0.1848,105719.6709,3.2861,6157061.4361,903.3434
node-016,2024-01-01 18:51:00,0.0848,7350740.4259,7.9149,0.8234,106114.2802,6.7162,6231454.4753,965.0095
node-017,2024-01-01 18:51:00,0.2014,8306604.5587,0.2081,0.5091,167966.0176,8.6658,6249962.0697,940.5032
node-018,2024-01-01 18:51:00,0.1134,8304115.4814,8.7918,1.0994,139564.0268,5.9411,6207060.3649,966.4113
node-019,2024-01-01 18:51:00,0.1102,8141714.2651,0.0,0.9528,132885.1727,5.993,6300365.7836,935.5219
node-020,2024-01-01 18:51:00,0.1004,7658242.2278,0.0,0.8815,143387.4423,8.1112,6239249.5193,954.9031
node-021,2024-01-01 18:51:00,0.0787,8339147.6328,0.6372,1.3253,142866.6033,6.1036,6383249.4494,959.5977
node-022,2024-01-01 18:51:00,0.093,7945812.904,1.7588,1.0661,133591.4369,8.953,6188857.4406,953.1214
node-023,2024-01-01 18:51:00,0.0717,7236762.1884,7.0583,0.918,124895.9842,5.9891,6269538.4353,933.0809
node-024,2024-01-01 18:51:00,0.0018,7563401.0193,4.7117,0.5917,113968.7134,10.0546,6190050.6867,952.811
node-025,2024-01-01 18:51:00,0.082,9118771.9854,0.0,0.8814,125090.7322,5.0911,6156574.2508,969.0206
node-026,2024-01-01 18:51:00,0.0,4977143.0223,0.208,0.2068,161275.3951,3.9437,6322434.9478,945.1866
node-027,2024-01-01 18:51:00,0.0964,7861234.2056,5.3024,1.0086,106419.2119,9.9188,6220490.5756,957.9628
node-028,2024-01-01 18:51:00,0.1606,8171228.9189,3.8836,1.0073,125524.7615,8.1569,6325591.6134,949.8855
node-029,2024-01-01 18:51:00,0.1001,7846252.6282,10.8205,0.998,132687.3997,8.0038,6253996.8092,941.3668
node-030,2024-01-01 18:51:00,0.115,7707575.4969,0.9567,0.9996,121705.3872,6.9214,6240433.2707,964.2945
node-031,2024-01-01 18:51:00,0.086,28743941.5141,0.9823,0.0165,2095.037,0.0375,88024.3272,13.0448
node-032,2024-01-01 18:51:00,0.0961,7399761.0979,9.7849,1.6681,104755.0171,10.9362,6259647.5035,963.5553
node-033,2024-01-01 18:51:00,0.1097,7475045.3515,2.4571,0.8752,141356.01,8.0724,6166151.2308,954.2699
node-034,2024-01-01 18:51:00,0.0016,5420812.1047,0.0,0.2149,104632.9182,4.0601,6319788.2899,911.2099
node-035,2024-01-01 18:51:00,0.2091,9009981.825,0.0,0.9312,99211.8424,9.0389,6105170.7772,944.4684
node-036,2024-01-01 18:51:00,0.0942,8132739.3918,1.2673,1.0072,127976.6144,9.0579,6206801.9963,959.1005
node-037,2024-01-01 18:51:00,0.1086,8296611.4687,10.8822,0.7991,127319.6394,5.0228,6197236.6875,939.6814
node-038,2024-01-01 18:51:00,0.1023,6866168.4711,2.7283,0.7603,133880.0784,6.9958,6174500.8095,962.5855
node-039,2024-01-01 18:51:00,0.1146,8371168.2078,8.7546,1.1047,143000.3613,7.9488,6225290.6892,946.2566
node-040,2024-01-01 18:51:00,0.0032,4918457.3499,0.0,0.1976,152899.1728,2.0445,6272004.5235,898.1542
node-041,2024-01-01 18:51:00,0.0829,7626008.7056,4.4105,0.7818,108402.6339,6.9953,6244843.6959,954.0997
node-042,2024-01-01 18:51:00,0.165,7207438.3421,11.2493,1.006,118361.9787,7.9547,6215166.9748,931.8799
node-043,2024-01-01 18:51:00,0.1599,8842098.7147,0.0,1.2961,135161.137,7.1365,6160388.0417,966.2133
node-044,2024-01-01 18:51:00,0.3949,7674417.2339,9.9757,1.4962,101277.2821,13.0701,6166623.8285,946.3859
node-045,2024-01-01 18:51:00,0.1264,8018054.0106,0.0,0.9322,127321.2279,9.1693,6283706.1162,936.7442
node-046,2024-01-01 18:51:00,0.1347,7469618.7655,0.1866,0.8841,137431.815,4.9401,6185023.0229,951.3453
node-047,2024-01-01 18:51:00,0.0601,7414702.1625,0.309,0.5779,147821.4398,5.1061,6232299.8812,940.1789
node-048,2024-01-01 18:51:00,0.0969,8209386.837,0.4839,0.6058,153953.9301,6.8235,6174769.3472,967.8387
node-049,2024-01-01 18:51:00,0.0,5222320.161,0.0,0.104,122134.8709,2.1084,6400748.5399,933.0094
node-050,2024-01-01 18:51:00,0.0144,2009885.7184,0.0,0.2126,122716.9057,4.9388,6293738.6433,910.8354
node-051,2024-01-01 18:51:00,0.0997,6820718.1426,11.8312,1.4824,144748.3759,9.2707,6198370.0376,959.8995
node-052,2024-01-01 18:51:00,0.1267,8158487.9704,0.086,0.7809,109160.0472,8.0024,6284951.5115,977.0651
node-053,2024-01-01 18:51:00,0.099,8450954.9304,0.0,1.1048,119998.2051,7.9229,6202802.6438,946.9105
node-054,2024-01-01 18:51:00,0.1099,7485275.8595,0.339,0.9251,111754.6545,6.0142,6192722.624,957.1079
node-055,2024-01-01 18:51:00,0.0932,7923103.6815,0.7275,6.9938,114352.5567,9.048,6268093.7879,949.6028
node-056,2024-01-01 18:51:00,0.1019,7923075.6173,8.235,0.9103,117518.4932,11.0024,6152115.2112,961.0563
node-057,2024-01-01 18:51:00,0.1017,4521854.574,6.4936,1.3026,122820.887,5.0323,6247420.2032,931.7213
node-058,2024-01-01 18:51:00,0.1006,7591181.2783,0.7091,1.1877,160442.4186,14.8746,6277866.4554,942.4949
node-059,2024-01-01 18:51:00,0.1059,8402330.7061,9.3515,0.8927,121651.1926,6.0941,6180508.6041,957.7649
node-060,2024-01-01 18:51:00,0.1195,7498245.1156,4.0509,1.0039,115386.2212,6.0469,6184098.2058,940.2979
node-061,2024-01-01 18:51:00,0.1072,7776070.1854,0.5807,1.5871,132668.8242,10.0079,6241360.1827,948.1976
node-062,2024-01-01 18:51:00,0.1009,7772510.3097,11.0873,0.9185,162330.2835,6.0034,6206761.7165,964.3257
node-063,2024-01-01 18:51:00,0.0783,8060058.4604,16.3943,0.9311,129195.749,8.0197,6258648.4598,948.7144
node-064,2024-01-01 18:51:00,0.0722,7743138.0793,8.7527,1.0078,131274.6554,4.9412,6256835.9331,966.8122
node-065,2024-01-01 18:51:00,0.2788,7925807.7387,1.3435,0.8953,104191.9809,12.1001,6172040.5256,969.6844
node-066,2024-01-01 18:51:00,0.1519,8222888.7875,7.8279,1.115,109184.6153,10.0435,6176248.905,961.8599
node-067,2024-01-01 18:51:00,0.1097,7928887.4377,0.0,0.7972,131547.4069,10.4391,6159540.9385,945.2988
node-068,2024-01-01 18:51:00,0.1152,8539371.6899,12.0624,1.2874,123666.5117,7.7811,6162164.6411,944.6226
node-069,2024-01-01 18:51:00,0.1068,8401106.1693,14.397,0.9759,118127.2775,7.9632,6271895.6829,947.3003
node-070,2024-01-01 18:51:00,0.0962,7569616.547,0.0,0.7913,122644.468,11.8944,6323877.6284,952.6693
node-071,2024-01-01 18:51:00,0.0809,8366409.876,0.2733,0.7651,77961.0331,8.9958,6155111.8197,946.2957
node-072,2024-01-01 18:51:00,0.0,100590669.5737,0.6552,0.2035,124038.637,3.4592,6237886.1555,884.243
node-073,2024-01-01 18:51:00,0.103,7862454.3431,0.2742,0.8011,129099.2609,5.7283,6221648.1082,957.5347
node-074,2024-01-01 18:51:00,0.1684,7992911.5783,10.9597,0.727,131842.4184,7.8518,6183788.8975,960.5236
node-075,2024-01-01 18:51:00,0.1961,8809764.1629,6.5933,0.7835,114466.5314,7.1529,6384312.5645,969.7651
node-076,2024-01-01 18:51:00,0.0,5741304.637,0.0,0.2126,106355.527,3.0259,6375621.1956,915.3637
node-077,2024-01-01 18:51:00,0.1113,7751719.9494,3.5365,0.807,122839.7614,7.995,6171839.7944,947.1737
node-078,2024-01-01 18:51:00,0.0763,8342836.0517,8.7612,1.4962,140103.5405,9.1897,6128248.717,957.932
node-079,2024-01-01 18:51:00,0.1201,7848861.4941,0.0016,1.0952,126698.6254,6.9968,6264122.1407,944.0018
node-080,2024-01-01 18:51:00,0.113,7744902.3892,0.1565,1.4054,111760.8953,7.9125,6116808.9089,956.1959
node-081,2024-01-01 18:51:00,0.1129,7130569.4099,0.0,0.7909,153985.4418,7.9988,6248909.9047,947.5293
node-082,2024-01-01 18:51:00,0.0,5541707.8315,1.3258,0.1983,117145.899,3.0034,6291154.1706,918.8415
node-083,2024-01-01 18:51:00,0.078,7953949.6398,0.0,1.265,132545.804,7.6982,6268525.7648,947.2331
node-084,2024-01-01 18:51:00,0.0792,8146829.2949,14.1005,1.4018,135946.3932,6.9413,6211343.7004,959.6824
node-085,2024-01-01 18:51:00,0.0745,7830157.0085,6.4506,0.9349,132498.0264,7.111,6217011.0571,962.1094
node-086,2024-01-01 18:51:00,0.1229,7183890.0502,8.3516,0.8119,126615.2842,7.0617,6132261.0458,965.5832
node-087,2024-01-01 18:51:00,0.1072,8124135.0328,0.9415,1.2222,116613.9855,7.661,6360336.318,949.7876
node-088,2024-01-01 18:51:00,0.0958,7606122.85,0.0,0.6933,114613.0906,7.1005,6346179.4736,971.4269
node-089,2024-01-01 18:51:00,0.1052,8348766.4982,0.2192,1.2981,114477.1685,7.0429,6174519.305,948.4935
node-090,2024-01-01 18:51:00,0.1042,8996801.5411,0.1912,0.8038,155079.6797,5.5593,6207286.2635,930.0697
node-091,2024-01-01 18:51:00,0.1014,7999924.5176,13.4142,1.1,120031.7948,7.9591,6182624.4484,937.6976
node-092,2024-01-01 18:51:00,0.1084,8578252.0704,1.3091,0.8063,130600.9135,5.9483,6193443.1779,956.0156
node-093,2024-01-01 18:51:00,0.18,8755222.7309,5.6907,1.1474,133821.7728,7.0234,6225810.0645,952.7475
node-094,2024-01-01 18:51:00,0.474,8073612.5884,0.0,1.0927,125266.2033,12.0137,6170024.336,965.1528
node-095,2024-01-01 18:51:00,0.1031,7328726.1646,13.3078,0.8964,107288.3051,9.9746,6190550.7733,957.6767
node-096,2024-01-01 18:51:00,0.0706,9023340.4098,0.3303,0.897,263572.43,5.3372,6174551.2828,957.1271
node-097,2024-01-01 18:51:00,0.1015,7139326.5561,0.0,0.9983,108927.3852,10.0364,6169383.2377,964.9636
node-098,2024-01-01 18:51:00,0.1272,8356956.3442,8.5794,1.0934,119890.2861,8.9234,6208993.7379,951.2808
node-099,2024-01-01 18:51:00,0.1193,7200228.6818,12.1739,1.1914,216628.2315,8.9763,6240165.3051,952.1831
node-100,2024-01-01 18:51:00,0.1726,7717174.1658,0.0,0.9451,153289.8838,12.0939,6260040.8092,961.0749
node-101,2024-01-01 18:51:00,0.0109,4442480.1482,0.0,0.1032,81673.5894,6.0476,6260576.8629,906.6072
node-102,2024-01-01 18:51:00,0.0908,8214953.3596,1.0242,0.8441,134290.8506,6.9154,6245047.2532,957.6156
node-103,2024-01-01 18:51:00,0.081,8072622.8604,0.3678,0.5896,125211.9223,6.2396,6215152.9207,943.6518
node-104,2024-01-01 18:51:00,0.0994,7816250.962,0.0,1.0522,141403.6642,8.595,6280698.7516,963.7193
node-105,2024-01-01 18:51:00,0.1055,8087934.5378,8.6839,1.2883,134142.08,12.9409,6316375.8628,975.4646
node-106,2024-01-01 18:51:00,0.0,5057196.0396,0.0,0.2894,122810.549,3.3982,6312010.5732,918.043
node-107,2024-01-01 18:51:00,0.0926,7045632.0666,0.0,1.4981,128544.2106,7.7442,6241883.9048,956.0605
node-108,2024-01-01 18:51:00,0.0235,9070522.0899,0.1092,0.9917,107272.574,5.8246,6160217.7276,932.3484
node-109,2024-01-01 18:51:00,0.0965,8505102.4482,0.0,0.7061,105209.029,5.9819,6197048.2047,934.6066
node-110,2024-01-01 18:51:00,0.092,8074296.7848,3.408,0.6189,137395.084,9.0385,6385504.5067,960.4081
node-111,2024-01-01 18:51:00,0.0853,8870892.967,0.4342,0.988,118130.429,10.0561,6195354.5594,961.9118
node-112,2024-01-01 18:51:00,0.2264,7329380.4169,11.327,0.7138,100234.7523,7.0514,6186509.2777,930.5439
node-113,2024-01-01 18:51:00,0.0824,7912039.7836,0.0,1.0863,107443.7544,9.039,6262863.9446,955.0397
node-114,2024-01-01 18:51:00,0.1261,7692401.8442,14.8873,0.8392,160656.5795,6.9009,6135366.3422,957.9638
node-115,2024-01-01 18:51:00,0.0876,7842854.6776,0.8292,1.0581,128967.1764,5.9745,6214723.6211,949.1395
node-116,2024-01-01 18:51:00,0.1009,7421343.158,8.5633,1.4874,136919.5495,15.009,6146720.1556,954.4898
node-117,2024-01-01 18:51:00,0.1258,9506283.2814,0.0925,1.1335,128981.5973,9.2221,6275147.9898,956.3683
node-118,2024-01-01 18:51:00,0.1083,7683317.7761,7.3851,0.7942,98191.7834,10.0999,6205530.7535,955.3669
node-119,2024-01-01 18:51:00,0.0806,8994239.6173,0.2532,0.8028,109641.3773,8.9589,6355999.5258,953.9066
node-000,2024-01-01 18:52:00,0.1142,8058933.3042,0.0,1.3128,158392.3504,7.0381,6187581.5906,949.7985
node-001,2024-01-01 18:52:00,0.1877,7276429.5415,0.7537,0.8795,125740.416,5.9275,6231301.5001,950.4629
node-002,2024-01-01 18:52:00,0.0968,9300211.3158,0.0,0.9157,140161.545,6.4386,6075100.4572,961.0242
node-003,2024-01-01 18:52:00,0.1026,9393112.4246,4.5162,0.4914,123053.0557,6.8818,6195836.7249,961.2466
node-004,2024-01-01 18:52:00,0.223,8377065.2455,0.0,1.3307,128688.6503,6.9817,6261408.068,956.4036
node-005,2024-01-01 18:52:00,0.3279,7457532.7167,1.0889,0.5004,108375.0993,7.3433,6317451.7988,942.5165
node-006,2024-01-01 18:52:00,0.0,4828460.5214,9.1404,0.1977,125237.436,3.085,6198152.0204,886.1202
node-007,2024-01-01 18:52:00,0.0888,7416785.8962,6.0681,1.1941,155781.858,8.0688,6242188.8337,953.4104
node-008,2024-01-01 18:52:00,0.0402,8256416.5625,12.7908,0.8935,136715.0007,6.4853,6199764.5951,925.5426
node-009,2024-01-01 18:52:00,0.1087,7911387.3671,2.9466,0.9903,128065.4748,6.1238,6306293.1755,965.8775
node-010,2024-01-01 18:52:00,0.0914,8092857.0703,0.9988,1.6934,119300.8152,7.1641,6152512.4375,943.9195
node-011,2024-01-01 18:52:00,0.2182,7483285.8326,7.7646,1.0005,141026.0921,14.0039,6285586.4763,959.6766
node-012,2024-01-01 18:52:00,0.1122,7148185.265,0.0,0.8061,154177.79,7.5069,6184432.6369,942.6065
node-013,2024-01-01 18:52:00,0.043,8130923.7008,0.0,1.1511,129998.0391,0.0,47500.9617,963.3501
node-014,2024-01-01 18:52:00,0.035,9639488.137,0.3613,0.7403,161534.5178,8.3217,6212513.053,932.5762
node-015,2024-01-01 18:52:00,0.0148,4185905.6361,0.0,0.207,82318.2843,3.0538,6308773.5198,895.0298
node-016,2024-01-01 18:52:00,0.1065,7538644.6502,7.1542,0.9036,120680.344,7.3227,6212404.3673,965.3484
node-017,2024-01-01 18:52:00,0.1089,8442188.4174,0.0,0.5898,168025.5283,9.076,6153451.4502,942.9764
node-018,2024-01-01 18:52:00,0.1837,8222863.712,9.6266,1.0764,126893.0717,11.9371,6187828.2317,933.4919
node-019,2024-01-01 18:52:00,0.0957,8151711.8498,0.2073,0.9959,97033.4636,7.0484,6245015.5288,949.9034
node-020,2024-01-01 18:52:00,0.1101,8316680.8402,0.2203,0.8923,137381.5596,8.0393,6217603.0246,946.6834
node-021,2024-01-01 18:52:00,0.1075,8007062.7746,0.0,1.5745,135753.3724,7.9807,6229360.2755,958.741
node-022,2024-01-01 18:52:00,0.0858,8618255.821,0.0,1.0936,97501.1563,6.8762,6226941.3803,961.0068
node-023,2024-01-01 18:52:00,0.1048,7640823.5608,6.3494,0.6982,116069.3382,6.1482,6192824.3047,951.2728
node-024,2024-01-01 18:52:00,0.1179,7274558.1536,5.5109,1.4006,117292.6442,6.04,6214548.5145,952.8795
node-025,2024-01-01 18:52:00,0.1015,8892376.3199,1.4609,0.8744,125114.1872,7.944,6199975.9635,947.1528
node-026,2024-01-01 18:52:00,0.0082,5124171.2904,0.9127,0.177,85714.5738,4.0235,6294105.6174,891.685
node-027,2024-01-01 18:52:00,0.0992,8011790.7735,5.5325,1.0839,135701.2581,6.0072,6168844.6362,949.2847
node-028,2024-01-01 18:52:00,0.118,8578383.9355,5.9379,0.6931,99583.0128,8.0378,6263587.8572,950.4227
node-029,2024-01-01 18:52:00,0.1024,8072563.4528,9.4382,0.8208,142316.7431,9.1166,6182410.4198,962.2098
node-030,2024-01-01 18:52:00,0.1247,7997763.3542,0.2064,0.7962,117753.6673,7.1028,6240275.3017,965.9206
node-031,2024-01-01 18:52:00,0.0156,29064180.3462,0.0,0.0018,9368.89,0.0,102594.4089,0.0
node-032,2024-01-01 18:52:00,0.1546,7695639.4918,9.936,0.6968,124071.0556,9.0649,6131767.2437,943.1726
node-033,2024-01-01 18:52:00,0.2053,7404459.4848,2.5602,1.1206,98309.9044,6.9218,6121980.3947,954.3776
node-034,2024-01-01 18:52:00,0.0129,4850993.6756,0.0,0.1961,123395.973,7.0739,6226879.999,896.0951
node-035,2024-01-01 18:52:00,0.1148,9026028.0878,0.0,0.8087,120884.3629,4.0638,6277486.7216,932.3615
node-036,2024-01-01 18:52:00,0.1099,8081061.7999,0.0,2.2363,125975.6644,7.0267,6255187.0061,944.8164
node-037,2024-01-01 18:52:00,0.1138,8263420.5348,12.3137,0.7075,120005.0945,4.9827,6309539.362,953.5989
node-038,2024-01-01 18:52:00,0.1003,7207003.4515,3.3436,0.605,111382.2772,6.6892,6229005.0344,945.6731
node-039,2024-01-01 18:52:00,0.0979,8753667.6831,7.8366,0.927,112573.1988,8.0053,6244648.494,947.2664
node-040,2024-01-01 18:52:00,0.018,4672910.9511,0.0,0.2007,123635.8664,3.0609,6294958.5282,880.2518
node-041,2024-01-01 18:52:00,0.1215,7632351.4307,4.1702,1.0805,109314.1699,7.541,6211414.3303,960.356
node-042,2024-01-01 18:52:00,0.0994,7557862.5685,11.1646,0.7044,113560.3621,5.9639,6260020.5296,905.9191
node-043,2024-01-01 18:52:00,0.1056,8881548.5287,0.0,0.7818,116258.2537,7.1094,6276801.288,951.0747
node-044,2024-01-01 18:52:00,0.4043,7603124.0457,9.4696,1.1112,134209.6828,20.0402,6182842.0405,983.939
node-045,2024-01-01 18:52:00,0.0887,8007596.255,0.0,0.9386,146985.1389,7.0233,6121947.2395,921.4928
node-046,2024-01-01 18:52:00,0.1049,7876606.4562,0.0,0.8997,140523.5376,6.9267,6304882.6961,938.8605
node-047,2024-01-01 18:52:00,0.1176,7756150.1146,0.0,0.5912,132015.0,5.0246,6147173.7749,945.823
node-048,2024-01-01 18:52:00,0.0922,8100209.5115,2.1838,0.6153,131396.8998,4.9525,6164445.5284,957.4773
node-049,2024-01-01 18:52:00,0.0214,5082971.1005,0.0,0.1355,124898.405,2.143,6383496.3592,921.954
node-050,2024-01-01 18:52:00,0.0,1973724.9238,0.0,0.1894,125281.1038,4.2598,6173271.605,898.6483
node-051,2024-01-01 18:52:00,0.1508,6810938.4605,10.3274,1.5664,150697.6817,7.0093,6189873.8765,958.8894
node-052,2024-01-01 18:52:00,0.1983,8367071.8024,0.5727,0.7888,135190.0022,7.9581,6280820.8326,956.7478
node-053,2024-01-01 18:52:00,0.1022,8084784.1783,0.8246,1.1864,127456.4585,7.0388,6290179.3504,949.0958
node-054,2024-01-01 18:52:00,0.0523,7734929.6763,0.7779,1.0022,134027.1026,8.97,6254263.9327,959.1611
node-055,2024-01-01 18:52:00,0.109,7656552.1927,0.0,0.8272,133898.6536,8.6939,6325672.5834,971.0335
node-056,2024-01-01 18:52:00,0.1985,7684833.2785,6.1002,0.835,121164.8792,7.0673,6385096.3521,955.4036
node-057,2024-01-01 18:52:00,0.0967,4642857.9344,6.4682,1.2007,118038.3244,6.0337,6194570.8661,916.514
node-058,2024-01-01 18:52:00,0.1016,8159347.365,0.0,1.1633,158642.957,7.9548,6174359.8607,955.0795
node-059,2024-01-01 18:52:00,0.1226,8469396.4639,9.4757,0.8971,122890.9726,7.0285,6148010.7968,970.7302
node-060,2024-01-01 18:52:00,0.189,7602484.1762,4.659,0.7368,113111.1788,6.0178,6171295.5397,948.2971
node-061,2024-01-01 18:52:00,0.1144,7719811.0366,0.0031,1.1128,192864.3708,9.0072,6160038.1116,967.2321
node-062,2024-01-01 18:52:00,0.0817,7812873.484,10.9324,0.9078,134490.6644,9.0368,6198876.9648,952.4012
node-063,2024-01-01 18:52:00,0.21,7932329.3556,16.7558,1.4091,127847.1543,8.972,6160824.935,943.861
node-064,2024-01-01 18:52:00,0.0974,7754273.3702,8.6223,1.1812,134850.8643,4.8666,6193149.6777,970.1202
node-065,2024-01-01 18:52:00,0.1993,8147225.2696,0.5747,1.3098,121721.6851,10.9492,6214614.8043,948.997
node-066,2024-01-01 18:52:00,0.222,8207495.2972,7.7135,1.1832,126075.7959,10.3847,6177280.8715,948.0547
node-067,2024-01-01 18:52:00,0.1108,7525228.5571,0.0,0.9681,144218.785,6.1898,6266938.3028,947.3368
node-068,2024-01-01 18:52:00,0.119,7908526.2768,10.9117,1.1828,109577.3158,7.1513,6240933.8066,964.8883
node-069,2024-01-01 18:52:00,0.0788,8640256.901,13.9525,1.0032,93104.6159,4.9415,6184154.3018,963.79
node-070,2024-01-01 18:52:00,0.1415,7644050.4806,0.1087,0.9923,169921.0288,11.7432,6287534.7044,958.1095
node-071,2024-01-01 18:52:00,0.0062,8267900.8292,0.0,0.4826,124358.078,5.0018,6228688.8234,947.0788
node-072,2024-01-01 18:52:00,0.0198,100569625.333,0.0,0.206,127071.4248,1.9448,6074855.573,924.1179
node-073,2024-01-01 18:52:00,0.1134,7706595.4291,0.0,0.7025,127240.5383,5.0588,6236404.9771,945.3452
node-074,2024-01-01 18:52:00,0.1473,7726899.9343,12.0415,1.1213,129160.3289,7.067,6202914.845,972.4535
node-075,2024-01-01 18:52:00,0.1903,9067884.7551,7.2884,0.69,118281.5502,5.8931,6268170.7022,959.5773
node-076,2024-01-01 18:52:00,0.0061,5109550.8062,0.1762,0.1926,114071.9363,2.8484,6414337.297,894.2059
node-077,2024-01-01 18:52:00,0.2606,7900128.6249,3.8698,1.0189,125392.4889,7.0186,6146079.3654,937.2583
node-078,2024-01-01 18:52:00,0.2809,8241504.8362,8.2682,1.0152,134777.224,9.9948,6249562.5696,972.3497
node-079,2024-01-01 18:52:00,0.0916,7827972.8889,0.0,1.0151,108203.0907,8.0058,6268062.5823,963.736
node-080,2024-01-01 18:52:00,0.0954,8088588.5514,0.0,1.4054,114455.694,9.0805,6201947.4074,959.3151
node-081,2024-01-01 18:52:00,0.0925,7586034.1437,0.3394,0.9282,168144.1016,6.0809,6178409.0869,953.7803
node-082,2024-01-01 18:52:00,0.0048,4898481.708,0.0,0.2168,94205.0529,4.0094,6219398.6744,904.1004
node-083,2024-01-01 18:52:00,0.0898,8354250.9531,1.312,1.0886,121611.2848,6.945,6267679.5798,961.349
node-084,2024-01-01 18:52:00,0.0874,8338090.8182,13.9159,1.122,116027.1548,7.0574,6199291.8204,956.2534
node-085,2024-01-01 18:52:00,0.1002,8284676.9659,6.2153,0.8222,108767.433,9.0013,6250413.7446,961.4591
node-086,2024-01-01 18:52:00,0.0818,7490710.8622,8.507,0.7843,80619.5641,7.0528,6230942.9261,949.7467
node-087,2024-01-01 18:52:00,0.0965,8682592.7107,0.1568,0.9816,115362.5918,6.9568,6177416.2947,979.841
node-088,2024-01-01 18:52:00,0.2185,7432524.7922,0.0,1.0433,116768.2654,6.9414,6302117.9892,974.4329
node-089,2024-01-01 18:52:00,0.0911,7722460.9917,0.0871,1.6968,108903.5037,11.7624,6183455.4519,953.2839
node-090,2024-01-01 18:52:00,0.1546,8999350.881,0.0,1.1192,163639.474,4.0378,6272369.9078,931.8852
node-091,2024-01-01 18:52:00,0.1056,8439824.0156,13.3535,1.2247,132532.3463,14.9062,6222180.2656,968.6975
node-092,2024-01-01 18:52:00,0.1342,8990516.3378,0.5203,0.7177,124325.5594,7.203,6205330.4448,954.5791
node-093,2024-01-01 18:52:00,0.112,8283477.7537,6.3203,0.707,110985.1667,6.4135,6218556.1195,956.3349
node-094,2024-01-01 18:52:00,0.1028,7652713.3928,0.0,1.0931,114583.2502,13.9675,6285505.7652,947.254
node-095,2024-01-01 18:52:00,0.0967,7391179.6668,14.8643,0.8892,126988.7204,8.065,6182615.8177,955.7303
node-096,2024-01-01 18:52:00,0.0941,9132424.6374,0.0,0.7468,121412.0646,5.8644,6281210.8867,956.17
node-097,2024-01-01 18:52:00,0.0766,7911617.5915,0.2199,1.0063,133489.5229,8.9385,6225979.7994,954.7297
node-098,2024-01-01 18:52:00,0.2099,8191534.1567,8.738,1.2954,91572.0986,8.7723,6190532.9292,949.8646
node-099,2024-01-01 18:52:00,0.0837,7506042.0294,10.5517,1.0879,119591.6712,9.9164,6203993.6376,945.5147
node-100,2024-01-01 18:52:00,0.1465,7901113.6339,1.1014,0.8009,164732.7715,11.6762,6222285.9587,945.4598
node-101,2024-01-01 18:52:00,0.0078,4047369.1467,0.0,0.1841,116894.8611,2.9147,6374965.6848,917.3552
node-102,2024-01-01 18:52:00,0.0837,8321278.1432,0.4962,1.0957,120825.8094,4.9618,6264957.4105,966.0129
node-103,2024-01-01 18:52:00,0.0992,8041600.8089,0.0,0.606,95377.1133,7.0842,6298319.8353,947.2707
node-104,2024-01-01 18:52:00,0.1851,7485130.6695,1.073,1.1935,122208.1006,9.824,6180823.7452,964.9784
node-105,2024-01-01 18:52:00,0.09,8149984.879,8.5067,1.0044,157217.9757,12.6257,6304605.314,972.8842
node-106,2024-01-01 18:52:00,0.0,5199477.3543,0.0,0.2967,117520.4605,4.9028,6199500.6982,901.9838
node-107,2024-01-01 18:52:00,0.1067,7228151.8745,0.0,0.8871,108711.7758,9.8899,6217368.3707,945.6749
node-108,2024-01-01 18:52:00,0.2943,9389436.5543,0.3039,0.7903,141052.7541,8.0931,6145760.3994,938.8489
node-109,2024-01-01 18:52:00,0.0834,7799929.4394,0.0,0.7636,135118.5074,5.0338,6309475.462,942.1548
node-110,2024-01-01 18:52:00,0.1033,7796056.713,4.5068,0.9999,135288.8892,9.0682,6268117.7042,951.2904
node-111,2024-01-01 18:52:00,0.107,8603616.148,0.0,1.2153,104614.5441,10.9649,6188333.881,956.3618
node-112,2024-01-01 18:52:00,0.0961,7117091.0528,10.228,0.7886,113973.7237,7.0726,6161119.3094,932.7748
node-113,2024-01-01 18:52:00,0.1127,8585939.5468,0.0,0.8982,130130.0627,9.9801,6343158.0822,955.6681
node-114,2024-01-01 18:52:00,0.165,7474902.7459,14.8631,0.8228,131150.8941,8.026,6298982.9438,943.1524
node-115,2024-01-01 18:52:00,0.1061,8012659.1826,0.0,0.9027,127562.0301,7.03,6279155.1008,963.9289
node-116,2024-01-01 18:52:00,0.0828,8017898.461,8.1479,1.0831,133845.5395,10.7969,6215401.3519,950.7065
node-117,2024-01-01 18:52:00,0.0896,8671430.1175,0.0,1.6989,131317.663,6.8814,6283862.9901,950.8962
node-118,2024-01-01 18:52:00,0.0958,8243932.6709,8.1,1.0178,127741.3007,9.881,6155248.4323,953.3728
node-119,2024-01-01 18:52:00,0.1815,8594222.8111,0.0,0.7076,136532.0048,8.0002,6235269.7995,949.2353
node-000,2024-01-01 18:53:00,0.2011,7827964.9081,0.1602,1.1059,175939.7623,6.9238,6191102.8678,953.3707
node-001,2024-01-01 18:53:00,0.0898,7684447.5405,0.3844,1.0265,119834.5361,8.0853,6262145.6167,944.6591
node-002,2024-01-01 18:53:00,0.1048,8874038.5223,0.8887,0.8863,135598.0252,4.9624,6233663.9808,948.0378
node-003,2024-01-01 18:53:00,0.0977,9539771.9406,5.2602,0.7796,139040.8137,6.0034,6244083.5862,954.8387
node-004,2024-01-01 18:53:00,0.2037,7937701.8289,0.3153,0.9874,127548.6556,8.0636,6184869.9358,961.6234
node-005,2024-01-01 18:53:00,0.0968,7472075.6768,1.4399,0.7967,127986.5854,7.8085,6164745.7159,922.7767
node-006,2024-01-01 18:53:00,0.0,5415030.509,10.1129,0.1987,128218.226,2.9626,6360802.343,896.4314
node-007,2024-01-01 18:53:00,0.1001,6906386.7578,6.4411,1.194,158614.1668,7.0111,6175865.6278,940.6928
node-008,2024-01-01 18:53:00,0.0895,7877627.7238,12.0727,0.5793,131155.3749,5.9716,6243516.1394,921.7049
node-009,2024-01-01 18:53:00,0.0879,8247362.8256,2.371,0.8084,129908.8994,6.0686,6161042.8723,956.0999
node-010,2024-01-01 18:53:00,0.091,7960696.1157,0.0,1.3991,124690.1561,7.9351,6187415.8476,953.3014
node-011,2024-01-01 18:53:00,0.0914,7452616.0103,7.9763,0.7038,132936.7177,7.983,6219300.202,956.2274
node-012,2024-01-01 18:53:00,0.1332,7747847.062,0.8776,0.7019,84522.8037,7.9512,6275487.1626,923.6774
node-013,2024-01-01 18:53:00,0.0,7753613.8368,0.7178,1.299,163428.6004,0.0834,714.3435,945.7751
node-014,2024-01-01 18:53:00,0.0,9641165.5746,0.3859,0.7142,133874.8485,5.9734,6211601.3081,933.4149
node-015,2024-01-01 18:53:00,0.0,4347793.6076,0.6223,0.2283,121914.7956,1.8993,6158964.2604,908.079
node-016,2024-01-01 18:53:00,0.1086,7853203.9444,7.6766,1.151,125339.3534,7.8708,6412437.937,950.469
node-017,2024-01-01 18:53:00,0.046,9190401.6381,0.0,0.7004,141117.5715,9.9625,6174655.0125,938.2855
node-018,2024-01-01 18:53:00,0.1059,8746334.347,7.7157,1.0148,90099.0693,11.0539,6285252.8429,947.5005
node-019,2024-01-01 18:53:00,0.0988,7932811.7073,0.3537,0.9842,122321.2387,7.0312,6221245.358,918.7383
node-020,2024-01-01 18:53:00,0.0774,8008659.0049,0.6352,1.112,170010.0436,7.9197,6262808.9567,959.8075
node-021,2024-01-01 18:53:00,0.1168,8743741.8733,0.1791,1.5908,121270.1113,8.0369,6150513.1491,949.666
node-022,2024-01-01 18:53:00,0.1087,8130252.8473,0.9526,1.0972,113816.4295,6.978,6140242.6201,950.374
node-023,2024-01-01 18:53:00,0.1589,7528716.923,6.7566,0.8144,90586.662,6.9138,6178269.571,936.8234
node-024,2024-01-01 18:53:00,0.1117,7611286.0147,5.2223,0.6889,97672.9178,11.1228,6409201.5606,960.348
node-025,2024-01-01 18:53:00,0.0,8985465.9681,0.2994,0.8679,128116.6863,7.9036,6096059.2186,951.3731
node-026,2024-01-01 18:53:00,0.0,4882271.3904,0.0,0.1882,125581.8606,4.0864,6099228.5669,914.0991
node-027,2024-01-01 18:53:00,0.1184,7903184.1549,6.7244,1.0656,121396.4495,6.8954,6223817.3278,946.1988
node-028,2024-01-01 18:53:00,0.22,8134796.7178,5.1318,1.0819,124470.9194,8.0556,6273161.0747,944.46
node-029,2024-01-01 18:53:00,0.1002,8079591.3833,11.094,0.7864,114949.4289,8.9393,6116674.6523,957.0796
node-030,2024-01-01 18:53:00,0.198,7851190.2523,0.0,1.2067,99000.736,7.9423,6210328.961,955.9906
node-031,2024-01-01 18:53:00,0.0,28606884.7906,0.0349,0.0,78.5132,0.0,38014.9547,4.0914
node-032,2024-01-01 18:53:00,0.0906,8128681.8962,9.8071,0.9123,116635.1662,8.9593,6232215.9772,954.9943
node-033,2024-01-01 18:53:00,0.2195,7753853.81,2.9455,1.0885,131804.4814,6.0364,6309701.4108,959.976
node-034,2024-01-01 18:53:00,0.0,5172059.0719,1.6352,0.1023,125903.3213,3.2167,6408054.6652,892.0814
node-035,2024-01-01 18:53:00,0.1111,9151848.1572,0.0275,0.6937,128266.1045,4.0166,6210705.0114,935.196
node-036,2024-01-01 18:53:00,0.1767,8609228.5121,0.2698,0.8971,133085.7778,8.0771,6168867.4305,946.9569
node-037,2024-01-01 18:53:00,0.1164,8195443.8466,12.0068,0.5103,80520.5783,6.9237,6280791.117,940.83
node-038,2024-01-01 18:53:00,0.2258,7167850.8203,3.4494,0.724,94960.2796,6.0625,6169053.5852,949.2495
node-039,2024-01-01 18:53:00,0.0941,8239030.3721,8.0341,0.6829,105084.069,12.0734,6244299.814,941.03
node-040,2024-01-01 18:53:00,0.0904,5127217.7635,0.1806,0.1967,155461.6759,6.0593,6135808.9016,893.3819
node-041,2024-01-01 18:53:00,0.0797,8061572.9651,5.6143,1.0705,170233.6002,9.0799,6300881.8544,953.6366
node-042,2024-01-01 18:53:00,0.1118,7372965.0318,11.7898,0.6964,108336.9598,7.7847,6204522.9935,932.1865
node-043,2024-01-01 18:53:00,0.1043,8659919.9662,0.0,0.818,116729.9759,8.1182,6203413.3096,959.0341
node-044,2024-01-01 18:53:00,0.4938,7846144.2477,10.2501,0.9872,131738.9255,7.0719,6284549.9867,959.2991
node-045,2024-01-01 18:53:00,0.1011,8090826.2697,1.2388,0.8951,131022.0979,5.9612,6199853.8362,936.8738
node-046,2024-01-01 18:53:00,0.0976,7862705.8438,0.264,0.8848,108062.2868,8.8524,6192089.402,926.9376
node-047,2024-01-01 18:53:00,0.2072,7646462.551,0.0,0.7979,139424.5335,5.0279,6177210.2566,926.8194
node-048,2024-01-01 18:53:00,0.2061,7968616.6469,2.9062,0.6237,119674.4718,5.54,6166748.2813,949.7305
node-049,2024-01-01 18:53:00,0.0196,4980465.0569,0.0,0.2027,101273.2007,2.8253,6025898.8689,878.6956
node-050,2024-01-01 18:53:00,0.0,2031986.8445,0.0,0.1922,125230.1543,2.0449,6214132.1032,897.5596
node-051,2024-01-01 18:53:00,0.1006,7002309.2045,10.2922,1.5905,164248.8009,14.813,6209199.3392,956.2586
node-052,2024-01-01 18:53:00,0.0734,8273288.8407,0.5371,0.7169,97017.4139,8.0738,6160909.5621,961.4248
node-053,2024-01-01 18:53:00,0.0991,7451662.2512,0.0,1.0029,129015.7441,7.0526,6213642.3467,963.5845
node-054,2024-01-01 18:53:00,0.0818,7841281.9194,0.1018,0.9765,114252.9466,6.0356,6211178.043,956.5312
node-055,2024-01-01 18:53:00,0.0815,7686985.5332,0.0,1.0976,159564.8015,8.0324,6259794.3695,955.0531
node-056,2024-01-01 18:53:00,0.1875,7710797.9328,6.687,0.8351,77108.232,6.1875,6161405.9467,952.1372
node-057,2024-01-01 18:53:00,0.0995,4543331.3226,6.0744,1.2787,130374.5872,6.9078,6164088.6699,922.1297
node-058,2024-01-01 18:53:00,0.1077,8165517.9273,0.0,0.9059,169478.699,8.0272,6246427.9668,949.9578
node-059,2024-01-01 18:53:00,0.1278,8376107.5278,9.0955,1.2064,121890.7302,8.9922,6264107.0403,948.4992
node-060,2024-01-01 18:53:00,0.098,7705764.707,3.1938,0.7487,142699.8367,7.0716,6132593.1447,935.0161
node-061,2024-01-01 18:53:00,0.0849,8049549.2256,0.7552,1.236,127503.4246,7.1457,6288707.0985,948.4212
node-062,2024-01-01 18:53:00,0.1048,8197654.9753,10.6379,0.8027,130266.6412,10.5526,6285464.3495,966.3391
node-063,2024-01-01 18:53:00,0.1165,7615985.8902,17.6531,0.7968,84741.1581,7.9361,6308188.594,942.0222
node-064,2024-01-01 18:53:00,0.1035,7632372.3848,7.9772,1.0764,113715.7803,6.002,6133244.2997,959.2722
node-065,2024-01-01 18:53:00,0.1531,8286500.2675,0.0,1.0514,132336.5405,8.0202,6275762.534,953.0683
node-066,2024-01-01 18:53:00,0.1001,8534958.2986,7.2367,1.0801,112323.4652,11.1162,6242740.8372,939.9272
node-067,2024-01-01 18:53:00,0.1988,7596323.2289,0.064,0.7053,146223.9718,10.0759,6325200.2046,970.4836
node-068,2024-01-01 18:53:00,0.1789,8585175.414,12.5338,0.9031,92329.7058,7.8887,6365973.2153,949.4157
node-069,2024-01-01 18:53:00,0.1188,8047351.89,14.8618,0.9155,129796.9588,13.9961,6243798.4544,963.2568
node-070,2024-01-01 18:53:00,0.0904,7750511.3826,0.5745,0.9097,119146.587,8.0391,6204977.7294,970.2019
node-071,2024-01-01 18:53:00,0.1011,8273128.8938,0.8889,0.7907,141265.5085,4.8806,6136460.8395,933.3131
node-072,2024-01-01 18:53:00,0.0,100434766.1175,0.4803,0.2001,87079.9335,3.9573,6283827.2625,880.1137
node-073,2024-01-01 18:53:00,0.0,7587309.8142,0.0,0.867,118620.9183,6.0743,6241919.2731,945.2634
node-074,2024-01-01 18:53:00,0.0892,7866502.7494,11.0104,0.7072,130768.0356,8.0144,6224976.1801,964.2163
node-075,2024-01-01 18:53:00,0.1668,8901885.8737,5.8992,0.5939,147805.8483,7.5837,6185127.3231,942.1001
node-076,2024-01-01 18:53:00,0.0,5361170.0551,1.0526,0.1789,108352.2028,2.1535,6146731.348,885.7961
node-077,2024-01-01 18:53:00,0.1229,8017426.0984,3.7381,0.9868,130243.8872,8.0032,6306396.9877,944.0368
node-078,2024-01-01 18:53:00,0.2097,7745346.0641,7.4847,0.9884,114026.7313,4.9312,6186684.9007,949.8975
node-079,2024-01-01 18:53:00,0.1176,8051124.8638,0.671,1.213,127383.1634,12.872,6232042.5891,977.8052
node-080,2024-01-01 18:53:00,0.1263,7947581.7849,0.0,1.3074,112434.5871,9.0784,6239149.291,954.7416
node-081,2024-01-01 18:53:00,0.0,7623265.0141,0.7171,0.5789,164785.7944,4.9208,6331717.399,963.7116
node-082,2024-01-01 18:53:00,0.0099,5181140.157,0.0,0.1661,118708.2988,3.9544,6073771.7999,922.1944
node-083,2024-01-01 18:53:00,0.1067,7953112.3767,0.0,1.0076,134714.3287,9.9634,6129846.6228,949.6754
node-084,2024-01-01 18:53:00,0.0962,8216168.1351,14.0519,1.0799,123765.454,7.0838,6153826.0896,942.2948
node-085,2024-01-01 18:53:00,0.1033,7885897.2195,5.886,1.279,129765.4651,8.9512,6171273.8828,957.4383
node-086,2024-01-01 18:53:00,0.0946,7256558.979,8.6777,0.9996,140659.0206,6.9463,6298985.2287,941.449
node-087,2024-01-01 18:53:00,0.1271,8516680.9751,0.0,1.0916,259514.7976,7.9323,6170712.8681,940.5624
node-088,2024-01-01 18:53:00,0.1225,7614770.6467,0.0,0.675,120432.4425,7.9888,6256723.2645,951.6706
node-089,2024-01-01 18:53:00,0.0849,8114755.311,0.8571,1.446,119301.0676,15.9624,6100000.7863,955.4962
node-090,2024-01-01 18:53:00,0.1108,8611487.3249,0.0,0.8534,157920.5961,6.995,6228207.2748,929.0834
node-091,2024-01-01 18:53:00,0.1084,8642076.7754,12.2857,0.9869,150331.7179,10.2323,6283859.5551,947.9774
node-092,2024-01-01 18:53:00,0.1815,9026524.277,0.0,0.6995,127410.4759,7.886,6191985.1817,949.073
node-093,2024-01-01 18:53:00,0.101,8745565.5962,5.4701,0.5895,119238.3362,5.9795,6217213.1387,932.4812
node-094,2024-01-01 18:53:00,0.1082,8349679.6226,0.2704,1.0911,138453.1351,12.0508,6153188.2976,949.4146
node-095,2024-01-01 18:53:00,0.0112,7839957.0155,14.9225,0.9098,143847.3264,6.9919,6175247.6985,957.6751
node-096,2024-01-01 18:53:00,0.1106,9600496.6731,0.0,0.7889,136035.6713,6.05,6285900.1515,941.8817
node-097,2024-01-01 18:53:00,0.1735,7437394.3359,0.5988,0.9825,113417.0295,12.0318,6262792.7467,940.9061
node-098,2024-01-01 18:53:00,0.098,8059925.9253,8.4859,0.8974,119652.2403,8.9826,6198517.8215,964.2957
node-099,2024-01-01 18:53:00,0.1072,7590135.1712,11.859,1.5311,120373.2556,9.9626,6178573.3783,949.0593
node-100,2024-01-01 18:53:00,0.1133,7666762.7031,0.0,0.688,173100.6402,5.975,6142852.465,949.2793
node-101,2024-01-01 18:53:00,0.0019,4374248.1586,0.4063,0.1903,131839.3365,3.8538,6000107.1341,877.7591
node-102,2024-01-01 18:53:00,0.1144,8346344.0063,0.1919,0.8876,123155.6633,4.9882,6212331.2483,950.1605
node-103,2024-01-01 18:53:00,0.0893,7503627.7167,0.8098,0.7102,117731.6647,4.9499,6223206.7025,938.5197
node-104,2024-01-01 18:53:00,0.2007,7404449.4199,0.5809,1.1898,104158.4698,11.0173,6311556.19,975.9623
node-105,2024-01-01 18:53:00,0.0786,8129677.5936,8.6138,1.0754,168712.3499,10.0972,6152614.4829,956.0716
node-106,2024-01-01 18:53:00,0.0,4818482.8684,0.0,0.2891,85458.0271,5.9347,6314912.4991,891.3093
node-107,2024-01-01 18:53:00,0.1361,7358082.8957,0.7116,0.8675,125087.8125,13.9679,6249578.6596,964.4194
node-108,2024-01-01 18:53:00,0.0854,8897164.2529,1.2077,0.8721,106045.5007,10.9941,6246941.1009,924.1571
node-109,2024-01-01 18:53:00,0.1089,7896894.1617,0.0,0.4894,121497.0583,4.8823,6263156.579,949.6461
node-110,2024-01-01 18:53:00,0.087,7726937.0526,3.726,0.8845,110390.3308,9.0413,6241715.489,926.3393
node-111,2024-01-01 18:53:00,0.11,9210709.6481,0.0,1.0503,135644.4572,6.4305,6171633.232,957.5467
node-112,2024-01-01 18:53:00,0.092,7872153.873,10.104,0.8107,135852.8755,8.0751,6225270.3287,926.4947
node-113,2024-01-01 18:53:00,0.0813,7933437.1536,0.7957,1.182,134356.9644,9.9507,6244663.4048,955.9402
node-114,2024-01-01 18:53:00,0.2185,7694731.5342,13.5508,0.9872,159813.9683,8.1043,6150837.7677,945.0111
node-115,2024-01-01 18:53:00,0.0964,7774324.9408,0.0,1.0768,106979.0549,6.9793,6222450.0113,946.82
node-116,2024-01-01 18:53:00,0.1019,7883550.8293,10.0488,1.0958,95310.1283,7.109,6211318.4999,949.9967
node-117,2024-01-01 18:53:00,0.0762,9118788.5089,0.0,1.6947,157988.8424,7.9492,6187302.2691,960.6544
node-118,2024-01-01 18:53:00,0.0823,7898330.2987,7.738,1.0025,113725.4294,7.9529,6129320.4775,949.8341
node-119,2024-01-01 18:53:00,0.1878,8921235.4194,0.0,0.6975,129047.635,8.5266,6262782.2663,950.5945
