nodeId,timestamp,cpu_wio,mem_free,Missed Buffers_P1,cpu_user,bytes_out,proc_run,bytes_in,pkts_out
node-000,2024-01-01 19:04:00,0.0923,7541499.7841,0.0,1.1826,162560.2677,7.3471,6274354.8882,852.4337
node-001,2024-01-01 19:04:00,0.1945,7504582.6128,0.0,1.0142,123694.4517,7.0366,66991.8117,774.1968
node-002,2024-01-01 19:04:00,0.1096,8854891.3709,0.2898,1.912,117371.9479,6.9103,178723.5909,752.4578
node-003,2024-01-01 19:04:00,0.333,9208975.5201,4.9063,1.5103,58443.4141,5.0506,5681431.0937,720.2591
node-004,2024-01-01 19:04:00,0.1982,8175248.2254,0.4107,2.0952,143310.6839,8.0445,6183232.2109,868.2791
node-005,2024-01-01 19:04:00,0.064,7611057.4953,0.0,0.9083,105724.2168,6.0566,5837191.0962,811.2135
node-006,2024-01-01 19:04:00,0.0,4331435.0014,0.2311,0.2068,112219.6228,4.9781,6110177.8692,753.2036
node-007,2024-01-01 19:04:00,0.0902,7227256.9773,6.9515,0.7894,146323.0488,6.8865,6170882.8436,855.4712
node-008,2024-01-01 19:04:00,0.1275,8156485.047,12.7287,0.3575,122716.7378,7.3002,6391237.2067,860.8292
node-009,2024-01-01 19:04:00,0.0964,7923873.2582,3.0602,1.5973,119576.1028,9.0983,5896173.9704,844.9652
node-010,2024-01-01 19:04:00,0.0989,8591099.4458,0.0797,1.8709,69937.7852,5.0231,5201067.7663,732.9534
node-011,2024-01-01 19:04:00,0.0928,6964098.6294,6.8888,0.8038,117957.2693,4.0238,6076812.9648,859.5738
node-012,2024-01-01 19:04:00,0.0714,7457034.8821,0.197,0.2526,100847.2673,6.7423,1063113.1153,852.1357
node-013,2024-01-01 19:04:00,0.0802,7429167.5135,0.5915,0.987,130293.4745,0.0277,13330.4886,724.3273
node-014,2024-01-01 19:04:00,0.1721,9012077.5144,0.6177,0.6842,95448.1729,5.102,6239203.6979,850.2805
node-015,2024-01-01 19:04:00,0.0,3798178.1127,0.0,0.2863,133132.1327,2.9654,5876677.1405,771.5044
node-016,2024-01-01 19:04:00,0.0939,7458480.7017,0.0,0.6779,134304.8668,6.9413,4006628.0334,719.5771
node-017,2024-01-01 19:04:00,0.096,8832644.7792,0.0,0.8503,138485.2836,4.9692,800652.31,684.4991
node-018,2024-01-01 19:04:00,0.1058,8632834.3227,9.7501,1.4013,120565.603,6.103,5821296.8081,763.7768
node-019,2024-01-01 19:04:00,0.1035,7956702.5118,0.1645,0.5884,121668.6304,9.0802,6337810.1968,847.4166
node-020,2024-01-01 19:04:00,0.1164,7963674.1025,0.0,0.908,102949.9442,10.0584,4900111.5165,678.8038
node-021,2024-01-01 19:04:00,0.0997,8517129.7714,0.5966,1.2783,78540.4756,5.1583,842694.4301,857.0469
node-022,2024-01-01 19:04:00,0.1116,8383618.9639,0.0,0.478,94330.2821,8.1546,6103222.5806,888.8999
node-023,2024-01-01 19:04:00,0.1027,7399742.0251,8.1429,0.9122,125686.8526,5.875,6147338.2632,854.0467
node-024,2024-01-01 19:04:00,0.0536,7938809.3266,4.9339,0.7385,115428.4388,5.9701,5793411.1322,790.4829
node-025,2024-01-01 19:04:00,0.1339,9103915.2088,0.0,0.9391,71978.3658,6.2212,6616193.0321,840.4831
node-026,2024-01-01 19:04:00,0.0,4510350.8239,0.0,0.2395,87015.8404,3.1506,6224222.8078,752.2004
node-027,2024-01-01 19:04:00,0.0708,7749296.9348,4.9279,0.6856,147292.952,7.0722,365751.0708,838.8763
node-028,2024-01-01 19:04:00,0.0819,8411293.9269,4.312,1.3822,93644.1588,6.8957,5192762.0895,657.9168
node-029,2024-01-01 19:04:00,0.1081,8258118.593,9.8769,1.541,117069.9333,7.3584,6403549.5101,859.3395
node-030,2024-01-01 19:04:00,0.1939,8247440.8497,0.8188,0.5032,120197.4885,6.9903,6058502.508,859.6937
node-031,2024-01-01 19:04:00,0.0039,29068151.392,0.0,1.5104,1022.4423,0.0,41195.9922,30.1749
node-032,2024-01-01 19:04:00,0.1607,7342891.2765,11.0863,0.5362,139095.2424,8.7604,6236664.509,866.7516
node-033,2024-01-01 19:04:00,0.2744,7167697.2743,3.1074,4.7053,98011.4568,7.7381,6678448.0497,876.6387
node-034,2024-01-01 19:04:00,0.182,4834902.913,0.0,0.2888,129560.6008,0.9706,6457654.3847,796.5638
node-035,2024-01-01 19:04:00,0.1154,9298280.5992,0.8778,1.2483,121392.7413,5.832,5395256.2045,682.5715
node-036,2024-01-01 19:04:00,0.1973,8330396.866,2.628,1.688,121944.2959,6.7199,6139236.6394,879.2167
node-037,2024-01-01 19:04:00,0.2435,8243058.9378,10.9808,1.1878,121025.514,7.7999,5884128.313,844.6071
node-038,2024-01-01 19:04:00,0.1134,7033722.9379,3.3004,0.4961,131101.0313,6.3415,5564580.7782,848.1262
node-039,2024-01-01 19:04:00,0.0765,8426950.0084,8.4646,2.0374,124306.2878,4.9253,6256655.6099,868.6837
node-040,2024-01-01 19:04:00,0.0,4449182.1397,0.3956,0.1946,154922.7708,3.1031,65564.7044,575.2541
node-041,2024-01-01 19:04:00,0.0251,7598734.0322,0.0319,1.0946,124897.3247,8.999,4427922.6912,662.0041
node-042,2024-01-01 19:04:00,0.0908,7837880.0207,0.1757,0.8201,138858.645,6.0376,1020692.5263,861.433
node-043,2024-01-01 19:04:00,0.1728,8655933.1461,0.4542,0.8033,116991.5492,6.9324,6559868.9363,857.1685
node-044,2024-01-01 19:04:00,0.3259,7640556.0174,9.7253,0.9753,126064.511,13.9975,5788534.5664,824.6354
node-045,2024-01-01 19:04:00,0.2077,8357306.0699,1.0681,1.2172,110353.8759,14.2148,6158323.6139,857.2408
node-046,2024-01-01 19:04:00,0.2954,7913003.1417,0.0,0.4998,102978.6338,5.9371,651762.385,754.2439
node-047,2024-01-01 19:04:00,0.0941,7932792.688,0.9867,0.3921,115401.6139,6.0886,74079.1116,813.3179
node-048,2024-01-01 19:04:00,0.0894,7985088.2552,2.9585,0.5671,135268.5354,10.0991,5952596.2468,864.6126
node-049,2024-01-01 19:04:00,0.0,4768184.1434,0.6109,0.1706,114376.5418,3.0374,6260628.8079,745.1747
node-050,2024-01-01 19:04:00,0.0,2329633.9057,0.0,0.3101,134841.4877,3.9068,5961693.0324,757.5545
node-051,2024-01-01 19:04:00,0.239,7431409.0604,10.0838,2.1006,138827.3562,5.9893,5714803.215,833.8265
node-052,2024-01-01 19:04:00,0.0806,7930337.0168,0.4863,0.6248,71351.5581,5.7626,5982548.3702,861.586
node-053,2024-01-01 19:04:00,0.1578,8092154.603,0.0,1.6172,133079.4306,9.3363,6348060.5085,861.9722
node-054,2024-01-01 19:04:00,0.123,7677858.0976,0.0,0.9894,74697.1363,8.055,5700283.0285,745.3297
node-055,2024-01-01 19:04:00,0.0876,7742022.812,0.0,1.188,136314.0103,11.8412,5767975.4084,860.1363
node-056,2024-01-01 19:04:00,0.1155,8241185.8497,5.4284,1.2138,114099.6248,6.9743,6084862.0638,895.2235
node-057,2024-01-01 19:04:00,0.1145,3942251.9907,7.7503,1.0839,112791.3558,5.2891,5857212.386,840.8572
node-058,2024-01-01 19:04:00,0.1559,8109626.814,0.6579,1.2203,132042.1729,8.985,6228477.5559,827.6232
node-059,2024-01-01 19:04:00,0.0859,8000796.2707,9.3712,1.1026,140388.2595,8.0776,6491445.4481,739.5763
node-060,2024-01-01 19:04:00,0.1113,7689740.6812,3.7363,1.004,129401.8389,6.9905,5951675.4739,819.3944
node-061,2024-01-01 19:04:00,0.2238,8301624.1865,0.1023,1.2393,68522.4746,3.9708,6093986.0435,700.6159
node-062,2024-01-01 19:04:00,0.0915,8360418.5988,10.397,0.793,125238.3856,7.5118,6207446.8168,678.1304
node-063,2024-01-01 19:04:00,0.0107,7909916.599,17.3053,1.0065,119691.7399,6.1631,6160581.8559,843.5296
node-064,2024-01-01 19:04:00,0.0806,7575899.7413,8.0301,1.1254,101486.657,4.0104,5370713.8445,720.3052
node-065,2024-01-01 19:04:00,0.116,8297721.9072,0.0645,1.9793,136742.9197,4.8672,6165114.8925,863.4028
node-066,2024-01-01 19:04:00,0.1054,8242833.2607,0.8851,0.9042,134642.6161,7.9091,121168.6144,850.0039
node-067,2024-01-01 19:04:00,0.0425,7651182.9328,0.0,0.7916,98291.1886,3.9654,5619464.0593,808.6524
node-068,2024-01-01 19:04:00,0.2032,8059276.3287,11.8212,1.3803,120027.0865,6.9955,6140438.2556,827.1336
node-069,2024-01-01 19:04:00,0.0,8220026.8071,13.6251,1.0167,95393.8776,7.0332,6130754.6469,725.3929
node-070,2024-01-01 19:04:00,0.0304,8099300.6549,0.0,0.9518,138807.4484,6.043,3959709.4885,711.0075
node-071,2024-01-01 19:04:00,0.0993,8442278.5218,0.0,0.307,140190.8078,4.0876,1147128.641,844.2161
node-072,2024-01-01 19:04:00,0.0547,100940774.0507,0.0,0.2253,122810.5659,0.0,6124467.5713,773.8342
node-073,2024-01-01 19:04:00,0.1626,8080212.4072,0.0,0.6543,81255.8952,5.868,1049925.4264,866.7417
node-074,2024-01-01 19:04:00,0.0942,7658366.8237,0.3096,0.8527,107303.3019,12.0991,419677.361,856.0388
node-075,2024-01-01 19:04:00,0.1044,8309311.6913,6.7017,0.9233,204650.6622,7.0997,5792453.1798,672.103
node-076,2024-01-01 19:04:00,0.0049,4648358.8537,0.2511,0.2061,158082.3322,3.0688,6438013.614,763.9821
node-077,2024-01-01 19:04:00,0.1086,7980404.764,4.1753,0.9398,132916.3916,5.9394,4971541.3197,683.9033
node-078,2024-01-01 19:04:00,0.0886,7801697.0892,6.7587,0.4993,131015.6768,12.9545,10823.8388,883.9964
node-079,2024-01-01 19:04:00,0.1048,7946948.1016,0.0,0.9704,108678.2716,7.9539,2929925.1104,830.1052
node-080,2024-01-01 19:04:00,0.1277,8230722.1986,0.2898,1.4638,118496.8896,11.9078,6002732.5739,852.0434
node-081,2024-01-01 19:04:00,0.0741,6942775.7697,0.0,1.0619,150423.4913,8.1427,5793723.7935,813.2144
node-082,2024-01-01 19:04:00,0.1424,4531622.842,0.0,0.3066,112005.6041,2.033,5943228.6619,775.6428
node-083,2024-01-01 19:04:00,0.0786,7426121.7303,0.0,0.9,135202.3253,8.0479,6116824.5459,731.9386
node-084,2024-01-01 19:04:00,0.0911,8276264.0445,13.6196,1.0904,119868.4764,10.2696,6650837.7601,833.9784
node-085,2024-01-01 19:04:00,0.0084,7693029.1544,6.1487,0.5125,108536.8707,7.1129,3688617.591,904.141
node-086,2024-01-01 19:04:00,0.2914,7540064.6848,8.3107,2.7025,136653.2149,6.9488,3778390.046,843.2088
node-087,2024-01-01 19:04:00,0.1381,7863552.4181,0.0,0.632,117050.1578,7.2345,5652188.7709,734.4706
node-088,2024-01-01 19:04:00,0.2313,7826103.2424,0.0,1.175,90170.5592,4.0162,5975484.1688,849.4924
node-089,2024-01-01 19:04:00,0.1058,7912068.0075,0.0,1.3961,137109.752,8.9298,4695797.8967,672.7766
node-090,2024-01-01 19:04:00,0.3605,9088485.0126,0.0,1.3529,106178.3085,6.1842,5294474.665,657.2575
node-091,2024-01-01 19:04:00,0.1107,8078113.2915,13.3809,1.7135,110929.7167,5.0485,6114919.0521,844.1175
node-092,2024-01-01 19:04:00,0.2598,8799763.898,0.0,1.2123,116989.9623,6.9519,4726986.0452,664.7676
node-093,2024-01-01 19:04:00,0.2406,8590753.2481,5.5739,1.1797,128503.3603,7.1061,6033364.9449,853.7469
node-094,2024-01-01 19:04:00,0.0977,7686972.4035,0.0,0.5569,133307.5863,6.0213,4421655.5385,814.2701
node-095,2024-01-01 19:04:00,0.1651,7323922.3377,0.2941,0.4816,139459.399,6.0188,619605.4967,818.4723
node-096,2024-01-01 19:04:00,0.1698,8414149.2154,0.2385,0.6015,71558.2348,5.6823,6268760.72,852.7544
node-097,2024-01-01 19:04:00,0.0907,7713485.5005,0.0,1.2051,72060.042,7.0193,1696012.2975,849.5749
node-098,2024-01-01 19:04:00,0.2165,8140759.2036,8.1004,1.7179,113955.5205,8.6598,6841575.8404,869.1941
node-099,2024-01-01 19:04:00,0.1591,7201602.2507,9.8647,1.0129,95883.2223,10.0234,5935934.367,818.4395
node-100,2024-01-01 19:04:00,0.1554,7151753.3358,0.0,1.3025,157143.4999,7.5735,5952309.062,854.4957
node-101,2024-01-01 19:04:00,0.2514,4491262.8857,0.0,0.2197,109243.5715,1.8799,5854415.4431,779.4136
node-102,2024-01-01 19:04:00,0.3696,8125379.4048,0.8628,0.5957,138543.8881,5.999,5776554.9305,743.7679
node-103,2024-01-01 19:04:00,0.0857,7515517.8952,0.0,0.6723,111411.4318,3.9387,5959975.026,843.3116
node-104,2024-01-01 19:04:00,0.028,7993838.3181,0.2231,0.8507,123371.9747,7.9135,5959269.6475,862.6533
node-105,2024-01-01 19:04:00,0.0909,8031116.1465,8.6665,1.0057,184180.698,5.6513,5963393.4225,859.411
node-106,2024-01-01 19:04:00,0.0,4345273.9879,0.4523,0.4154,113920.4409,3.9959,6235966.8851,780.4381
node-107,2024-01-01 19:04:00,0.1288,7427303.694,0.1584,1.3386,95188.5598,8.9306,5682604.4183,775.9773
node-108,2024-01-01 19:04:00,0.2637,9602462.3373,0.1992,0.9135,121931.4088,6.5185,5917455.557,861.2657
node-109,2024-01-01 19:04:00,0.1094,8425550.4708,1.2523,1.3219,118623.2621,7.028,5874961.5424,871.2709
node-110,2024-01-01 19:04:00,0.1674,8145498.2249,3.9392,1.6683,119580.9523,9.1889,5991681.7452,880.6176
node-111,2024-01-01 19:04:00,0.1155,8704493.0845,0.0,1.1876,77992.2617,9.996,5781442.5045,859.11
node-112,2024-01-01 19:04:00,0.1838,7452556.3569,10.3467,1.1798,116587.1086,7.0051,5925298.5777,868.0209
node-113,2024-01-01 19:04:00,0.1659,7774498.1557,0.0,1.1745,121461.4318,8.0016,15296.8477,842.3684
node-114,2024-01-01 19:04:00,0.1041,7323013.6732,15.311,1.2809,157648.3915,7.9966,5739722.495,764.1909
node-115,2024-01-01 19:04:00,0.1011,7851514.5046,0.0,0.8076,108143.8639,9.3081,5756101.4684,854.7659
node-116,2024-01-01 19:04:00,0.2504,7777345.5696,9.168,1.59,95293.382,8.5808,5918248.8784,876.534
node-117,2024-01-01 19:04:00,0.0932,9250511.1214,0.0,1.0699,123462.4745,7.1333,5827512.9319,819.9629
node-118,2024-01-01 19:04:00,0.1284,8126810.7426,9.0391,0.9155,126313.1688,9.8948,5834639.894,854.7684
node-119,2024-01-01 19:04:00,0.115,8989587.7161,0.0,0.7848,123326.0381,5.9761,989300.7165,844.3947
node-000,2024-01-01 19:05:00,0.1001,7322231.1395,1.1333,1.1899,172914.0294,8.1101,6144087.0565,828.2983
node-001,2024-01-01 19:05:00,0.1933,7555254.8698,0.0,0.2351,92585.5312,5.0197,0.0,806.8212
node-002,2024-01-01 19:05:00,0.001,9170884.5037,0.2668,0.5709,86083.9369,7.0724,41633.9472,823.7765
node-003,2024-01-01 19:05:00,0.1063,9302274.104,0.0,0.8561,88419.2528,6.983,693188.1524,846.2569
node-004,2024-01-01 19:05:00,0.207,8082003.8629,0.0,0.6005,60283.495,9.9517,6166763.5527,840.1672
node-005,2024-01-01 19:05:00,0.1015,7832421.618,0.0,1.1114,120017.2452,6.0164,604912.2935,787.9007
node-006,2024-01-01 19:05:00,0.0218,4455335.231,0.2659,0.0809,115314.0084,4.343,28817.9213,802.0359
node-007,2024-01-01 19:05:00,0.086,7138543.194,0.0,0.974,157754.7981,13.9568,266177.178,847.7397
node-008,2024-01-01 19:05:00,0.102,8123067.8189,12.3874,0.4045,55098.3946,7.0846,5991996.791,798.2038
node-009,2024-01-01 19:05:00,0.1866,7738344.2312,2.4771,0.818,122941.1688,8.0366,5727274.8619,830.4289
node-010,2024-01-01 19:05:00,0.1263,8389337.3435,0.0,0.6301,64725.9387,7.9667,6015596.098,829.447
node-011,2024-01-01 19:05:00,0.0677,7520630.2408,8.6144,0.5504,58613.128,7.9478,6296628.2938,823.3106
node-012,2024-01-01 19:05:00,0.0887,7256294.4945,0.7864,0.1017,78468.5566,7.9322,88958.3762,859.5706
node-013,2024-01-01 19:05:00,0.1438,7389101.1059,0.0,0.8861,110099.3686,0.0145,0.0,835.3442
node-014,2024-01-01 19:05:00,0.1064,9151130.8154,0.9195,0.5518,83948.9508,5.0648,5137404.6012,860.0833
node-015,2024-01-01 19:05:00,0.3962,3530769.6992,0.0,0.4033,131101.1157,0.9029,6009836.8082,801.6439
node-016,2024-01-01 19:05:00,0.107,7348270.2043,0.0,0.5048,117467.8192,9.9166,77352.3766,812.7165
node-017,2024-01-01 19:05:00,0.0975,8844315.3734,1.526,0.7908,168708.6467,3.9764,84327.4052,854.4115
node-018,2024-01-01 19:05:00,0.1189,8770207.935,9.4322,0.7867,73780.9738,11.0178,5906527.1157,810.7997
node-019,2024-01-01 19:05:00,0.1614,8061911.2429,0.1723,0.1834,132741.6985,8.325,363227.0059,866.0794
node-020,2024-01-01 19:05:00,0.1124,8271038.318,0.0,0.4895,85125.3655,7.9594,6193038.0475,857.5493
node-021,2024-01-01 19:05:00,0.1507,8203975.452,0.4021,0.2494,129538.285,4.1416,27911.0234,864.8369
node-022,2024-01-01 19:05:00,0.2168,8283981.3402,0.0831,0.0916,99756.7768,6.9944,1320833.5448,828.0347
node-023,2024-01-01 19:05:00,0.1221,7237126.5411,6.9711,0.9027,105668.9817,7.8855,3684405.7039,837.5855
node-024,2024-01-01 19:05:00,0.0,7604952.507,5.9027,0.6883,119596.9885,7.0023,5827884.1265,812.8096
node-025,2024-01-01 19:05:00,0.1091,9154654.8469,0.0,0.5024,105285.5266,7.0687,5751309.8239,857.6629
node-026,2024-01-01 19:05:00,0.0005,4634941.3391,0.0,0.0854,52481.2173,3.0962,6123677.0873,790.8696
node-027,2024-01-01 19:05:00,0.301,7612950.8303,0.0,0.1926,130385.7645,11.0152,69364.2375,848.3343
node-028,2024-01-01 19:05:00,0.0752,8531526.2635,0.0,0.1429,139657.5449,4.9232,796339.8553,844.57
node-029,2024-01-01 19:05:00,0.0879,7700952.3885,10.063,0.5075,110941.1541,6.9889,6221803.2746,820.5334
node-030,2024-01-01 19:05:00,0.174,7687999.9804,0.0,0.6473,119075.4022,9.0176,1555715.9147,850.2296
node-031,2024-01-01 19:05:00,0.0,29388709.9481,0.0,0.7689,769.8595,0.0936,72010.1728,25.1162
node-032,2024-01-01 19:05:00,0.0903,7346731.7038,9.9546,1.3772,109676.4521,8.0688,6249943.1714,800.2152
node-033,2024-01-01 19:05:00,0.1866,7872492.1685,4.509,5.3421,145075.6308,9.0784,5578397.3268,865.8318
node-034,2024-01-01 19:05:00,0.3148,4838896.3404,0.7244,0.2389,133742.2616,4.9233,6104438.5529,808.1631
node-035,2024-01-01 19:05:00,0.3388,8685353.8818,0.5232,0.9325,122842.7127,4.9799,5930128.1885,851.1957
node-036,2024-01-01 19:05:00,0.1066,7817388.2864,0.0,0.7855,128021.8501,6.4585,6114498.291,872.0099
node-037,2024-01-01 19:05:00,0.0963,8311193.979,11.8443,0.5898,105534.6831,8.8877,6005650.0153,810.3375
node-038,2024-01-01 19:05:00,0.1846,6904939.7448,0.1786,0.8137,86662.2407,8.2174,932051.6631,872.4338
node-039,2024-01-01 19:05:00,0.1943,8744350.1055,7.6815,0.6006,127426.9355,6.8051,6073991.1358,836.5963
node-040,2024-01-01 19:05:00,0.0057,4218276.6778,0.1739,0.2043,163926.0172,1.03,40338.6314,781.5468
node-041,2024-01-01 19:05:00,0.3646,8003901.769,0.4393,0.7638,148648.5228,7.991,77097.4324,859.2359
node-042,2024-01-01 19:05:00,0.2798,7550310.0987,0.2708,0.115,130127.1212,6.9772,149018.6418,869.3771
node-043,2024-01-01 19:05:00,0.1981,8913038.9421,0.8505,0.6455,121392.1963,13.949,5956347.4223,874.2412
node-044,2024-01-01 19:05:00,0.1989,7754359.5623,0.0,0.7397,127014.9788,11.932,581490.9504,950.1181
node-045,2024-01-01 19:05:00,0.1956,7783072.5623,0.5875,1.1401,128860.4758,13.0396,3728197.1336,849.8622
node-046,2024-01-01 19:05:00,0.117,7534635.5677,0.9124,1.0282,91976.1675,8.2191,60194.4695,842.4964
node-047,2024-01-01 19:05:00,0.1502,8086328.6346,0.0,0.7399,93335.5778,5.6193,91920.4908,813.6232
node-048,2024-01-01 19:05:00,0.1068,7568722.9708,0.5052,0.8456,95436.4452,6.9513,1133758.8696,836.9423
node-049,2024-01-01 19:05:00,0.1842,4509583.1374,0.5273,0.1299,85032.159,2.0634,300518.323,824.4465
node-050,2024-01-01 19:05:00,0.497,2282014.6674,0.0,0.2255,120048.622,1.9338,1820073.9997,790.4106
node-051,2024-01-01 19:05:00,0.0709,7407032.5649,11.2761,0.4875,133184.8803,11.0137,5957801.3201,828.7693
node-052,2024-01-01 19:05:00,0.1002,8308538.8469,0.0,0.4534,106675.9865,5.0209,6185455.1638,847.0656
node-053,2024-01-01 19:05:00,0.0959,8175205.6542,0.02,0.7283,122898.2777,10.822,6135444.1444,851.997
node-054,2024-01-01 19:05:00,0.0812,7252680.0813,0.0,0.9897,67976.0832,4.0519,5836093.3108,839.979
node-055,2024-01-01 19:05:00,0.0906,7950577.2111,0.0,0.5505,112243.2769,13.9476,6283575.0602,862.2293
node-056,2024-01-01 19:05:00,0.087,7891778.183,4.6667,1.2017,113746.778,13.0559,279810.0779,851.4019
node-057,2024-01-01 19:05:00,0.1573,4546822.8244,6.8748,0.8184,121375.9396,4.9381,6176725.803,854.4305
node-058,2024-01-01 19:05:00,0.1238,7733584.2918,0.0,0.5878,125661.0514,8.504,5723636.2008,911.0122
node-059,2024-01-01 19:05:00,0.1616,8182040.2899,9.7023,0.5896,112215.9332,12.0415,5752808.0082,843.0391
node-060,2024-01-01 19:05:00,0.1567,7419614.8091,0.0,1.0052,79951.7154,8.028,2379897.7929,832.5805
node-061,2024-01-01 19:05:00,0.0948,7834738.5916,1.3467,0.7059,69151.4092,5.1599,732744.5194,845.0014
node-062,2024-01-01 19:05:00,0.0965,7553085.1687,0.2894,0.912,131989.0715,7.8661,4430433.9247,866.1932
node-063,2024-01-01 19:05:00,0.1871,7740278.2284,16.1538,1.1907,106636.0187,6.4663,3733941.5266,846.8575
node-064,2024-01-01 19:05:00,0.1066,7587227.8502,8.119,0.4071,72595.3501,7.8862,5834318.3457,845.9082
node-065,2024-01-01 19:05:00,0.2223,7763075.8173,0.0362,1.3107,116826.3964,5.0918,6128458.3797,844.218
node-066,2024-01-01 19:05:00,0.1856,8030009.1642,0.0694,0.2133,130502.1049,6.875,24692.6328,838.0181
node-067,2024-01-01 19:05:00,0.1002,7698011.8675,0.0,0.8097,62124.3259,6.9647,5927915.183,800.0633
node-068,2024-01-01 19:05:00,0.133,7795010.8836,12.3024,0.5949,129436.7277,5.0353,5924268.6418,886.8723
node-069,2024-01-01 19:05:00,0.0803,8748019.6549,15.0214,0.4235,101346.6806,7.0842,3827836.6242,828.2073
node-070,2024-01-01 19:05:00,0.0946,7452575.1557,0.3929,0.3732,125666.2819,5.9117,52668.8535,842.4653
node-071,2024-01-01 19:05:00,0.1186,8234699.4113,0.0,0.5617,93047.2945,5.0991,95911.6693,791.1032
node-072,2024-01-01 19:05:00,0.0438,99821894.1478,0.0,0.2144,99423.2739,4.0454,5862114.9655,797.3342
node-073,2024-01-01 19:05:00,0.1918,7850822.3042,0.0,1.0837,108308.9828,6.1264,0.0,807.5326
node-074,2024-01-01 19:05:00,0.1556,8003299.2674,0.0,0.8063,114081.8658,4.0361,68122.8815,866.2062
node-075,2024-01-01 19:05:00,0.2323,8897838.9992,0.1789,0.3854,100686.3423,7.0309,831219.7302,862.7767
node-076,2024-01-01 19:05:00,0.0122,4648549.9168,0.8794,0.2078,145167.7042,3.1669,6026764.5497,780.8088
node-077,2024-01-01 19:05:00,0.2512,7324718.7981,0.6272,0.9122,138041.5051,7.9777,769828.5823,868.4096
node-078,2024-01-01 19:05:00,0.2993,7857931.8386,0.0,0.1897,187197.9882,3.0088,0.0,811.8704
node-079,2024-01-01 19:05:00,0.1526,8088953.387,0.0,0.6299,134207.8991,15.0282,36642.841,939.0067
node-080,2024-01-01 19:05:00,0.1317,7698645.6126,0.0001,0.6027,57091.6581,7.9181,1135258.7285,835.556
node-081,2024-01-01 19:05:00,0.0821,6990407.0422,0.0,0.4723,140345.3037,4.914,5826581.292,801.903
node-082,2024-01-01 19:05:00,0.3,4567944.3865,0.2119,0.1595,108763.2176,3.9417,6168232.0515,812.9181
node-083,2024-01-01 19:05:00,0.0974,8082106.7151,0.0804,0.8917,149387.3724,7.9907,3951762.7621,836.4353
node-084,2024-01-01 19:05:00,0.1098,8196774.3956,13.9387,1.0174,106554.618,9.3255,5905300.64,848.0904
node-085,2024-01-01 19:05:00,0.0116,7343347.1845,0.0,0.1797,116097.1528,8.1598,57829.7973,834.2816
node-086,2024-01-01 19:05:00,0.3899,7927977.9515,0.0,0.9852,133277.391,8.0743,0.0,888.4879
node-087,2024-01-01 19:05:00,0.208,8404693.3869,0.4848,1.0856,94724.1128,7.069,662430.7277,825.5383
node-088,2024-01-01 19:05:00,0.0555,7445350.8331,0.7221,0.5744,114955.9346,8.0559,5986612.8257,819.4786
node-089,2024-01-01 19:05:00,0.0888,8048037.2173,0.0604,1.2393,132049.744,8.9442,6285380.8726,854.6114
node-090,2024-01-01 19:05:00,0.1,8749061.9444,0.0,0.4516,72176.1548,9.9775,5903483.954,840.3218
node-091,2024-01-01 19:05:00,0.0973,8514943.1894,12.8179,0.8834,60591.5603,8.0316,6184079.0764,836.0156
node-092,2024-01-01 19:05:00,0.0446,8951575.0016,0.0,0.5573,76907.3067,11.9364,6263679.0832,857.6
node-093,2024-01-01 19:05:00,0.0708,8396851.5243,5.1799,0.5536,92505.6476,7.9309,6040718.3838,790.251
node-094,2024-01-01 19:05:00,0.2096,8458040.9541,0.0,0.5976,119784.3159,3.8636,88404.7268,804.1971
node-095,2024-01-01 19:05:00,0.0856,7253999.7714,0.0,0.3328,109123.3604,9.0501,60029.4721,820.6965
node-096,2024-01-01 19:05:00,0.0911,9064193.6181,0.0,0.3959,116151.6612,6.0721,4891304.2256,862.5086
node-097,2024-01-01 19:05:00,0.1109,7504847.0702,0.0,0.0136,121577.5599,8.0214,72008.0798,844.0873
node-098,2024-01-01 19:05:00,0.1024,8159346.9674,8.3118,0.9898,114366.6807,9.0035,5382496.4892,883.0099
node-099,2024-01-01 19:05:00,0.0968,7554666.6796,0.0607,3.0911,94841.3647,11.9699,439333.9748,899.7706
node-100,2024-01-01 19:05:00,0.0001,7441239.2722,0.0,0.385,137001.3146,8.0509,5918915.4399,810.0221
node-101,2024-01-01 19:05:00,0.0084,4022487.8951,0.2865,0.0877,117700.2402,2.9862,6129866.4264,778.1256
node-102,2024-01-01 19:05:00,0.097,8065022.9648,0.3219,0.7048,128837.6942,6.035,588512.897,871.4674
node-103,2024-01-01 19:05:00,0.1148,7645688.5822,0.2548,0.6083,114455.4573,7.0151,6236869.6073,870.4899
node-104,2024-01-01 19:05:00,0.2279,7628290.2655,0.1569,1.1921,122198.2211,8.0554,6016860.6766,809.9622
node-105,2024-01-01 19:05:00,0.0865,7702083.3664,9.5798,0.8731,121349.9086,4.0314,6328215.0796,864.3225
node-106,2024-01-01 19:05:00,0.011,4213081.3237,0.1651,0.1097,110441.8161,2.0754,1388663.5644,786.0732
node-107,2024-01-01 19:05:00,0.1036,7220703.3985,0.3527,1.0003,89062.3147,9.1474,5992105.1976,829.9686
node-108,2024-01-01 19:05:00,0.1487,8440987.7923,0.0,0.499,86460.4808,7.0611,6211676.3362,857.1209
node-109,2024-01-01 19:05:00,0.2058,7724026.624,0.0,0.4789,110537.874,6.9202,6245803.1561,867.0012
node-110,2024-01-01 19:05:00,0.29,8109710.7134,4.3677,0.4768,60588.4597,7.9074,6072772.2109,830.6753
node-111,2024-01-01 19:05:00,0.0934,8617370.4553,1.0424,1.0569,122110.7963,8.8984,948446.2422,861.5448
node-112,2024-01-01 19:05:00,0.115,7455310.2061,9.6866,0.584,115580.3137,7.0376,6078592.842,791.1326
node-113,2024-01-01 19:05:00,0.2226,7914203.719,0.0,0.2703,120522.5028,8.9909,55380.1498,860.3184
node-114,2024-01-01 19:05:00,0.1011,7631082.1328,15.9098,1.6017,90248.6744,6.9297,5935458.2113,800.4332
node-115,2024-01-01 19:05:00,0.1057,7749232.708,0.0,0.7727,61893.7298,11.0851,6138595.0035,848.522
node-116,2024-01-01 19:05:00,0.2955,7711775.2848,0.1529,1.2947,57458.7842,8.9335,1096730.3744,799.548
node-117,2024-01-01 19:05:00,0.0964,9139275.9288,0.0,1.1078,116333.4738,8.0461,5835132.4496,814.9481
node-118,2024-01-01 19:05:00,0.1005,7986068.9347,8.6061,0.3866,86744.2944,10.9676,6107810.8991,888.9039
node-119,2024-01-01 19:05:00,0.2206,9181795.4273,0.0,0.8889,88959.8932,5.9444,0.0,847.81
node-000,2024-01-01 19:06:00,0.2348,7345709.6673,0.0,0.9975,105248.6618,2.1107,1434312.7976,203.8587
node-001,2024-01-01 19:06:00,0.0068,7119762.6162,0.0,0.0,87677.0529,6.0417,81864.4338,614.3714
node-002,2024-01-01 19:06:00,0.0761,9092423.6411,0.0,0.4161,91879.0723,7.0259,8474.6251,800.5156
node-003,2024-01-01 19:06:00,0.2007,30166760.5088,0.259,0.7165,14679.3007,1.0687,42369.8527,107.6602
node-004,2024-01-01 19:06:00,0.3486,29296517.5201,0.1353,1.1133,5441.4498,0.0735,272788.0287,52.9203
node-005,2024-01-01 19:06:00,0.1452,7576176.1391,0.8872,0.9822,124761.2229,5.9108,103618.6172,304.0364
node-006,2024-01-01 19:06:00,0.0,22584666.7569,1.2443,0.001,57994.4363,2.0681,117329.4276,159.9454
node-007,2024-01-01 19:06:00,0.1083,7078758.3474,0.0,0.0,112764.4886,11.996,0.0,60.8761
node-008,2024-01-01 19:06:00,0.0521,25051954.0918,0.3848,0.3031,68117.7198,11.886,1088635.0378,174.7708
node-009,2024-01-01 19:06:00,0.3125,8556396.4409,0.0,0.38,111174.1343,7.9708,539997.5195,605.2172
node-010,2024-01-01 19:06:00,0.1401,28452170.4322,0.2736,0.3342,15136.6484,2.0503,684163.0494,100.0462
node-011,2024-01-01 19:06:00,0.0345,7337737.0713,0.0,0.3217,72416.9143,1.2884,131749.2587,219.2789
node-012,2024-01-01 19:06:00,0.0152,28055397.243,0.5849,0.1,72765.2023,1.0304,59052.8341,155.1371
node-013,2024-01-01 19:06:00,0.2139,19096676.414,0.0,0.8489,69707.2207,0.0509,0.0,108.939
node-014,2024-01-01 19:06:00,0.2033,30071516.6306,0.2554,0.7967,56292.8159,0.0278,0.0,127.153
node-015,2024-01-01 19:06:00,0.4078,3244728.3158,0.7725,0.1324,130833.019,1.9993,348927.9524,37.3027
node-016,2024-01-01 19:06:00,0.1074,7361356.9437,0.0,0.008,118102.3372,7.0472,0.0,104.9829
node-017,2024-01-01 19:06:00,0.1939,8654974.1721,0.0,0.2884,142744.9421,4.065,94635.6507,115.3716
node-018,2024-01-01 19:06:00,0.3945,8365587.2091,0.0497,0.4103,76573.3157,10.8781,571548.8015,89.1792
node-019,2024-01-01 19:06:00,0.0872,7808494.7622,0.4991,0.1958,126394.3982,8.0836,97512.5583,535.6291
node-020,2024-01-01 19:06:00,0.1807,29325197.0033,0.0,0.4788,68438.3512,0.0,791348.2732,138.8504
node-021,2024-01-01 19:06:00,0.0015,19512293.933,1.1271,0.3769,62944.4835,7.1001,46819.6138,716.3374
node-022,2024-01-01 19:06:00,0.0857,7900628.4354,0.0,0.4178,58849.7797,7.7569,0.0,210.5254
node-023,2024-01-01 19:06:00,0.0728,7559098.7186,0.0,0.1631,118343.0268,8.9691,16586.1783,510.1646
node-024,2024-01-01 19:06:00,0.1858,7364219.9545,0.9855,1.417,124531.4751,7.0649,658456.1065,87.5657
node-025,2024-01-01 19:06:00,0.5643,9422499.1937,0.0,0.2629,55082.8943,3.3107,1118893.9735,137.9646
node-026,2024-01-01 19:06:00,0.0,4256147.0682,0.0,0.0092,54010.0603,0.5728,1775499.2222,234.2173
node-027,2024-01-01 19:06:00,0.1372,7842121.2629,0.6726,0.0898,111723.9806,11.7353,64622.8004,530.2557
node-028,2024-01-01 19:06:00,0.1024,8267476.6033,0.0,0.5081,123395.4252,8.0769,104988.0256,126.0108
node-029,2024-01-01 19:06:00,0.0305,8182835.5469,0.0,0.1619,115629.0065,6.0275,1529082.2445,232.2321
node-030,2024-01-01 19:06:00,0.0915,8243757.2125,0.9751,0.0,112849.6759,9.0709,41138.7062,245.1214
node-031,2024-01-01 19:06:00,0.0914,28632948.6815,0.0,0.2472,13837.6373,6.0655,123294.0159,11.4074
node-032,2024-01-01 19:06:00,0.2432,7729377.009,0.0,0.4826,58013.709,8.9709,1273993.336,222.2975
node-033,2024-01-01 19:06:00,0.0976,28817802.3399,0.0,0.1842,69814.0398,3.0133,910408.8111,134.428
node-034,2024-01-01 19:06:00,0.0,4533123.5756,0.0,0.134,131976.7136,5.0005,1041463.7892,124.9737
node-035,2024-01-01 19:06:00,0.0904,8864129.6319,0.5949,0.3683,122372.8765,6.877,798154.254,111.1539
node-036,2024-01-01 19:06:00,0.4445,7996119.9811,0.0,0.1852,109890.8467,7.9008,288334.369,501.0259
node-037,2024-01-01 19:06:00,0.4224,7901761.2986,0.0,0.3706,55643.682,8.0617,1176627.6327,173.1389
node-038,2024-01-01 19:06:00,0.0709,7018338.4635,0.0,0.4529,121340.0956,8.9701,55973.7591,139.3204
node-039,2024-01-01 19:06:00,0.1186,8754215.758,0.0,0.6941,125720.4002,8.0414,1619703.9043,250.4732
node-040,2024-01-01 19:06:00,0.0067,3971328.902,0.0,0.0,131774.515,2.1287,104848.8461,123.0313
node-041,2024-01-01 19:06:00,0.0968,7953165.3648,0.0,0.3585,127265.4417,6.0665,78006.1314,115.4345
node-042,2024-01-01 19:06:00,0.9441,7518331.0673,0.0,0.0,90046.8818,6.9467,3746.1409,150.1063
node-043,2024-01-01 19:06:00,0.6387,8858165.306,0.0863,0.987,87034.2436,13.9362,1048513.14,145.3093
node-044,2024-01-01 19:06:00,0.4113,7640638.7796,0.1694,0.5745,86721.5935,11.9552,104015.8302,75.4298
node-045,2024-01-01 19:06:00,0.0975,8116455.0136,0.0,0.0054,63758.4666,9.9785,0.0,56.6152
node-046,2024-01-01 19:06:00,0.1194,19020016.4966,0.1991,0.4654,55587.2628,1.7349,0.0,90.1102
node-047,2024-01-01 19:06:00,0.0865,7971774.9987,0.0,0.0,53734.5332,5.0277,0.0,100.9699
node-048,2024-01-01 19:06:00,0.6202,8193410.8109,1.9025,0.2648,143417.8328,6.0882,52402.3778,193.4247
node-049,2024-01-01 19:06:00,0.1352,4622882.5481,0.0,0.1218,61030.4949,4.9882,63257.2436,49.1458
node-050,2024-01-01 19:06:00,0.117,1797335.9429,0.0,0.108,84042.2252,3.924,895563.154,227.8808
node-051,2024-01-01 19:06:00,0.1262,18640211.4113,0.5592,0.3897,74926.0071,0.0,574738.3726,84.3535
node-052,2024-01-01 19:06:00,0.2768,8053488.1545,0.15,0.1665,54140.3984,0.0049,965709.6337,123.1103
node-053,2024-01-01 19:06:00,0.0852,8164458.8891,0.3998,0.5804,92204.6741,16.0459,1507915.2723,233.7555
node-054,2024-01-01 19:06:00,0.1381,28041803.5745,0.0,0.3485,53828.7241,0.0,610611.846,99.0064
node-055,2024-01-01 19:06:00,0.097,7871294.1169,0.3161,0.2238,116112.9127,7.0122,285875.0733,35.1843
node-056,2024-01-01 19:06:00,0.1121,7665530.3256,0.1493,0.0,60915.5449,12.3624,102363.3554,53.6268
node-057,2024-01-01 19:06:00,0.1662,3781092.7231,0.2316,0.741,88823.1493,7.0104,1086243.3255,138.7754
node-058,2024-01-01 19:06:00,0.0904,8188665.701,0.5092,0.2879,71156.1242,7.9986,562335.6625,80.9836
node-059,2024-01-01 19:06:00,0.3631,8404743.8108,0.0,0.4214,93351.713,11.9663,701870.7621,92.8111
node-060,2024-01-01 19:06:00,0.1102,7928174.3433,0.5054,0.1007,71214.4043,3.7537,707118.0219,327.876
node-061,2024-01-01 19:06:00,0.014,28616806.2748,0.0,0.1154,49225.0789,1.1655,77655.6291,109.3256
node-062,2024-01-01 19:06:00,0.0902,8152922.1514,1.375,0.5785,99872.5299,7.0767,6968.2725,126.5793
node-063,2024-01-01 19:06:00,0.5987,7725931.1338,0.0,0.5094,62316.5231,7.985,98359.9026,42.7359
node-064,2024-01-01 19:06:00,0.2168,28715790.4398,0.0,0.4518,11301.4838,1.0992,704291.0601,105.0426
node-065,2024-01-01 19:06:00,0.212,7922545.8396,0.0,0.1516,106469.2277,5.081,358410.8556,51.9008
node-066,2024-01-01 19:06:00,0.1007,8346343.167,0.0,0.4945,106037.5658,7.9408,26513.3129,41.3649
node-067,2024-01-01 19:06:00,0.3018,28553944.1865,0.1487,0.3686,9268.4079,0.0,640568.0521,89.5948
node-068,2024-01-01 19:06:00,0.1145,8668326.65,0.0,0.1996,119728.4156,10.9838,614871.2737,77.0878
node-069,2024-01-01 19:06:00,0.0946,8643033.7405,14.6284,0.4081,54375.1951,2.0079,1560636.4645,916.5348
node-070,2024-01-01 19:06:00,0.1191,7800911.0826,0.0,0.0025,125058.7312,7.0187,92292.9694,574.2114
node-071,2024-01-01 19:06:00,0.2948,8195622.8754,0.0,0.4684,56200.7115,4.9651,24878.2341,179.5445
node-072,2024-01-01 19:06:00,0.0283,120892207.1943,0.1615,0.1278,57617.2643,0.6648,1559312.5107,301.8861
node-073,2024-01-01 19:06:00,0.3155,21811362.9332,0.2832,0.0432,68668.346,8.9657,81104.5403,179.8739
node-074,2024-01-01 19:06:00,0.0,7629823.8487,0.1953,0.3549,119139.7744,6.0625,20676.7036,532.3015
node-075,2024-01-01 19:06:00,0.0849,9105448.6851,0.0,0.4961,93009.4504,7.0463,26664.2269,102.1996
node-076,2024-01-01 19:06:00,0.0,5055653.2108,0.0,0.0047,126145.7052,4.0828,1741073.4681,694.5605
node-077,2024-01-01 19:06:00,0.3068,7681637.8146,0.5352,0.5511,129512.36,3.7402,79980.278,632.0403
node-078,2024-01-01 19:06:00,0.107,8155742.3516,0.5359,0.012,143754.9734,4.1586,80395.108,141.411
node-079,2024-01-01 19:06:00,0.2708,8398462.4848,0.0677,0.3764,117464.7337,15.1008,103146.5955,471.8136
node-080,2024-01-01 19:06:00,0.1164,7625719.8347,0.0,1.603,60261.5339,7.0526,0.0,184.7218
node-081,2024-01-01 19:06:00,0.3563,6839158.7405,0.9372,0.5295,83285.0772,4.9987,630302.5995,96.0161
node-082,2024-01-01 19:06:00,0.094,4837556.2468,0.0,0.2072,118864.0262,1.7893,1773565.7867,257.4323
node-083,2024-01-01 19:06:00,0.1653,7832867.4125,0.0,0.5047,120086.3356,0.0,35784.4314,108.189
node-084,2024-01-01 19:06:00,0.0207,8259813.5166,0.0,0.5661,78988.5071,7.9566,996540.072,699.6129
node-085,2024-01-01 19:06:00,0.0918,8055362.1649,0.0,0.1306,133307.9046,9.0282,18148.5509,53.1606
node-086,2024-01-01 19:06:00,0.2396,7764025.4337,0.0,0.3184,103294.9462,9.0923,117876.4554,50.3393
node-087,2024-01-01 19:06:00,0.1234,8183536.721,0.6288,0.3742,84754.2972,7.0281,67646.7412,85.2806
node-088,2024-01-01 19:06:00,0.2752,8191801.6981,0.0,0.6927,103264.2999,8.0217,1357222.4292,221.6082
node-089,2024-01-01 19:06:00,0.2875,8113453.642,0.279,1.0153,93832.8593,0.1129,843003.7976,128.7169
node-090,2024-01-01 19:06:00,0.0317,30207579.2282,0.8695,0.3809,53781.1661,0.0089,816887.0189,122.0794
node-091,2024-01-01 19:06:00,0.1646,8089894.2412,0.0,0.2147,58470.0727,3.7267,1068547.6538,141.7366
node-092,2024-01-01 19:06:00,0.3102,29971878.6871,0.0304,0.7964,69328.6048,0.1158,841124.4985,126.6396
node-093,2024-01-01 19:06:00,0.1053,8470213.7587,0.0,0.1834,87312.8972,8.093,40537.0283,157.8888
node-094,2024-01-01 19:06:00,0.0725,7833923.2117,0.0,0.0,71040.6252,7.004,63754.5858,90.4962
node-095,2024-01-01 19:06:00,0.2308,7557021.5913,0.0,1.0153,65799.8296,4.2162,71598.0161,97.291
node-096,2024-01-01 19:06:00,0.4884,29723874.2966,0.0,0.7825,56574.9395,0.1188,41071.84,135.4651
node-097,2024-01-01 19:06:00,0.1281,7465907.3206,0.7933,0.2909,129973.0142,9.5533,31720.5424,258.5122
node-098,2024-01-01 19:06:00,0.1294,29318913.3771,0.0,0.2459,121530.665,1.0849,1025351.1347,139.5309
node-099,2024-01-01 19:06:00,0.7782,7122735.4641,0.0,4.3352,80498.9238,7.0076,38978.6775,70.0867
node-100,2024-01-01 19:06:00,0.117,7299356.2243,0.2635,0.3733,58510.4788,8.9102,1373947.644,206.8472
node-101,2024-01-01 19:06:00,0.0,3838966.1312,0.2111,0.0434,106924.491,0.4927,1584822.5571,221.5802
node-102,2024-01-01 19:06:00,0.3545,8283042.0912,0.2589,0.3509,111891.366,6.0398,18555.6806,651.198
node-103,2024-01-01 19:06:00,0.1073,7517512.4978,0.0,0.1515,64522.1286,0.0,415835.4787,55.442
node-104,2024-01-01 19:06:00,0.1817,7850306.5913,0.1302,0.442,126640.0039,8.0282,1187646.5458,181.195
node-105,2024-01-01 19:06:00,0.0568,8260216.318,0.4359,0.1661,119681.6576,6.0038,945033.3648,130.9795
node-106,2024-01-01 19:06:00,0.0,5005280.8475,0.7311,0.208,97503.3638,6.1564,35741.6707,191.8229
node-107,2024-01-01 19:06:00,0.1045,18012663.8235,0.0,0.4387,54192.5803,0.9688,624141.4455,101.2283
node-108,2024-01-01 19:06:00,0.1862,30231485.3248,0.5553,0.2497,57639.5103,0.0,986330.223,141.5223
node-109,2024-01-01 19:06:00,0.1833,8104672.476,0.2543,0.59,72921.1238,7.0192,1002361.5263,153.1784
node-110,2024-01-01 19:06:00,0.0402,7857107.5051,0.0,0.0947,75037.0445,8.0471,1497118.5362,243.6355
node-111,2024-01-01 19:06:00,0.137,8892246.715,0.0,0.1911,88019.8143,1.4855,61532.8751,133.9271
node-112,2024-01-01 19:06:00,0.3341,7485544.5024,0.0,0.3361,78064.8733,6.1138,1060462.3706,176.687
node-113,2024-01-01 19:06:00,0.6914,8002363.4724,0.0,0.0156,134807.1063,8.2527,0.0,171.4752
node-114,2024-01-01 19:06:00,0.088,7954948.4158,0.6755,0.696,60942.8022,3.2425,545454.3856,96.906
node-115,2024-01-01 19:06:00,0.401,28248556.0414,0.0,0.9841,6431.5407,2.0837,390876.1942,57.7861
node-116,2024-01-01 19:06:00,0.1286,27737970.7217,0.3043,2.5326,20635.0742,7.0239,62105.7342,165.2886
node-117,2024-01-01 19:06:00,0.1873,9091381.3585,0.2315,1.1683,57725.29,1.0026,646527.5968,290.6506
node-118,2024-01-01 19:06:00,0.4862,18495124.5745,1.5043,0.16,63250.4746,8.1317,457870.079,63.0923
node-119,2024-01-01 19:06:00,0.1657,8982187.1379,0.1121,0.4136,55779.6222,5.9636,0.0,137.5899
node-000,2024-01-01 19:07:00,0.0136,7907244.2071,0.9216,0.4687,117544.9571,0.0,139111.0952,89.1344
node-001,2024-01-01 19:07:00,0.1264,7856777.0754,1.1585,0.2984,54809.8818,2.7437,69730.8386,2.4452
node-002,2024-01-01 19:07:00,0.1907,9160866.6517,0.0,0.3973,55722.8066,3.0439,36421.2647,170.8056
node-003,2024-01-01 19:07:00,0.0,29676633.9652,0.1198,0.0,4879.9895,2.792,57603.8611,7.4391
node-004,2024-01-01 19:07:00,0.2474,29168189.3262,0.0,0.524,1285.6619,0.0538,79739.4027,0.5776
node-005,2024-01-01 19:07:00,0.3868,7321063.2626,0.9696,0.6432,107967.0801,0.0922,70858.1215,186.4035
node-006,2024-01-01 19:07:00,0.0828,28146805.6384,0.9979,0.119,25495.7798,0.2358,24320.6876,0.0
node-007,2024-01-01 19:07:00,0.0866,6949744.5623,0.0774,0.7996,159753.4943,2.165,37644.0203,0.0
node-008,2024-01-01 19:07:00,0.0477,28720868.8135,0.6883,0.4251,6019.4729,0.0169,141222.4368,9.9238
node-009,2024-01-01 19:07:00,0.1313,19333519.2844,0.2016,0.8827,92524.5647,0.0357,102329.6081,8.9549
node-010,2024-01-01 19:07:00,0.0068,28489663.3574,0.0,0.0139,5971.1614,1.9322,0.0,18.9529
node-011,2024-01-01 19:07:00,0.0,28220133.2457,0.4517,0.0,9219.7217,0.0774,29498.3563,0.0976
node-012,2024-01-01 19:07:00,0.1053,28193213.4569,0.8276,0.1177,4418.811,0.0,28878.2344,13.1129
node-013,2024-01-01 19:07:00,0.0589,28769821.7151,0.0,0.3927,49150.987,0.0,0.0,5.6432
node-014,2024-01-01 19:07:00,0.1136,30045940.7766,0.0,0.1109,16055.3872,0.0959,99571.3367,6.3274
node-015,2024-01-01 19:07:00,0.0,3347193.7502,0.0,0.0356,114253.3977,0.8939,10185.5875,6.0076
node-016,2024-01-01 19:07:00,0.1151,7180387.4997,0.0,0.2759,74728.4462,3.1582,121453.4072,6.3735
node-017,2024-01-01 19:07:00,0.2168,8926489.5268,0.8466,0.0,141986.0,0.0109,93072.7074,11.9499
node-018,2024-01-01 19:07:00,0.0649,29198155.4283,0.0,1.0151,11669.7279,2.0339,114288.516,14.08
node-019,2024-01-01 19:07:00,0.1088,7815519.869,0.0,0.6909,107138.7351,9.0601,16488.9195,9.4527
node-020,2024-01-01 19:07:00,0.0,29191873.9743,0.0,0.0,9834.6411,0.0,134579.8117,10.5401
node-021,2024-01-01 19:07:00,0.0186,29141136.5388,0.3707,0.0022,18941.391,1.2271,24339.5227,7.4929
node-022,2024-01-01 19:07:00,0.0276,25086546.2781,0.1615,0.3968,80346.4119,8.05,58397.722,3.6939
node-023,2024-01-01 19:07:00,0.185,7374180.9902,0.0,0.1415,90711.2928,2.0409,43452.3309,2.2588
node-024,2024-01-01 19:07:00,0.1042,7608539.8717,0.0,1.3823,96051.8415,0.9675,92016.1131,24.9961
node-025,2024-01-01 19:07:00,0.1039,29874197.401,0.0,0.0793,18604.8447,0.0238,100297.3769,0.0
node-026,2024-01-01 19:07:00,0.0655,29053741.6358,0.7029,0.0,6668.5181,0.0554,56674.5924,16.3887
node-027,2024-01-01 19:07:00,0.1538,28842714.795,0.2382,0.1026,63660.4247,2.1081,96616.7396,3.5657
node-028,2024-01-01 19:07:00,0.1547,8256127.2164,0.0,0.3546,93138.1782,0.0,4860.2279,10.4151
node-029,2024-01-01 19:07:00,0.0026,8274203.5529,0.0,0.0157,59517.6431,0.0,0.0,20.1102
node-030,2024-01-01 19:07:00,0.2955,7752761.985,0.448,0.0066,117452.7183,9.0694,9588.952,1.241
node-031,2024-01-01 19:07:00,0.034,29388956.45,0.0,0.0092,2721.7155,1.082,51530.1177,17.6885
node-032,2024-01-01 19:07:00,0.0541,24809396.4202,0.0,0.1824,26175.8598,0.0,55850.2194,0.0
node-033,2024-01-01 19:07:00,0.0278,28594239.7248,0.0,0.0037,21915.6745,0.0,113921.9223,1.6403
node-034,2024-01-01 19:07:00,0.0109,4589459.9054,0.3759,0.0,114468.1864,0.0,72223.8617,0.9635
node-035,2024-01-01 19:07:00,0.3185,9089085.6175,0.0,0.4903,77857.4463,1.0413,116931.8216,1.9904
node-036,2024-01-01 19:07:00,0.0,19199071.7551,1.282,0.5425,119622.3971,0.0,23137.4309,11.4686
node-037,2024-01-01 19:07:00,0.0698,28671963.9764,0.5172,0.0208,67716.5997,3.0936,51468.2164,3.7535
node-038,2024-01-01 19:07:00,0.2271,6803885.9317,0.2104,0.0644,104784.1073,0.8986,7674.0115,9.4471
node-039,2024-01-01 19:07:00,0.1728,8484880.6466,0.0,0.0187,56934.7479,8.0032,44463.6069,0.0
node-040,2024-01-01 19:07:00,0.0998,4310932.3301,0.0,0.0,87908.1288,0.4889,0.0,8.1398
node-041,2024-01-01 19:07:00,0.2868,8201671.1345,0.0,0.2842,74255.0252,0.0476,0.0,10.1923
node-042,2024-01-01 19:07:00,0.1379,7837306.7365,0.7333,0.0,124667.5545,0.0036,138936.7544,5.2042
node-043,2024-01-01 19:07:00,0.1723,29385413.4631,0.0,0.4507,69003.7167,0.0418,52440.1268,0.0
node-044,2024-01-01 19:07:00,0.3756,18498819.405,0.0,4.5862,53203.8735,0.9188,69901.1576,3.8666
node-045,2024-01-01 19:07:00,0.0,18938549.625,0.5938,0.0,46632.6824,3.4437,18445.9288,3.6028
node-046,2024-01-01 19:07:00,0.0996,28873553.6845,0.2281,0.0567,10976.8449,0.0414,37619.4588,7.1708
node-047,2024-01-01 19:07:00,0.1388,28275499.5136,0.0,0.1901,14874.7571,0.0,118461.9382,21.1064
node-048,2024-01-01 19:07:00,0.2161,7780605.8523,0.0,0.0,120327.2192,5.927,58771.1136,0.0
node-049,2024-01-01 19:07:00,0.1053,27114803.3982,0.0,0.0765,16228.7512,0.0,42602.0289,13.5353
node-050,2024-01-01 19:07:00,0.0885,2257697.4401,0.8187,0.0011,58295.3958,0.0,52965.4153,144.8918
node-051,2024-01-01 19:07:00,0.0618,29143234.2197,0.3006,0.9731,10354.0976,0.5306,149118.8551,24.4799
node-052,2024-01-01 19:07:00,0.0391,29308055.381,0.4694,0.1031,20463.4899,0.0,35016.682,9.6689
node-053,2024-01-01 19:07:00,0.0208,25700005.331,0.8361,0.0006,127084.7569,0.0,17740.5227,5.8489
node-054,2024-01-01 19:07:00,0.0514,28464824.0783,0.0,0.6007,0.0,1.8725,94490.6236,14.1987
node-055,2024-01-01 19:07:00,0.1035,7660259.5348,0.0,0.1242,103984.5933,7.9347,57287.0096,1.6808
node-056,2024-01-01 19:07:00,0.1043,28919803.2992,0.0,0.6162,9015.0764,2.0339,91420.6304,4.8092
node-057,2024-01-01 19:07:00,0.0843,26664024.6429,1.1543,0.5008,78372.7818,0.0,0.0,4.595
node-058,2024-01-01 19:07:00,0.0019,29522422.5257,0.7093,0.5551,13709.5062,0.0,70833.1354,34.2558
node-059,2024-01-01 19:07:00,0.1048,8204742.0617,0.0,0.604,93105.8953,0.9603,89224.5508,11.0409
node-060,2024-01-01 19:07:00,0.0472,18309150.4015,0.0,0.0007,53313.908,0.0,0.0,109.8899
node-061,2024-01-01 19:07:00,0.0197,29145645.3808,0.635,0.0,9101.7557,0.0363,47979.0797,1.5298
node-062,2024-01-01 19:07:00,0.1032,8272142.4457,0.0,0.3797,111086.3023,0.0,107883.1186,9.8399
node-063,2024-01-01 19:07:00,0.1103,28762876.6451,0.1637,0.5743,43869.5773,0.9388,9477.2138,9.6174
node-064,2024-01-01 19:07:00,0.0055,28396959.6211,0.0,0.0,3190.387,0.3992,80386.6692,6.9093
node-065,2024-01-01 19:07:00,0.1576,7618979.512,0.0008,0.5931,119369.066,0.0,122060.7127,0.0
node-066,2024-01-01 19:07:00,0.037,8068126.6748,0.0,0.4825,97184.9565,0.0,83226.964,0.0
node-067,2024-01-01 19:07:00,0.0642,28222212.7452,0.0,0.5081,4267.8992,1.0842,79151.9233,26.9858
node-068,2024-01-01 19:07:00,0.0396,8225191.908,0.0,0.5899,115692.9965,5.1667,152286.5463,21.4174
node-069,2024-01-01 19:07:00,0.0072,8719394.6416,14.7542,0.389,264232.7703,2.1164,0.0,467.2592
node-070,2024-01-01 19:07:00,0.035,7197139.6105,0.2525,0.5795,65912.8408,2.0348,56327.765,5.6657
node-071,2024-01-01 19:07:00,0.0686,28491836.5901,0.0,0.0,63345.598,0.0224,44326.3811,6.3501
node-072,2024-01-01 19:07:00,0.0614,125432832.0,0.0072,0.0333,62841.5701,0.009,62750.588,235.6551
node-073,2024-01-01 19:07:00,0.0263,28464378.423,0.7046,0.0,26788.7993,3.6466,69448.785,18.2174
node-074,2024-01-01 19:07:00,0.2123,8186826.4361,0.3292,0.0,61638.9955,2.8356,0.0,0.0
node-075,2024-01-01 19:07:00,0.1606,8828474.7598,0.0211,0.0131,67235.6247,0.0,73758.0011,3.1377
node-076,2024-01-01 19:07:00,0.0,4426603.7807,0.0,0.0,126758.1396,0.7618,0.0,38.2667
node-077,2024-01-01 19:07:00,0.1501,7307762.6818,0.0,0.356,77974.1367,0.0122,154655.3459,11.5556
node-078,2024-01-01 19:07:00,0.0214,8186115.7639,0.0602,0.0,97682.4195,0.9641,0.0,10.8446
node-079,2024-01-01 19:07:00,0.1544,7934976.1791,0.1859,0.0,93360.9892,0.0,46834.7532,202.9476
node-080,2024-01-01 19:07:00,0.1923,28472583.2664,0.8121,7.0084,6874.6251,0.9303,62587.4654,12.5107
node-081,2024-01-01 19:07:00,0.0963,18595819.7219,0.053,0.2067,52818.7264,0.0364,111281.2468,14.5888
node-082,2024-01-01 19:07:00,0.0232,27373316.9145,0.3264,0.0135,57499.3663,0.0,1788496.3961,269.709
node-083,2024-01-01 19:07:00,0.0722,19193511.2973,0.0,0.0214,106605.626,0.0,38094.4815,4.9456
node-084,2024-01-01 19:07:00,0.2603,19115554.9741,0.0,0.5478,57339.2704,0.0,132876.189,11.7749
node-085,2024-01-01 19:07:00,0.269,7830410.0785,0.0,0.0001,113347.2492,6.9108,4236.6751,8.1354
node-086,2024-01-01 19:07:00,0.1888,7639564.657,0.1663,0.0136,115546.8609,11.0356,17515.8379,6.5624
node-087,2024-01-01 19:07:00,0.383,19581382.2568,0.0835,0.7067,53170.8926,1.2677,38537.5727,12.7093
node-088,2024-01-01 19:07:00,0.2205,28538275.5858,0.0,0.2756,63133.0294,0.0,90039.8049,0.0
node-089,2024-01-01 19:07:00,0.0508,18891991.9392,0.3512,0.1183,70541.0483,0.0,3029.6271,13.0189
node-090,2024-01-01 19:07:00,0.0727,30032694.4143,0.4768,0.2128,555.8598,0.0,2646.1071,12.6016
node-091,2024-01-01 19:07:00,0.0592,29437544.8521,0.0828,0.5731,2276.1895,0.0685,61907.3224,9.5969
node-092,2024-01-01 19:07:00,0.1885,29505659.4081,0.0,0.4219,53733.7793,0.0,73728.7078,10.7468
node-093,2024-01-01 19:07:00,0.0041,26007200.0128,0.0,0.4203,61612.8871,0.0,49569.7879,1.6228
node-094,2024-01-01 19:07:00,0.1964,7933188.5708,0.5261,0.0899,110144.8725,6.9693,100540.7449,11.3056
node-095,2024-01-01 19:07:00,0.0,28384614.4841,0.2431,0.0068,8522.5375,0.0122,70612.1664,0.0
node-096,2024-01-01 19:07:00,0.306,29589773.5896,1.1008,0.4378,17030.9461,0.0,53781.8196,0.0675
node-097,2024-01-01 19:07:00,0.0,7678242.6831,0.0,0.4018,80631.9059,2.6633,5096.137,0.0
node-098,2024-01-01 19:07:00,0.0931,29058786.2088,0.5379,0.0248,56278.3377,0.0,10332.1717,7.8536
node-099,2024-01-01 19:07:00,0.1041,27926353.2619,0.0,4.2066,9987.0811,1.0578,43238.5523,25.0358
node-100,2024-01-01 19:07:00,0.0,25212428.2238,0.8307,0.0,73541.323,3.576,84052.8203,0.0
node-101,2024-01-01 19:07:00,0.0,22971056.5788,0.0,0.0,52141.6369,0.0007,22979.995,3.6908
node-102,2024-01-01 19:07:00,0.0564,7785690.2511,0.3124,0.5879,94724.9133,0.9717,87778.3607,0.0
node-103,2024-01-01 19:07:00,0.0052,28388541.9179,0.0,0.4314,46175.1476,0.0571,104481.6467,4.1415
node-104,2024-01-01 19:07:00,0.1899,7467525.1459,0.3234,0.5314,118149.6338,7.8399,57072.7411,8.0432
node-105,2024-01-01 19:07:00,0.1295,29455877.8722,0.0,0.1201,56305.5896,1.9743,51567.1126,2.6065
node-106,2024-01-01 19:07:00,0.0734,4449133.2952,0.0,0.001,54383.6771,1.0129,0.0,5.3828
node-107,2024-01-01 19:07:00,0.0601,28465903.6324,0.1035,0.5851,14415.7737,0.4801,42726.369,25.2289
node-108,2024-01-01 19:07:00,0.0366,29478362.5982,1.0286,0.0928,5512.5865,0.0887,102154.8657,6.3599
node-109,2024-01-01 19:07:00,0.1422,28774281.1001,0.4573,0.1054,124442.506,9.0161,74002.404,10.8187
node-110,2024-01-01 19:07:00,0.0333,29040044.9959,0.8256,0.005,9659.5625,3.2203,32013.5361,0.9918
node-111,2024-01-01 19:07:00,0.0265,29055817.4476,0.0,0.5116,18308.6363,0.1336,62634.0182,5.5469
node-112,2024-01-01 19:07:00,0.0447,24325752.3135,0.0,0.493,24271.2858,2.3592,27393.5821,0.0
node-113,2024-01-01 19:07:00,0.0999,8271521.1046,0.0,0.1035,91259.778,7.9533,35895.3857,18.1452
node-114,2024-01-01 19:07:00,0.0245,29073178.8206,0.9762,0.0095,15270.6326,0.0,43208.1667,28.2892
node-115,2024-01-01 19:07:00,0.4104,28446777.9957,0.0,1.0063,3199.7546,0.0951,80962.6104,9.1928
node-116,2024-01-01 19:07:00,0.2264,28358729.1341,0.1326,5.4033,2591.0883,2.0455,52892.8755,21.4372
node-117,2024-01-01 19:07:00,0.0069,9329982.3484,0.5607,0.5008,131746.6684,0.4025,51855.7309,183.3669
node-118,2024-01-01 19:07:00,0.1147,28549293.1301,0.1725,0.22,6447.4919,0.0306,22171.0243,3.3544
node-119,2024-01-01 19:07:00,0.5908,29916845.3546,0.0,0.0066,17425.5102,1.9852,40728.7826,4.3496
node-000,2024-01-01 19:08:00,0.0065,28594136.1922,0.04,0.258,57221.9055,0.0201,54480.6615,13.8105
node-001,2024-01-01 19:08:00,0.185,28428667.1009,0.0,0.1585,21081.6195,0.0,73490.5161,21.4752
node-002,2024-01-01 19:08:00,0.0,9369409.9776,0.7114,0.3825,46577.5842,1.2171,149446.1898,173.1319
node-003,2024-01-01 19:08:00,0.0081,29942264.753,0.0,0.0988,4973.1555,4.0033,11336.5787,19.8454
node-004,2024-01-01 19:08:00,0.0109,29125026.4763,0.8148,0.384,232.2579,1.0264,13733.6178,4.7995
node-005,2024-01-01 19:08:00,0.187,7525971.967,0.2663,0.3972,97430.4515,0.0,44463.3796,172.0599
node-006,2024-01-01 19:08:00,0.0,29078385.0002,1.0401,0.0503,5009.2865,0.6086,0.0,15.4833
node-007,2024-01-01 19:08:00,0.0123,28749211.239,0.0,0.2051,61767.1686,0.0138,44877.967,6.1826
node-008,2024-01-01 19:08:00,0.0177,28851047.8749,0.0,0.2236,7396.7724,0.0297,47476.5114,17.2971
node-009,2024-01-01 19:08:00,0.0442,29171090.2017,0.0,0.0,53533.4837,0.886,29562.8312,16.4977
node-010,2024-01-01 19:08:00,0.0,29375646.718,0.0,0.0,6345.1705,2.0574,55920.46,11.9843
node-011,2024-01-01 19:08:00,0.0,28157212.405,0.0,0.0,5957.5733,0.1042,52155.0799,19.3877
node-012,2024-01-01 19:08:00,0.11,28155438.5619,0.0,0.0105,8153.9205,0.0127,13587.9409,11.3496
node-013,2024-01-01 19:08:00,0.0866,28777243.5898,0.0,0.7267,8136.7303,0.0,0.0,20.5042
node-014,2024-01-01 19:08:00,0.0,30760415.0265,0.0,0.0087,5683.51,0.0771,29822.3316,33.2317
node-015,2024-01-01 19:08:00,0.014,3328712.3749,0.7939,0.0,75000.034,0.0896,0.0,3.9517
node-016,2024-01-01 19:08:00,0.0,18427056.052,0.8878,0.2864,82843.8001,3.0863,62274.102,28.8573
node-017,2024-01-01 19:08:00,0.0732,8510623.6874,0.0,0.0,130576.8137,0.0,109052.4358,19.2785
node-018,2024-01-01 19:08:00,0.1303,28863214.3761,0.0,0.0125,1849.0431,1.0685,0.0,13.8044
node-019,2024-01-01 19:08:00,0.01,8061627.4443,0.0,0.2008,119380.5116,0.0,0.0,21.372
node-020,2024-01-01 19:08:00,0.0,29105811.7473,0.0,0.0,9498.149,0.0283,0.0,30.981
node-021,2024-01-01 19:08:00,0.0605,29076562.8472,0.3661,0.0,2998.5903,0.1279,54244.2874,30.5301
node-022,2024-01-01 19:08:00,0.1314,28569379.9157,0.0,0.3054,8091.5491,0.0,28360.8535,21.9876
node-023,2024-01-01 19:08:00,0.0,28659920.2423,0.0,0.0,60760.6174,0.046,0.0,20.5739
node-024,2024-01-01 19:08:00,0.1241,28388596.0487,0.0,0.1916,62101.9878,0.9798,59176.2537,0.0
node-025,2024-01-01 19:08:00,0.0,29930521.2401,1.2143,0.0,2645.7933,0.087,98778.8547,36.6072
node-026,2024-01-01 19:08:00,0.0834,28719793.386,1.0304,0.0,8214.6271,0.0967,75387.0207,3.217
node-027,2024-01-01 19:08:00,0.099,28614120.5191,0.0,0.0,47260.6435,0.0,40040.9354,15.2477
node-028,2024-01-01 19:08:00,0.0801,29761272.5215,0.0,0.5991,88537.8067,0.1437,58918.4717,19.829
node-029,2024-01-01 19:08:00,0.0077,25107428.2865,0.0,0.0,30256.1683,0.0,0.0,23.0871
node-030,2024-01-01 19:08:00,0.0,8279154.4295,0.4848,0.2806,122118.1068,0.0002,56243.2488,12.8322
node-031,2024-01-01 19:08:00,0.0,28859399.2726,0.0,0.0,10174.3565,0.0721,171353.1688,21.7738
node-032,2024-01-01 19:08:00,0.0122,28622085.7602,0.0819,0.3009,2236.6528,0.0364,78739.3362,11.5495
node-033,2024-01-01 19:08:00,0.0,28264333.9101,0.7071,0.0126,5277.0041,0.0,4348.1402,15.8744
node-034,2024-01-01 19:08:00,0.0,23300721.9281,0.0,0.0,53046.5095,0.1015,131329.1642,13.5096
node-035,2024-01-01 19:08:00,0.0559,9068734.1026,0.4234,0.1018,82372.6742,0.4059,144539.9411,19.387
node-036,2024-01-01 19:08:00,0.1262,29101436.2133,1.5522,0.0232,57866.4842,0.0734,0.0,17.378
node-037,2024-01-01 19:08:00,0.0084,29099284.9642,0.0,0.007,5301.0532,0.0,129632.4295,1.5395
node-038,2024-01-01 19:08:00,0.1963,17988748.231,0.0,0.0053,90573.0959,0.4301,0.0,29.8888
node-039,2024-01-01 19:08:00,0.0,25374033.8395,0.0742,0.2735,61602.1003,0.0,28604.2099,16.5512
node-040,2024-01-01 19:08:00,0.0,17562893.8385,0.0,0.0,51229.3765,0.0,66247.3617,28.9712
node-041,2024-01-01 19:08:00,0.0303,7702112.8835,0.0,0.3243,71599.0282,0.1306,49631.6561,29.2646
node-042,2024-01-01 19:08:00,0.0308,7486820.4156,0.0,0.0,96587.0442,0.0,68458.9256,38.146
node-043,2024-01-01 19:08:00,0.1981,30017193.93,1.39,0.0079,4648.9821,0.1004,24128.7888,16.2833
node-044,2024-01-01 19:08:00,0.3661,28568941.2824,0.5132,5.5994,9945.5985,2.9375,0.0,27.0015
node-045,2024-01-01 19:08:00,0.0,28921175.6503,0.0,0.0049,0.0,1.8445,89303.343,3.7469
node-046,2024-01-01 19:08:00,0.0,28717821.2188,0.0,0.2871,5124.6617,0.0,66517.6953,11.4784
node-047,2024-01-01 19:08:00,0.001,28380287.8297,0.1136,0.1803,8693.387,1.1895,45706.5815,4.5226
node-048,2024-01-01 19:08:00,0.1596,25336354.0561,0.3726,0.798,106887.8284,0.0,20850.8006,14.6226
node-049,2024-01-01 19:08:00,0.0973,27231891.133,0.0,0.0914,12689.8432,0.041,36356.1401,7.093
node-050,2024-01-01 19:08:00,0.0,27329717.5496,0.1264,0.0055,23275.2108,0.0904,19527.329,0.0
node-051,2024-01-01 19:08:00,0.0,28703415.5797,0.6957,0.0035,7472.2632,0.9337,51705.7478,0.5761
node-052,2024-01-01 19:08:00,0.0,29031711.3468,0.0,0.0,1531.5528,0.096,42178.2736,35.1866
node-053,2024-01-01 19:08:00,0.0098,28656337.7161,0.0,0.0147,57667.0684,0.0,12767.8008,12.2211
node-054,2024-01-01 19:08:00,0.0925,28326145.8072,0.0,0.4367,4694.3877,3.0667,54489.6762,12.4222
node-055,2024-01-01 19:08:00,0.0466,7911934.2962,0.3761,0.0098,63928.9943,1.4865,93059.6403,16.2603
node-056,2024-01-01 19:08:00,0.2152,29407582.0655,0.1423,0.6042,1296.1482,0.0418,15900.5132,8.9427
node-057,2024-01-01 19:08:00,0.0069,26849173.9621,0.0,0.0,20534.457,0.0284,51656.9103,8.817
node-058,2024-01-01 19:08:00,0.0927,29018010.0335,1.5429,0.0,8951.5125,0.0,0.0,0.3602
node-059,2024-01-01 19:08:00,0.1914,19170092.3587,0.0,0.4208,84574.4703,0.0545,114241.876,27.254
node-060,2024-01-01 19:08:00,0.0023,28839726.7977,0.0,0.3235,26615.1462,0.9057,0.0,0.0
node-061,2024-01-01 19:08:00,0.0203,28367839.7195,0.0,0.1926,7513.4291,0.1241,9743.6016,22.3748
node-062,2024-01-01 19:08:00,0.0878,18953894.6251,0.0681,0.2014,56664.7443,0.0,77122.9938,25.9506
node-063,2024-01-01 19:08:00,0.0,28785005.8978,0.6116,0.0499,1375.2783,0.0997,48267.3692,0.0
node-064,2024-01-01 19:08:00,0.0,28394872.5354,0.0,0.0,6381.4025,0.0,23328.3312,25.3928
node-065,2024-01-01 19:08:00,0.1855,28591883.0937,0.0,0.0,115475.6113,0.0052,39693.6781,8.8713
node-066,2024-01-01 19:08:00,0.3111,19707992.7155,0.0,0.2037,113451.0332,0.0677,0.0,8.5059
node-067,2024-01-01 19:08:00,0.0677,28221066.9519,0.3542,0.0004,112.8704,1.9631,16536.133,3.961
node-068,2024-01-01 19:08:00,0.0111,8333888.662,0.5836,0.0693,90800.3997,0.0543,0.0,3.4148
node-069,2024-01-01 19:08:00,0.0178,8519812.3341,13.0934,0.6134,15757.5048,0.0171,48603.9425,180.587
node-070,2024-01-01 19:08:00,0.0132,17973348.6844,0.0,0.9886,86897.8721,1.9813,50416.3505,23.113
node-071,2024-01-01 19:08:00,0.0,28475987.9749,0.9377,0.3022,6836.5557,0.0,54499.5075,15.0226
node-072,2024-01-01 19:08:00,0.1187,125432832.0,0.0,0.0,31811.5429,0.0,32412.3838,0.0
node-073,2024-01-01 19:08:00,0.0,28712364.1809,0.0,0.2899,3537.261,0.0864,133005.5695,1.3933
node-074,2024-01-01 19:08:00,0.0048,28756389.0666,0.1433,0.0,4855.529,0.0021,16720.4569,20.0434
node-075,2024-01-01 19:08:00,0.0404,29721438.1672,0.9928,0.0138,10799.83,0.1034,2420.3511,21.2263
node-076,2024-01-01 19:08:00,0.0014,4210438.5905,0.0433,0.0177,95657.2535,0.0,46921.532,30.4794
node-077,2024-01-01 19:08:00,0.0884,28165074.0523,0.0,0.1927,84609.2166,0.0,0.0,28.8861
node-078,2024-01-01 19:08:00,0.0043,7946028.3118,0.61,0.0114,107612.5345,0.0735,34406.1225,24.4351
node-079,2024-01-01 19:08:00,0.0574,19074706.8147,0.0,0.0039,60376.2392,2.05,37559.4586,11.1659
node-080,2024-01-01 19:08:00,0.1175,28311753.8998,0.0,0.709,16494.3995,0.5963,0.0,26.0796
node-081,2024-01-01 19:08:00,0.1058,28736624.31,0.9166,0.196,14542.9024,1.9993,0.0,0.0
node-082,2024-01-01 19:08:00,0.0,27463848.9834,0.288,0.0,36013.082,0.0,74202.9454,13.4273
node-083,2024-01-01 19:08:00,0.0,28473155.1201,0.2648,0.1213,107241.2397,0.0151,33874.0987,30.1649
node-084,2024-01-01 19:08:00,0.176,29277036.6823,0.0,0.0046,16571.9008,0.0,98575.4019,24.9034
node-085,2024-01-01 19:08:00,0.0444,8089293.2535,0.1745,0.0129,147425.5119,0.0428,20002.3897,10.1237
node-086,2024-01-01 19:08:00,0.0462,7652442.4336,0.0,0.0091,72774.0599,0.1153,29075.8934,1.5518
node-087,2024-01-01 19:08:00,0.0,29130496.1307,0.4347,0.4015,14777.3274,0.0,108390.8022,21.4931
node-088,2024-01-01 19:08:00,0.1002,28765147.0943,0.0181,0.5007,25531.6396,0.0,117293.8473,13.7661
node-089,2024-01-01 19:08:00,0.0067,29193187.0818,0.5248,0.0025,14900.2645,0.0,0.0,26.4918
node-090,2024-01-01 19:08:00,0.0,30083568.4885,0.0,0.0003,6856.3899,0.0552,0.0,27.4392
node-091,2024-01-01 19:08:00,0.0087,29229896.6867,0.0,0.1269,6090.0574,0.022,69169.2703,18.3323
node-092,2024-01-01 19:08:00,0.0,29241604.7322,0.8195,0.0031,8263.1509,0.1438,0.0,17.9124
node-093,2024-01-01 19:08:00,0.0032,29785091.2651,0.0,0.1111,17013.2049,0.0058,15695.927,7.0312
node-094,2024-01-01 19:08:00,0.0,8089443.6829,0.5967,0.0998,51378.6352,0.0,24013.9219,7.6389
node-095,2024-01-01 19:08:00,0.0129,28538186.8274,0.8158,0.1787,221.1153,1.97,38441.0487,14.0206
node-096,2024-01-01 19:08:00,0.001,29880303.1027,0.0,0.0,5076.1144,0.075,92707.1865,36.1216
node-097,2024-01-01 19:08:00,0.0,7508573.7116,0.0,0.2286,119552.3138,1.0397,58373.9295,12.4952
node-098,2024-01-01 19:08:00,0.1092,28758545.8242,0.6583,0.0144,18354.2211,0.0,57011.5385,22.8406
node-099,2024-01-01 19:08:00,0.2001,28379978.4125,0.233,2.3889,6341.7788,1.1237,0.0,11.8164
node-100,2024-01-01 19:08:00,0.0,29017020.2321,0.8794,0.0,6022.1885,0.0091,0.0,17.5751
node-101,2024-01-01 19:08:00,0.0127,27141171.271,1.3885,0.0177,29777.1471,0.0928,61659.2157,8.665
node-102,2024-01-01 19:08:00,0.0994,28585487.7188,1.2718,0.294,90045.6672,0.0,0.0,10.7743
node-103,2024-01-01 19:08:00,0.0,28275578.7776,0.0,0.0,0.0,0.0,0.0,5.346
node-104,2024-01-01 19:08:00,0.0489,7873306.7596,0.0,0.1188,129026.827,0.038,117048.5221,14.0849
node-105,2024-01-01 19:08:00,0.0,29095341.4188,0.0588,0.0,15937.9291,0.4093,45980.846,34.6241
node-106,2024-01-01 19:08:00,0.0,23719873.6682,1.0693,0.0,27489.3427,0.0343,0.0,9.7049
node-107,2024-01-01 19:08:00,0.0,28489305.7855,0.3855,0.0265,7794.5422,0.0742,0.0,17.9562
node-108,2024-01-01 19:08:00,0.0099,29670069.1439,0.0,0.019,7016.7698,0.0,17600.4226,23.5028
node-109,2024-01-01 19:08:00,0.0707,28652309.8781,0.0,0.0,56333.5568,0.055,68514.8965,19.0781
node-110,2024-01-01 19:08:00,0.0127,29153653.0346,0.4827,0.0006,10100.4415,0.0762,34557.6049,23.6976
node-111,2024-01-01 19:08:00,0.0793,29643916.3579,0.0,0.1044,1310.4811,0.1059,33733.7326,30.6172
node-112,2024-01-01 19:08:00,0.0,28154137.8515,0.0,0.0,13552.4699,0.0,102980.8787,29.1509
node-113,2024-01-01 19:08:00,0.1037,16544763.7159,0.2186,0.7004,81599.5558,0.0183,8755.4726,18.1055
node-114,2024-01-01 19:08:00,0.0,28637006.4777,0.0,0.0,7159.8246,1.0067,0.0,9.2036
node-115,2024-01-01 19:08:00,0.3919,28271776.699,1.0575,1.0321,804.4323,0.0369,0.0,0.0
node-116,2024-01-01 19:08:00,0.1002,28445859.1655,0.6805,5.4742,8446.7279,1.3645,121283.7012,19.7674
node-117,2024-01-01 19:08:00,0.0051,9502651.5788,1.0055,0.497,14189.4517,0.0532,35947.2934,171.7286
node-118,2024-01-01 19:08:00,0.0907,28611037.2045,0.0,0.7821,12949.5545,0.0,33165.6665,1.4573
node-119,2024-01-01 19:08:00,0.0161,30006172.3531,0.5203,0.0015,1611.9124,0.0,1837.7639,40.3708
node-000,2024-01-01 19:09:00,0.0128,28942134.6195,0.0,0.4155,20528.3178,0.0,0.0,4.3885
node-001,2024-01-01 19:09:00,0.0091,29155853.6456,0.0,0.0087,7109.3882,2.0249,114902.2502,21.2895
node-002,2024-01-01 19:09:00,0.0078,9503401.7809,0.0,0.3915,13762.836,0.0,274216.6547,174.9702
node-003,2024-01-01 19:09:00,0.0,29627079.7202,0.0,0.2091,2852.9911,0.0,0.0,10.1943
node-004,2024-01-01 19:09:00,0.0827,29239182.8037,0.0,0.0882,3355.5188,0.0,117543.2716,9.4349
node-005,2024-01-01 19:09:00,0.0169,7453487.7424,0.1958,0.2909,53787.8974,0.0833,117700.2214,187.6367
node-006,2024-01-01 19:09:00,0.0055,29238913.5073,0.0,0.0114,0.0,1.097,69960.34,10.9182
node-007,2024-01-01 19:09:00,0.0141,28597621.4568,0.0,0.1942,7419.9236,0.8823,8685.9595,6.9239
node-008,2024-01-01 19:09:00,0.1084,29044521.0066,0.0,0.3042,0.0,0.0,70520.2513,3.9886
node-009,2024-01-01 19:09:00,0.0616,28914202.3175,0.0112,0.2973,10993.8629,0.5931,45761.3821,0.0
node-010,2024-01-01 19:09:00,0.1077,29126018.1479,0.0,0.9891,6140.5902,0.0052,16956.0024,15.8825
node-011,2024-01-01 19:09:00,0.0051,28179754.3531,0.0865,0.2668,1615.3939,0.0,98019.2952,4.9861
node-012,2024-01-01 19:09:00,0.3088,28032284.2793,1.1558,0.1963,0.0,0.051,74602.1644,9.3472
node-013,2024-01-01 19:09:00,0.0,29086913.8684,0.0,0.3975,4768.1132,0.15,20260.4598,15.945
node-014,2024-01-01 19:09:00,0.1065,30048196.0514,0.4512,0.8863,1124.3602,0.0,0.0,29.0914
node-015,2024-01-01 19:09:00,0.0,27875693.4395,1.3332,0.0,114455.6458,0.0354,49785.9018,0.9779
node-016,2024-01-01 19:09:00,0.0154,28434262.5025,1.4346,0.0,18895.9464,1.0045,88455.7349,8.6576
node-017,2024-01-01 19:09:00,0.0348,30118183.6158,0.0,0.0,114114.8384,0.0209,36750.9226,7.104
node-018,2024-01-01 19:09:00,0.1014,29018626.87,0.0,0.4207,2970.5398,0.0,0.0,25.4286
node-019,2024-01-01 19:09:00,0.2061,28396801.5039,0.0,0.0125,61757.0601,0.1023,104802.7448,8.3075
node-020,2024-01-01 19:09:00,0.1063,29112035.4506,0.267,0.2119,2426.5502,1.9279,56123.7083,13.414
node-021,2024-01-01 19:09:00,0.0046,29061390.8858,0.912,0.0,208.4886,0.0071,132950.7718,2.148
node-022,2024-01-01 19:09:00,0.0462,28886979.3351,0.4449,0.0,17757.0243,0.0,53820.6342,0.0
node-023,2024-01-01 19:09:00,0.0067,28003725.3194,0.4708,0.0,6205.2037,0.0206,32917.042,2.1575
node-024,2024-01-01 19:09:00,0.0,27976957.5758,0.0,0.3137,53680.138,0.0,29652.7743,7.7152
node-025,2024-01-01 19:09:00,0.0,30422746.5217,0.9806,0.2909,2397.7424,0.0055,8568.7289,0.0
node-026,2024-01-01 19:09:00,0.0,29549465.1796,0.5903,0.1081,1388.6249,0.0,28842.8102,11.3196
node-027,2024-01-01 19:09:00,0.0468,28792845.6732,1.2974,0.5935,0.0,0.0646,51788.6043,6.5667
node-028,2024-01-01 19:09:00,0.1317,29696011.0646,1.3239,0.0,55355.072,0.0086,37212.8206,6.6825
node-029,2024-01-01 19:09:00,0.0053,29302397.8214,0.0,0.2835,6213.1018,0.0178,106913.4013,12.7847
node-030,2024-01-01 19:09:00,0.0219,24567597.5053,0.8672,0.0,61402.3119,0.0184,1161.001,2.22
node-031,2024-01-01 19:09:00,0.0112,28754458.9317,0.1443,0.2087,757.1342,0.0323,56956.5875,14.4877
node-032,2024-01-01 19:09:00,0.104,28823267.7382,0.0,0.4018,3628.9251,0.0,0.0,8.0691
node-033,2024-01-01 19:09:00,0.1184,28717703.6307,0.0,0.0054,0.0,0.0,0.0,5.5485
node-034,2024-01-01 19:09:00,0.0056,27796526.2011,0.0,0.0044,10350.4661,0.0,0.0,3.0855
node-035,2024-01-01 19:09:00,0.0,29711971.0809,0.0,0.2203,10803.5053,0.0,22542.9509,14.9991
node-036,2024-01-01 19:09:00,0.0,29272942.5525,0.8819,0.0277,12237.1132,0.0372,122203.7566,5.4035
node-037,2024-01-01 19:09:00,0.0877,28889685.6854,0.0,0.3012,9708.5277,0.0155,43963.764,9.4947
node-038,2024-01-01 19:09:00,0.1064,28264589.5597,0.0,0.0102,61599.9402,0.0,81561.7853,11.5143
node-039,2024-01-01 19:09:00,0.0206,29155844.045,0.0066,0.3104,10243.0909,0.7831,70836.3131,14.5429
node-040,2024-01-01 19:09:00,0.0,28701583.0262,0.0,0.0059,20929.7708,0.0,224475.739,17.6697
node-041,2024-01-01 19:09:00,0.007,28864237.0226,1.118,0.4082,17512.2195,0.0165,70407.2589,5.8569
node-042,2024-01-01 19:09:00,0.0841,28379304.556,0.0,0.0,71678.8008,0.0308,101885.0166,10.5363
node-043,2024-01-01 19:09:00,0.1855,29372466.9772,0.0,0.0094,6671.6523,0.0241,69875.839,22.7117
node-044,2024-01-01 19:09:00,0.3585,28065298.965,0.0677,0.0943,0.0,1.5276,42193.7817,14.7432
node-045,2024-01-01 19:09:00,0.0,29059565.2609,0.0,0.0108,4819.3274,0.0075,40877.9041,3.3699
node-046,2024-01-01 19:09:00,0.0976,28939683.8216,0.0,0.0,4122.2715,0.0164,117385.6719,13.7435
node-047,2024-01-01 19:09:00,0.1133,28437703.4947,0.0,0.5246,0.0,0.4432,110201.7497,21.542
node-048,2024-01-01 19:09:00,0.0691,29109197.8917,0.1705,0.4089,61062.617,1.0568,150829.7588,23.0347
node-049,2024-01-01 19:09:00,0.1119,27280816.0886,0.0,0.0151,391.892,0.0,19169.7681,11.3335
node-050,2024-01-01 19:09:00,0.0,26980185.1602,0.0,0.0024,18367.0343,0.0,61067.8241,11.0982
node-051,2024-01-01 19:09:00,0.0235,28408966.8329,0.0,0.3266,233.23,0.0,0.0,3.371
node-052,2024-01-01 19:09:00,0.0,28886062.1157,0.4714,0.0,2973.5264,0.0711,0.0,21.3605
node-053,2024-01-01 19:09:00,0.0,29169825.7593,0.0,0.4174,27554.6259,0.0,58559.1911,0.0
node-054,2024-01-01 19:09:00,0.1199,29074108.8803,1.0181,0.2744,6337.1163,0.0305,87209.978,22.0679
node-055,2024-01-01 19:09:00,0.0,28953486.869,0.3584,0.0904,5487.5333,0.036,151816.3734,6.8749
node-056,2024-01-01 19:09:00,0.2884,29113349.9081,0.2155,0.3154,8693.1026,0.0514,0.0,14.9577
node-057,2024-01-01 19:09:00,0.0995,27028777.396,0.5146,0.2031,0.0,0.0296,0.0,5.2083
node-058,2024-01-01 19:09:00,0.1184,29412671.0432,0.8353,0.0018,0.0,0.0,84505.3136,23.1058
node-059,2024-01-01 19:09:00,0.0229,28848875.8272,0.0,0.2828,52666.2025,0.0,66737.1462,17.135
node-060,2024-01-01 19:09:00,0.1093,28030538.4633,0.5702,0.1743,4396.865,0.0938,66355.8558,12.7602
node-061,2024-01-01 19:09:00,0.1108,28893914.1109,0.1462,0.1756,6252.5656,0.0,100299.0633,26.821
node-062,2024-01-01 19:09:00,0.0589,29142581.8112,0.0,0.1947,17082.2515,0.0,51808.8722,11.9993
node-063,2024-01-01 19:09:00,0.0127,28850548.4254,0.3234,0.0927,4243.6742,0.1373,71613.5138,15.2719
node-064,2024-01-01 19:09:00,0.0,28113324.61,0.8856,0.1977,2893.3598,1.938,2703.5608,13.0703
node-065,2024-01-01 19:09:00,0.2726,28811767.7181,1.2706,0.0,63114.9897,0.0,55211.3007,0.0
node-066,2024-01-01 19:09:00,0.0923,29146471.1568,0.0,0.2958,61729.4349,0.0,135858.3445,13.5407
node-067,2024-01-01 19:09:00,0.0905,27955788.2879,0.3264,0.2978,2950.7579,0.0106,15998.3491,13.5873
node-068,2024-01-01 19:09:00,0.0,28931752.0328,0.0374,0.0924,79283.0514,0.02,0.0,11.429
node-069,2024-01-01 19:09:00,0.0983,8378987.5771,15.6186,0.2181,14121.5217,0.0,97982.7073,175.3202
node-070,2024-01-01 19:09:00,0.0,28137920.8811,0.2815,0.0924,13006.2233,0.0,49248.2546,14.1518
node-071,2024-01-01 19:09:00,0.1129,28614375.7432,0.6276,0.0,7663.4515,0.0,84695.5726,0.0
node-072,2024-01-01 19:09:00,0.0049,125432832.0,0.1904,0.011,3292.2647,0.0,105920.4202,11.7489
node-073,2024-01-01 19:09:00,0.0,28467563.1003,0.4154,0.1566,0.0,0.0081,79908.789,1.2575
node-074,2024-01-01 19:09:00,0.0,28611086.8694,0.6464,0.0,4825.362,0.0477,69613.3276,14.022
node-075,2024-01-01 19:09:00,0.003,29744650.615,0.4772,0.4901,1195.8029,0.5801,0.0,21.8117
node-076,2024-01-01 19:09:00,0.0136,24771441.9727,0.0466,0.1119,57682.1229,0.0,75946.3276,0.0
node-077,2024-01-01 19:09:00,0.2342,28993727.7566,0.0,0.0,17800.7332,0.9686,151645.1958,3.3312
node-078,2024-01-01 19:09:00,0.0,28861365.8071,0.0,0.0044,78005.333,0.0039,208770.9128,5.333
node-079,2024-01-01 19:09:00,0.0106,28576923.9673,0.0,0.0,45975.7487,0.9616,59497.9738,14.4165
node-080,2024-01-01 19:09:00,0.0,28865955.1254,0.0,0.3843,5478.1827,0.1826,104870.3215,23.3032
node-081,2024-01-01 19:09:00,0.1263,28442071.9115,0.071,0.2115,9323.7822,0.9291,26503.9003,16.6834
node-082,2024-01-01 19:09:00,0.1085,27511202.8946,0.1821,0.02,36143.9708,0.0,31527.5608,10.023
node-083,2024-01-01 19:09:00,0.2009,28952806.2374,0.0,0.2166,51459.4524,0.9539,50470.9668,15.8322
node-084,2024-01-01 19:09:00,0.0,29165894.0257,0.4358,0.0,5854.9406,0.0357,0.0,11.9105
node-085,2024-01-01 19:09:00,0.092,28065664.8661,0.0,0.0,71252.8486,0.0044,30799.7972,10.0127
node-086,2024-01-01 19:09:00,0.0,28478064.8213,0.0,0.0,6670.578,0.5654,0.0,11.5177
node-087,2024-01-01 19:09:00,0.0044,29489057.8706,0.0,0.2117,2809.8498,0.0,0.0,19.2678
node-088,2024-01-01 19:09:00,0.2209,28942989.228,0.0085,0.2056,8074.6567,0.0,10945.7214,0.0
node-089,2024-01-01 19:09:00,0.0022,28513003.3511,0.1336,0.4009,4079.9699,0.0,3710.5358,10.559
node-090,2024-01-01 19:09:00,0.0,30211578.6316,0.0,0.0063,0.0,0.0,0.0,2.1329
node-091,2024-01-01 19:09:00,0.0,29289271.3538,0.0,0.1904,2517.9041,0.0825,77717.8877,18.0938
node-092,2024-01-01 19:09:00,0.0,29661743.5136,1.2678,0.0126,7005.1018,0.0,92355.5575,15.137
node-093,2024-01-01 19:09:00,0.2978,29434150.5979,0.0,0.8048,5816.6126,0.0037,7547.3926,5.0625
node-094,2024-01-01 19:09:00,0.0,28814316.007,0.0999,0.1875,13121.0868,1.8983,86290.5448,16.148
node-095,2024-01-01 19:09:00,0.1018,28406423.0908,0.469,0.0,4638.8651,0.074,47676.0352,7.2253
node-096,2024-01-01 19:09:00,0.2061,29816965.9815,0.0,0.0,282.5391,0.0209,114529.7886,21.522
node-097,2024-01-01 19:09:00,0.0054,28210738.3319,0.0876,0.0,63123.756,0.0108,148246.7278,3.1628
node-098,2024-01-01 19:09:00,0.0232,28695727.2185,0.0,0.0,450.9157,0.0,0.0,27.9059
node-099,2024-01-01 19:09:00,0.3023,28221364.7914,0.1764,0.1881,10390.3441,1.0366,25849.3473,6.8802
node-100,2024-01-01 19:09:00,0.0093,28721095.5523,0.0,0.0282,9187.7156,0.0,59963.871,4.8141
node-101,2024-01-01 19:09:00,0.0,27387746.7847,0.4288,0.0133,5895.8773,0.0,41067.5362,7.4378
node-102,2024-01-01 19:09:00,0.0,28577092.8852,0.124,0.2946,55209.9441,0.0,10985.8498,4.7312
node-103,2024-01-01 19:09:00,0.0768,28173320.3139,0.0,0.9197,4477.5,0.0431,0.0,18.3415
node-104,2024-01-01 19:09:00,0.056,24427049.0908,0.0,0.3654,60893.2022,0.0,0.0,0.0
node-105,2024-01-01 19:09:00,0.1223,29229464.0968,0.252,0.0043,4382.9629,0.0,91138.9328,15.741
node-106,2024-01-01 19:09:00,0.0,27354252.0419,0.401,0.0,0.0,0.0915,65191.8046,3.9459
node-107,2024-01-01 19:09:00,0.0032,27892859.1678,0.496,0.3959,1086.4264,0.0,0.0,7.6851
node-108,2024-01-01 19:09:00,0.1004,29941026.3043,1.3074,0.0983,4087.0154,0.1139,4121.4646,3.8015
node-109,2024-01-01 19:09:00,0.0,28757911.3938,0.5098,0.1146,20252.8838,0.0633,26470.2228,7.6616
node-110,2024-01-01 19:09:00,0.0023,28769820.4361,0.69,0.2836,0.0,0.0655,49759.8491,0.6723
node-111,2024-01-01 19:09:00,0.1099,29487262.3166,0.9465,0.0911,7830.5794,0.0,109156.4718,6.583
node-112,2024-01-01 19:09:00,0.0,28137052.3511,0.4844,0.3037,0.0,0.0126,178246.6194,1.4482
node-113,2024-01-01 19:09:00,0.1063,28331520.8177,0.0,0.6928,23859.4817,0.0,187806.8326,0.0
node-114,2024-01-01 19:09:00,0.1064,28556522.0358,0.0,0.2164,1621.0553,0.0,68990.1548,21.7703
node-115,2024-01-01 19:09:00,0.4034,28605748.2229,0.0,1.0024,4091.5993,0.0406,31911.1404,0.0
node-116,2024-01-01 19:09:00,0.1554,28684404.9356,0.4849,0.22,12766.265,1.1725,11673.4296,13.9385
node-117,2024-01-01 19:09:00,0.0,9353831.5767,0.8612,0.4859,12846.662,1.0628,15329.3417,169.151
node-118,2024-01-01 19:09:00,0.1023,28780191.7966,0.0,0.2099,0.0,0.0,27520.0811,3.246
node-119,2024-01-01 19:09:00,0.0026,29846833.0085,0.6154,0.0221,2571.3721,0.1295,6472.6289,7.3087
node-000,2024-01-01 19:10:00,0.0053,29226442.6582,0.0,0.5063,10135.0639,1.0583,64496.4231,7.3202
node-001,2024-01-01 19:10:00,0.008,28284907.9554,0.0,1.4297,291.9699,0.0342,280457.1766,3.1416
node-002,2024-01-01 19:10:00,0.0001,8568118.3979,0.4573,0.5927,12732.7243,0.0,426411.8004,181.4329
node-003,2024-01-01 19:10:00,0.1091,30132396.1486,0.2662,0.2277,6731.2921,0.0,77527.758,1.9617
node-004,2024-01-01 19:10:00,0.0027,29107030.0391,0.0,0.0025,10735.5965,0.0,44154.9966,12.6192
node-005,2024-01-01 19:10:00,0.0119,7578141.2104,0.0,0.4549,63759.0864,0.0528,81426.4425,189.256
node-006,2024-01-01 19:10:00,0.0,28869543.4274,0.8488,0.0,5061.8991,0.9605,223115.7817,9.15
node-007,2024-01-01 19:10:00,0.0,29180104.6313,0.4084,0.2007,4991.7247,0.0,0.0,7.8695
node-008,2024-01-01 19:10:00,0.0804,28599873.7307,0.8083,0.0043,3537.2396,0.0005,88470.7515,12.991
node-009,2024-01-01 19:10:00,0.0964,28964224.4228,0.0,0.6027,9183.8106,0.0006,21500.4812,4.6233
node-010,2024-01-01 19:10:00,0.0004,28699700.3724,0.9192,0.0224,1637.9869,0.0166,26426.1397,0.0
node-011,2024-01-01 19:10:00,0.0034,27820217.522,1.0344,0.0121,1130.329,0.0537,0.0,0.0
node-012,2024-01-01 19:10:00,0.0,28407133.3993,0.0,0.9166,1229.8391,0.0,334345.4072,12.9705
node-013,2024-01-01 19:10:00,0.0863,28700087.8947,0.0,0.3075,4614.3618,0.0,88249.6999,0.8097
node-014,2024-01-01 19:10:00,0.0156,30024627.5089,0.0,0.1789,7817.1847,0.0,42925.0801,0.0
node-015,2024-01-01 19:10:00,0.0,27787314.804,0.6132,0.0,68216.6377,0.0,30199.8167,0.0
node-016,2024-01-01 19:10:00,0.109,28458314.6419,0.21,0.1049,6031.465,2.0087,142566.1236,2.194
node-017,2024-01-01 19:10:00,0.0105,29971131.6953,0.0,0.6894,56408.4991,0.0,274003.968,4.8605
node-018,2024-01-01 19:10:00,0.0459,29536823.1467,0.0,0.0067,800.2549,0.0647,31731.8048,4.4632
node-019,2024-01-01 19:10:00,0.0,28733978.9353,0.0,0.0,7098.2477,0.0,57795.9558,7.4483
node-020,2024-01-01 19:10:00,0.0,28924730.871,0.0,0.0143,353.3555,0.0,9367.9784,0.0
node-021,2024-01-01 19:10:00,0.0,28733393.3921,0.0,0.576,4068.1354,0.0,352657.4773,10.6531
node-022,2024-01-01 19:10:00,0.1072,28482555.7569,0.2951,0.0,0.0,0.0,23128.3812,1.8605
node-023,2024-01-01 19:10:00,0.0157,28971116.2474,0.6838,0.3064,2987.3322,0.0,47954.926,7.1609
node-024,2024-01-01 19:10:00,0.0,28552364.1611,0.0,0.0042,0.0,0.0,37835.6277,9.7889
node-025,2024-01-01 19:10:00,0.0,30003338.8252,0.0,0.0964,1599.3839,0.0,0.0,9.7859
node-026,2024-01-01 19:10:00,0.0023,28984558.9907,0.0,0.1064,3205.0882,0.0169,12669.376,11.2893
node-027,2024-01-01 19:10:00,0.0053,28548642.3484,0.2505,0.6006,4316.4429,0.0798,150269.6776,10.9132
node-028,2024-01-01 19:10:00,0.224,29521064.4129,0.0626,0.2081,17392.0246,0.0,82527.4597,27.9041
node-029,2024-01-01 19:10:00,0.0,28603191.1918,0.0,0.0,162.6136,0.0,34582.1686,5.6637
node-030,2024-01-01 19:10:00,0.1153,28143180.9072,0.0,0.0148,28240.1391,0.0885,1110.041,0.0
node-031,2024-01-01 19:10:00,0.0517,28684005.6583,0.0,0.0,3791.7595,0.0839,115524.5193,0.0
node-032,2024-01-01 19:10:00,0.0142,28370261.2189,0.7283,0.0353,658.5969,0.0238,0.0,6.8671
node-033,2024-01-01 19:10:00,0.221,28809682.3989,0.3012,0.2017,0.0,0.1224,0.0,7.5501
node-034,2024-01-01 19:10:00,0.0034,27738881.1209,0.6803,0.007,6317.9976,0.005,0.0,9.216
node-035,2024-01-01 19:10:00,0.0,29926148.4552,0.0,0.5113,509.1381,1.9066,103114.1379,11.7783
node-036,2024-01-01 19:10:00,0.0,29111067.0212,0.0529,0.0098,6333.432,0.0,88121.7003,9.3104
node-037,2024-01-01 19:10:00,0.0266,29116985.0546,0.8145,0.0,644.7507,0.0,117497.5939,17.7904
node-038,2024-01-01 19:10:00,0.208,27743226.5456,0.0716,0.037,19230.6643,0.0824,120359.8407,15.6244
node-039,2024-01-01 19:10:00,0.0082,29359435.4778,0.0143,0.0024,9611.7434,0.9658,98446.6215,17.6404
node-040,2024-01-01 19:10:00,0.0062,29102299.7353,0.0,0.094,5094.0358,0.0349,312031.3515,0.0
node-041,2024-01-01 19:10:00,0.0,29009864.8281,0.0,0.1958,4129.7065,0.0423,111498.9897,22.6684
node-042,2024-01-01 19:10:00,0.0976,28286423.9921,0.0,0.6941,20101.1519,0.0,384745.8855,15.0128
node-043,2024-01-01 19:10:00,0.2003,29269535.7184,0.0,0.0,2810.4166,0.0547,2243.094,13.7358
node-044,2024-01-01 19:10:00,0.2037,27999964.3251,0.4526,0.2731,9067.5592,0.0843,123114.4309,3.5313
node-045,2024-01-01 19:10:00,0.0065,28258513.3719,0.7686,0.0,2710.257,0.0,0.0,0.0
node-046,2024-01-01 19:10:00,0.0,28339888.4756,0.0,0.0169,2323.0199,0.0,245863.0986,19.6824
node-047,2024-01-01 19:10:00,0.2072,28175373.0181,0.3142,1.3893,4310.4832,0.0584,191786.7371,7.6991
node-048,2024-01-01 19:10:00,0.0974,29050978.3985,0.7247,0.0,25565.0222,0.533,16042.2182,5.2908
node-049,2024-01-01 19:10:00,0.0249,27268844.655,0.0,1.714,3451.5445,1.2177,61972.0113,6.0506
node-050,2024-01-01 19:10:00,0.0,27361442.7445,0.0,0.0,1675.9511,0.0,84069.6605,0.0
node-051,2024-01-01 19:10:00,0.0044,28853423.1624,0.0,0.0061,3822.2611,0.0,7861.618,3.4183
node-052,2024-01-01 19:10:00,0.0188,29030963.4747,0.9081,0.0147,2662.1849,0.0,3560.2276,0.0
node-053,2024-01-01 19:10:00,0.0138,29033548.161,0.1766,0.0038,2042.54,0.0027,38178.5008,11.4195
node-054,2024-01-01 19:10:00,0.1006,28558032.7347,0.1411,0.0,2196.381,0.9352,27093.7867,0.0
node-055,2024-01-01 19:10:00,0.0117,28172841.2797,0.0,0.5975,1058.1199,0.0702,35014.2433,16.5834
node-056,2024-01-01 19:10:00,0.2916,29121678.0304,0.0,0.0149,4179.6671,0.0,105141.3097,5.8646
node-057,2024-01-01 19:10:00,0.3006,27264360.6575,0.0,0.404,3921.1295,0.0,0.0,3.8194
node-058,2024-01-01 19:10:00,0.0109,29176812.7205,0.0,0.0,1803.8637,0.0,0.0,10.1699
node-059,2024-01-01 19:10:00,0.0,29318793.2302,0.0,0.0,12072.3379,0.4127,79686.6887,10.0997
node-060,2024-01-01 19:10:00,0.0,27933902.5591,0.8321,0.0098,2343.9505,0.0,106211.7538,5.0896
node-061,2024-01-01 19:10:00,0.0059,28636425.5635,0.264,0.0,1631.495,0.0502,62026.85,3.0735
node-062,2024-01-01 19:10:00,0.1302,28439777.6183,0.0297,0.125,1799.1084,0.1869,25144.2115,12.2604
node-063,2024-01-01 19:10:00,0.017,28419675.2307,0.0,0.6967,2138.261,0.0,121034.2411,11.8705
node-064,2024-01-01 19:10:00,0.0,28773797.1677,0.0,0.0146,1012.3134,0.0583,0.0,0.0
node-065,2024-01-01 19:10:00,0.3053,28354328.6745,0.5479,0.0,5944.426,0.0,0.0,9.8927
node-066,2024-01-01 19:10:00,0.1139,29078901.9574,0.0,1.6925,7058.3132,0.0,311404.7194,2.7798
node-067,2024-01-01 19:10:00,0.1004,27970338.8495,0.0,0.0347,0.0,0.0,0.0,5.2419
node-068,2024-01-01 19:10:00,0.0021,29426422.2143,0.0,0.1994,7293.8872,0.0,50288.301,1.0884
node-069,2024-01-01 19:10:00,0.1082,8486674.1352,13.3487,0.3829,18119.8547,0.0,139065.0511,175.3368
node-070,2024-01-01 19:10:00,0.0954,27953345.6882,0.0,0.4872,1480.4874,0.8915,159896.3359,0.2214
node-071,2024-01-01 19:10:00,0.0691,29006641.0738,0.0871,0.0,258.4514,0.0128,166230.1032,12.0787
node-072,2024-01-01 19:10:00,0.0,125331111.7605,0.7574,0.1175,3510.1958,0.029,109877.9118,16.8422
node-073,2024-01-01 19:10:00,0.0095,28695190.9067,0.0,0.0071,1946.5326,0.0,151463.0904,12.5783
node-074,2024-01-01 19:10:00,0.0,28067868.5895,0.0,0.8655,1382.457,0.1369,355826.3062,2.8647
node-075,2024-01-01 19:10:00,0.0,29769021.6003,0.0,0.4947,7738.16,1.0489,21800.7072,8.1148
node-076,2024-01-01 19:10:00,0.0,29300582.6648,0.0,0.0971,18165.5888,0.0,57899.437,6.9221
node-077,2024-01-01 19:10:00,0.226,28603642.0948,0.3747,0.2786,4637.0432,0.5967,80951.2198,10.9315
node-078,2024-01-01 19:10:00,0.0053,29357752.9999,0.5223,0.5039,56430.4703,0.0,331799.6148,3.4262
node-079,2024-01-01 19:10:00,0.0,28755124.0424,0.4558,0.9012,9062.3245,0.0749,292676.4421,2.7963
node-080,2024-01-01 19:10:00,0.0,28350691.5216,0.4312,0.0036,202.4972,0.0,8647.0551,2.0513
node-081,2024-01-01 19:10:00,0.0982,28939038.9234,0.4492,0.0041,136.2983,0.1876,89300.8139,0.3052
node-082,2024-01-01 19:10:00,0.0197,27539519.012,0.3459,0.0,3489.5775,0.0654,76973.5878,3.1147
node-083,2024-01-01 19:10:00,0.1186,28598763.3276,0.0,0.0,16312.0299,0.0,46940.5717,0.0
node-084,2024-01-01 19:10:00,0.0,28880823.5726,0.4457,0.3595,1455.8492,0.0,24242.538,20.59
node-085,2024-01-01 19:10:00,0.0032,28218459.312,0.0,0.0,5791.372,0.0303,128410.6659,13.6863
node-086,2024-01-01 19:10:00,0.0188,28437112.0787,1.0136,0.7692,6749.8117,1.0248,198180.4461,5.6227
node-087,2024-01-01 19:10:00,0.0,29072697.7868,0.0,0.0,1599.8212,0.0,105577.1744,11.8073
node-088,2024-01-01 19:10:00,0.1578,28710458.3634,1.2988,0.6157,159.3696,0.0531,65485.9634,10.9247
node-089,2024-01-01 19:10:00,0.0031,29270306.3181,0.667,0.0,5538.0106,0.0,44563.8803,12.2252
node-090,2024-01-01 19:10:00,0.0781,30301994.2782,0.0,0.4111,4067.8535,0.0862,29118.5217,20.3841
node-091,2024-01-01 19:10:00,0.0,29386795.9907,0.0536,0.0,3691.5398,0.0167,0.0,14.7057
node-092,2024-01-01 19:10:00,0.0033,29574209.9578,0.0,0.0244,842.0982,0.0,70853.4262,0.0
node-093,2024-01-01 19:10:00,0.0155,29616551.8842,0.6004,0.0102,1916.8234,0.0,106228.2568,22.2791
node-094,2024-01-01 19:10:00,0.0,28512172.4079,0.0,1.7949,8244.1571,1.0056,110693.7822,1.3801
node-095,2024-01-01 19:10:00,0.0585,28453005.4783,0.2949,0.304,4043.5045,0.0,322709.3838,5.0546
node-096,2024-01-01 19:10:00,0.1417,29654053.5425,0.4629,0.3223,2687.972,0.0,71728.6832,3.8336
node-097,2024-01-01 19:10:00,0.0353,28121457.7076,0.0,0.489,26802.8459,0.0742,350063.8026,14.1457
node-098,2024-01-01 19:10:00,0.1021,29129067.7666,0.0,0.0007,3018.9238,0.0,99143.0949,14.2472
node-099,2024-01-01 19:10:00,0.0103,28484808.5644,0.0,0.2233,1981.1871,0.0,87966.0794,3.1066
node-100,2024-01-01 19:10:00,0.0,28833790.0215,0.0,0.0057,198.2933,0.1081,0.0,8.4846
node-101,2024-01-01 19:10:00,0.0,27304804.9935,0.0157,0.0,1032.2221,0.0,0.0,7.4791
node-102,2024-01-01 19:10:00,0.0506,28720767.9074,0.6406,0.0,1582.8295,0.0,69368.4195,4.4259
node-103,2024-01-01 19:10:00,0.009,28052238.025,0.0,0.0043,10456.414,0.0,70317.3708,11.8097
node-104,2024-01-01 19:10:00,0.0877,28337296.7313,0.0,0.0023,24809.3596,0.0,119529.165,18.9505
node-105,2024-01-01 19:10:00,0.0,28731691.3145,0.0,0.0,0.0,0.9609,10402.8937,14.3315
node-106,2024-01-01 19:10:00,0.0,27425514.0529,0.0,0.0,3982.0624,0.0278,133684.9447,16.339
node-107,2024-01-01 19:10:00,0.0158,28385401.5879,0.3377,0.0169,2517.6795,0.0062,12491.1913,0.0
node-108,2024-01-01 19:10:00,0.0,29982352.3036,0.6606,0.0133,1083.8265,0.0183,62531.6335,12.6804
node-109,2024-01-01 19:10:00,0.0054,28894355.7567,0.2206,0.0935,1188.3086,0.077,92980.999,10.8624
node-110,2024-01-01 19:10:00,0.1083,29160283.7703,0.0,0.0,2985.8431,0.0,0.0,3.0962
node-111,2024-01-01 19:10:00,0.0,29599178.1618,0.423,0.2189,3272.7608,0.0,82812.0244,7.7392
node-112,2024-01-01 19:10:00,0.0107,28479842.6258,0.0,0.016,1999.0071,0.0,0.0,12.5793
node-113,2024-01-01 19:10:00,0.0,28695662.5294,0.0,0.6759,3935.6039,0.0109,315127.6707,16.8274
node-114,2024-01-01 19:10:00,0.0,29202360.2873,0.6963,0.0,2310.9374,0.1098,69182.342,19.2415
node-115,2024-01-01 19:10:00,0.0,28681456.7411,0.5392,0.0133,0.0,0.0,50012.3245,0.0
node-116,2024-01-01 19:10:00,0.0002,28388972.5502,0.5482,0.0965,934.2475,0.0821,17882.5168,3.0269
node-117,2024-01-01 19:10:00,0.1023,9121225.542,0.5649,0.4893,13580.1075,0.1146,95843.697,227.696
node-118,2024-01-01 19:10:00,0.093,28497509.5972,0.0,0.0145,3946.9916,0.0,49146.7615,4.7387
node-119,2024-01-01 19:10:00,0.0155,29614174.0827,0.0,0.1,3811.9144,0.0,253332.1544,3.8495
node-000,2024-01-01 19:11:00,0.0028,28522839.6727,0.0986,0.9988,0.0,0.0607,155046.3424,0.0
node-001,2024-01-01 19:11:00,0.0,27950552.449,0.0734,0.8088,1848.6479,0.0372,755295.742,6.0273
node-002,2024-01-01 19:11:00,0.018,8873994.0934,0.2668,0.8134,16068.8532,0.8327,478766.9634,1092.7138
node-003,2024-01-01 19:11:00,0.193,30360583.8036,0.0,0.67,0.0,0.0551,261005.3619,0.0
node-004,2024-01-01 19:11:00,0.0101,29306773.8348,0.0002,0.552,0.0,0.0,123629.5357,11.8587
node-005,2024-01-01 19:11:00,0.0,7560150.5426,0.0,0.7114,23051.4499,0.0,212554.3744,685.1904
node-006,2024-01-01 19:11:00,0.0,28980079.2328,0.025,0.0038,1009.8641,0.0,278805.8532,0.0
node-007,2024-01-01 19:11:00,0.1047,28462912.6258,0.0,0.6305,1159.0455,0.0,40902.661,0.0
node-008,2024-01-01 19:11:00,0.108,28783915.602,0.0,0.6745,5248.5467,0.0,104746.4128,10.8004
node-009,2024-01-01 19:11:00,0.0837,28833808.4389,0.4075,0.3582,0.0,0.0,24974.4596,18.241
node-010,2024-01-01 19:11:00,0.0,29053720.0323,0.0,0.0059,1426.3632,0.4922,94994.0565,7.2837
node-011,2024-01-01 19:11:00,0.0,28138239.5948,0.0,0.0,1606.6297,0.0,192028.3443,0.0
node-012,2024-01-01 19:11:00,0.1011,28080910.9475,0.0,0.8935,2298.5316,0.0,382564.8252,0.0
node-013,2024-01-01 19:11:00,0.074,28829136.3157,0.3933,0.5676,5043.0127,0.0,28363.2339,0.0
node-014,2024-01-01 19:11:00,0.0181,30253652.9735,0.0,0.2042,1719.0981,0.0395,253189.2846,9.3534
node-015,2024-01-01 19:11:00,0.0154,27466289.3215,0.5494,0.0019,6861.6443,0.0153,0.0,0.0
node-016,2024-01-01 19:11:00,0.0106,28236324.5358,0.7973,0.3811,8704.8939,0.0,188224.59,0.7859
node-017,2024-01-01 19:11:00,0.0165,29942272.44,0.0,0.2991,17169.6285,0.1008,504920.2743,7.3823
node-018,2024-01-01 19:11:00,0.0199,29152440.652,0.3256,0.4948,9378.2233,0.0831,100726.2328,11.6418
node-019,2024-01-01 19:11:00,0.1096,28528901.7883,0.0,5.7134,6727.5333,0.0,230358.9945,9.2868
node-020,2024-01-01 19:11:00,0.04,29089290.1092,0.0,0.1724,1803.2354,0.0,27503.9755,2.4564
node-021,2024-01-01 19:11:00,0.0,28977121.2383,0.0,0.7925,2132.949,0.0438,418505.4776,2.3925
node-022,2024-01-01 19:11:00,0.0189,28633082.7058,0.0,0.0098,822.1852,0.0361,149737.332,0.0
node-023,2024-01-01 19:11:00,0.0817,28060681.9134,0.0,0.3167,0.0,4.956,159275.251,0.0
node-024,2024-01-01 19:11:00,0.0079,27943999.2778,0.0,0.0176,4283.4565,0.0023,2555.2022,4.9828
node-025,2024-01-01 19:11:00,0.0,29770309.9904,0.0,0.1073,1209.3061,0.0,68559.5107,9.2339
node-026,2024-01-01 19:11:00,0.0,29365208.1216,0.0,0.1162,24170.385,0.0559,17398.9262,12.4672
node-027,2024-01-01 19:11:00,0.1028,28795333.6754,0.5864,0.3591,1772.4558,0.0349,373543.3804,0.0
node-028,2024-01-01 19:11:00,0.0265,29255921.6614,0.4318,0.3237,0.0,0.0,186779.3882,9.5631
node-029,2024-01-01 19:11:00,0.0,28912833.6848,0.0,0.0924,278.3091,0.0,91156.3403,2.5984
node-030,2024-01-01 19:11:00,0.0024,28981716.348,0.3733,0.7988,2323.62,0.0667,180274.1447,0.0
node-031,2024-01-01 19:11:00,0.1044,28310097.5321,0.0,0.0166,3313.3536,0.0564,29092.1145,6.2208
node-032,2024-01-01 19:11:00,0.0462,28473519.6581,0.0,1.3656,3227.0351,0.0,158333.4021,1.1919
node-033,2024-01-01 19:11:00,0.1868,28728226.4992,0.3407,1.2781,1024.2463,0.1905,125756.5487,5.1075
node-034,2024-01-01 19:11:00,0.0037,27451433.3521,0.0,0.0417,0.0,0.0042,40172.4974,0.0
node-035,2024-01-01 19:11:00,0.2018,30057020.5249,0.5363,0.5476,7793.1748,0.0164,59140.0867,0.0
node-036,2024-01-01 19:11:00,0.0132,29512500.412,0.0,0.2448,0.0,0.0093,78736.3206,9.2108
node-037,2024-01-01 19:11:00,0.0016,28828062.9325,0.0,0.0,3250.3493,0.0,24290.5719,3.7495
node-038,2024-01-01 19:11:00,0.3532,27751704.0862,0.0,0.2239,5107.9009,1.0344,383982.8064,1.6815
node-039,2024-01-01 19:11:00,0.202,29296286.6366,0.0,0.5346,0.0,0.0269,26934.2733,5.6024
node-040,2024-01-01 19:11:00,0.0107,28901809.8554,0.3024,0.1049,0.0,0.0796,517027.933,7.593
node-041,2024-01-01 19:11:00,0.1948,28663048.5369,0.3829,0.2015,7266.7561,1.912,312030.194,0.0
node-042,2024-01-01 19:11:00,0.0044,28274155.31,0.0,0.295,1557.042,0.0592,474904.3191,0.0
node-043,2024-01-01 19:11:00,0.0,30010709.9855,0.2088,0.0851,1999.3946,0.0,90160.1023,9.4227
node-044,2024-01-01 19:11:00,0.0066,28296733.174,0.1937,0.7004,2897.7648,0.0515,279072.6187,23.0168
node-045,2024-01-01 19:11:00,0.0,28826685.8518,0.0,0.7895,2412.4469,0.0,191658.6269,2.7979
node-046,2024-01-01 19:11:00,0.0,28599030.25,0.0267,0.2145,6131.3859,0.0,394227.8288,12.8391
node-047,2024-01-01 19:11:00,0.0917,27791637.8277,0.7671,0.1934,4646.2566,0.0,739995.8058,12.7981
node-048,2024-01-01 19:11:00,0.0911,28716821.7048,0.0335,0.3847,6345.8103,0.0,286616.638,5.8597
node-049,2024-01-01 19:11:00,0.026,26915973.5104,1.56,0.3881,0.0,0.9695,261840.6261,17.27
node-050,2024-01-01 19:11:00,0.0153,27431334.5722,0.0,0.0227,578.5739,0.1147,181405.8198,0.0
node-051,2024-01-01 19:11:00,0.0074,28655245.1303,0.5091,0.3895,933.0087,0.0366,25251.4488,12.5967
node-052,2024-01-01 19:11:00,0.0089,28937458.0938,1.1238,0.0051,152.545,0.0,0.0,3.2485
node-053,2024-01-01 19:11:00,0.0459,29190603.6995,0.0,0.3263,4241.9759,1.0099,130687.5162,0.0
node-054,2024-01-01 19:11:00,0.08,28438415.6103,0.1509,0.7327,1725.3299,0.6224,33377.2959,0.0
node-055,2024-01-01 19:11:00,0.1056,28581022.3588,0.0,0.5761,3785.0167,0.1511,45734.5977,7.7649
node-056,2024-01-01 19:11:00,0.006,29046318.5351,0.0,0.2016,980.4818,0.0,386744.9796,1.1991
node-057,2024-01-01 19:11:00,0.3021,27025050.6845,0.0,0.4026,1639.7056,0.0,32002.4494,3.74
node-058,2024-01-01 19:11:00,0.0895,29357715.5739,0.0,1.0187,8353.6013,0.0508,78247.2365,23.3546
node-059,2024-01-01 19:11:00,0.0243,28491428.1373,0.6672,0.4269,5045.3135,0.97,134287.6584,1.7707
node-060,2024-01-01 19:11:00,0.0063,28724002.7428,0.0,1.2081,1772.8447,0.0769,271309.1772,0.0
node-061,2024-01-01 19:11:00,0.0347,28572324.9103,0.7034,1.0981,1374.0581,0.0464,275174.7873,11.5576
node-062,2024-01-01 19:11:00,0.1943,28964071.4302,0.0,0.2147,4313.3792,0.0347,133266.7797,0.0
node-063,2024-01-01 19:11:00,0.1139,28346692.2702,0.0,0.552,6307.2291,0.9407,158556.5681,0.0
node-064,2024-01-01 19:11:00,0.0997,28479880.4595,0.1934,0.0939,0.0,0.0576,72825.743,5.402
node-065,2024-01-01 19:11:00,0.0024,28710545.7927,0.0,0.6952,804.0761,0.0806,6227.3755,3.9868
node-066,2024-01-01 19:11:00,0.2133,28593964.44,1.1521,0.4106,8191.1516,0.0153,364039.3762,5.5592
node-067,2024-01-01 19:11:00,0.1147,28180375.4627,0.7909,0.0168,3349.4815,0.4553,82386.1119,8.2555
node-068,2024-01-01 19:11:00,0.2198,29218779.098,0.0,0.7132,5431.4314,0.0582,3159.2253,7.9594
node-069,2024-01-01 19:11:00,0.0923,8062859.1361,14.2057,0.598,421668.3865,0.0,195200.771,667.9991
node-070,2024-01-01 19:11:00,0.1023,28614260.8883,0.1799,0.3983,7700.0732,0.0,332921.3502,16.9201
node-071,2024-01-01 19:11:00,0.0003,28837535.0272,0.3719,0.0067,2546.2876,0.0035,290766.4399,0.0
node-072,2024-01-01 19:11:00,0.0349,125432832.0,0.0,0.0893,8119.806,0.0,93910.9684,8.252
node-073,2024-01-01 19:11:00,0.0,29010322.8237,0.0,0.1952,731.0604,0.5878,315374.5981,0.0
node-074,2024-01-01 19:11:00,0.0,28112731.7286,0.6726,0.3885,2206.2692,0.4664,222812.2949,8.0186
node-075,2024-01-01 19:11:00,0.1227,29457883.8419,0.6486,0.186,3057.2112,0.9959,167583.6535,6.7573
node-076,2024-01-01 19:11:00,0.0875,28762759.5205,0.0,0.1018,0.0,0.5054,21843.4762,14.8715
node-077,2024-01-01 19:11:00,0.0,28551741.8536,0.0,1.0221,15580.3373,0.0,224014.9192,12.4187
node-078,2024-01-01 19:11:00,0.0004,29176643.8333,0.7052,0.5568,4978.6197,0.068,448849.2149,0.0
node-079,2024-01-01 19:11:00,0.0,28607858.1067,0.0,0.391,0.0,0.0348,251071.2269,1.2685
node-080,2024-01-01 19:11:00,0.043,28294649.11,0.0,1.0713,1686.921,0.0858,161029.1193,0.0
node-081,2024-01-01 19:11:00,0.1277,28907121.1441,0.0,0.0021,2112.4424,0.0004,129562.3482,7.0275
node-082,2024-01-01 19:11:00,0.0121,27426288.4257,0.5627,0.0401,3265.0866,0.0,42663.8497,17.4415
node-083,2024-01-01 19:11:00,0.0,28741427.7395,0.0,0.1092,4780.9664,0.0,381103.6572,5.8062
node-084,2024-01-01 19:11:00,0.0957,29287032.6903,0.0,0.5184,6669.0228,0.0,94681.3945,5.6346
node-085,2024-01-01 19:11:00,0.0,28740849.5017,0.0,0.6838,4507.6867,0.0,405459.2507,5.8907
node-086,2024-01-01 19:11:00,0.0,28364881.8503,0.0,0.2781,0.0,0.0,273675.812,0.0
node-087,2024-01-01 19:11:00,0.0,28915698.0223,0.1718,0.8623,2212.3893,0.0368,302330.3846,16.5252
node-088,2024-01-01 19:11:00,0.1336,28425262.2962,0.0654,0.5914,1664.0931,0.0344,57961.3241,0.9977
node-089,2024-01-01 19:11:00,0.007,28777003.225,0.2581,0.0,2562.9093,0.093,66810.2217,8.0362
node-090,2024-01-01 19:11:00,0.0986,29777285.208,0.0092,0.3987,7680.3731,0.0,47374.9782,16.0172
node-091,2024-01-01 19:11:00,0.0,29499790.8868,0.6908,0.7114,1467.8294,0.0874,113937.9254,7.9822
node-092,2024-01-01 19:11:00,0.0152,29683321.5271,0.0,0.002,711.3047,0.0,42978.3238,3.2125
node-093,2024-01-01 19:11:00,0.0,29850387.3209,0.3122,0.0116,5733.7615,0.0,173844.8194,2.5837
node-094,2024-01-01 19:11:00,0.1182,28588412.6523,1.2221,1.0063,3556.0478,0.0001,278193.7517,7.2607
node-095,2024-01-01 19:11:00,0.0,28415562.3388,0.0,0.1964,18.6283,0.0,380453.7344,11.4073
node-096,2024-01-01 19:11:00,0.0931,29970294.784,0.1424,0.3049,11000.0393,0.0,153553.8447,0.0
node-097,2024-01-01 19:11:00,0.0,28610313.8598,0.213,0.178,9903.1805,0.0,716687.4087,4.9854
node-098,2024-01-01 19:11:00,0.092,29109511.249,0.0,1.1448,2072.2493,0.9976,150252.9207,10.4701
node-099,2024-01-01 19:11:00,0.0029,28504492.574,0.0,0.5426,1072.9387,0.0,202000.9766,30.6217
node-100,2024-01-01 19:11:00,0.0331,28855874.6122,0.0471,0.0091,3824.3116,0.004,1596.8456,4.4404
node-101,2024-01-01 19:11:00,0.0,27131310.6737,0.0,0.0212,4434.755,0.0,44479.95,0.0
node-102,2024-01-01 19:11:00,0.0929,28686659.6663,0.0,1.2876,8952.7644,0.0,148212.8308,6.5524
node-103,2024-01-01 19:11:00,0.0066,28385774.4304,0.4097,0.2786,2329.6953,0.1119,100137.7079,23.7867
node-104,2024-01-01 19:11:00,0.0,28586164.5001,0.0,0.4476,7280.42,0.0,17905.9683,0.0
node-105,2024-01-01 19:11:00,0.0,29452826.0028,0.0948,0.0,3414.3057,1.109,57760.5819,22.2353
node-106,2024-01-01 19:11:00,0.0127,27591314.7322,0.6776,0.0062,1420.1243,0.0,159170.764,0.0
node-107,2024-01-01 19:11:00,0.0545,28188813.8729,0.2785,0.5289,1273.9448,0.5753,61945.0161,17.4515
node-108,2024-01-01 19:11:00,0.0156,29988869.0407,0.6223,0.4708,0.0,0.0694,100742.1582,0.9797
node-109,2024-01-01 19:11:00,0.2165,29258387.8864,0.0,0.0971,517.9761,1.0869,76932.2933,0.9151
node-110,2024-01-01 19:11:00,0.1152,29415541.5791,0.1385,0.0829,0.0,0.0,23677.1255,7.6609
node-111,2024-01-01 19:11:00,0.0155,29734696.7109,0.0,0.6229,2313.8588,0.0351,221081.7345,0.0
node-112,2024-01-01 19:11:00,0.0,28441271.1146,0.0,0.0139,1898.0095,0.0,61132.8877,1.89
node-113,2024-01-01 19:11:00,0.0,28267782.7545,0.574,0.407,3268.5711,0.0139,809553.1879,7.839
node-114,2024-01-01 19:11:00,0.0,28690890.5175,0.0,0.0,8080.4813,0.0,8584.3872,16.8795
node-115,2024-01-01 19:11:00,0.0312,28611671.4149,0.3404,0.0113,4379.8246,0.037,34702.1619,6.8988
node-116,2024-01-01 19:11:00,0.0,28967748.5367,0.0,1.0056,0.0,0.0,156940.6114,0.0
node-117,2024-01-01 19:11:00,0.0946,9270392.3494,0.1427,0.4823,25543.7973,0.0929,158886.9969,1061.6044
node-118,2024-01-01 19:11:00,0.1054,28362018.7148,0.8947,0.0,1752.84,0.0184,75903.4853,11.9654
node-119,2024-01-01 19:11:00,0.0166,29730572.5339,0.2338,0.3039,1786.6137,0.0,349900.4675,0.1908
node-000,2024-01-01 19:12:00,0.0752,28809610.4356,0.2634,1.8069,344.9883,0.0654,167852.5359,24.4095
node-001,2024-01-01 19:12:00,0.0372,28370988.9877,156.4495,1.5404,2915.5577,0.0,277618.3038,29.1265
node-002,2024-01-01 19:12:00,0.006,8760549.6519,0.5228,0.7851,203715.158,0.9624,188408.8877,196.5463
node-003,2024-01-01 19:12:00,0.0,29794042.8268,0.0,0.391,18539.1355,0.0685,408619.6504,58.4282
node-004,2024-01-01 19:12:00,0.1168,28540650.2812,0.883,0.9159,8917.2069,1.0268,153246.8052,33.1231
node-005,2024-01-01 19:12:00,0.1078,8111480.5665,0.1566,0.606,14591.2615,0.018,273530.2485,203.5037
node-006,2024-01-01 19:12:00,0.0978,28501337.6667,0.5245,0.0163,24358.2462,0.0899,396327.9802,42.5601
node-007,2024-01-01 19:12:00,0.0484,28389818.5965,0.0,0.2928,1973.974,0.0524,394548.2617,53.9876
node-008,2024-01-01 19:12:00,0.0568,28535398.5591,0.0,0.1836,13602.1267,0.0,296886.8207,40.696
node-009,2024-01-01 19:12:00,0.0,28939419.5163,0.0,0.0,3184.1794,0.0358,225703.0132,26.4969
node-010,2024-01-01 19:12:00,0.0079,28884441.8629,1.7198,0.0,27013.4923,0.9665,212097.5915,72.7946
node-011,2024-01-01 19:12:00,0.2955,27965743.5715,0.0,0.2809,7477.2515,1.0222,420515.7267,51.2666
node-012,2024-01-01 19:12:00,0.0,27839239.6164,0.0,0.502,29040.8364,0.0017,402086.0115,49.8271
node-013,2024-01-01 19:12:00,0.1168,28223490.1433,0.0,0.9087,1505.4123,0.097,0.0,63.1183
node-014,2024-01-01 19:12:00,0.1807,30009431.8591,0.0,0.6028,7006.0379,0.0,451724.8598,43.5283
node-015,2024-01-01 19:12:00,0.0,27531508.2389,0.2979,0.0,8813.5116,0.0,212431.2277,66.4859
node-016,2024-01-01 19:12:00,0.0249,28385748.6643,0.7609,0.4064,1010.3944,0.0,383932.6779,49.1081
node-017,2024-01-01 19:12:00,0.0,30068744.0736,1.7536,1.2944,1616.7041,0.0,241410.7572,45.9875
node-018,2024-01-01 19:12:00,0.0988,29246867.0905,0.0,1.1022,5519.4584,1.1068,309165.0402,49.4815
node-019,2024-01-01 19:12:00,0.1372,28625091.2272,0.0,1.2384,8205.8082,0.0977,466455.6109,15.853
node-020,2024-01-01 19:12:00,0.1051,28413072.9761,0.4028,0.2167,15207.3994,0.0357,193245.7935,65.6764
node-021,2024-01-01 19:12:00,0.0698,29363310.7949,0.1556,0.9849,4123.5497,0.0,697601.9255,47.8452
node-022,2024-01-01 19:12:00,0.0188,29328618.5778,0.0101,0.1699,0.0,0.0,301035.0633,53.7489
node-023,2024-01-01 19:12:00,0.0796,28016944.6902,0.2383,0.285,2289.2999,0.0775,319311.4066,25.0034
node-024,2024-01-01 19:12:00,0.13,28489288.5597,0.4819,0.5216,3079.097,0.0,194476.5286,61.7205
node-025,2024-01-01 19:12:00,0.0534,30302045.6686,0.0,0.4115,0.0,0.0,385274.894,53.5863
node-026,2024-01-01 19:12:00,0.0062,29410295.4977,0.0,0.0982,6509.4504,1.1969,160241.9168,38.1343
node-027,2024-01-01 19:12:00,0.1019,28575780.7071,0.0,0.1916,6732.8694,0.0,903159.2299,21.6245
node-028,2024-01-01 19:12:00,0.0,29531061.5683,0.09,0.1984,8550.6715,0.0,641088.1276,65.0212
node-029,2024-01-01 19:12:00,0.0747,28754042.0256,0.0,0.975,2211.4412,0.6319,52039.3714,37.2062
node-030,2024-01-01 19:12:00,0.0033,28861703.207,0.0,0.2907,4033.3842,0.0386,382808.0817,38.1827
node-031,2024-01-01 19:12:00,0.0176,29000366.7387,0.0,0.0,7776.9121,0.0,13274.5848,9.9534
node-032,2024-01-01 19:12:00,0.0,28807956.6115,0.0,0.3037,0.0,0.0,486872.0634,43.7762
node-033,2024-01-01 19:12:00,0.2652,28693387.4825,0.0586,0.1938,29746.1338,0.0,379002.5623,75.2246
node-034,2024-01-01 19:12:00,0.0,27465051.3518,0.0373,0.0946,1206.8389,0.0,115306.4029,44.1012
node-035,2024-01-01 19:12:00,0.1413,29710189.3929,0.0,0.6032,3305.1842,0.0889,217723.3603,48.415
node-036,2024-01-01 19:12:00,0.089,29365625.6863,0.7498,2.4499,3223.9065,0.0,151244.3507,26.2966
node-037,2024-01-01 19:12:00,0.0079,28547198.6764,0.0,0.2862,4883.7664,0.1948,176903.3637,37.8064
node-038,2024-01-01 19:12:00,0.2559,28003468.9928,0.0497,0.4093,1450.7621,0.9933,387540.0464,36.2057
node-039,2024-01-01 19:12:00,0.0691,29322405.0281,0.0,0.2121,4197.3621,0.0,390090.1506,37.6248
node-040,2024-01-01 19:12:00,0.0,28974529.4598,0.0,0.1005,3536.8289,0.0,26041.9212,53.2371
node-041,2024-01-01 19:12:00,0.1469,28579415.7251,0.0,0.3145,1855.0925,1.0867,459189.1782,47.8719
node-042,2024-01-01 19:12:00,0.097,28634637.6336,198.2568,0.4913,7172.2652,0.0,758485.599,44.6809
node-043,2024-01-01 19:12:00,0.0,29370819.2626,0.5641,0.1899,5073.3844,0.0,163342.6914,62.0836
node-044,2024-01-01 19:12:00,0.2657,28509061.0842,0.4801,0.4005,1580.5214,2.9215,314792.5542,42.2732
node-045,2024-01-01 19:12:00,0.117,28568084.1518,0.3016,0.2053,2486.1681,0.0,437846.6563,14.5055
node-046,2024-01-01 19:12:00,0.0739,28424407.6565,0.0,0.2004,9728.0208,0.0,496052.4378,69.1574
node-047,2024-01-01 19:12:00,0.066,28646191.9249,154.7256,0.9877,0.0,0.0,229628.8387,74.8105
node-048,2024-01-01 19:12:00,0.1222,28850300.9886,0.6978,0.2266,1201.5611,0.0,379417.7153,43.5191
node-049,2024-01-01 19:12:00,0.1073,27644947.3706,0.0,0.1031,12083.1392,0.4053,277659.2976,47.1054
node-050,2024-01-01 19:12:00,0.0,26725299.5707,0.2394,0.0122,0.0,0.0252,373662.9377,37.2582
node-051,2024-01-01 19:12:00,0.0007,28529403.3869,0.1873,0.9186,192.325,0.0364,148587.2599,48.7839
node-052,2024-01-01 19:12:00,0.0973,28726540.2763,0.8434,0.6864,6847.9729,0.0917,200110.2664,41.7428
node-053,2024-01-01 19:12:00,0.1236,28968981.6011,0.0,0.7037,870.616,0.2976,137668.5997,48.6848
node-054,2024-01-01 19:12:00,0.0,27969467.5416,0.0,0.7784,24316.8888,0.0,253843.0335,68.2228
node-055,2024-01-01 19:12:00,0.096,28313114.0327,0.6957,0.2237,3660.6637,0.0031,190279.3747,101.787
node-056,2024-01-01 19:12:00,0.1034,28822293.0671,0.0,0.1959,1493.0634,0.0065,292705.3479,50.3777
node-057,2024-01-01 19:12:00,0.0,26789237.786,0.5232,0.7811,2730.5253,0.1297,149080.0764,44.2279
node-058,2024-01-01 19:12:00,0.1807,28751629.8821,0.0,1.0263,6570.7301,0.0855,295639.1086,17.1603
node-059,2024-01-01 19:12:00,0.1967,28443443.8783,0.0,1.105,1176.0943,0.0203,280238.8439,75.3894
node-060,2024-01-01 19:12:00,0.1025,28358600.3392,0.0825,0.6306,449.84,0.0053,233702.1885,80.9382
node-061,2024-01-01 19:12:00,0.0,28751334.5857,0.0,0.2876,49326.4796,0.0558,312196.6936,88.7866
node-062,2024-01-01 19:12:00,0.1041,28996701.4085,0.165,0.5971,4086.783,0.0,224785.8748,62.4123
node-063,2024-01-01 19:12:00,0.106,28442027.8355,0.0,0.1991,0.0,0.0,332917.0331,26.2163
node-064,2024-01-01 19:12:00,0.1238,28380008.9575,1.7634,0.5383,24092.7577,0.0,146939.2303,68.3398
node-065,2024-01-01 19:12:00,0.0108,28912585.6309,0.0,0.8762,8311.6212,0.9491,324965.818,36.1253
node-066,2024-01-01 19:12:00,0.1716,28888156.416,8.499,0.1879,3976.6953,0.8934,149331.3691,12.2356
node-067,2024-01-01 19:12:00,0.1024,27732145.3735,0.0,0.9937,11184.6379,0.9762,291182.1503,30.5051
node-068,2024-01-01 19:12:00,0.2262,29359296.1745,0.1351,0.5943,0.0,0.0143,252692.7634,25.3907
node-069,2024-01-01 19:12:00,0.0081,8391473.721,13.8063,0.5829,20141.9851,0.0,360821.0378,202.3473
node-070,2024-01-01 19:12:00,0.123,28284664.8175,0.0,0.1895,7122.4976,0.0,737470.984,62.5074
node-071,2024-01-01 19:12:00,0.0957,28854740.6373,0.0,0.4077,2709.3455,1.0139,810091.6743,41.841
node-072,2024-01-01 19:12:00,0.0004,125054046.9836,0.0,0.199,204.7323,0.0,473472.3837,14.6141
node-073,2024-01-01 19:12:00,0.0993,27997982.7466,0.438,0.3007,14747.6773,0.7988,710882.3371,45.7734
node-074,2024-01-01 19:12:00,0.0001,28096476.9898,0.3485,0.4103,1782.4921,0.9915,660926.0799,30.1532
node-075,2024-01-01 19:12:00,0.0871,29350597.6923,0.6571,0.4072,6668.2461,0.0,321916.2242,76.6219
node-076,2024-01-01 19:12:00,0.0481,28824684.877,0.0,0.109,3449.7888,0.8769,169626.1682,13.8297
node-077,2024-01-01 19:12:00,0.1234,28488395.0303,0.0,0.5016,2673.1503,0.0904,425759.2949,70.9897
node-078,2024-01-01 19:12:00,0.1628,28615034.1084,1.1843,0.193,7694.5161,0.0343,607071.6582,51.069
node-079,2024-01-01 19:12:00,0.1179,28834187.4495,25.4433,0.4204,1346.4652,0.9146,211609.5639,75.7405
node-080,2024-01-01 19:12:00,0.1105,28497155.9067,0.0,0.3229,19485.2489,0.5885,367961.4584,38.6022
node-081,2024-01-01 19:12:00,0.0932,28735662.0502,0.6045,0.4642,2070.9872,0.1648,259329.0664,86.1727
node-082,2024-01-01 19:12:00,0.0,28012817.209,0.0,0.0771,457.6411,0.0,148252.5834,50.3149
node-083,2024-01-01 19:12:00,0.0688,28719351.7999,1.207,0.4846,5892.2455,0.0,253717.8629,78.0758
node-084,2024-01-01 19:12:00,0.0827,29301310.8977,1.5281,0.6949,2119.52,0.0135,132414.9951,41.843
node-085,2024-01-01 19:12:00,0.0062,28216134.049,0.0,0.6894,1176.1437,0.0107,250568.4175,99.9836
node-086,2024-01-01 19:12:00,0.0523,28470926.2331,0.0037,0.2141,2420.9479,0.0193,628422.8054,1.6357
node-087,2024-01-01 19:12:00,0.0818,29103722.469,0.0,0.1882,2400.6422,0.043,405033.0227,72.866
node-088,2024-01-01 19:12:00,0.046,28595346.8711,0.0376,0.7882,11355.1948,0.0,80269.0608,39.9808
node-089,2024-01-01 19:12:00,0.075,28631272.201,0.0,0.5821,1270.9894,0.5211,145714.7189,54.0354
node-090,2024-01-01 19:12:00,0.1123,29593044.6154,1.1276,0.193,12836.7233,0.0319,178524.3404,59.5266
node-091,2024-01-01 19:12:00,0.1107,28933035.9827,1.2482,0.4986,5419.1103,4.9906,353255.7149,29.5868
node-092,2024-01-01 19:12:00,0.2798,29666556.6404,0.2935,0.9019,570.9854,0.0,173871.5343,58.9142
node-093,2024-01-01 19:12:00,0.0107,29419102.5497,0.3805,0.3094,9678.3086,0.7038,284711.513,38.8949
node-094,2024-01-01 19:12:00,0.0934,28227429.157,0.3589,1.7374,5022.6129,0.0,641498.4504,49.2192
node-095,2024-01-01 19:12:00,0.0674,28132179.8899,0.4937,0.1924,5425.2237,1.0386,249315.7617,72.1548
node-096,2024-01-01 19:12:00,0.1364,29252063.646,0.4703,0.2041,8145.332,0.057,190370.9862,58.9895
node-097,2024-01-01 19:12:00,0.0059,28300038.3858,8.5142,0.2047,0.0,0.0766,663817.4631,29.9684
node-098,2024-01-01 19:12:00,0.0944,28942253.6208,0.0,0.1869,4227.6656,0.3815,147654.9456,47.9954
node-099,2024-01-01 19:12:00,0.2095,28071472.1996,0.4858,0.4099,9598.4793,0.1495,246017.2308,25.2016
node-100,2024-01-01 19:12:00,0.1155,28424564.9378,0.0,0.2884,3227.3965,0.0471,177427.2959,39.5016
node-101,2024-01-01 19:12:00,0.0441,27327867.2627,0.0215,0.0,2281.5289,0.0,180677.0483,30.2989
node-102,2024-01-01 19:12:00,0.1019,28594463.3113,0.7688,0.1911,1579.8298,0.011,375068.2928,73.3014
node-103,2024-01-01 19:12:00,0.3097,28218698.5608,0.1551,0.7095,1529.2801,0.0,257591.9046,36.3232
node-104,2024-01-01 19:12:00,0.1024,28103020.5853,0.0,0.2957,358.2995,0.0,177345.8877,40.5731
node-105,2024-01-01 19:12:00,0.1967,29394820.0458,0.0,0.1995,698.5727,2.257,203281.4597,33.2544
node-106,2024-01-01 19:12:00,0.0,27393666.878,0.232,0.1175,1294.1201,0.0183,446287.5085,33.3832
node-107,2024-01-01 19:12:00,0.1017,28038780.5232,0.7035,0.2797,4334.9332,1.0613,264140.6993,36.4876
node-108,2024-01-01 19:12:00,0.1924,29641800.54,0.0,0.305,30440.3783,0.0,246612.0638,53.1599
node-109,2024-01-01 19:12:00,0.2114,28926063.6854,0.2474,0.4103,632.6358,0.0004,125445.6692,60.3793
node-110,2024-01-01 19:12:00,0.1163,28782244.641,0.0,0.3041,7585.2944,0.0,197345.134,34.7126
node-111,2024-01-01 19:12:00,0.1223,29484176.7071,0.3436,0.2789,221.5385,0.0,286621.0317,49.5384
node-112,2024-01-01 19:12:00,0.1608,27549138.4417,0.0,0.1951,26853.336,0.0,159335.5507,47.165
node-113,2024-01-01 19:12:00,0.0972,28658398.043,0.0,1.3708,0.0,0.0338,284217.912,38.1764
node-114,2024-01-01 19:12:00,0.121,28709510.5946,0.0,0.4311,3746.6194,0.9243,248700.3035,41.3751
node-115,2024-01-01 19:12:00,0.0008,28319289.7111,0.0,0.2039,10701.9091,0.0,115540.1773,55.5976
node-116,2024-01-01 19:12:00,0.2219,28740745.934,0.0511,0.3996,34686.6124,0.0128,439266.3953,70.3327
node-117,2024-01-01 19:12:00,0.0144,9231016.7066,0.5501,0.9066,409936.8427,0.0882,236915.8635,196.6247
node-118,2024-01-01 19:12:00,0.071,28449852.8957,0.2835,0.2922,8441.6691,0.0,202975.794,71.681
node-119,2024-01-01 19:12:00,0.1006,29703371.9556,1.0689,0.4054,534.8471,0.0,617118.0199,51.9709
node-000,2024-01-01 19:13:00,0.1109,28614754.5255,0.0184,1.375,10699.6094,0.0029,646560.4715,105.2315
node-001,2024-01-01 19:13:00,0.0923,28210758.38,155.5331,1.5152,1481.8559,0.0396,83769.4808,86.3809
node-002,2024-01-01 19:13:00,0.1146,8852721.6742,0.0,0.388,17280.4946,1.0607,87414.9052,243.3955
node-003,2024-01-01 19:13:00,0.0,29773325.8384,5.5681,0.8392,9508.426,1.0062,280938.7843,88.388
node-004,2024-01-01 19:13:00,0.0078,29185597.3839,0.2927,0.2023,7851.2084,0.0,268544.0711,91.3596
node-005,2024-01-01 19:13:00,0.1024,7693924.9881,0.0125,0.9695,16994.8575,0.0951,366597.0349,244.0764
node-006,2024-01-01 19:13:00,0.0,28946851.0227,9.9669,0.2174,19686.4484,2.0007,332464.7377,104.8701
node-007,2024-01-01 19:13:00,0.1151,28570270.1153,0.2736,0.3127,677.5056,0.0,484188.313,108.3496
node-008,2024-01-01 19:13:00,0.0097,28027207.4575,0.9052,0.1823,8970.5274,0.0147,378177.1555,80.7029
node-009,2024-01-01 19:13:00,0.0,28855088.1958,0.1344,0.1867,3571.4553,0.0854,318801.2189,83.4606
node-010,2024-01-01 19:13:00,0.0931,28799454.9213,0.5437,0.7424,9926.9205,0.0247,274212.6414,86.8535
node-011,2024-01-01 19:13:00,0.0,28092404.2218,0.0,0.1887,10110.4871,1.0225,364357.4467,89.4513
node-012,2024-01-01 19:13:00,0.0,28259509.5539,0.4742,0.7837,9516.1949,0.0,84926.1964,88.1876
node-013,2024-01-01 19:13:00,0.1226,28935264.6037,0.0,0.3008,20083.263,0.0,3143.5689,83.7504
node-014,2024-01-01 19:13:00,0.0,29445844.9275,0.9995,0.2906,9745.125,0.0,532719.3496,91.7306
node-015,2024-01-01 19:13:00,0.0054,27586818.1784,0.0,0.0,1873.4712,0.0,316931.6419,94.5885
node-016,2024-01-01 19:13:00,0.0987,28411134.8065,186.638,1.0038,0.0,0.9469,748577.4938,83.3492
node-017,2024-01-01 19:13:00,0.0,30231437.3375,0.0,0.4052,3557.0651,0.0,22720.7274,82.3879
node-018,2024-01-01 19:13:00,0.0098,28835538.1793,0.0304,0.191,35871.4992,0.0,388343.8186,85.0206
node-019,2024-01-01 19:13:00,0.0815,28535578.5112,0.5102,1.7015,3737.433,0.264,672547.7815,113.4427
node-020,2024-01-01 19:13:00,0.0,28484259.3601,0.002,0.306,3863.5826,0.0283,280252.1195,85.9567
node-021,2024-01-01 19:13:00,0.0117,29122362.2332,42.634,1.1689,9857.8335,0.0,169738.4343,103.1441
node-022,2024-01-01 19:13:00,0.0,28780095.7734,0.0,0.1891,2346.0948,0.6289,728601.0279,88.8824
node-023,2024-01-01 19:13:00,0.088,28444324.6241,0.0,0.3246,1716.7528,0.0,251140.6446,104.0274
node-024,2024-01-01 19:13:00,0.0,28058950.0315,0.0,0.1985,5478.4745,0.1003,281819.8147,80.4363
node-025,2024-01-01 19:13:00,0.106,29923142.6916,0.0,0.3008,11696.4302,1.0147,391474.7941,100.1436
node-026,2024-01-01 19:13:00,0.0,28543216.3034,0.6737,0.0161,10225.4764,0.8884,327761.5453,107.5296
node-027,2024-01-01 19:13:00,0.0408,28674664.0485,221.1182,0.1906,1261.8166,0.0635,120946.8173,97.1924
node-028,2024-01-01 19:13:00,0.1417,29515050.2697,196.7838,1.218,2902.9059,0.0381,278509.9877,82.7886
node-029,2024-01-01 19:13:00,0.0928,28629040.8411,0.0,0.1979,3546.3176,1.0273,410479.0295,96.2651
node-030,2024-01-01 19:13:00,0.302,28561235.2777,0.185,1.4083,0.0,0.0,669081.3848,84.9207
node-031,2024-01-01 19:13:00,0.0028,29050516.8481,0.0,0.4885,1361.2717,0.0,94247.3811,0.0
node-032,2024-01-01 19:13:00,0.1282,28580764.2494,0.0,0.3075,10501.4812,0.0,813672.1305,91.4945
node-033,2024-01-01 19:13:00,0.0654,28403480.0505,0.0,0.3007,9106.8927,0.0,368199.982,98.8548
node-034,2024-01-01 19:13:00,0.0,27829759.2585,1.147,0.0947,583.4163,0.0,304949.4884,110.6815
node-035,2024-01-01 19:13:00,0.0075,29450045.2378,0.0,0.2965,8191.9398,0.0,283101.0241,97.8578
node-036,2024-01-01 19:13:00,0.0107,29199059.9552,0.0,1.4843,818.6211,0.0,307190.5129,105.2145
node-037,2024-01-01 19:13:00,0.2141,28556604.4872,0.0,0.4134,16324.3423,1.0128,365228.0317,85.5602
node-038,2024-01-01 19:13:00,0.081,27916161.0822,3.2828,0.739,2543.294,0.9731,454687.5767,104.2748
node-039,2024-01-01 19:13:00,0.0021,28976636.8275,0.0926,0.2067,308.028,0.0,420531.1854,91.6272
node-040,2024-01-01 19:13:00,0.0136,28974344.1838,0.6958,0.2978,12351.3234,0.0854,115243.9715,74.0864
node-041,2024-01-01 19:13:00,0.0992,28727575.4559,274.6357,0.3012,11460.0462,0.0609,503673.747,91.557
node-042,2024-01-01 19:13:00,0.0,28304765.9953,196.7134,0.5008,3701.3886,0.0,71107.5879,92.6352
node-043,2024-01-01 19:13:00,0.0069,29857500.4301,0.0,0.2848,7606.3817,0.0,370975.6859,103.3088
node-044,2024-01-01 19:13:00,0.0849,28493153.2224,19.9258,0.394,10913.7952,0.0014,154741.5388,73.0128
node-045,2024-01-01 19:13:00,0.0801,28724165.0728,79.3541,0.1933,12360.3216,0.0,358036.5569,99.9172
node-046,2024-01-01 19:13:00,0.0,28339892.0123,190.9251,1.4603,17634.3345,0.0,491389.6968,83.5974
node-047,2024-01-01 19:13:00,0.1042,28362483.0201,153.4006,0.8075,29169.1041,0.0,48559.044,81.3478
node-048,2024-01-01 19:13:00,0.0,28978038.5905,1.2042,0.2065,974.6907,0.6465,744168.7225,79.4307
node-049,2024-01-01 19:13:00,0.0,26907537.5673,0.0,0.0891,10446.1425,0.0,615928.2125,89.0973
node-050,2024-01-01 19:13:00,0.0,27230556.8543,0.0,0.0819,200.7756,0.0,422669.5371,94.1429
node-051,2024-01-01 19:13:00,0.0012,28338180.7735,0.0,0.6811,7126.2473,0.0,244737.9078,84.3633
node-052,2024-01-01 19:13:00,0.0,28736345.395,0.8677,0.3212,9023.0093,0.0984,334370.0855,89.9655
node-053,2024-01-01 19:13:00,0.0816,28859592.8044,0.0,0.8916,2070.9178,0.0,586921.2053,112.7026
node-054,2024-01-01 19:13:00,0.0,27707880.1821,0.0,0.8199,5473.4818,0.0924,330232.3723,89.6474
node-055,2024-01-01 19:13:00,0.1104,28783222.0057,0.0,0.3456,9437.0998,0.0,435678.0269,115.1988
node-056,2024-01-01 19:13:00,0.0,28740133.0756,0.6008,0.2209,10055.1639,0.1004,636828.1357,97.679
node-057,2024-01-01 19:13:00,0.0056,26633210.5924,0.0,0.7997,8426.4611,0.0,346107.268,87.1979
node-058,2024-01-01 19:13:00,0.0,28590187.72,0.6756,0.37,10007.5675,0.0,272971.6106,80.8307
node-059,2024-01-01 19:13:00,0.4068,28654480.1579,0.1633,5.4055,3715.327,0.9529,347670.6055,96.9825
node-060,2024-01-01 19:13:00,0.0179,28141583.196,176.5688,1.3841,11121.9393,0.0,867406.3224,74.2054
node-061,2024-01-01 19:13:00,0.0099,28655368.8127,56.8233,0.3044,4813.7564,0.0,838369.638,104.8138
node-062,2024-01-01 19:13:00,0.1089,28618559.0771,1.1121,0.2027,3639.1206,0.1524,404970.7999,88.4098
node-063,2024-01-01 19:13:00,0.103,28461323.9931,0.1984,0.1916,13713.8586,0.0,285671.6435,102.3977
node-064,2024-01-01 19:13:00,0.1945,27779923.7573,0.0,0.3274,9679.5668,0.9201,386032.1469,95.4978
node-065,2024-01-01 19:13:00,0.0962,28323410.4268,0.0,0.9039,1599.9104,1.9907,342659.8296,94.566
node-066,2024-01-01 19:13:00,0.1088,28792949.2667,8.1406,0.8925,1942.1132,2.1378,150677.1664,99.3423
node-067,2024-01-01 19:13:00,0.0,27989776.4408,0.0,0.8077,9550.3245,0.0682,334101.9999,88.4874
node-068,2024-01-01 19:13:00,0.0853,29078633.1758,0.0,0.5992,1035.2597,0.0726,282994.1965,86.7001
node-069,2024-01-01 19:13:00,0.1114,8756943.2017,14.9126,0.5805,19885.499,0.0,414302.1881,266.4633
node-070,2024-01-01 19:13:00,0.0,28411562.9372,248.3286,1.6049,137.8936,0.0,238433.1526,61.0043
node-071,2024-01-01 19:13:00,0.0,28514014.3815,208.3459,1.1875,23911.4499,0.0352,166847.2505,82.5994
node-072,2024-01-01 19:13:00,0.0,125062439.9132,0.0,0.1019,1461.8426,1.0911,308002.3712,101.1574
node-073,2024-01-01 19:13:00,0.0119,28060742.4146,177.5812,1.0719,7166.6102,0.9099,107043.5186,83.395
node-074,2024-01-01 19:13:00,0.214,28395115.0189,34.6877,0.4921,11030.6574,1.9182,136503.4576,91.4848
node-075,2024-01-01 19:13:00,0.0,29224829.0001,7.1119,1.2835,8274.7388,0.0103,319767.3367,83.6635
node-076,2024-01-01 19:13:00,0.0,28513551.2314,0.0,0.1237,0.0,1.8555,350787.4555,103.8996
node-077,2024-01-01 19:13:00,0.0992,28181630.8053,266.0833,1.0624,2840.8305,0.0291,646892.8729,54.2004
node-078,2024-01-01 19:13:00,0.2222,29011577.4411,187.7869,1.0927,2658.9802,0.0,111748.5252,107.8935
node-079,2024-01-01 19:13:00,0.0064,28534673.3705,27.2823,0.9151,4554.8712,0.1097,115808.3742,79.4201
node-080,2024-01-01 19:13:00,0.0,28640868.3557,0.0,0.2082,8912.6718,0.9986,507471.9936,84.7063
node-081,2024-01-01 19:13:00,0.0,28717283.4331,1.9757,0.3172,951.4817,1.1219,293180.1837,74.9592
node-082,2024-01-01 19:13:00,0.0273,27462036.0151,0.0811,0.0922,13159.6916,0.0,305775.516,100.4811
node-083,2024-01-01 19:13:00,0.1851,28435784.51,0.0,1.3752,1434.2634,0.0,655569.27,93.7973
node-084,2024-01-01 19:13:00,0.2107,29136271.4099,0.0,0.3899,5742.8855,0.0018,108480.3541,48.2526
node-085,2024-01-01 19:13:00,0.1889,28550139.0565,193.946,0.6922,2231.8142,0.2696,105445.0197,110.2399
node-086,2024-01-01 19:13:00,0.0927,28324472.3179,0.0,2.2165,799.8506,0.0,220160.9435,78.8608
node-087,2024-01-01 19:13:00,0.0,28708825.9631,0.0,1.2572,3210.7201,0.0,389123.123,97.8637
node-088,2024-01-01 19:13:00,0.0,28200608.8915,0.1498,0.2072,9759.7347,0.0575,374449.2623,89.4827
node-089,2024-01-01 19:13:00,0.0315,28378964.6402,0.0,0.597,1517.2894,1.0267,303088.8072,87.5573
node-090,2024-01-01 19:13:00,0.0241,29972528.7951,0.0,0.3351,10949.9715,0.0139,410001.1834,87.2061
node-091,2024-01-01 19:13:00,0.0144,29186044.0143,0.0,0.7628,7924.4235,0.0,271447.6474,106.3679
node-092,2024-01-01 19:13:00,0.1733,29154508.7346,0.1554,0.5457,61249.2956,0.0001,285826.449,81.9833
node-093,2024-01-01 19:13:00,0.0,29490595.2171,0.0,0.1894,9788.3756,1.2066,362399.89,85.2836
node-094,2024-01-01 19:13:00,0.1336,28427140.9606,203.5648,1.1705,4619.49,0.0,174133.2213,80.7349
node-095,2024-01-01 19:13:00,0.0,28208987.7821,248.5147,0.8534,18396.6986,0.0778,97326.0156,77.4775
node-096,2024-01-01 19:13:00,0.0,28965150.6676,0.0,0.3219,3354.4365,0.0,592561.1555,86.2324
node-097,2024-01-01 19:13:00,0.004,28929971.7921,7.6466,0.3061,3833.8772,0.568,114437.9789,117.7399
node-098,2024-01-01 19:13:00,0.0155,28601537.861,0.2982,0.3136,0.0,0.0,629615.1181,84.551
node-099,2024-01-01 19:13:00,0.0,28545080.3484,20.2947,0.7345,9864.7981,0.0021,809030.039,93.2597
node-100,2024-01-01 19:13:00,0.0031,28668447.7539,0.0,0.1937,16313.9486,0.0,424758.3284,92.2899
node-101,2024-01-01 19:13:00,0.0,27123385.2827,0.0,0.1222,24008.9919,0.0665,386200.4036,113.0756
node-102,2024-01-01 19:13:00,0.0084,28667523.9953,0.0034,0.1675,949.6067,0.0033,666503.0133,57.6181
node-103,2024-01-01 19:13:00,0.0239,28382589.0057,0.2603,0.2944,9207.4659,0.0,363007.8559,97.9321
node-104,2024-01-01 19:13:00,0.0,28157249.0906,0.3719,0.2042,1501.9443,0.9415,452768.7602,89.7587
node-105,2024-01-01 19:13:00,0.156,29239963.2495,0.0446,0.3409,7758.2033,0.0773,245372.4761,91.0112
node-106,2024-01-01 19:13:00,0.0282,27930989.9397,0.0,0.0262,0.0,0.0,513446.8863,93.3418
node-107,2024-01-01 19:13:00,0.0249,28214058.2637,0.3277,0.2821,7065.3473,0.0,251373.8058,87.1646
node-108,2024-01-01 19:13:00,0.0137,29537057.5413,0.0,0.3893,9252.6971,0.0071,349140.2257,99.8458
node-109,2024-01-01 19:13:00,0.1108,28486146.2416,0.1031,0.3939,0.0,0.0002,326736.2951,99.6974
node-110,2024-01-01 19:13:00,0.0006,28578514.7223,0.315,0.2936,10696.6122,0.0517,367066.8089,104.0574
node-111,2024-01-01 19:13:00,0.0314,29316247.2211,0.3834,0.4794,7296.8459,1.0064,627169.0073,85.0557
node-112,2024-01-01 19:13:00,0.0105,28052913.3938,0.0,0.2084,8508.0554,0.0567,355016.7827,66.5318
node-113,2024-01-01 19:13:00,0.0011,28687568.9687,0.7496,0.9203,6858.6991,0.0,82026.8497,100.8778
node-114,2024-01-01 19:13:00,0.0,28937419.9411,0.0891,0.1946,11739.5306,0.0165,237731.4699,82.5091
node-115,2024-01-01 19:13:00,0.0,29014255.9529,0.3361,0.2035,16309.2608,0.0583,364971.4185,103.4754
node-116,2024-01-01 19:13:00,0.005,28481922.5006,14.3229,0.3823,8088.5602,0.0661,543650.1507,92.9763
node-117,2024-01-01 19:13:00,0.0,9087507.9956,0.0082,1.0739,279974.707,0.085,334442.8021,257.3328
node-118,2024-01-01 19:13:00,0.0,28354038.4421,0.6691,0.21,8852.4508,0.0031,359639.4919,89.4055
node-119,2024-01-01 19:13:00,0.0903,29520489.9545,0.5668,4.1811,14073.1985,0.0,27538.3788,97.3217
