nodeId,timestamp,cpu_wio,mem_free,Missed Buffers_P1,cpu_user,bytes_out,proc_run,bytes_in,pkts_out
node-000,2024-01-01 19:24:00,0.6898,23246906.7564,0.0,0.6116,165542.2176,7.9361,6316021.6816,896.2733
node-001,2024-01-01 19:24:00,0.5075,22767157.4496,0.374,0.7609,108062.5827,4.0138,6219531.7631,807.9791
node-002,2024-01-01 19:24:00,0.0933,11094797.3052,0.0,0.7082,110290.6889,3.7399,6189625.5738,912.763
node-003,2024-01-01 19:24:00,0.1697,23576827.0506,0.0,0.7536,130443.9351,1.0708,6268038.2516,871.8087
node-004,2024-01-01 19:24:00,0.5963,22240932.7293,0.0,0.4217,89783.8238,6.0942,6466219.8884,905.7327
node-005,2024-01-01 19:24:00,0.3801,10058858.6823,0.2171,0.7029,61725.4318,1.3953,6233350.7198,892.881
node-006,2024-01-01 19:24:00,0.0868,22692376.0955,0.0,0.1915,115933.7989,2.1656,6097380.914,756.5423
node-007,2024-01-01 19:24:00,0.0,22757206.2317,0.3304,0.6342,161482.5224,1.9573,6183004.8312,889.8497
node-008,2024-01-01 19:24:00,0.1342,22623412.455,0.0,0.4059,113314.4958,5.05,6192086.9753,841.0521
node-009,2024-01-01 19:24:00,0.0,23153844.6691,0.0,1.0068,105414.5438,1.9891,6459418.6696,834.7257
node-010,2024-01-01 19:24:00,0.4175,22672927.8754,0.5424,1.1842,119984.5424,3.9192,6609185.2061,878.3263
node-011,2024-01-01 19:24:00,0.1892,21886329.3629,0.152,0.6758,156061.9622,7.937,6048057.4735,835.5245
node-012,2024-01-01 19:24:00,0.1112,21851818.0557,0.0,0.7128,116998.6786,4.7806,6403058.8777,850.5648
node-013,2024-01-01 19:24:00,0.8483,22369693.015,0.0,0.7387,125825.14,0.0176,17201.9162,895.7498
node-014,2024-01-01 19:24:00,0.156,23937112.896,0.0,0.6666,98782.3935,4.0815,6243663.5928,861.1412
node-015,2024-01-01 19:24:00,0.6608,22671553.0654,0.0,0.1801,24199.9225,0.9584,6375758.6894,807.7897
node-016,2024-01-01 19:24:00,0.1972,23388750.4135,0.0,0.2997,126551.5824,4.1008,6115176.5628,899.1735
node-017,2024-01-01 19:24:00,0.1029,26721835.3558,0.2936,0.4001,23700.2899,4.9975,6232613.0032,884.5338
node-018,2024-01-01 19:24:00,0.092,23189017.6084,0.0744,0.6905,102987.0672,1.9038,6484995.2431,895.8713
node-019,2024-01-01 19:24:00,1.3936,23547881.6843,0.7906,0.5812,9614.6169,3.0026,6281331.7035,840.0903
node-020,2024-01-01 19:24:00,0.1092,22438350.9747,0.0329,0.5959,149357.2647,6.9001,6509123.9435,882.401
node-021,2024-01-01 19:24:00,0.4673,22926533.0999,0.498,1.0034,99495.7872,4.5212,6245757.7873,871.9295
node-022,2024-01-01 19:24:00,0.1085,22756684.6108,0.7384,0.2908,109502.9908,5.0887,6100738.2688,856.542
node-023,2024-01-01 19:24:00,0.6891,22574457.7108,0.0,0.499,119310.9194,2.0275,6360474.3433,818.4123
node-024,2024-01-01 19:24:00,0.081,22213177.1106,0.0,0.6043,66773.5837,2.0106,6461301.9825,905.9767
node-025,2024-01-01 19:24:00,0.0132,23746055.7007,0.573,0.7428,77681.5812,3.8637,6416321.894,877.7082
node-026,2024-01-01 19:24:00,0.0858,23275149.5523,0.0,0.112,96482.7989,2.9264,6462046.1851,757.8437
node-027,2024-01-01 19:24:00,0.8184,22515343.2881,0.0,0.4732,98916.9392,5.1618,6091278.6985,811.8645
node-028,2024-01-01 19:24:00,2.2614,23906825.4674,0.0,0.6908,32921.5382,2.1366,6142372.5224,867.2478
node-029,2024-01-01 19:24:00,0.1257,23008010.6637,0.2896,0.594,86718.6568,6.1409,6333657.3722,854.3648
node-030,2024-01-01 19:24:00,0.0898,23416730.3276,1.149,0.4737,16424.2185,3.0431,6107492.12,855.2546
node-031,2024-01-01 19:24:00,0.0,29012904.2445,0.0,0.2094,0.0,0.0,97161.1029,0.0
node-032,2024-01-01 19:24:00,0.0895,22312679.0202,0.0,0.7346,123262.1281,8.5163,6244520.7538,856.237
node-033,2024-01-01 19:24:00,0.1939,22512980.4327,0.0,0.79,104447.0277,6.6519,6454027.0192,835.7437
node-034,2024-01-01 19:24:00,0.0,22082381.1829,1.4462,0.0969,123178.6346,4.0591,6541006.5188,816.8034
node-035,2024-01-01 19:24:00,0.2124,24681234.5257,0.1677,0.6941,127615.6684,2.6985,6517796.7256,895.1069
node-036,2024-01-01 19:24:00,0.074,23386374.8198,0.0,0.5041,117873.0944,5.8668,6418568.1312,834.302
node-037,2024-01-01 19:24:00,0.05,22024242.3944,0.0,0.5443,87968.5273,7.9954,6233062.3075,860.8788
node-038,2024-01-01 19:24:00,0.1729,22830094.9814,0.0,0.802,47806.3129,2.9651,5932214.3369,871.0161
node-039,2024-01-01 19:24:00,0.1011,23683367.6602,0.0,0.6336,107527.4638,4.0204,6297262.4882,859.5407
node-040,2024-01-01 19:24:00,0.0,24078469.0106,0.3128,0.0929,118461.1604,1.9249,6117889.9133,783.6946
node-041,2024-01-01 19:24:00,0.1011,23834739.4667,0.9472,0.4839,72268.9638,4.0335,6020855.0667,886.9824
node-042,2024-01-01 19:24:00,0.4583,23281503.2252,1.0012,0.5993,13714.2183,1.9848,6262131.141,872.7446
node-043,2024-01-01 19:24:00,0.394,23840902.303,0.0,0.288,119653.949,6.93,6329321.0181,863.7124
node-044,2024-01-01 19:24:00,0.1875,23061652.7468,0.3484,0.8005,112814.3366,4.8867,6218153.1444,886.31
node-045,2024-01-01 19:24:00,0.7002,22632919.8973,1.0148,0.7982,96438.2935,2.9097,6356983.8876,808.5369
node-046,2024-01-01 19:24:00,0.1028,21813112.8833,0.0,0.4811,113808.3811,8.9663,6078147.3117,892.2322
node-047,2024-01-01 19:24:00,0.1028,22343681.7223,0.9514,4.8029,78000.7392,4.2611,6179004.024,762.6576
node-048,2024-01-01 19:24:00,0.4215,23394253.382,0.8553,0.2696,57088.8775,3.9721,6059918.5549,872.411
node-049,2024-01-01 19:24:00,0.4928,21789468.4366,0.6111,0.1016,94755.1459,3.6623,6175016.7817,786.7109
node-050,2024-01-01 19:24:00,0.017,22261549.588,0.0,0.1041,75795.4625,3.5051,6368599.9786,793.9903
node-051,2024-01-01 19:24:00,0.3177,22737370.2914,0.6257,1.276,152124.12,0.0187,6127812.1437,838.7306
node-052,2024-01-01 19:24:00,0.0935,22504925.569,0.0,0.7382,95637.4558,3.9731,6278537.3196,857.7698
node-053,2024-01-01 19:24:00,0.1343,22999630.3189,0.0,0.7483,91335.4647,10.9872,6285319.3796,852.397
node-054,2024-01-01 19:24:00,0.066,21459328.0222,0.0,1.2486,133630.5101,3.0326,6519105.3145,882.3147
node-055,2024-01-01 19:24:00,0.1326,23401410.6853,0.0,0.6071,119318.1433,4.109,6344939.5762,892.3582
node-056,2024-01-01 19:24:00,0.0215,22655106.1675,0.6329,0.5611,93350.315,6.9895,6079376.2431,893.003
node-057,2024-01-01 19:24:00,0.0691,20678988.885,0.0,0.8469,107457.6139,4.4633,6295966.5948,856.5574
node-058,2024-01-01 19:24:00,0.1746,23160843.6874,1.539,0.7282,156478.9729,4.7131,6292049.6913,894.0429
node-059,2024-01-01 19:24:00,0.1745,23504172.3067,0.0,0.6968,56119.8725,4.9892,6232785.3429,907.889
node-060,2024-01-01 19:24:00,0.0977,22821448.2544,0.6218,1.0007,97253.5454,2.0201,6335538.1003,877.6315
node-061,2024-01-01 19:24:00,0.1295,22393109.3808,0.0,0.6987,113084.2579,15.0526,6268690.089,871.1637
node-062,2024-01-01 19:24:00,3.69,23689684.5276,0.0,1.421,104783.2324,2.024,6221029.0375,909.4172
node-063,2024-01-01 19:24:00,0.1845,22209357.1087,0.0,0.9226,112529.2056,4.9881,6160579.2509,875.2099
node-064,2024-01-01 19:24:00,0.0083,22018896.6196,1.4099,1.0988,122588.0184,2.0478,6535641.2777,886.4484
node-065,2024-01-01 19:24:00,0.2535,23467523.4125,0.0,1.0836,21893.6701,2.5453,6428351.299,891.785
node-066,2024-01-01 19:24:00,0.1329,23917810.3288,0.1542,0.4849,38571.9148,5.1667,6087303.862,893.1823
node-067,2024-01-01 19:24:00,0.0875,21313446.509,0.9901,0.6694,113140.032,3.1026,5542470.5481,767.0562
node-068,2024-01-01 19:24:00,0.6985,23657857.3846,0.6364,0.6831,5894.4525,5.0215,6154872.8763,891.4978
node-069,2024-01-01 19:24:00,0.1185,10656403.846,14.0836,0.9311,113087.3288,2.0588,6398877.4384,771.3573
node-070,2024-01-01 19:24:00,0.686,23176227.4802,0.0,0.491,111577.4138,5.0339,5916103.1475,893.9586
node-071,2024-01-01 19:24:00,0.1837,22354518.8579,0.0,0.5009,106788.5449,5.9524,6395499.6737,862.8325
node-072,2024-01-01 19:24:00,0.2978,118821775.3275,0.0,0.1068,96348.658,4.0045,6112573.0977,847.4233
node-073,2024-01-01 19:24:00,0.3668,22610866.2407,0.8728,0.3633,112206.0626,4.162,5932575.4122,871.2564
node-074,2024-01-01 19:24:00,0.4419,22531448.3414,0.0,0.4892,124719.1869,3.9435,6237941.4708,840.1293
node-075,2024-01-01 19:24:00,0.0938,24286293.5597,0.0,0.4041,107287.8545,5.8834,6199214.6599,870.1117
node-076,2024-01-01 19:24:00,0.0185,23596919.404,0.1467,0.1072,23207.1747,0.3981,6389493.2842,748.4165
node-077,2024-01-01 19:24:00,0.0944,23130751.0751,0.0,0.7131,107642.4094,6.9328,6171690.0034,901.4261
node-078,2024-01-01 19:24:00,0.0986,23615460.0865,0.0246,0.5854,14528.98,3.0524,6370813.6681,873.1172
node-079,2024-01-01 19:24:00,3.676,23215620.6276,0.0,0.4931,114288.219,7.0377,5792653.6386,889.2294
node-080,2024-01-01 19:24:00,0.0,22268786.8984,0.301,0.6103,102019.4288,4.6727,6023969.6865,845.487
node-081,2024-01-01 19:24:00,0.2144,23318594.204,0.0,0.5547,146678.5729,1.9241,6443130.7734,875.4514
node-082,2024-01-01 19:24:00,0.0,21996767.3419,0.123,0.0978,102726.0379,4.0394,6346865.9655,793.4871
node-083,2024-01-01 19:24:00,0.583,23225958.5804,0.5688,0.6556,46165.5385,3.9627,6209093.9507,889.4818
node-084,2024-01-01 19:24:00,0.6994,23565722.8447,1.1487,1.0038,111160.2085,4.533,6376150.3488,865.6721
node-085,2024-01-01 19:24:00,0.0816,23801598.5402,0.7042,0.7006,4844.6257,2.0076,6041087.2971,896.1169
node-086,2024-01-01 19:24:00,0.4264,23338818.0694,0.6602,0.4958,118200.6114,6.0147,6138499.1135,876.4458
node-087,2024-01-01 19:24:00,0.1002,23137599.2623,0.8643,0.5084,89978.337,4.1592,6245351.757,872.4731
node-088,2024-01-01 19:24:00,0.3186,22581051.771,0.3109,0.5552,124126.3599,5.9662,6285644.5684,877.6341
node-089,2024-01-01 19:24:00,0.0978,22973484.2517,0.0,1.1716,117904.9469,5.0229,6544281.0441,878.651
node-090,2024-01-01 19:24:00,0.0858,23371107.6741,1.1067,0.8812,186543.767,1.0416,6485250.5838,889.2737
node-091,2024-01-01 19:24:00,0.1125,22750250.8957,1.5524,0.8008,106645.409,7.9139,6093329.8938,801.4709
node-092,2024-01-01 19:24:00,0.27,23181089.4019,0.2033,0.7953,115753.9935,4.1097,6541045.4545,872.7645
node-093,2024-01-01 19:24:00,0.6314,23738900.793,0.0,0.4197,100314.7802,7.323,6243979.3632,877.7597
node-094,2024-01-01 19:24:00,0.1188,23598033.2338,0.4163,0.8963,125720.3047,2.0436,6102235.9001,889.2759
node-095,2024-01-01 19:24:00,0.0831,23083483.3911,0.0,0.801,114855.7038,3.9522,6227051.5783,909.1186
node-096,2024-01-01 19:24:00,0.1415,23270128.3501,0.1282,0.9033,113089.5925,4.0412,6280534.6535,859.988
node-097,2024-01-01 19:24:00,0.1052,23239875.5623,0.484,0.5313,42777.5473,3.1722,6158692.2631,864.2377
node-098,2024-01-01 19:24:00,0.8025,22525488.4654,0.0,0.702,114784.1022,6.9675,6282026.0712,888.4487
node-099,2024-01-01 19:24:00,0.0985,22930041.8733,0.0,0.7159,116116.0418,3.6689,6203523.8495,875.6552
node-100,2024-01-01 19:24:00,1.4648,22645782.653,0.2264,0.4892,150814.8648,2.9515,5886735.8511,831.8293
node-101,2024-01-01 19:24:00,0.0988,21536093.5196,0.3375,0.1287,108006.835,2.8427,6217209.8565,751.7609
node-102,2024-01-01 19:24:00,0.7007,23551865.0641,0.6144,0.4978,46809.2697,3.423,6207644.0075,892.8477
node-103,2024-01-01 19:24:00,0.0028,22269256.7022,0.7589,0.2082,99389.1416,4.9205,6463010.2224,881.0475
node-104,2024-01-01 19:24:00,0.1089,23091485.1875,1.0626,0.6526,20690.5853,2.9542,6323669.2825,866.9885
node-105,2024-01-01 19:24:00,0.0,23344303.332,0.0,0.3,149652.9861,5.7042,6363433.0714,898.8088
node-106,2024-01-01 19:24:00,0.2079,22452505.2271,0.8376,0.2205,97149.2908,1.9215,6057569.3093,769.3779
node-107,2024-01-01 19:24:00,0.862,21989245.6182,0.2223,0.5792,122480.3352,3.004,6493777.8582,890.654
node-108,2024-01-01 19:24:00,0.0226,23905476.3628,0.0,0.8058,134077.0418,5.0035,6369177.8975,863.2839
node-109,2024-01-01 19:24:00,0.1009,23242501.3398,0.0,0.7289,101781.1078,4.0295,6266915.0843,858.3644
node-110,2024-01-01 19:24:00,0.1271,22543726.9116,0.784,0.4857,104193.9631,4.6856,5831385.006,801.9064
node-111,2024-01-01 19:24:00,0.1188,23927955.3561,0.0,0.5876,107098.6938,5.0384,6207138.7686,887.8143
node-112,2024-01-01 19:24:00,0.2217,22450796.3426,0.0,0.5042,120549.0447,4.9979,6250128.6888,854.2945
node-113,2024-01-01 19:24:00,0.0816,22903277.501,0.3787,0.424,104862.9502,4.034,6256133.7476,876.7395
node-114,2024-01-01 19:24:00,0.2766,23043345.3644,1.3388,0.6018,138782.1836,2.9148,6517958.763,880.0713
node-115,2024-01-01 19:24:00,0.102,21563195.4987,0.2405,0.9719,118747.3921,8.9731,6451705.2074,890.0852
node-116,2024-01-01 19:24:00,0.2063,22083551.26,0.2923,0.6828,126738.9554,5.5114,6206749.2519,865.9767
node-117,2024-01-01 19:24:00,3.7407,10517984.8681,0.0,3.1268,129112.9929,4.9818,6446934.8962,898.4578
node-118,2024-01-01 19:24:00,0.1391,22828951.6234,0.0,0.7587,137047.7395,3.8322,6555581.2459,896.8447
node-119,2024-01-01 19:24:00,0.098,23872335.7923,0.0,0.4042,101919.3123,2.9909,5993231.7557,865.886
node-000,2024-01-01 19:25:00,0.4041,22500913.8879,1.8408,0.5091,133382.7653,7.8921,6115437.196,886.0917
node-001,2024-01-01 19:25:00,0.0945,22413541.9983,0.2361,0.9848,119497.0974,0.8814,6148675.6053,882.2265
node-002,2024-01-01 19:25:00,0.0912,10772921.3934,0.0925,1.0027,101720.1027,4.0197,6236905.0481,900.68
node-003,2024-01-01 19:25:00,0.1478,22886935.6626,0.2985,0.6175,113321.7956,6.9356,6250450.666,890.0781
node-004,2024-01-01 19:25:00,0.6205,22395001.3267,0.0,0.705,132597.3729,7.9953,6072531.4093,903.4373
node-005,2024-01-01 19:25:00,0.3219,9812432.1274,0.0,1.3922,157542.3374,0.9372,6081931.2408,926.5504
node-006,2024-01-01 19:25:00,0.0041,22615806.1688,0.8035,0.0777,87136.1236,2.7411,6172903.6072,758.9716
node-007,2024-01-01 19:25:00,0.0754,22075867.5258,0.0,0.4775,112925.9613,12.972,6106776.4505,890.7749
node-008,2024-01-01 19:25:00,0.0848,21383630.7624,0.0,0.6022,78292.6189,7.9114,5976743.5525,872.8362
node-009,2024-01-01 19:25:00,0.3144,22937185.949,0.1818,0.4003,110933.0175,5.9442,6192171.2902,926.897
node-010,2024-01-01 19:25:00,0.0913,21758603.8627,0.0,0.8771,125295.0012,12.9338,6424313.8023,890.4752
node-011,2024-01-01 19:25:00,0.3979,21336827.5943,0.0,0.3021,143339.2726,7.0331,5940593.1062,845.9693
node-012,2024-01-01 19:25:00,0.0,21031934.415,0.0,0.3153,134290.5541,6.8837,6196637.1543,856.6011
node-013,2024-01-01 19:25:00,1.0032,21722489.2542,0.0,0.4854,161976.3675,0.1394,79547.6182,887.709
node-014,2024-01-01 19:25:00,0.1106,23020766.3864,0.0,0.4999,99416.122,7.1723,5975178.0346,893.2583
node-015,2024-01-01 19:25:00,0.0,22426187.7831,1.3036,0.0806,34491.618,3.0753,6371471.7003,793.0776
node-016,2024-01-01 19:25:00,0.1851,22498210.5682,0.0,1.2248,102898.6223,2.0308,6215297.8014,893.1934
node-017,2024-01-01 19:25:00,0.0866,24820541.2047,0.4758,0.471,45003.187,2.9685,6137466.5405,886.614
node-018,2024-01-01 19:25:00,0.1058,22200414.5778,0.9438,0.7072,128818.5938,12.0216,6230725.3513,898.1639
node-019,2024-01-01 19:25:00,0.1816,23460064.5628,1.0889,1.1723,124965.2621,4.3499,6013004.1952,917.3015
node-020,2024-01-01 19:25:00,0.1029,21704529.4868,0.0001,0.512,144723.4579,9.0106,6237275.1228,903.5983
node-021,2024-01-01 19:25:00,0.1754,21841466.8757,1.3936,1.0766,127587.0285,5.9521,6172428.9378,903.0268
node-022,2024-01-01 19:25:00,0.1108,21928533.9125,0.0,1.0956,105255.7278,9.9329,6497610.4635,871.7639
node-023,2024-01-01 19:25:00,0.0702,22460121.4444,0.0,0.4193,103283.9,8.0789,6209981.4894,892.8828
node-024,2024-01-01 19:25:00,0.0827,22292881.0066,0.0,0.5956,106885.5609,4.8536,6179571.9999,917.4567
node-025,2024-01-01 19:25:00,0.067,23315148.3234,0.0,0.4178,126074.7696,6.9105,5986151.1607,882.8287
node-026,2024-01-01 19:25:00,0.0426,22325939.0376,0.5471,0.1472,67072.3346,1.2188,6037089.3437,787.1642
node-027,2024-01-01 19:25:00,0.1025,21714951.5692,0.0,0.5046,98425.4801,7.9643,6180428.9855,894.9334
node-028,2024-01-01 19:25:00,2.5847,23557780.1507,0.5329,1.1246,64334.7978,0.9792,6306331.6781,891.0543
node-029,2024-01-01 19:25:00,0.2862,22273230.1345,1.1806,0.5824,113214.5383,5.9365,6143561.4243,862.4565
node-030,2024-01-01 19:25:00,0.0818,22983593.5448,0.0157,0.8159,119063.6385,7.0461,6214106.6986,861.2176
node-031,2024-01-01 19:25:00,0.0898,29206271.3663,0.0,0.0,761.8201,0.14,93489.6974,6.851
node-032,2024-01-01 19:25:00,0.006,21943550.535,0.7481,0.2138,118217.1345,9.8999,5931478.9582,860.9869
node-033,2024-01-01 19:25:00,0.2064,21300317.5744,0.0995,0.6217,140719.937,8.0805,6058987.0045,892.993
node-034,2024-01-01 19:25:00,0.083,21634738.076,0.0168,0.0991,94750.9049,2.0016,6127249.3181,801.7744
node-035,2024-01-01 19:25:00,0.215,24672977.3683,0.0,0.6835,102582.0616,0.937,6158266.2731,879.3385
node-036,2024-01-01 19:25:00,0.0937,22937629.1413,0.0,0.5118,109057.8256,8.0297,6087381.8726,879.9324
node-037,2024-01-01 19:25:00,1.3202,21265530.8533,2.0527,0.191,117676.4803,4.9971,6089021.3239,851.6356
node-038,2024-01-01 19:25:00,0.2161,22570819.1606,0.1481,0.6996,97344.4076,1.9987,6268305.4569,904.5996
node-039,2024-01-01 19:25:00,0.2524,23205474.0552,0.4322,0.6945,113817.2286,5.0399,5911248.8886,868.6924
node-040,2024-01-01 19:25:00,0.0428,23709753.1357,0.0069,0.0021,128736.3226,3.9948,6229004.7046,791.9271
node-041,2024-01-01 19:25:00,0.1046,22855052.0598,0.0,0.5083,112567.6641,5.8754,6182507.4536,892.094
node-042,2024-01-01 19:25:00,0.1046,22839596.1158,0.0,0.3315,98222.7292,8.8449,6149490.7699,892.8571
node-043,2024-01-01 19:25:00,0.3193,23242233.1579,0.0,0.2938,128454.117,8.9389,6069897.9055,880.2899
node-044,2024-01-01 19:25:00,0.2065,22858063.8395,0.1822,0.5968,121514.0552,7.1032,5766384.2459,915.9024
node-045,2024-01-01 19:25:00,0.0794,22358244.5821,0.3904,0.5279,88636.4576,7.9545,6014426.5729,886.0658
node-046,2024-01-01 19:25:00,0.1168,21576652.7184,0.4245,0.5051,88851.1853,8.3166,6248375.1256,892.3374
node-047,2024-01-01 19:25:00,0.3809,21296976.6689,0.0871,0.7642,86492.873,4.6099,6163123.2884,914.8989
node-048,2024-01-01 19:25:00,0.121,23142959.1338,0.6743,0.5033,104775.0316,6.9647,5900289.4269,886.5311
node-049,2024-01-01 19:25:00,0.0,20968641.4446,0.3274,0.2375,129392.4731,4.0232,6118416.1384,835.1626
node-050,2024-01-01 19:25:00,0.0,20816621.0827,0.0,0.1034,87466.6197,4.0083,5895378.2248,843.0485
node-051,2024-01-01 19:25:00,0.3078,21336561.7838,1.0041,1.2997,121729.3476,6.9352,6185180.6393,920.7483
node-052,2024-01-01 19:25:00,0.5061,21971762.4054,0.0,4.9514,141832.5548,6.977,6191286.447,899.2035
node-053,2024-01-01 19:25:00,0.1016,22544756.2779,0.8072,0.4882,94748.046,10.992,6047049.5238,866.5043
node-054,2024-01-01 19:25:00,0.1213,21840141.5676,0.4692,0.6076,131701.2807,4.9319,6547347.7912,892.6159
node-055,2024-01-01 19:25:00,0.0921,22683916.3302,0.0891,0.5855,124496.2315,3.9105,6257541.1858,879.6543
node-056,2024-01-01 19:25:00,0.0929,22536207.4415,0.5834,0.4814,125842.3591,7.9643,6167929.5825,892.5231
node-057,2024-01-01 19:25:00,0.9634,20183592.5022,0.0,0.6518,110771.2501,7.9636,6341390.461,898.5348
node-058,2024-01-01 19:25:00,0.0619,22331999.3648,0.3814,0.6993,169368.6845,9.0178,6210270.8256,883.8347
node-059,2024-01-01 19:25:00,0.4061,23390929.8469,0.8161,0.6919,76994.4008,4.9412,6223362.7225,891.8419
node-060,2024-01-01 19:25:00,0.2104,22671667.0352,0.6771,0.5346,118802.6605,6.9529,6018690.6533,900.6532
node-061,2024-01-01 19:25:00,0.089,21794895.4444,0.0355,0.48,130343.1326,12.7239,6033384.2535,897.3556
node-062,2024-01-01 19:25:00,0.2207,22524930.9612,0.0,1.4096,104526.6289,2.0047,5992552.1662,893.5927
node-063,2024-01-01 19:25:00,0.0956,21738099.7965,0.6653,0.7012,119158.3405,5.4902,6120950.9086,883.5989
node-064,2024-01-01 19:25:00,0.0972,21260221.9896,0.4345,0.4316,113840.8424,8.0715,6316546.0818,886.1859
node-065,2024-01-01 19:25:00,0.1038,22666801.9956,0.7341,0.7876,83810.4972,1.9528,6083983.0829,892.3933
node-066,2024-01-01 19:25:00,0.1948,23576806.963,0.0,0.4998,80146.676,5.0114,6405402.5272,881.7855
node-067,2024-01-01 19:25:00,0.0477,21457848.8493,0.5384,0.5498,110268.1418,11.9812,6490773.1564,884.8701
node-068,2024-01-01 19:25:00,0.1661,23249325.0891,0.6231,2.1075,110959.7749,5.9983,6250174.8458,909.1934
node-069,2024-01-01 19:25:00,0.0971,10307860.6528,14.5364,1.4031,124736.0304,8.9615,6058170.7516,910.6422
node-070,2024-01-01 19:25:00,0.6921,22804268.9157,1.2471,0.4985,103502.6692,3.9563,6172515.3837,869.5529
node-071,2024-01-01 19:25:00,1.7092,20955812.2584,0.3469,0.4995,75341.5173,9.9672,6177056.6907,852.5118
node-072,2024-01-01 19:25:00,0.1255,118919728.4474,0.0,0.1306,117771.8178,0.9622,6117354.7931,801.5888
node-073,2024-01-01 19:25:00,0.7305,21066050.3713,0.7924,0.8644,139870.2671,6.9766,6276941.5243,861.8876
node-074,2024-01-01 19:25:00,0.2529,22521965.9964,0.4577,0.4927,98034.7199,7.0834,6498590.9809,919.2541
node-075,2024-01-01 19:25:00,0.1905,23826170.7362,0.4547,0.3937,118645.0608,6.9876,6270519.3181,885.7461
node-076,2024-01-01 19:25:00,0.0115,23387928.9089,0.171,0.1696,109643.5433,0.0338,5999871.2951,784.8343
node-077,2024-01-01 19:25:00,0.0983,22351581.8047,0.0,0.7888,114387.8705,12.9325,6281598.6449,906.5385
node-078,2024-01-01 19:25:00,0.2052,23596415.794,0.0,0.5904,36112.7786,5.1089,6166299.7127,885.8289
node-079,2024-01-01 19:25:00,0.2258,22894849.1163,0.0883,1.4902,109353.3731,7.0282,6569390.0163,922.0056
node-080,2024-01-01 19:25:00,0.103,21427742.3938,1.0237,0.6931,134126.5687,8.8838,5948925.6367,865.5257
node-081,2024-01-01 19:25:00,0.1065,22523643.1439,0.0,0.582,141173.7742,7.0386,6271539.0577,885.5993
node-082,2024-01-01 19:25:00,0.0,20923864.3711,0.0,0.1132,107595.163,2.9669,6058355.7835,841.1627
node-083,2024-01-01 19:25:00,0.1133,22238264.3995,0.0,0.88,92478.2905,6.9164,5959658.6116,887.1802
node-084,2024-01-01 19:25:00,0.1946,23003479.2789,0.7961,0.694,97651.7142,4.0988,6350947.3539,902.649
node-085,2024-01-01 19:25:00,0.0674,23167606.2577,0.0,0.6895,119610.4851,4.6665,6034381.7932,897.7144
node-086,2024-01-01 19:25:00,0.1865,22753676.1241,0.6251,0.5785,104121.2181,6.0808,5980820.8918,886.0835
node-087,2024-01-01 19:25:00,0.0982,22568150.7689,0.0,0.5064,87061.082,8.061,5997867.5572,893.6426
node-088,2024-01-01 19:25:00,0.1094,21646620.3209,0.0,0.4668,127067.4898,5.9926,6272929.2292,903.1604
node-089,2024-01-01 19:25:00,0.09,22382782.7371,0.6673,1.0065,114975.0209,9.0318,6240771.1209,892.7197
node-090,2024-01-01 19:25:00,0.0589,23260169.1582,0.034,0.6077,142644.1886,6.986,6246202.3243,881.3055
node-091,2024-01-01 19:25:00,0.141,22131797.3848,0.0,0.8902,118617.6679,8.0275,5993781.2951,891.8349
node-092,2024-01-01 19:25:00,0.1022,23110362.2994,0.2311,0.3592,120213.5768,17.9688,6308592.5908,878.7744
node-093,2024-01-01 19:25:00,1.2985,23093001.6882,0.0218,0.3176,114095.5243,13.9297,5959109.7961,886.4059
node-094,2024-01-01 19:25:00,0.0969,22941095.6411,0.0309,1.0933,90529.8711,6.0254,6170083.8263,886.9286
node-095,2024-01-01 19:25:00,0.1615,21489068.69,0.6563,0.7999,81103.5891,8.0123,6132351.787,907.7518
node-096,2024-01-01 19:25:00,0.0536,22906850.1888,0.2202,0.4936,134604.0739,5.9291,5953053.4317,879.1385
node-097,2024-01-01 19:25:00,0.1022,22630354.1981,0.295,0.5901,131299.174,9.0641,6265221.2514,863.7025
node-098,2024-01-01 19:25:00,0.0638,22367371.6047,0.4061,0.9185,112842.3774,6.9628,5962734.866,904.2187
node-099,2024-01-01 19:25:00,0.0833,21689262.4103,0.5833,0.813,112951.8892,7.9761,6056929.3514,912.9516
node-100,2024-01-01 19:25:00,0.0882,22463831.1555,0.0175,0.5026,129927.2428,7.0861,6059799.6643,880.6442
node-101,2024-01-01 19:25:00,0.0,20643985.4772,0.0,0.132,119889.7159,0.9402,6199502.2968,822.4305
node-102,2024-01-01 19:25:00,0.089,23085106.2487,0.0,0.4077,87527.175,3.5457,6121128.058,894.8954
node-103,2024-01-01 19:25:00,0.1353,21519252.5355,0.0,0.4872,125505.2526,6.9461,6196232.9126,883.2785
node-104,2024-01-01 19:25:00,0.1244,22954858.4591,0.0,0.4091,103005.3544,15.9735,6081403.3274,870.7983
node-105,2024-01-01 19:25:00,0.0132,22925137.8132,0.0,0.3285,119077.0509,5.9689,6300585.3368,896.476
node-106,2024-01-01 19:25:00,0.0109,21627991.7836,0.9448,0.1052,115335.5216,1.9405,6508551.5202,812.9333
node-107,2024-01-01 19:25:00,0.2782,21098079.4354,0.1112,0.7771,108970.292,8.0779,6242548.7589,904.7469
node-108,2024-01-01 19:25:00,0.0255,22932025.5452,0.0,0.3618,114641.1015,6.9203,6182737.0537,888.379
node-109,2024-01-01 19:25:00,0.1679,22574721.4566,0.0,0.399,79815.3173,4.8726,6198638.9414,876.8732
node-110,2024-01-01 19:25:00,0.1354,21298048.9863,0.2143,1.5628,138886.2226,5.9679,6087761.0958,860.7419
node-111,2024-01-01 19:25:00,0.1027,23254181.2662,1.3159,0.5708,136980.8681,6.2272,6364476.4414,887.2373
node-112,2024-01-01 19:25:00,0.1105,21295922.6775,0.0,0.5966,95601.0813,8.0038,6204584.5389,853.666
node-113,2024-01-01 19:25:00,0.1132,22846289.6202,0.4183,0.3892,104265.0959,8.952,6176638.4758,874.6975
node-114,2024-01-01 19:25:00,0.1236,21497431.2829,0.0,0.3913,158121.4582,5.9335,6276570.4676,899.1784
node-115,2024-01-01 19:25:00,0.086,21540826.1986,0.0,1.0027,116837.2592,8.9135,6529287.3561,905.2129
node-116,2024-01-01 19:25:00,0.3059,21727148.721,0.3609,0.7112,116293.2032,6.9105,6016690.839,872.1843
node-117,2024-01-01 19:25:00,0.9897,10203424.0506,0.3027,5.5404,92410.278,13.952,6174415.4064,897.9152
node-118,2024-01-01 19:25:00,0.1521,21796468.0709,0.3337,0.6027,97851.1056,11.9322,6245398.4586,895.2284
node-119,2024-01-01 19:25:00,0.0946,23131814.6206,1.6852,0.477,134992.9045,9.0357,6160622.7208,879.5082
node-000,2024-01-01 19:26:00,0.1948,21599179.3676,0.0292,1.4164,119904.0436,0.0,5806584.5575,829.3015
node-001,2024-01-01 19:26:00,0.1915,21461383.547,0.0,0.7228,113358.6189,4.9267,6268457.3802,820.7191
node-002,2024-01-01 19:26:00,0.1185,10453135.736,0.4453,0.8027,153812.9561,6.0974,6205896.2065,867.5
node-003,2024-01-01 19:26:00,0.2943,22129574.9124,0.0,1.1475,108572.5696,5.9051,6191505.9494,843.173
node-004,2024-01-01 19:26:00,0.1168,21488841.0632,0.0,0.4913,108299.649,7.8997,6196808.09,864.4828
node-005,2024-01-01 19:26:00,0.3148,9548887.728,0.0,1.3172,80170.5229,4.9562,6231727.7967,887.4497
node-006,2024-01-01 19:26:00,0.1982,21570462.2428,1.1934,0.098,119313.747,4.9456,6160032.5069,746.5527
node-007,2024-01-01 19:26:00,0.1189,21625650.4701,0.3264,0.2774,150337.6582,4.8796,6170017.4186,864.3896
node-008,2024-01-01 19:26:00,0.1088,21590881.5493,0.0,0.592,113732.7093,1.0262,5960143.112,830.8883
node-009,2024-01-01 19:26:00,0.2092,22137751.5042,0.0,0.8529,108963.3851,5.9861,6073323.7999,863.1246
node-010,2024-01-01 19:26:00,0.4016,21595157.1108,0.0,1.2171,77561.9244,9.9101,6026377.8355,840.8883
node-011,2024-01-01 19:26:00,0.4129,20786527.9474,0.0,0.6602,153719.8946,9.0335,6151438.7053,897.6405
node-012,2024-01-01 19:26:00,0.6916,20657910.5964,0.0,0.3192,90698.1409,5.9442,6088320.9704,838.8398
node-013,2024-01-01 19:26:00,0.0886,21401475.6233,0.0,0.5981,156690.3881,0.0,43281.5859,827.2448
node-014,2024-01-01 19:26:00,0.4032,22911925.334,0.187,1.0949,89602.2642,7.9381,6282966.5001,819.1055
node-015,2024-01-01 19:26:00,0.0942,21828314.9142,0.6577,0.1198,103876.5539,1.8578,6135340.8615,774.5481
node-016,2024-01-01 19:26:00,0.1221,22274903.2343,0.123,1.1859,90694.4192,5.977,5965828.5863,861.1848
node-017,2024-01-01 19:26:00,0.0892,24506664.3827,0.0,0.5337,115546.2447,7.1008,6526752.5363,839.9574
node-018,2024-01-01 19:26:00,0.1322,21566348.2162,0.3586,1.2741,149346.5766,11.9018,6025428.4268,822.9885
node-019,2024-01-01 19:26:00,0.2417,22674938.3772,0.0,0.2621,114580.4553,8.0026,6089388.3597,888.6359
node-020,2024-01-01 19:26:00,0.1911,21576935.8481,0.8906,1.1973,173874.1667,7.9959,5984370.3124,852.2727
node-021,2024-01-01 19:26:00,0.0,21607421.8353,0.0,1.0633,82162.759,9.9401,6256417.689,861.6996
node-022,2024-01-01 19:26:00,0.1271,21805183.8992,0.0,0.4124,79251.8065,10.0084,6215056.757,932.3023
node-023,2024-01-01 19:26:00,0.3963,21599068.814,0.0,1.1944,118635.1983,8.0047,6127747.9931,897.584
node-024,2024-01-01 19:26:00,0.1162,21637422.5432,0.1018,0.6044,118821.3796,4.8783,6001468.8631,855.286
node-025,2024-01-01 19:26:00,0.1004,23014201.3246,0.504,1.1078,119669.8628,6.9983,6318604.4538,835.7346
node-026,2024-01-01 19:26:00,0.0,22134182.2749,0.0,0.0843,116548.2754,2.9856,6370859.9147,780.1651
node-027,2024-01-01 19:26:00,2.2851,21601952.3319,0.0,0.6105,99993.8317,6.9875,6249088.6396,853.7612
node-028,2024-01-01 19:26:00,2.5951,22541903.0967,0.0,0.6035,100194.0751,8.0973,6186729.0642,841.6526
node-029,2024-01-01 19:26:00,0.1103,22213231.0559,0.0983,0.9788,148532.4122,5.1151,6310730.596,868.5156
node-030,2024-01-01 19:26:00,0.6142,22377531.9623,0.0,0.7722,131365.663,3.9564,6170091.8331,880.3286
node-031,2024-01-01 19:26:00,0.0934,28939368.8483,0.3996,0.0014,4497.5775,0.0004,86478.7175,11.0016
node-032,2024-01-01 19:26:00,0.1944,21198721.8374,0.0,0.886,128207.0073,6.0113,6572525.1791,906.3188
node-033,2024-01-01 19:26:00,0.2977,21029347.1272,0.7711,0.4826,120110.9365,8.9861,6297801.2662,862.1153
node-034,2024-01-01 19:26:00,0.4182,21195065.3045,0.0,0.2117,88118.0063,2.1798,6379244.5425,827.1076
node-035,2024-01-01 19:26:00,0.88,24237363.7078,0.266,0.4867,92448.8269,8.0672,6142957.584,827.0651
node-036,2024-01-01 19:26:00,0.2564,22074458.9124,0.3478,0.5928,117154.884,13.9595,6126006.2462,856.532
node-037,2024-01-01 19:26:00,0.6986,21093578.1137,0.0,0.9088,84519.4808,3.9548,5968583.7298,854.8178
node-038,2024-01-01 19:26:00,0.1054,22031538.0438,0.2526,0.6106,101404.9221,8.0003,6111174.3245,840.9687
node-039,2024-01-01 19:26:00,0.0977,22963382.3598,0.0,0.4725,105375.3429,8.1735,6394121.0825,920.4612
node-040,2024-01-01 19:26:00,0.0,22970454.0293,0.0,0.0981,127330.5855,4.0256,6210353.6198,740.8335
node-041,2024-01-01 19:26:00,0.1103,22862132.6086,0.7057,0.5149,81682.1843,9.0188,6049792.9047,840.3283
node-042,2024-01-01 19:26:00,0.0974,22915677.8642,0.0,0.3663,96849.5733,9.0565,6281573.2897,852.7822
node-043,2024-01-01 19:26:00,1.4045,22315004.1668,0.0,0.3958,114120.3602,8.9416,6436832.8855,832.2432
node-044,2024-01-01 19:26:00,0.5887,21501496.3402,0.3352,0.211,119661.5021,7.0416,6714224.5086,850.1816
node-045,2024-01-01 19:26:00,0.3833,22166145.8722,0.0,1.379,134214.8749,8.0946,5880445.1935,844.9257
node-046,2024-01-01 19:26:00,0.0994,20846569.2964,0.2269,0.5134,150314.3874,7.9837,6225118.0892,847.8324
node-047,2024-01-01 19:26:00,0.3926,20910909.4987,0.1978,0.3011,123332.6516,5.9591,6193911.3709,831.351
node-048,2024-01-01 19:26:00,0.0914,21476739.9207,0.3159,0.3952,99452.2838,7.0279,6300825.6336,846.2114
node-049,2024-01-01 19:26:00,0.0,20248229.6066,0.4836,0.0852,127190.2767,3.9824,6704729.7644,756.1112
node-050,2024-01-01 19:26:00,0.0,20623976.8397,0.7196,0.0913,129064.5907,1.9436,6104708.0796,747.9721
node-051,2024-01-01 19:26:00,0.4098,20611919.1987,0.0,1.265,155515.7935,8.971,6077821.9096,866.2002
node-052,2024-01-01 19:26:00,0.0997,21752887.5723,0.0,1.7234,133596.8675,7.0358,5963589.8977,839.4865
node-053,2024-01-01 19:26:00,0.3153,22249008.1465,0.8545,0.5824,103948.9266,8.9265,6456215.1798,890.9474
node-054,2024-01-01 19:26:00,0.1991,20892579.2597,0.0,0.7724,114855.8087,11.9994,6246652.176,867.5685
node-055,2024-01-01 19:26:00,0.1127,22461942.872,0.9676,0.5999,105385.458,7.8343,6224853.106,860.9602
node-056,2024-01-01 19:26:00,0.4965,21826078.6039,0.0,0.2166,132778.8814,5.9967,6323784.9627,862.0915
node-057,2024-01-01 19:26:00,1.7076,19949508.0012,0.0861,0.4093,119203.5979,5.8996,5944614.4138,853.1774
node-058,2024-01-01 19:26:00,0.0118,22304884.7216,0.0,1.022,103586.0708,9.0094,6089734.2974,822.9495
node-059,2024-01-01 19:26:00,0.6604,22350562.6841,0.0,0.9106,102711.8117,5.1114,6115567.2636,881.4091
node-060,2024-01-01 19:26:00,0.8127,21420647.9001,0.0,0.594,133245.6483,8.8458,6169966.0584,834.3055
node-061,2024-01-01 19:26:00,0.3768,21244781.4539,0.0,0.4755,77332.478,11.0883,6292762.3362,839.4975
node-062,2024-01-01 19:26:00,0.1907,22249474.3417,0.0,1.3957,95559.4766,8.0112,6250741.709,845.5252
node-063,2024-01-01 19:26:00,0.2454,21246547.877,0.0,0.8005,94570.818,6.9376,6143522.5968,845.8218
node-064,2024-01-01 19:26:00,0.0944,20552050.6171,0.5744,0.3961,112824.0485,6.9116,6018378.6382,839.6784
node-065,2024-01-01 19:26:00,0.1029,22054244.2223,0.0,1.0526,121354.2933,5.0532,6006401.8125,847.9066
node-066,2024-01-01 19:26:00,0.1042,22151237.8482,0.0,0.71,106602.435,9.0173,6123845.3487,831.7383
node-067,2024-01-01 19:26:00,0.079,20763828.3975,0.2347,0.4927,130141.4504,8.0297,5919893.4206,839.666
node-068,2024-01-01 19:26:00,0.1063,23362785.6229,0.3654,6.7857,99869.6494,7.1372,6011416.4559,850.7024
node-069,2024-01-01 19:26:00,0.1187,9601859.6739,13.5233,0.7166,122274.8625,6.1037,6175624.6712,863.1229
node-070,2024-01-01 19:26:00,0.6997,21683379.0773,0.0,0.6871,96968.415,6.1012,6085459.0386,836.1194
node-071,2024-01-01 19:26:00,0.2917,20975882.5713,0.0,0.8973,133981.4003,10.0858,6166191.4194,822.0696
node-072,2024-01-01 19:26:00,0.0,118072032.3023,0.0,0.0948,86045.7606,3.1107,6037733.3615,774.1668
node-073,2024-01-01 19:26:00,0.2556,20685432.2501,0.0,0.6351,84353.3092,5.9985,6192398.7776,831.4284
node-074,2024-01-01 19:26:00,0.4325,21509341.475,0.8134,0.5044,125538.1127,7.1263,6242920.1055,895.3405
node-075,2024-01-01 19:26:00,0.0037,22856754.1872,0.2261,0.5103,107439.743,7.0572,6200146.1949,835.865
node-076,2024-01-01 19:26:00,0.0,22968882.5145,0.0,0.0966,56914.3207,0.9833,6521744.1966,740.8661
node-077,2024-01-01 19:26:00,0.4796,21935190.6334,0.7806,0.8097,100053.9908,12.9369,6175004.2835,860.8864
node-078,2024-01-01 19:26:00,0.1157,22859144.0862,1.3332,0.7206,117335.7459,7.2501,6241162.3608,839.7429
node-079,2024-01-01 19:26:00,1.6087,22282056.9359,0.3002,0.6831,97745.1729,7.023,6277490.7161,854.2484
node-080,2024-01-01 19:26:00,0.1114,21490811.7008,1.26,0.7368,126240.9882,7.0567,6153323.6149,827.3754
node-081,2024-01-01 19:26:00,0.1294,21540258.5612,0.0,0.6066,121744.9261,6.9942,5978619.5475,829.4979
node-082,2024-01-01 19:26:00,0.0,20534336.7756,0.0,0.1863,130191.1146,3.0188,6037914.8595,763.1747
node-083,2024-01-01 19:26:00,0.6741,21435599.5404,0.4185,1.3328,110344.4791,8.7933,6226734.8233,834.9836
node-084,2024-01-01 19:26:00,0.1492,21901512.9909,0.0645,1.3944,131439.4761,16.9515,6257041.1932,843.16
node-085,2024-01-01 19:26:00,0.0946,22768194.0853,0.9415,0.3116,111842.3305,12.1857,6224462.5197,876.3534
node-086,2024-01-01 19:26:00,0.284,22237697.3453,0.4606,0.5797,96670.9697,5.9474,6408176.2116,820.8157
node-087,2024-01-01 19:26:00,0.0994,22269441.1608,0.3393,0.5087,155268.76,5.9931,6252937.3122,825.7348
node-088,2024-01-01 19:26:00,0.2903,21322345.3243,0.0,0.3956,140808.3916,6.0586,6374959.3366,903.2724
node-089,2024-01-01 19:26:00,0.1001,21578258.0381,1.1767,1.8223,89893.7125,6.1017,5982990.2779,831.8595
node-090,2024-01-01 19:26:00,0.1174,22404448.3707,0.0,0.4984,162567.8593,6.9869,6326823.0435,842.3517
node-091,2024-01-01 19:26:00,0.1091,21300360.7932,0.8135,1.358,120340.2297,8.0363,6328746.7865,863.1298
node-092,2024-01-01 19:26:00,0.7824,22082234.659,0.0,1.209,139101.0762,7.958,6052873.8183,821.1272
node-093,2024-01-01 19:26:00,0.0,22729419.1181,0.3527,0.3777,139884.3905,3.0231,6151833.1366,842.8159
node-094,2024-01-01 19:26:00,0.0905,22650904.2097,0.0547,0.9004,112316.8546,7.0623,6171117.7094,838.6765
node-095,2024-01-01 19:26:00,0.1149,21442767.0374,0.3251,0.7602,133771.5946,6.0724,6209548.5318,834.1699
node-096,2024-01-01 19:26:00,0.0972,22365844.0588,0.5401,1.0989,62800.3792,10.7315,6225876.2869,816.7723
node-097,2024-01-01 19:26:00,0.1334,22175335.092,0.6226,0.1756,96577.35,6.8666,6185098.6421,867.1302
node-098,2024-01-01 19:26:00,0.0951,21406100.9871,0.0,0.6904,92760.4236,9.1315,6252399.1062,837.2375
node-099,2024-01-01 19:26:00,0.0747,21088721.6328,0.0,0.59,123283.7955,8.8021,6426084.8022,830.2266
node-100,2024-01-01 19:26:00,0.1057,21656758.4701,0.5654,0.5136,153933.3518,3.0643,6432404.9106,909.1034
node-101,2024-01-01 19:26:00,0.0958,19862292.0702,0.0,0.2069,88276.1355,2.9117,6563039.0472,804.0947
node-102,2024-01-01 19:26:00,0.1088,22191494.6374,0.7884,0.3945,104005.9149,5.1917,6166462.6699,855.3997
node-103,2024-01-01 19:26:00,0.0881,20898571.4933,0.2445,0.5079,85367.7224,6.9186,6121597.4013,851.9736
node-104,2024-01-01 19:26:00,0.6998,22183767.2156,0.0,1.1696,108002.9929,5.0537,6006701.4005,846.5095
node-105,2024-01-01 19:26:00,2.1035,22078383.4884,0.2422,0.5966,159954.383,7.0196,6000128.799,855.4382
node-106,2024-01-01 19:26:00,0.0247,21414575.0321,0.0,0.1836,123541.2261,2.9362,6277817.9403,825.753
node-107,2024-01-01 19:26:00,0.3981,20197902.2951,0.0,0.495,87933.4587,6.9552,6020945.9916,831.3634
node-108,2024-01-01 19:26:00,0.1005,22299362.5332,1.7635,1.2074,130958.2839,6.9435,5957902.463,833.2293
node-109,2024-01-01 19:26:00,0.4643,21651500.0739,0.0,1.2952,115137.3795,7.0459,5901707.1083,837.7352
node-110,2024-01-01 19:26:00,0.2062,21124467.627,0.2112,3.0096,108179.6185,8.9325,6524066.5721,929.0764
node-111,2024-01-01 19:26:00,0.0869,22124728.7062,0.2893,0.594,102063.8576,6.9378,6180842.2557,829.4984
node-112,2024-01-01 19:26:00,0.799,20466718.3756,0.0,0.8889,122558.2114,3.0027,6200829.2249,861.014
node-113,2024-01-01 19:26:00,0.1132,22172286.9842,0.0,0.3949,105968.1261,9.0054,6184814.1993,836.686
node-114,2024-01-01 19:26:00,0.8741,21181199.346,0.0,0.4003,116379.6817,6.9058,5947531.5506,834.9663
node-115,2024-01-01 19:26:00,0.1998,20691881.8588,0.0,1.1007,82300.881,9.0174,6025445.4335,847.8665
node-116,2024-01-01 19:26:00,0.0817,21111303.5951,0.0,1.1008,75931.2856,10.0308,6088863.8807,833.9679
node-117,2024-01-01 19:26:00,0.0974,10061227.1755,0.7863,1.6735,130931.7152,10.9126,5980418.3319,859.0698
node-118,2024-01-01 19:26:00,0.7821,21875806.373,0.0,0.5916,129051.6654,8.0927,6005730.2871,869.1578
node-119,2024-01-01 19:26:00,2.2124,22727804.6552,0.0,0.5965,124956.8197,8.9641,6318481.998,808.5419
node-000,2024-01-01 19:27:00,0.1854,21414096.2166,0.0,0.6362,160634.135,10.0451,6305137.1099,898.3817
node-001,2024-01-01 19:27:00,0.2508,21170212.8894,0.7695,0.6131,127884.3567,4.9425,6071026.9387,877.3562
node-002,2024-01-01 19:27:00,0.0932,10129400.3054,0.2835,0.8079,70992.8159,7.9773,6021456.2556,911.1651
node-003,2024-01-01 19:27:00,1.1385,21976801.8214,0.049,0.5932,138954.4282,6.1252,6342646.961,913.9124
node-004,2024-01-01 19:27:00,0.0995,20980603.4862,0.0,0.5133,102392.3545,8.1593,6480943.4556,878.2084
node-005,2024-01-01 19:27:00,0.2295,8897133.1187,0.7883,0.4741,111125.8678,7.0995,6201382.9588,873.3933
node-006,2024-01-01 19:27:00,0.0103,21392113.4255,0.0,0.0964,111129.1302,2.9453,6138721.9043,798.1822
node-007,2024-01-01 19:27:00,0.1077,21414307.5582,0.4227,0.3681,165430.8853,4.8148,6268047.0347,869.6501
node-008,2024-01-01 19:27:00,0.0935,20616102.1059,0.0298,0.6175,122349.0193,8.9635,6228890.7743,885.0853
node-009,2024-01-01 19:27:00,0.0668,21357343.9749,0.474,0.8569,146664.5189,6.9455,6379944.9803,897.7147
node-010,2024-01-01 19:27:00,1.6936,21040434.8265,0.0993,1.024,136578.4927,6.9949,6181530.3896,902.651
node-011,2024-01-01 19:27:00,0.3703,20377443.4802,0.5222,0.685,91842.5536,9.0901,6155595.6252,851.5862
node-012,2024-01-01 19:27:00,0.5073,20840708.0038,0.0,0.4082,126695.2168,6.948,6120165.1306,869.9505
node-013,2024-01-01 19:27:00,0.0661,21167032.196,0.0,0.5328,140427.2231,0.0,0.0,892.5925
node-014,2024-01-01 19:27:00,0.2781,22333242.1596,0.0,0.4469,100996.7264,9.9923,6173786.0506,873.1458
node-015,2024-01-01 19:27:00,0.0,20913748.0832,0.0,0.0996,86030.0836,2.0899,5713903.1251,765.0619
node-016,2024-01-01 19:27:00,0.1207,21154553.4607,1.4159,1.1909,122343.568,4.1434,6500619.7437,898.8564
node-017,2024-01-01 19:27:00,0.3037,23898984.1041,0.5347,0.3931,125868.1925,6.9648,6164056.5033,892.1773
node-018,2024-01-01 19:27:00,0.3602,21210430.8348,0.3216,5.7176,133683.1712,8.9898,6247506.5416,885.024
node-019,2024-01-01 19:27:00,0.2075,21729888.4958,0.1561,0.5576,97368.193,9.0262,6381969.8245,875.1053
node-020,2024-01-01 19:27:00,0.1034,20717790.7897,0.756,0.63,130543.7673,7.9875,6237655.4076,885.9448
node-021,2024-01-01 19:27:00,0.1656,20971509.9299,0.0,0.8569,131203.1956,7.0496,6119940.4219,911.0264
node-022,2024-01-01 19:27:00,0.3676,20973879.2955,0.0,0.2094,119408.2683,6.0067,6226853.5354,887.4763
node-023,2024-01-01 19:27:00,0.2078,21174179.4353,0.0,0.4108,112437.0673,6.9814,6362305.5755,863.8372
node-024,2024-01-01 19:27:00,0.0869,21377159.1463,0.0,0.6124,105228.3263,12.9664,6262986.7215,891.2017
node-025,2024-01-01 19:27:00,0.1161,22618340.2938,0.0,0.4239,139493.3492,6.9237,6229592.0434,864.7364
node-026,2024-01-01 19:27:00,0.009,21535605.0106,0.1073,0.0979,102950.8929,2.9744,6315633.336,817.0048
node-027,2024-01-01 19:27:00,2.3154,20818301.3829,0.7638,0.4251,136618.371,6.5684,6262843.8657,857.1234
node-028,2024-01-01 19:27:00,0.3544,22315984.1597,0.2559,0.2055,85123.0037,7.97,6485211.9195,875.3682
node-029,2024-01-01 19:27:00,1.8584,21198729.8948,0.0,0.3452,95427.9362,8.9976,6224278.8081,885.0829
node-030,2024-01-01 19:27:00,0.2978,22102292.2468,0.0,0.5965,111917.7611,3.9074,6185397.1613,889.9849
node-031,2024-01-01 19:27:00,0.0945,28940634.115,0.415,0.0,781.3147,0.0209,0.0,0.0
node-032,2024-01-01 19:27:00,0.2592,20955685.9014,0.1211,0.5944,121647.0906,9.9989,6318854.0175,899.5147
node-033,2024-01-01 19:27:00,0.097,20658507.2688,0.3265,0.5706,129428.1726,13.0097,6192272.0414,889.3762
node-034,2024-01-01 19:27:00,0.0148,20790410.1487,0.0,0.0961,137534.2862,2.9248,6198983.0616,806.5559
node-035,2024-01-01 19:27:00,0.0791,23487738.3936,0.0712,0.613,136217.8676,6.1095,6174242.4003,880.7986
node-036,2024-01-01 19:27:00,1.6609,21464952.0997,0.1689,0.6965,104821.9992,5.9919,7701020.0,716.6357
node-037,2024-01-01 19:27:00,0.0,20328878.4558,0.0,0.4467,119343.9414,9.9304,6192365.7806,870.4725
node-038,2024-01-01 19:27:00,0.2897,20847324.8383,0.5765,0.2648,97080.8838,8.9742,6194172.2492,883.9975
node-039,2024-01-01 19:27:00,0.2519,22380524.1009,0.8461,0.3742,91708.9255,8.0314,6286848.8791,876.5882
node-040,2024-01-01 19:27:00,0.035,22720872.7151,0.0,0.0994,149698.3968,4.0261,6353480.6372,801.504
node-041,2024-01-01 19:27:00,0.1222,22005233.7087,0.0,0.5281,125277.788,6.3482,6267391.8577,912.4781
node-042,2024-01-01 19:27:00,0.2597,22118527.4467,0.0,0.4276,96374.6352,8.0227,6102705.1024,892.5974
node-043,2024-01-01 19:27:00,0.306,21890763.4643,0.0,0.6009,127246.5836,8.0307,6138040.705,873.7352
node-044,2024-01-01 19:27:00,1.8466,20792890.2757,0.0,0.5924,144016.2027,9.9442,6284888.9011,866.921
node-045,2024-01-01 19:27:00,0.2001,21548597.3392,0.0,0.486,113328.0532,0.0,6606692.874,877.2128
node-046,2024-01-01 19:27:00,0.0901,20642519.6306,0.8271,0.2897,115029.2333,2.0874,6135470.2005,897.5276
node-047,2024-01-01 19:27:00,0.4647,20655199.6875,1.0732,0.2975,84523.7461,6.0111,6029582.6111,898.7472
node-048,2024-01-01 19:27:00,1.201,21234731.0726,0.0,0.367,125705.8555,6.1056,6114717.64,875.9441
node-049,2024-01-01 19:27:00,0.096,19476423.077,0.5851,0.1064,95070.8492,5.94,6147083.0762,790.4472
node-050,2024-01-01 19:27:00,0.0,20208960.7637,0.0,0.1081,123259.0564,3.0194,6410449.411,807.3852
node-051,2024-01-01 19:27:00,0.0241,20699670.2645,0.064,1.0309,133786.525,8.9212,6113316.1959,906.8483
node-052,2024-01-01 19:27:00,0.0967,21063118.1351,0.0,0.65,159699.8952,7.6871,6332965.0333,892.3992
node-053,2024-01-01 19:27:00,0.3013,21711284.5641,0.3444,0.5822,113282.8883,9.0401,6115171.7115,881.2265
node-054,2024-01-01 19:27:00,0.2479,20424282.1414,0.0,0.6724,124430.3808,11.9685,6219077.9207,883.5873
node-055,2024-01-01 19:27:00,0.0808,21505551.6548,0.0719,0.5919,138317.2379,6.9549,6155983.8667,873.8135
node-056,2024-01-01 19:27:00,0.153,21176592.5552,0.5328,0.4022,126501.9512,6.0838,6297681.8792,894.2103
node-057,2024-01-01 19:27:00,0.0025,19391655.1083,0.0,0.737,127307.7387,8.0817,6130724.4213,881.2754
node-058,2024-01-01 19:27:00,0.0869,21533212.5855,0.0,0.6829,145004.6415,0.0008,6420761.1327,862.8693
node-059,2024-01-01 19:27:00,0.0944,21390835.0521,0.0,0.9098,124390.3723,7.0972,6189184.4787,909.4516
node-060,2024-01-01 19:27:00,0.2954,20822248.8363,1.0242,0.6022,99002.6597,9.0603,6195342.325,885.9297
node-061,2024-01-01 19:27:00,0.6285,21292897.617,0.9595,0.749,155452.1715,7.8915,6224258.1962,899.4136
node-062,2024-01-01 19:27:00,0.1866,21758660.3985,0.0,1.3846,134711.5131,6.9378,6181262.9546,908.2362
node-063,2024-01-01 19:27:00,0.1169,21177005.0577,0.5538,0.5981,118518.1318,11.0595,6297987.2721,869.4208
node-064,2024-01-01 19:27:00,0.1249,20453979.9007,1.4165,0.4549,128092.9481,7.9595,6209751.1778,889.8464
node-065,2024-01-01 19:27:00,0.0937,21325732.6348,0.6253,0.8248,125083.0293,9.9525,6433834.278,888.4217
node-066,2024-01-01 19:27:00,0.1117,22012190.3952,0.0,0.7398,99733.1417,8.0466,6174721.4057,861.0037
node-067,2024-01-01 19:27:00,1.8259,20319107.6217,0.2683,0.5417,80971.1933,7.8964,6232483.5115,876.4387
node-068,2024-01-01 19:27:00,0.2195,22136294.7263,1.2407,1.7082,112389.0265,7.9038,6442086.1194,878.6232
node-069,2024-01-01 19:27:00,0.2089,9758346.0201,13.7027,0.6598,147921.6081,6.6689,6297864.1763,925.4319
node-070,2024-01-01 19:27:00,0.7162,21661919.8604,0.0,0.7189,135704.7122,7.0474,6553437.3328,880.9825
node-071,2024-01-01 19:27:00,0.1944,20256370.8291,0.132,0.4062,96155.6218,7.9421,6136764.7231,868.1659
node-072,2024-01-01 19:27:00,0.4112,117794810.6134,0.0,0.0,474447.38,2.9368,6220907.2313,788.7668
node-073,2024-01-01 19:27:00,0.4184,20336051.7081,0.5439,0.4463,133809.9208,15.9849,6071315.2178,888.5987
node-074,2024-01-01 19:27:00,0.2848,21119457.7695,0.0,0.7058,156313.4209,6.9649,6257462.6631,866.5092
node-075,2024-01-01 19:27:00,0.1069,22876769.2558,0.0,0.488,102248.0569,8.0559,6254988.7048,888.7025
node-076,2024-01-01 19:27:00,0.0,22237475.3041,1.2353,0.1298,119177.4699,5.0251,6289021.0037,791.1015
node-077,2024-01-01 19:27:00,0.5023,21331964.4479,0.9592,1.0122,150856.6061,8.0317,6460665.7886,909.0852
node-078,2024-01-01 19:27:00,0.1142,22063727.0501,0.5626,0.7118,114166.9775,9.0471,5877780.0657,888.1673
node-079,2024-01-01 19:27:00,0.0987,21919168.6362,0.0,0.5207,118578.7724,9.8973,6178414.6731,867.9365
node-080,2024-01-01 19:27:00,0.894,20432443.8636,0.1517,0.3466,125058.5768,15.1548,6114095.6934,888.012
node-081,2024-01-01 19:27:00,0.1951,20522379.7294,0.8185,5.245,188631.5567,3.9822,6177141.4703,887.3554
node-082,2024-01-01 19:27:00,0.5867,19437347.9766,0.2869,0.1111,88545.1145,2.9017,6861324.3022,792.6832
node-083,2024-01-01 19:27:00,0.6905,21839622.4331,0.8401,0.6805,118957.0223,9.0597,6022775.3254,902.1615
node-084,2024-01-01 19:27:00,0.0956,21585861.4664,0.7317,0.7842,87175.8128,8.015,6081306.7937,896.4588
node-085,2024-01-01 19:27:00,0.5985,22000721.8832,0.0,0.261,94135.7062,3.0358,6340510.7814,894.7338
node-086,2024-01-01 19:27:00,0.2205,21888383.2676,0.0,0.3865,124749.9316,8.0529,6110421.0786,862.5172
node-087,2024-01-01 19:27:00,0.3894,21675696.7002,1.1126,0.2898,125707.9285,5.825,6205723.1973,891.3079
node-088,2024-01-01 19:27:00,0.0787,20682279.8497,0.7356,0.4263,99860.7361,8.0951,6253523.3145,905.866
node-089,2024-01-01 19:27:00,1.2969,21111624.8639,0.0,0.9104,119124.2958,9.95,6212248.5367,896.8162
node-090,2024-01-01 19:27:00,0.1035,22464817.0102,0.0,0.6904,106303.305,7.0095,6179379.5219,881.2813
node-091,2024-01-01 19:27:00,1.2031,21198259.3019,0.0,0.2921,105690.6276,6.898,6280820.2623,871.3737
node-092,2024-01-01 19:27:00,0.1836,21854728.6418,0.0,0.611,74336.24,6.9519,6167602.9553,884.5092
node-093,2024-01-01 19:27:00,0.0898,22605700.0585,0.6835,0.343,71141.2903,8.0174,6193352.5675,880.0073
node-094,2024-01-01 19:27:00,0.1082,21883726.0377,0.0,0.6055,131482.8423,7.0522,6225649.8645,882.7633
node-095,2024-01-01 19:27:00,0.0797,20623433.6977,1.1529,0.424,116288.2634,5.9792,6191643.9141,892.5038
node-096,2024-01-01 19:27:00,0.4521,21528458.7208,0.1054,0.5853,135058.8881,10.4499,6195963.7633,864.4115
node-097,2024-01-01 19:27:00,0.0998,21564311.2257,0.0,0.7945,120044.0749,6.9211,6202163.794,880.118
node-098,2024-01-01 19:27:00,0.1018,20907645.825,0.0,0.6672,147147.082,15.961,6267623.3345,884.6668
node-099,2024-01-01 19:27:00,0.4026,20782894.7293,0.1448,0.4895,96942.0398,7.0807,6076044.8898,855.0121
node-100,2024-01-01 19:27:00,0.0961,21045301.9907,1.2814,0.5084,116781.777,8.9999,6224319.6368,907.7468
node-101,2024-01-01 19:27:00,0.8306,19535214.9226,0.9784,0.0736,137233.6954,2.983,6093999.2547,803.9721
node-102,2024-01-01 19:27:00,0.4959,21079811.6582,0.2345,0.6214,125559.5623,5.0912,6252626.9935,913.5295
node-103,2024-01-01 19:27:00,0.0968,20208726.9845,0.0,0.5002,119360.9423,7.007,7306676.9156,822.9297
node-104,2024-01-01 19:27:00,0.1184,21637407.5534,0.0,0.4569,124499.9845,5.2243,6347711.1203,892.6322
node-105,2024-01-01 19:27:00,0.0687,21722706.9056,0.0,0.7859,149477.0352,9.0181,6234380.8916,913.9342
node-106,2024-01-01 19:27:00,0.0539,20704039.0428,0.0,0.1063,74552.2098,7.9681,6289523.1249,838.9146
node-107,2024-01-01 19:27:00,0.3634,20419759.9275,0.0911,0.5494,129858.9436,7.9825,6196173.2767,885.7913
node-108,2024-01-01 19:27:00,0.2391,22486159.4974,0.0,0.4492,135755.5478,7.9296,6159307.1295,879.6047
node-109,2024-01-01 19:27:00,0.1034,21473972.0896,0.0,0.5855,158445.078,4.1212,6293217.6701,888.1081
node-110,2024-01-01 19:27:00,2.3102,20633261.2392,0.0,0.3061,120345.4161,17.9113,6259140.1054,877.0437
node-111,2024-01-01 19:27:00,0.0923,21913959.2713,0.448,0.5966,133793.1936,8.9498,6186155.9392,872.8226
node-112,2024-01-01 19:27:00,0.7844,20435901.5201,0.0,0.883,131215.3703,6.8784,6108441.6377,853.974
node-113,2024-01-01 19:27:00,0.0043,21284280.6122,0.0,0.7056,113805.0243,5.8972,6151232.2713,874.4362
node-114,2024-01-01 19:27:00,0.1992,21017111.5917,0.0517,1.3048,162080.0199,6.9367,6218334.7454,892.1899
node-115,2024-01-01 19:27:00,0.2046,20106939.9945,0.0,0.5112,110597.6726,8.0706,6081737.864,863.3415
node-116,2024-01-01 19:27:00,1.0454,19908348.5269,1.7279,0.6877,110276.396,10.0291,6284288.0344,872.0076
node-117,2024-01-01 19:27:00,0.0822,10542291.6379,0.0,1.6911,106336.79,11.0458,6247927.0854,889.1288
node-118,2024-01-01 19:27:00,0.1841,20800602.6545,0.1478,2.922,74763.0971,0.0416,6020125.355,858.5556
node-119,2024-01-01 19:27:00,0.4974,21852347.2252,0.0,0.445,143013.7047,5.996,6374780.3064,867.3208
node-000,2024-01-01 19:28:00,3.4997,20689386.6986,0.0867,0.4021,158173.927,9.1475,6274571.2529,931.1008
node-001,2024-01-01 19:28:00,0.1149,20513693.4346,0.3936,0.5192,119772.9487,5.0449,6114794.1502,891.4997
node-002,2024-01-01 19:28:00,0.2931,9858253.8093,1.1801,0.7777,135968.0047,8.1866,6205228.5941,908.408
node-003,2024-01-01 19:28:00,0.8909,21429609.7294,0.0,0.3829,99704.061,7.0566,6186353.8451,933.3728
node-004,2024-01-01 19:28:00,0.3797,20383034.3427,0.0,0.6185,91843.1758,8.984,6244313.1905,901.7385
node-005,2024-01-01 19:28:00,0.4102,9243560.9923,0.0772,0.6056,137511.0768,6.891,6250236.1401,909.9226
node-006,2024-01-01 19:28:00,0.2079,21025755.3852,0.8758,0.1012,133330.9583,2.9873,6170137.3698,843.2844
node-007,2024-01-01 19:28:00,0.1274,20486139.6477,0.0,0.4287,156572.1614,0.0513,6161167.625,887.2344
node-008,2024-01-01 19:28:00,0.3272,19932784.5303,0.0,0.4317,180469.3074,7.1523,6123355.8944,904.3377
node-009,2024-01-01 19:28:00,0.1021,21214800.9527,0.0,0.4305,96693.1751,11.0554,6233148.6887,945.0901
node-010,2024-01-01 19:28:00,0.6839,20402003.2306,1.2195,0.9983,120188.6011,8.7989,6301325.1018,935.7749
node-011,2024-01-01 19:28:00,0.1137,19921633.2735,0.0,0.4142,91954.4,7.9045,6217876.4094,893.0933
node-012,2024-01-01 19:28:00,0.5133,19465975.8673,1.0908,0.4051,132553.7706,6.9641,6184587.9701,896.1568
node-013,2024-01-01 19:28:00,0.0231,20638784.3574,0.0,0.658,125388.0068,0.0,50934.9219,942.5407
node-014,2024-01-01 19:28:00,1.448,21648580.7368,0.0,0.4996,113116.7271,8.814,6285650.4792,918.6507
node-015,2024-01-01 19:28:00,0.0076,21095464.3295,0.0,0.0372,105586.7229,3.0688,6135351.9616,856.241
node-016,2024-01-01 19:28:00,0.0947,21305969.5173,0.0,1.2051,125603.8856,4.5314,6207328.1902,914.1956
node-017,2024-01-01 19:28:00,0.1928,23010231.7563,0.286,0.3006,123131.0723,6.7225,6193281.4692,953.005
node-018,2024-01-01 19:28:00,0.081,20062477.7226,0.1332,6.5053,134837.1415,9.0012,6258183.3104,949.0084
node-019,2024-01-01 19:28:00,0.6174,21461404.0802,0.0312,0.682,129044.2455,9.0748,6171722.3754,894.7915
node-020,2024-01-01 19:28:00,0.0827,20210873.5987,0.6163,0.5159,160304.4365,8.548,6293684.1844,941.6354
node-021,2024-01-01 19:28:00,0.1825,21119397.682,0.0,1.1044,108732.4605,7.0335,6289475.1362,930.2983
node-022,2024-01-01 19:28:00,0.0741,20532751.8327,0.1587,0.5379,115163.957,8.0072,6178273.3312,931.4923
node-023,2024-01-01 19:28:00,0.0857,20643625.6228,0.0,0.483,112002.1115,1.037,6275917.1457,928.9018
node-024,2024-01-01 19:28:00,0.1291,20478268.1061,0.0,0.5877,106506.8716,19.8829,6349509.5573,942.7984
node-025,2024-01-01 19:28:00,0.1249,21472766.6341,0.1548,0.3551,109460.8179,12.9954,6237722.9747,913.4551
node-026,2024-01-01 19:28:00,0.0191,20873330.3339,0.0,0.1028,84932.1529,3.083,6163454.6064,831.6382
node-027,2024-01-01 19:28:00,0.1173,20681803.403,0.0,0.6963,108967.2036,0.0,5951164.3561,956.0464
node-028,2024-01-01 19:28:00,0.0811,21640634.432,0.0,0.6171,125938.9656,7.014,6189529.3972,931.9439
node-029,2024-01-01 19:28:00,0.6249,21064432.6279,0.214,0.4525,131489.4501,4.9894,6118025.6733,895.4003
node-030,2024-01-01 19:28:00,1.0644,20856639.2678,0.0,0.5324,113785.8005,10.1355,6198819.4798,941.8852
node-031,2024-01-01 19:28:00,0.0198,29155474.8899,0.0,0.5895,9212.9601,0.0,63041.3029,0.0
node-032,2024-01-01 19:28:00,0.0,20263142.6623,0.0,0.5898,78303.5099,8.1811,6123178.2584,922.8673
node-033,2024-01-01 19:28:00,0.7079,20051255.1736,0.8913,0.2822,112859.9008,10.098,6263377.546,922.9366
node-034,2024-01-01 19:28:00,0.7824,20330349.9295,0.0,0.0968,66917.579,4.0166,6144879.7262,845.5165
node-035,2024-01-01 19:28:00,0.3118,22480473.3214,0.978,0.4373,128225.6162,6.9171,6229401.1836,912.02
node-036,2024-01-01 19:28:00,1.2315,21417071.4554,0.0,0.4632,120663.6962,17.9948,6216223.1962,1071.4615
node-037,2024-01-01 19:28:00,0.2089,20142768.8833,0.1397,0.3837,120597.0874,10.1116,6205665.5107,908.6339
node-038,2024-01-01 19:28:00,0.6881,20460799.4082,0.0,0.389,131458.4129,9.1497,6136803.4241,926.9821
node-039,2024-01-01 19:28:00,0.2059,21253530.158,0.0545,0.3609,128249.0588,11.0408,6214986.3039,918.031
node-040,2024-01-01 19:28:00,0.0,21941968.7432,0.0,0.0823,143713.6065,3.9078,6234822.1695,866.6527
node-041,2024-01-01 19:28:00,0.1137,21332848.664,0.5144,0.6063,133788.9223,6.9124,6183181.6432,912.5735
node-042,2024-01-01 19:28:00,0.1422,21410149.9752,0.0,0.695,114171.2823,14.0553,6407582.8489,938.6797
node-043,2024-01-01 19:28:00,0.9951,21748272.11,0.0,0.5877,128158.3977,8.0762,6115237.254,925.621
node-044,2024-01-01 19:28:00,0.2209,20715260.7483,0.0,0.5091,81493.7134,8.0551,6072892.1282,909.1825
node-045,2024-01-01 19:28:00,0.5304,20750485.9891,0.0,0.5472,123981.667,0.0084,6204593.7286,929.1816
node-046,2024-01-01 19:28:00,0.5164,19930767.3263,0.0,0.3807,125584.2517,8.9812,6082301.7144,923.2224
node-047,2024-01-01 19:28:00,1.7898,20219320.0848,0.1806,0.5884,135009.218,9.9912,6198763.2996,920.6487
node-048,2024-01-01 19:28:00,0.0016,20902764.245,0.3109,0.214,105097.4458,15.9467,6272594.5978,946.4063
node-049,2024-01-01 19:28:00,0.2686,19030630.7274,0.5077,0.1222,132617.3138,5.6042,6205982.5168,838.85
node-050,2024-01-01 19:28:00,0.0,19907116.7305,0.3134,0.0957,105099.4156,2.7817,6107527.4848,862.5
node-051,2024-01-01 19:28:00,5.3092,19558353.4289,0.0,0.9952,135888.3858,11.6821,6164688.2341,895.8481
node-052,2024-01-01 19:28:00,0.0,20765232.1302,0.0,0.3918,120205.6059,11.9502,6261801.1365,905.7916
node-053,2024-01-01 19:28:00,0.5654,21205363.8746,0.0557,0.5413,88237.7511,3.9936,6189184.7963,901.1429
node-054,2024-01-01 19:28:00,6.1118,19272289.9075,0.0,0.4994,110552.5648,10.7999,6242619.3672,932.8089
node-055,2024-01-01 19:28:00,0.0969,21797986.8321,0.0,0.2769,128334.989,7.0782,6262874.5667,910.8775
node-056,2024-01-01 19:28:00,0.0968,21331651.8243,0.0,0.2666,128530.4879,7.027,6246004.0064,950.9234
node-057,2024-01-01 19:28:00,1.2052,18829513.1402,0.0,0.7181,84672.371,6.21,6153497.2142,917.7415
node-058,2024-01-01 19:28:00,0.1117,21762797.0567,0.2781,0.6917,155946.4478,3.2033,6190898.723,898.8584
node-059,2024-01-01 19:28:00,1.5999,21108209.2413,0.6971,0.6258,80914.7633,8.928,6253661.0186,936.0734
node-060,2024-01-01 19:28:00,1.0045,20397654.9303,0.1646,0.3979,139329.5376,9.9052,6138086.752,912.5545
node-061,2024-01-01 19:28:00,3.8292,20223224.961,0.6316,0.857,110184.2755,0.1492,6385182.6954,924.6675
node-062,2024-01-01 19:28:00,0.1898,21580604.714,0.2729,1.0289,72932.3458,13.0147,6431977.8758,912.4152
node-063,2024-01-01 19:28:00,0.0999,20207313.2638,0.3365,0.4982,134047.0336,9.0919,6283089.5695,888.5733
node-064,2024-01-01 19:28:00,0.1171,19807482.6863,0.0,0.7838,122071.1962,10.9165,6372155.4029,951.8043
node-065,2024-01-01 19:28:00,0.1082,21032178.2385,0.0,1.004,131356.4961,10.0023,6216592.9757,914.4299
node-066,2024-01-01 19:28:00,0.0977,21704377.0995,0.0,0.6939,128891.5667,8.5726,6290412.0606,913.7586
node-067,2024-01-01 19:28:00,6.1534,19786906.1299,0.0,0.4709,114754.9449,6.1753,6248280.2508,940.5536
node-068,2024-01-01 19:28:00,0.4842,21250683.4051,0.0683,0.453,86409.443,8.0759,6190165.56,926.6018
node-069,2024-01-01 19:28:00,3.2794,10283642.6212,13.7377,0.7259,116789.0969,10.9228,6263853.7022,931.4282
node-070,2024-01-01 19:28:00,0.2591,20885431.7333,1.0427,0.536,105350.6549,7.5898,6103188.6166,848.9856
node-071,2024-01-01 19:28:00,0.2168,20240412.1252,0.01,0.4461,130791.2244,6.9364,6071122.9022,910.5523
node-072,2024-01-01 19:28:00,0.1714,116990982.2888,0.2211,0.0916,126214.128,2.0116,6412616.056,811.2204
node-073,2024-01-01 19:28:00,1.078,20083479.3328,0.1002,0.391,135292.9216,15.9649,6118327.391,925.9126
node-074,2024-01-01 19:28:00,0.0,20595528.8456,0.0,0.3943,158010.8784,6.0044,6255531.2835,950.1238
node-075,2024-01-01 19:28:00,0.192,22178630.3192,0.0,0.2966,104408.2675,4.8899,6165458.1809,918.2452
node-076,2024-01-01 19:28:00,0.0,22122754.0087,0.0,0.1192,126916.2397,5.0605,6306548.7866,859.7167
node-077,2024-01-01 19:28:00,0.6606,20603675.3746,0.4038,0.9855,103686.1717,11.0084,6133147.884,892.7493
node-078,2024-01-01 19:28:00,0.1291,21576339.8141,0.3454,0.3732,129217.6281,8.991,6379175.7479,924.9903
node-079,2024-01-01 19:28:00,0.1227,20848356.2887,0.0,0.9915,115372.2124,7.0708,6113905.9195,917.9825
node-080,2024-01-01 19:28:00,0.2002,20205556.3256,0.0695,1.1753,127149.965,10.1899,6340751.8626,892.775
node-081,2024-01-01 19:28:00,0.1652,20398339.5787,0.0,0.296,134599.7455,6.9368,6272502.6673,923.6474
node-082,2024-01-01 19:28:00,4.5768,19714269.839,0.6121,0.0908,132644.3713,4.0296,6217922.6654,857.7896
node-083,2024-01-01 19:28:00,2.4146,20552060.658,0.0,0.3183,114490.1315,9.1892,6592530.2006,931.8542
node-084,2024-01-01 19:28:00,0.1126,20654226.8611,0.0,0.5958,128512.2858,8.3549,6209079.2672,952.2957
node-085,2024-01-01 19:28:00,1.5038,21213818.2325,0.213,0.3683,135036.1494,7.9513,6316179.1667,907.9677
node-086,2024-01-01 19:28:00,0.8121,21124463.9326,0.0644,0.5005,133102.7222,8.9857,6271340.2944,930.4747
node-087,2024-01-01 19:28:00,0.1231,21195708.651,0.035,0.3913,105598.0054,4.8783,6176732.9821,911.3128
node-088,2024-01-01 19:28:00,0.2964,20019763.1625,0.0,0.5145,120512.2345,8.043,6271706.1056,938.4943
node-089,2024-01-01 19:28:00,2.4193,20495268.5626,0.0,0.8495,114023.4439,12.9694,6223657.0209,925.0072
node-090,2024-01-01 19:28:00,1.0616,21892118.1223,0.0,0.3498,163053.6644,7.1252,6287560.0338,926.0702
node-091,2024-01-01 19:28:00,11.0871,20562281.7304,0.0,0.354,128530.4169,14.0471,6272366.1478,900.2435
node-092,2024-01-01 19:28:00,0.8134,21099380.7982,0.18,0.413,135128.2059,15.4182,6252835.2761,921.8829
node-093,2024-01-01 19:28:00,1.3613,21614392.4089,0.117,0.7134,130669.8271,8.0054,6144341.3822,894.046
node-094,2024-01-01 19:28:00,0.0806,21697876.5532,0.3592,0.8337,73905.8065,5.0559,5968541.5606,902.2868
node-095,2024-01-01 19:28:00,0.3002,20461913.1453,0.5658,0.4586,107392.3306,7.9889,6144951.2358,927.5272
node-096,2024-01-01 19:28:00,0.0108,21470186.3443,0.8109,0.3337,119744.2157,6.9181,6305833.5609,894.3532
node-097,2024-01-01 19:28:00,1.0923,21235746.1049,0.0,0.5986,127927.1557,8.0486,6023722.9314,901.8737
node-098,2024-01-01 19:28:00,4.092,20668069.1883,0.0,0.8006,143770.4936,12.5365,6164951.468,947.466
node-099,2024-01-01 19:28:00,0.2973,20005956.1702,0.0,0.5768,118944.4001,7.5939,6171353.9349,890.1406
node-100,2024-01-01 19:28:00,0.1077,20987003.4329,0.0,0.4739,160323.967,9.0641,6169513.633,922.5823
node-101,2024-01-01 19:28:00,0.4792,19025971.7325,1.4108,0.123,89370.974,4.0856,6226700.6231,893.082
node-102,2024-01-01 19:28:00,31.7,20993531.659,0.0,0.5022,119438.9493,9.9491,6332155.6856,888.9191
node-103,2024-01-01 19:28:00,3.5928,19626666.416,0.0,0.5041,105440.4959,7.1063,6438129.982,943.7008
node-104,2024-01-01 19:28:00,0.1081,21005719.269,0.0,0.5281,85730.9929,8.0774,6286082.8869,917.7135
node-105,2024-01-01 19:28:00,2.3002,21312744.173,0.5492,0.5938,150316.6062,8.7429,6264398.1945,951.6731
node-106,2024-01-01 19:28:00,0.7744,19882432.3415,0.4523,0.1,149727.5704,7.9839,6170912.6788,871.9807
node-107,2024-01-01 19:28:00,0.081,19403516.3594,0.0,0.6525,121662.7157,10.9938,6189621.4835,930.0028
node-108,2024-01-01 19:28:00,0.157,21693811.4876,0.4707,0.3812,153515.2733,13.9428,6171563.911,919.8054
node-109,2024-01-01 19:28:00,0.1065,20981385.5546,0.0,0.4157,91443.6137,16.9778,6287034.0678,933.3459
node-110,2024-01-01 19:28:00,5.3498,20511561.7671,0.0,0.4402,136452.5564,14.2956,6273664.9785,937.7306
node-111,2024-01-01 19:28:00,0.1284,21554634.2632,0.1689,0.5635,124199.3008,4.0741,5925813.458,909.836
node-112,2024-01-01 19:28:00,0.2266,19459788.6787,0.0,0.3429,130421.0267,6.9603,6127788.5823,902.8544
node-113,2024-01-01 19:28:00,0.0,21021303.6776,0.0,0.8976,122989.6764,7.9302,6143094.5396,900.9169
node-114,2024-01-01 19:28:00,1.6285,20613823.8768,0.7952,0.3648,133322.0049,9.0463,6258418.3062,926.7916
node-115,2024-01-01 19:28:00,2.582,20042474.9845,0.9339,0.5198,110550.5678,9.0559,6353732.7197,907.4166
node-116,2024-01-01 19:28:00,0.7208,20369968.2698,0.718,0.5268,103892.6331,7.7399,6242154.7062,933.1727
node-117,2024-01-01 19:28:00,0.292,9887570.1001,0.5373,0.8637,131928.6761,9.2841,6369805.6338,930.6876
node-118,2024-01-01 19:28:00,0.2837,20331271.6314,0.159,4.6974,140258.7046,2.5939,6246677.5485,904.7001
node-119,2024-01-01 19:28:00,0.1116,21540568.2622,0.0,0.4359,130218.6067,9.0502,6331462.9179,898.3785
node-000,2024-01-01 19:29:00,0.1365,20213457.4279,0.0,0.3114,99942.1012,9.0102,6164439.9252,903.6746
node-001,2024-01-01 19:29:00,0.0502,20029644.5457,0.0,0.6207,113526.2088,8.9846,6192568.504,892.5901
node-002,2024-01-01 19:29:00,0.2081,9990715.7952,0.3725,0.7162,142200.423,8.4024,6031503.0673,963.8782
node-003,2024-01-01 19:29:00,0.2158,20631034.9464,0.0,0.803,108138.2287,7.0436,6080525.4686,952.029
node-004,2024-01-01 19:29:00,0.0744,20208564.6225,0.0,0.5266,101454.9633,8.9733,6263667.9962,902.2296
node-005,2024-01-01 19:29:00,0.1084,9262328.5893,1.04,0.721,128825.4444,6.6659,6166592.1697,939.8506
node-006,2024-01-01 19:29:00,0.213,20417195.1931,0.9967,0.1081,119581.9878,2.9107,6129085.6833,893.2811
node-007,2024-01-01 19:29:00,0.5067,20652855.5899,0.0,0.3882,133105.6803,16.0389,6031467.272,907.7437
node-008,2024-01-01 19:29:00,0.0,19974809.7138,0.5677,0.4036,102714.3678,6.0911,6141609.241,917.9952
node-009,2024-01-01 19:29:00,2.6769,20833705.8495,1.4834,0.553,142307.1231,8.0063,6232121.4846,931.6423
node-010,2024-01-01 19:29:00,0.0997,19910206.8103,0.457,1.249,97846.6686,9.8779,6361368.7115,936.3204
node-011,2024-01-01 19:29:00,0.0073,19701310.1627,0.0,0.4023,132090.7523,7.0064,6306637.0997,908.6173
node-012,2024-01-01 19:29:00,0.2153,19557875.9241,0.8114,0.5165,91385.9238,7.0874,6159842.8583,956.3884
node-013,2024-01-01 19:29:00,0.2649,20012307.1484,0.7589,0.6212,166931.4008,0.0,0.0,932.5224
node-014,2024-01-01 19:29:00,0.1894,21024972.3298,0.0,0.7061,118164.5673,8.0689,5921106.606,960.4536
node-015,2024-01-01 19:29:00,0.2444,20309065.5782,0.0,0.0983,132090.7292,2.9524,6270845.5115,880.4593
node-016,2024-01-01 19:29:00,0.1217,20294256.0918,0.268,1.1816,103735.8962,8.007,6137252.6438,932.1292
node-017,2024-01-01 19:29:00,0.4406,22644216.5028,0.0,0.4123,167289.8386,4.0696,6077886.9342,934.2893
node-018,2024-01-01 19:29:00,0.0891,20086632.6913,0.3654,3.8752,108175.6045,7.1737,6119939.9211,970.002
node-019,2024-01-01 19:29:00,8.7282,21253428.9349,0.0,0.5136,102864.0276,10.3697,5889290.459,908.5508
node-020,2024-01-01 19:29:00,0.3802,19891567.3936,0.0,0.6571,144661.9514,8.9819,6595362.6618,958.249
node-021,2024-01-01 19:29:00,0.8277,20265256.7415,0.0,0.9528,99787.5087,8.0691,6061435.8688,922.3202
node-022,2024-01-01 19:29:00,5.8175,20182992.4713,0.0,0.5962,131581.2767,6.1193,5946400.7289,939.2556
node-023,2024-01-01 19:29:00,0.1029,20152088.945,0.0,0.4994,136582.039,13.8939,6190355.2309,903.3091
node-024,2024-01-01 19:29:00,0.0963,20277877.1084,0.1461,0.5901,132151.199,6.9703,6198403.4745,938.3999
node-025,2024-01-01 19:29:00,0.1449,21439577.2986,0.0,0.6148,105066.2429,4.9433,5961531.1934,939.0886
node-026,2024-01-01 19:29:00,0.0106,20123373.7471,0.198,0.0874,126113.85,4.9971,6343041.3474,889.1146
node-027,2024-01-01 19:29:00,1.3646,20377011.6267,0.8664,0.4922,118187.8471,7.8523,6313167.0853,917.374
node-028,2024-01-01 19:29:00,0.577,20895397.2428,0.0,0.4974,134993.0002,8.1863,6192089.632,922.8785
node-029,2024-01-01 19:29:00,1.7053,20384039.4383,0.013,0.4312,121891.5905,5.0194,6179462.7271,940.6245
node-030,2024-01-01 19:29:00,0.2074,20643738.5838,0.4522,0.4105,133475.793,8.0372,6072013.8136,882.9293
node-031,2024-01-01 19:29:00,0.008,29192102.106,0.0,0.5973,223.8934,0.0,48458.0534,19.8816
node-032,2024-01-01 19:29:00,0.0458,19899892.8754,0.0,0.594,122167.3979,7.1248,6163004.2606,928.9089
node-033,2024-01-01 19:29:00,1.4975,19570330.822,0.0,0.4583,92340.6321,7.8962,6117135.1738,965.8029
node-034,2024-01-01 19:29:00,0.0238,20098048.7578,0.0,0.0844,149241.635,5.1277,6191129.4119,888.0076
node-035,2024-01-01 19:29:00,1.0381,22083356.8278,0.1148,0.5085,83664.4485,7.6273,6260663.7231,929.4587
node-036,2024-01-01 19:29:00,0.1347,20733075.0773,0.0,0.979,93354.4057,14.6197,6153919.9025,910.1545
node-037,2024-01-01 19:29:00,0.0592,20234710.2522,1.2974,0.5229,76301.2534,7.0169,6292373.347,939.4594
node-038,2024-01-01 19:29:00,3.2912,20180451.93,0.1302,0.397,109437.8255,9.0394,6314315.9258,947.6468
node-039,2024-01-01 19:29:00,0.0668,21449663.0934,0.6755,0.2846,86555.7274,6.0244,6249970.9556,919.0291
node-040,2024-01-01 19:29:00,0.2081,21056658.1542,0.294,0.1136,132578.74,1.0865,6027135.589,888.1715
node-041,2024-01-01 19:29:00,7.6872,20594247.1459,0.0,0.5076,83438.6943,12.8567,6210987.251,921.6939
node-042,2024-01-01 19:29:00,2.7566,20436012.4571,1.1579,0.709,124497.8164,9.1395,6064143.2775,945.8125
node-043,2024-01-01 19:29:00,0.9883,21214605.8703,0.0,0.3105,135910.5336,6.1943,6203775.8242,904.8994
node-044,2024-01-01 19:29:00,0.2605,20412405.3999,1.3464,0.6818,121617.625,8.1204,6131920.4975,928.4255
node-045,2024-01-01 19:29:00,0.1034,20768264.1414,0.0,0.6848,132812.1882,13.1088,6167046.9506,903.9275
node-046,2024-01-01 19:29:00,0.3746,19630260.0409,0.0,1.1207,139096.7595,8.1548,6241612.4967,911.7415
node-047,2024-01-01 19:29:00,0.4272,19556710.6167,0.9013,0.4068,105902.6441,8.7894,6085386.0497,938.5076
node-048,2024-01-01 19:29:00,3.181,20446738.219,0.641,0.3004,124900.2871,10.6865,6204777.6607,945.7767
node-049,2024-01-01 19:29:00,0.521,18990262.1744,0.6585,0.1083,88660.6869,2.9364,6013332.8963,855.7592
node-050,2024-01-01 19:29:00,0.0,19412375.2318,0.0,0.0962,116020.7977,2.0225,5784324.6487,871.0428
node-051,2024-01-01 19:29:00,0.3282,19673053.0214,0.648,1.1745,142419.9078,14.003,6243391.1245,911.6956
node-052,2024-01-01 19:29:00,0.102,19772058.1414,0.0,0.4097,99421.3721,5.005,6248085.4757,917.4763
node-053,2024-01-01 19:29:00,0.098,20223937.3413,0.1364,0.6387,149590.2757,4.1197,6233684.483,925.5389
node-054,2024-01-01 19:29:00,0.0,19709997.6821,0.0,0.6638,129910.3389,10.0181,6187273.2954,946.2427
node-055,2024-01-01 19:29:00,7.4973,20995549.4362,0.3518,0.3059,102809.9061,10.0116,6250128.1663,904.4334
node-056,2024-01-01 19:29:00,0.1105,20356169.4163,0.0,0.4045,139311.3925,9.1351,6143556.8838,931.3941
node-057,2024-01-01 19:29:00,2.0238,18285051.2646,0.0,0.8003,110642.7387,4.946,6405530.6696,957.6365
node-058,2024-01-01 19:29:00,0.777,20519043.0705,0.4468,0.6648,159633.6422,16.0466,6217748.7437,898.8266
node-059,2024-01-01 19:29:00,0.8135,20767206.097,0.0,0.6949,128374.2325,15.971,6229673.8103,904.766
node-060,2024-01-01 19:29:00,0.203,19789090.7143,1.076,0.507,93720.135,8.0028,5956673.7461,914.7418
node-061,2024-01-01 19:29:00,0.2191,19834659.8341,0.7162,0.7343,124691.931,2.4656,6140822.3128,938.4663
node-062,2024-01-01 19:29:00,0.1982,20532468.8536,0.0,0.5807,125141.4066,11.1113,6020190.7539,935.3952
node-063,2024-01-01 19:29:00,0.0389,19629097.1659,0.0,0.915,90778.0785,7.9142,6191261.3512,925.137
node-064,2024-01-01 19:29:00,1.6663,19681196.4674,0.0,0.7237,127098.1038,13.045,6140390.2775,975.8635
node-065,2024-01-01 19:29:00,0.8072,20582252.0174,0.0501,0.6911,94421.1543,9.9617,6209004.272,946.495
node-066,2024-01-01 19:29:00,1.239,21325903.0867,0.0,0.4043,123964.4464,12.0624,6134584.0593,899.0716
node-067,2024-01-01 19:29:00,0.1167,19662053.9124,0.8233,0.5936,119495.6107,5.9859,6205804.9999,945.1256
node-068,2024-01-01 19:29:00,0.8027,20745808.5016,0.0909,0.7923,141626.1067,16.9724,6256342.4518,942.1005
node-069,2024-01-01 19:29:00,0.0887,9817992.164,13.5456,0.6942,120370.0571,10.0556,6155382.2546,948.4347
node-070,2024-01-01 19:29:00,0.1047,20020365.313,0.0,0.4926,138412.3122,10.9009,6078883.6471,928.853
node-071,2024-01-01 19:29:00,0.4028,19869657.1266,0.0,0.4996,138398.9675,7.6229,6088090.9615,913.0937
node-072,2024-01-01 19:29:00,0.015,116901229.2789,0.0,0.2208,94335.9276,2.9403,6251783.7014,894.0929
node-073,2024-01-01 19:29:00,0.2886,19856721.4396,0.0,0.3004,82696.8449,4.0298,6243115.6989,936.5291
node-074,2024-01-01 19:29:00,10.1159,19729323.2848,0.7783,0.4731,137768.2892,6.9474,6172373.4011,920.4249
node-075,2024-01-01 19:29:00,1.7293,21988332.669,0.0,1.0165,92615.7698,7.4384,6094311.7585,934.2275
node-076,2024-01-01 19:29:00,0.0006,21582577.6848,0.5438,0.1039,111128.6911,0.9571,6239112.8303,862.6024
node-077,2024-01-01 19:29:00,1.2788,20144748.9718,0.0,1.0138,132799.4874,9.0125,6334325.7548,948.1489
node-078,2024-01-01 19:29:00,5.8226,21748331.4745,0.1252,0.6916,109036.7419,0.0,6120895.9135,935.9659
node-079,2024-01-01 19:29:00,0.6217,20654433.3934,0.0,0.7571,76528.7511,8.8905,6197591.7196,919.4409
node-080,2024-01-01 19:29:00,0.1916,20068891.5858,0.9768,0.8856,127848.8326,6.9371,6080569.1849,949.2861
node-081,2024-01-01 19:29:00,13.0018,20243533.884,0.0589,0.3912,148827.8483,6.0946,6141795.9671,931.3178
node-082,2024-01-01 19:29:00,0.009,19171980.191,0.2503,0.1203,69184.9475,3.0129,6162233.8901,862.3037
node-083,2024-01-01 19:29:00,1.4019,20465768.0273,0.3402,0.7278,98350.3863,9.9796,5998872.4903,946.5603
node-084,2024-01-01 19:29:00,1.4996,20661084.6724,0.0,0.8242,184397.7271,9.8685,6054418.6476,928.723
node-085,2024-01-01 19:29:00,1.5093,20547721.6463,0.0,1.1983,81792.0935,8.4585,6284628.7315,945.6491
node-086,2024-01-01 19:29:00,4.8753,21060452.0531,0.3687,0.5199,72735.3648,9.9872,6173978.3498,898.2004
node-087,2024-01-01 19:29:00,0.8931,20215503.0546,0.0,0.4744,133077.1827,8.1329,6057222.0987,936.2367
node-088,2024-01-01 19:29:00,0.3042,19632859.0402,0.6614,0.4938,125581.0528,8.9895,6210929.4763,924.0644
node-089,2024-01-01 19:29:00,0.142,20265329.0907,0.2885,0.977,110316.2647,14.9073,6149744.3389,941.4325
node-090,2024-01-01 19:29:00,0.3532,21338145.9832,1.1834,0.3564,161184.1411,12.0822,6234548.5877,926.9802
node-091,2024-01-01 19:29:00,0.0819,20291289.8389,0.0,0.504,138798.0853,7.0735,6173010.4811,929.9381
node-092,2024-01-01 19:29:00,0.0777,21041516.0109,0.0,0.4022,127799.1225,21.1333,6202982.3248,926.3462
node-093,2024-01-01 19:29:00,0.0952,21304077.0532,0.6936,0.5008,124333.8736,7.9466,6039559.6505,950.2659
node-094,2024-01-01 19:29:00,0.1726,20745695.8904,0.0,1.2027,117603.6171,9.0003,6162351.0374,916.6744
node-095,2024-01-01 19:29:00,0.6988,19517283.6917,0.0,0.2948,116616.8907,7.9563,6159641.6505,937.5493
node-096,2024-01-01 19:29:00,0.0982,21027424.1257,0.0,0.7693,101369.7052,9.0397,5926970.0147,917.5673
node-097,2024-01-01 19:29:00,0.0806,20875463.3706,0.0,0.6642,115680.3762,11.9949,6049289.2583,944.9353
node-098,2024-01-01 19:29:00,0.1046,19912142.1715,0.0,1.0914,87101.4763,10.0469,6104579.5636,936.8442
node-099,2024-01-01 19:29:00,0.2912,20083913.4625,0.1457,0.4999,74582.5021,10.0242,5986101.367,927.9778
node-100,2024-01-01 19:29:00,0.3797,20195038.5665,0.3757,0.5695,189312.5512,5.9427,6311231.8899,936.3702
node-101,2024-01-01 19:29:00,0.0,18678699.1281,0.0,0.1664,133545.6168,4.9573,6233701.079,880.5011
node-102,2024-01-01 19:29:00,2.0361,20755180.714,0.0,0.6569,119248.9794,9.9746,6194100.4297,919.9562
node-103,2024-01-01 19:29:00,0.0932,19741486.1873,0.0,0.7055,144255.2254,5.952,6141744.7824,922.5732
node-104,2024-01-01 19:29:00,0.1219,20768138.1438,0.0,0.5751,128753.4838,6.9283,6280330.0045,929.532
node-105,2024-01-01 19:29:00,0.0699,20254551.9711,0.1616,0.7533,147556.9426,6.0333,6225442.9683,953.2452
node-106,2024-01-01 19:29:00,0.1614,20016010.0135,0.0191,0.0912,113244.3622,3.979,5774578.8565,845.7715
node-107,2024-01-01 19:29:00,0.0974,19611539.5556,0.6451,0.5004,123749.584,9.1092,6195766.5436,926.9156
node-108,2024-01-01 19:29:00,0.0548,21314564.0952,0.0,0.6616,125340.8409,7.9503,6187632.1501,917.5894
node-109,2024-01-01 19:29:00,0.7926,20280272.6054,0.0,0.5682,108608.7146,11.5691,6251183.196,936.3881
node-110,2024-01-01 19:29:00,0.09,19563439.8798,0.0,0.6188,113879.1219,0.0,6182279.8221,919.3592
node-111,2024-01-01 19:29:00,0.0804,20713712.366,0.0,0.6912,105014.1834,5.0106,6481804.5507,931.9218
node-112,2024-01-01 19:29:00,1.079,19456911.1562,0.0,0.4908,126874.5272,4.099,6278751.8737,935.3868
node-113,2024-01-01 19:29:00,0.2253,20845405.5016,0.0,0.6668,78794.3125,9.2346,5976036.8256,948.3487
node-114,2024-01-01 19:29:00,0.1169,19742247.2957,0.8624,0.4818,163314.7148,7.957,6214018.5824,933.9905
node-115,2024-01-01 19:29:00,0.0981,19532475.3552,0.6019,0.4764,100393.8236,7.7398,6183238.4921,920.8972
node-116,2024-01-01 19:29:00,0.1167,19605532.2014,0.2721,0.7838,98104.808,6.0306,6151023.7513,942.1966
node-117,2024-01-01 19:29:00,0.2788,10228306.0756,0.0,0.9384,119131.0335,7.8782,6188827.1906,960.554
node-118,2024-01-01 19:29:00,1.0438,20331787.7773,1.2265,0.5836,121815.022,13.0383,6204370.1364,881.4543
node-119,2024-01-01 19:29:00,0.5799,21385409.7822,0.0498,0.4618,106432.0242,7.9583,6245389.1333,901.3073
node-000,2024-01-01 19:30:00,0.0929,19085052.3044,0.0,0.2969,159170.6539,9.1255,6062180.375,872.655
node-001,2024-01-01 19:30:00,0.2066,19569711.5994,0.0995,0.7121,116742.7849,5.9914,6146096.5732,879.3899
node-002,2024-01-01 19:30:00,0.2209,9711162.0893,0.0,0.8095,121886.022,8.0464,6200071.2706,896.9308
node-003,2024-01-01 19:30:00,1.9093,20803104.7806,1.6749,0.3791,125973.1516,6.8724,6159575.047,907.8138
node-004,2024-01-01 19:30:00,0.4791,19860290.1382,0.0,0.6946,100937.4702,1.8162,5880115.586,839.4811
node-005,2024-01-01 19:30:00,0.105,8884167.7603,0.6572,0.5106,113710.4311,6.9412,6122298.5874,891.4475
node-006,2024-01-01 19:30:00,0.0928,20055331.3184,0.2883,0.1616,116159.4236,3.1914,6062620.4537,814.2865
node-007,2024-01-01 19:30:00,0.3244,19505924.6939,0.277,0.3971,171238.5731,9.9345,6266132.6406,863.6496
node-008,2024-01-01 19:30:00,11.5121,19252861.3505,0.0,0.3984,122456.7166,3.0297,6177644.82,857.6009
node-009,2024-01-01 19:30:00,0.1775,20198405.2868,0.5938,0.5188,147901.9112,7.9398,5960362.278,846.1372
node-010,2024-01-01 19:30:00,0.081,19293885.7359,0.0,0.9964,111189.6824,8.0131,6084934.4843,892.2879
node-011,2024-01-01 19:30:00,0.7869,19165237.8762,0.4036,0.4171,130830.9108,2.9639,6147984.2911,872.8207
node-012,2024-01-01 19:30:00,1.7017,18837977.142,0.0,0.5666,107497.3052,2.9598,6253347.1436,915.9213
node-013,2024-01-01 19:30:00,1.2993,19700116.5617,0.0,0.7265,173845.3934,0.0,22638.7924,913.8098
node-014,2024-01-01 19:30:00,0.8207,20527419.7796,0.5005,0.3892,113495.1672,4.1139,6326043.5803,921.8162
node-015,2024-01-01 19:30:00,0.0027,19372405.2607,0.5195,0.0871,89419.8608,1.9824,5804684.234,801.2281
node-016,2024-01-01 19:30:00,0.0822,20113221.9124,0.0,0.5037,116786.4516,7.9649,5995166.7209,901.3395
node-017,2024-01-01 19:30:00,0.1078,22274665.8022,0.0,0.3952,157495.3788,8.9872,6088980.2364,904.9423
node-018,2024-01-01 19:30:00,0.1181,19995087.9379,0.5959,0.3986,116250.2539,7.0892,6051118.0751,896.1616
node-019,2024-01-01 19:30:00,0.1168,20743336.4072,0.0,0.4895,93836.2524,15.9821,6231373.6048,932.2186
node-020,2024-01-01 19:30:00,0.0602,19395703.3465,0.0076,0.4855,128441.7422,6.9316,6171018.4942,874.5706
node-021,2024-01-01 19:30:00,0.4087,19858658.0063,1.1919,0.9926,125381.2311,10.1323,6092797.2416,886.169
node-022,2024-01-01 19:30:00,1.0189,19795820.8863,0.004,0.6482,119628.3957,4.5754,6062742.5341,854.9059
node-023,2024-01-01 19:30:00,0.0978,19471790.4623,0.3609,0.4793,91610.3894,11.9321,6440921.6447,927.7225
node-024,2024-01-01 19:30:00,0.1095,19505329.4721,0.0,0.5922,86667.0558,6.9825,6014361.8117,894.4224
node-025,2024-01-01 19:30:00,0.9048,20964730.2942,1.1984,0.2057,115747.7155,2.7313,6655491.1904,935.675
node-026,2024-01-01 19:30:00,0.1189,20659489.6834,0.2876,0.1902,119150.6216,4.0484,6034842.806,820.4446
node-027,2024-01-01 19:30:00,0.1194,19296065.4809,0.0,0.4949,135310.1688,5.8734,6019986.6438,941.5095
node-028,2024-01-01 19:30:00,0.1649,20859421.5953,0.7185,0.5071,139657.8671,8.948,6029268.4181,901.8347
node-029,2024-01-01 19:30:00,9.1171,20279383.6419,0.0,0.403,114414.2401,11.9684,5981410.5442,869.9134
node-030,2024-01-01 19:30:00,0.5566,20273234.1018,1.2377,0.3997,121293.7174,8.0601,6229633.8235,839.5842
node-031,2024-01-01 19:30:00,0.2038,29016008.6245,0.925,0.0,1186.076,4.0517,27746.3499,12.4641
node-032,2024-01-01 19:30:00,0.6814,19923037.3041,0.053,0.6024,124101.391,7.0958,5941393.9343,867.0543
node-033,2024-01-01 19:30:00,2.7142,19198883.7533,0.8634,0.5219,140845.5293,3.9106,6265495.8059,953.5179
node-034,2024-01-01 19:30:00,0.0971,19563468.8021,1.0337,0.1191,129623.5765,4.9688,5834441.6843,813.0384
node-035,2024-01-01 19:30:00,0.105,21777773.7419,0.3125,1.0132,118478.4634,8.0556,6121667.6147,905.0987
node-036,2024-01-01 19:30:00,0.2172,20225818.7022,0.7613,1.0034,146231.7297,7.9907,5951764.5573,918.58
node-037,2024-01-01 19:30:00,0.9913,19522824.3462,0.2653,0.4057,113245.8922,5.0326,6063518.1173,897.022
node-038,2024-01-01 19:30:00,0.3225,19481545.0595,0.0,0.6082,90914.3228,9.9917,6106116.7154,920.905
node-039,2024-01-01 19:30:00,0.0,21444609.0107,0.0,0.5078,126562.8625,5.9873,5998862.5114,861.9328
node-040,2024-01-01 19:30:00,0.0856,20692946.3673,0.0,0.1132,165202.4729,1.1567,6235211.8857,863.6837
node-041,2024-01-01 19:30:00,0.0991,20441012.9688,0.0,0.6065,139047.0376,9.9485,5905112.5048,902.2997
node-042,2024-01-01 19:30:00,0.1016,20369211.7631,0.0272,0.356,125426.0961,5.3733,6222640.75,927.3481
node-043,2024-01-01 19:30:00,0.4184,20460696.703,0.9291,0.406,112411.9338,2.3229,6312913.2013,877.7084
node-044,2024-01-01 19:30:00,0.1891,19313036.4038,0.0,0.4838,120794.3688,8.0689,6248858.4392,869.247
node-045,2024-01-01 19:30:00,0.1104,20109629.1659,0.0,0.6851,89718.6828,16.0202,6267936.5058,893.2327
node-046,2024-01-01 19:30:00,0.1294,19148004.4976,0.0,0.4082,102130.8703,7.0027,6028680.3991,898.4711
node-047,2024-01-01 19:30:00,0.269,19300612.9588,0.0,0.5834,93115.7948,8.0661,6196011.4956,900.1302
node-048,2024-01-01 19:30:00,0.1761,20203880.0367,0.0,0.402,127484.6722,3.8746,6102300.9989,883.728
node-049,2024-01-01 19:30:00,0.0567,18185818.7919,1.1418,0.1115,134786.7381,1.129,6092954.2526,821.3546
node-050,2024-01-01 19:30:00,0.0,19008960.103,0.2837,0.1133,81942.7062,2.0025,6232632.8422,784.4424
node-051,2024-01-01 19:30:00,0.5058,19395669.16,0.5305,1.0057,158712.6389,10.9922,6029424.0898,858.0649
node-052,2024-01-01 19:30:00,0.0822,20211395.3091,0.6556,0.4988,117779.9901,0.9482,6242124.0665,910.8834
node-053,2024-01-01 19:30:00,0.1045,19890441.5014,0.6642,0.5139,114805.196,7.9342,5946847.1796,845.8704
node-054,2024-01-01 19:30:00,6.3868,18543229.6056,0.0267,0.6179,118294.9279,7.1125,6033134.1315,890.1315
node-055,2024-01-01 19:30:00,7.5341,20410697.447,0.0,0.6988,131600.9631,9.0682,5890873.4734,876.5852
node-056,2024-01-01 19:30:00,0.0998,20525147.5567,0.0,0.408,108971.5908,7.9277,6207168.5172,870.0249
node-057,2024-01-01 19:30:00,5.8138,17883165.974,1.178,0.816,86135.9602,2.0479,6156767.6575,930.643
node-058,2024-01-01 19:30:00,0.1127,20573638.3957,0.1441,0.4013,157132.4611,14.9161,6207073.7294,879.3083
node-059,2024-01-01 19:30:00,0.0913,20203148.0271,0.0,0.5143,125033.0209,15.9992,6091217.0166,890.9456
node-060,2024-01-01 19:30:00,0.8061,19388200.681,1.121,0.4341,117082.098,6.1205,6151996.7583,876.1895
node-061,2024-01-01 19:30:00,2.6141,19666489.2072,0.0,0.4934,102650.5164,9.9921,6287253.0754,896.5009
node-062,2024-01-01 19:30:00,0.0912,20303199.7093,0.0,0.6113,125671.8402,10.0022,6277623.711,931.9003
node-063,2024-01-01 19:30:00,0.7888,19496713.6616,0.0,0.7899,109810.5702,5.9606,6234877.1864,875.6984
node-064,2024-01-01 19:30:00,1.4553,19254032.3733,0.2601,0.4015,107322.928,6.8803,6167651.7083,878.0298
node-065,2024-01-01 19:30:00,0.1054,20104482.5891,0.0,0.7784,141834.5223,6.9514,6225058.626,873.8485
node-066,2024-01-01 19:30:00,0.2098,20573903.3237,0.6027,0.7899,157689.2764,7.0154,6259306.0223,871.9667
node-067,2024-01-01 19:30:00,0.3971,19156780.3388,0.0,0.5409,77961.8168,6.933,6096608.6292,896.0603
node-068,2024-01-01 19:30:00,0.1187,20487589.7022,0.0,0.7894,107515.3698,9.0779,6191738.6336,885.7957
node-069,2024-01-01 19:30:00,0.0063,9807495.5666,13.7746,0.8904,124748.7027,8.0447,6337153.4393,907.5754
node-070,2024-01-01 19:30:00,0.5173,20357998.7833,0.0,0.5055,122131.9607,11.9289,5938609.7484,868.801
node-071,2024-01-01 19:30:00,0.6151,19651146.1214,0.0,0.5546,112327.5213,9.0446,6459257.7099,873.6477
node-072,2024-01-01 19:30:00,0.0,116359648.2403,0.0,0.1144,111457.4041,0.9683,6224722.2613,820.2319
node-073,2024-01-01 19:30:00,0.8104,19302193.022,0.0637,0.5024,128899.3205,3.9477,6030439.8522,889.646
node-074,2024-01-01 19:30:00,6.1889,20133526.4059,0.0,0.3887,137918.5453,5.9916,6002988.5928,938.2292
node-075,2024-01-01 19:30:00,0.0866,20919731.774,0.0,0.4241,124751.2751,9.0992,6171010.1793,913.0536
node-076,2024-01-01 19:30:00,0.0,20792807.2472,0.3175,0.072,115701.2479,6.1357,6044407.4291,872.2939
node-077,2024-01-01 19:30:00,1.2864,20055996.533,0.1504,1.0326,122874.2158,9.0633,6065343.6664,889.9226
node-078,2024-01-01 19:30:00,0.1097,20783943.4881,0.0,1.0566,119562.5855,10.8993,6143929.8471,908.3957
node-079,2024-01-01 19:30:00,0.1089,20350392.4605,0.8278,0.5961,149064.0249,9.0638,6021748.436,887.485
node-080,2024-01-01 19:30:00,2.6927,19457258.2793,0.0,0.4093,129033.6418,6.8733,6043350.7724,909.7168
node-081,2024-01-01 19:30:00,0.342,19419040.695,0.2413,0.5245,176144.3353,6.0588,6086838.1941,912.0287
node-082,2024-01-01 19:30:00,0.5014,18818648.898,0.0,0.0897,103476.3512,2.9561,5943547.9792,813.7377
node-083,2024-01-01 19:30:00,1.4985,20394657.8724,0.0,0.5157,132916.2483,6.0432,6245846.3114,913.2285
node-084,2024-01-01 19:30:00,0.0973,19666926.467,0.0,3.7114,92005.4644,5.9895,6314965.5957,908.1153
node-085,2024-01-01 19:30:00,1.1885,20105754.7963,0.9568,0.7603,126464.4961,11.0922,6089802.3643,857.0415
node-086,2024-01-01 19:30:00,0.0084,20076991.3288,0.0917,0.969,127069.3093,14.1946,6160876.0465,857.8124
node-087,2024-01-01 19:30:00,1.0936,19924908.1855,0.0,0.5465,140807.4016,9.0023,6153277.2021,889.9802
node-088,2024-01-01 19:30:00,0.2976,19448807.5378,0.0,0.7225,125470.821,9.0183,6027276.5115,864.2323
node-089,2024-01-01 19:30:00,1.0763,19631029.4459,0.0,0.9994,106008.2831,6.9236,6186230.2352,920.7113
node-090,2024-01-01 19:30:00,0.9151,21139480.7545,0.0,1.0687,104926.8933,5.0537,6393612.4245,941.1865
node-091,2024-01-01 19:30:00,2.0847,19849476.3445,0.7117,1.3053,101502.2824,6.9797,6199464.808,851.8575
node-092,2024-01-01 19:30:00,0.086,20432775.0312,0.6581,0.4984,116343.6326,6.0275,6186577.7039,901.2181
node-093,2024-01-01 19:30:00,0.1928,21056323.5955,0.0,1.0058,94732.8229,2.9445,6140722.3382,854.8727
node-094,2024-01-01 19:30:00,0.1567,20264930.3809,0.1639,1.0247,127203.1009,5.8993,6175201.4774,880.5348
node-095,2024-01-01 19:30:00,0.0944,19431403.2584,0.0,0.9927,106378.5687,5.0185,6159580.083,885.928
node-096,2024-01-01 19:30:00,0.0973,20424481.0725,0.0,0.4119,129539.8668,3.9012,6316201.0034,910.9592
node-097,2024-01-01 19:30:00,0.7886,20397173.9987,0.0,0.7949,115195.0767,10.3393,6107430.3511,846.4297
node-098,2024-01-01 19:30:00,0.1035,19982336.3543,0.0,0.6747,128755.8275,7.9432,6272551.5321,915.3229
node-099,2024-01-01 19:30:00,0.1101,19274907.0299,0.0416,0.7008,130315.14,13.1659,6295574.4801,869.9797
node-100,2024-01-01 19:30:00,0.1935,20121408.9792,0.192,0.5055,159638.7935,6.9569,6161467.2967,903.9362
node-101,2024-01-01 19:30:00,0.1887,17721515.6939,0.5147,0.1201,115809.6498,3.0573,5767491.816,790.9285
node-102,2024-01-01 19:30:00,0.1075,19619556.9803,0.0,0.483,170357.6702,9.9483,6257368.6902,909.8964
node-103,2024-01-01 19:30:00,1.3135,18862850.0176,0.0,5.8928,130965.0052,3.9674,5885196.9083,863.413
node-104,2024-01-01 19:30:00,0.0945,20045596.5003,0.0,0.3896,107235.7479,7.0099,6081480.5924,864.4636
node-105,2024-01-01 19:30:00,0.0899,20227303.3831,0.0,0.6127,138764.4286,11.9592,6271831.1201,932.7745
node-106,2024-01-01 19:30:00,0.1941,19217934.1607,0.0,0.0966,111317.4289,6.0908,6068902.6648,796.1106
node-107,2024-01-01 19:30:00,0.1118,18876835.2068,0.0,0.5189,128456.2442,15.8982,6066191.932,881.8554
node-108,2024-01-01 19:30:00,0.1062,21035337.6954,0.1379,0.5242,124341.1654,3.9544,6384240.3987,932.7409
node-109,2024-01-01 19:30:00,0.1051,19513047.5382,0.0,0.5013,130821.9444,8.017,6211832.1323,868.6786
node-110,2024-01-01 19:30:00,2.0076,19232930.4934,0.0,0.4067,115297.5987,7.94,6102775.1438,878.9225
node-111,2024-01-01 19:30:00,0.6224,20714937.8142,0.0,0.6167,130968.7413,9.9858,6230740.2134,912.5992
node-112,2024-01-01 19:30:00,0.203,19250181.5773,1.0475,0.3982,114081.1489,2.9699,6168476.4537,853.8131
node-113,2024-01-01 19:30:00,0.11,20370345.7994,0.0,0.7865,118953.848,6.7909,6326098.9183,899.4782
node-114,2024-01-01 19:30:00,0.1906,19627038.0737,0.0,0.4143,152960.5162,8.0405,5924535.8449,894.5724
node-115,2024-01-01 19:30:00,1.6992,19249403.4231,0.0,0.4073,123938.8646,6.0501,5883765.0901,874.3899
node-116,2024-01-01 19:30:00,0.0927,19151220.6076,1.3236,0.692,130453.6247,3.0724,6274820.6993,880.3033
node-117,2024-01-01 19:30:00,0.0667,9851675.1515,0.0,1.1235,99264.8819,6.8749,6019240.9502,889.6357
node-118,2024-01-01 19:30:00,0.0,20049345.8134,0.5139,0.5067,122525.3662,7.0307,6206552.5526,876.0228
node-119,2024-01-01 19:30:00,0.1145,20833526.8709,0.0,0.5183,107262.9023,5.9186,5949326.5346,881.2992
node-000,2024-01-01 19:31:00,0.1834,19344319.7808,0.0,0.9986,132376.4563,8.0647,6081762.86,940.5045
node-001,2024-01-01 19:31:00,1.7994,19183178.6361,0.0,0.6021,122951.6889,6.0071,6250242.2963,918.0331
node-002,2024-01-01 19:31:00,0.1973,9535780.3116,0.5835,0.8916,134211.8002,8.0912,6167022.631,915.1326
node-003,2024-01-01 19:31:00,0.1698,19831371.6383,0.0,0.7136,128649.1711,5.4126,6162699.1168,929.3228
node-004,2024-01-01 19:31:00,0.1677,20033875.0841,0.0659,0.8957,114671.3161,2.0895,6272703.1678,947.3095
node-005,2024-01-01 19:31:00,0.1036,9033669.2427,0.9446,0.708,151905.6765,8.9303,6031659.6182,929.1616
node-006,2024-01-01 19:31:00,0.0184,19904823.0166,0.0,0.0707,108728.9775,4.9921,6364634.7734,838.3764
node-007,2024-01-01 19:31:00,1.7072,19378769.291,0.5867,0.6481,106860.8129,10.7386,6038763.8683,920.2096
node-008,2024-01-01 19:31:00,0.1435,19024709.6211,0.2514,0.4511,92058.3742,5.9745,6108792.4994,939.6977
node-009,2024-01-01 19:31:00,0.3057,19840041.5941,0.2135,0.7747,100949.2805,5.9637,6228646.3385,880.9088
node-010,2024-01-01 19:31:00,0.1544,19192098.0007,0.0,1.0546,99820.455,8.1179,6146376.6954,909.4239
node-011,2024-01-01 19:31:00,0.7778,18370806.6907,0.0,0.3968,118520.0216,3.0502,6031589.1296,908.7412
node-012,2024-01-01 19:31:00,0.9218,18548399.8235,0.0774,0.3103,120586.7072,4.9783,6194420.1849,948.6872
node-013,2024-01-01 19:31:00,1.7124,19444759.9819,0.0,0.5041,161884.7558,0.0854,0.0,935.8547
node-014,2024-01-01 19:31:00,0.3638,20370211.3957,0.1624,0.402,90369.6287,5.4864,5913549.0229,920.3402
node-015,2024-01-01 19:31:00,0.0923,20034055.2899,0.6166,0.0769,120038.1848,1.961,6351256.5039,913.8412
node-016,2024-01-01 19:31:00,0.0823,19319959.9934,0.0,0.5115,92257.1393,13.9807,6144753.1286,916.1696
node-017,2024-01-01 19:31:00,0.0,21778225.5538,0.1132,0.3034,121168.1092,5.1667,6173590.5502,920.6952
node-018,2024-01-01 19:31:00,0.3244,19773374.81,0.8222,0.7872,132792.9625,8.0245,6159461.1792,920.9994
node-019,2024-01-01 19:31:00,0.1068,19985189.065,0.0,0.5022,119657.9729,5.9585,5965830.1197,878.3869
node-020,2024-01-01 19:31:00,0.0996,19386761.023,0.0,0.6564,130618.9366,8.4741,6154851.2659,875.4861
node-021,2024-01-01 19:31:00,0.1091,19288339.5772,0.1499,1.0605,121085.6325,16.04,6298715.5126,920.1312
node-022,2024-01-01 19:31:00,1.0027,19619905.8036,0.0,0.5024,117079.7977,3.9501,6206585.1995,895.846
node-023,2024-01-01 19:31:00,0.0915,19148759.5598,0.7649,0.5028,126376.8724,8.8719,6173542.7713,896.7071
node-024,2024-01-01 19:31:00,0.1081,19282509.9041,0.8384,0.5923,125411.2638,6.9779,6252471.418,943.6474
node-025,2024-01-01 19:31:00,0.1955,20370693.0937,0.176,0.53,119173.768,1.0549,5979450.74,911.0693
node-026,2024-01-01 19:31:00,0.0252,20211407.4089,0.0,0.1268,138357.2756,4.0412,6229322.2039,889.3855
node-027,2024-01-01 19:31:00,2.0822,19248994.2167,0.0424,0.5238,70720.2051,6.112,6120617.0002,898.4711
node-028,2024-01-01 19:31:00,0.3097,20371814.4109,0.0,0.5789,117529.9756,6.0006,6175289.8077,919.2875
node-029,2024-01-01 19:31:00,0.0,19298850.8531,1.7373,0.4113,113898.8497,5.9965,6165947.3211,932.4751
node-030,2024-01-01 19:31:00,0.9378,19115450.6895,0.5286,0.7394,148881.6817,8.135,6201878.1219,948.6195
node-031,2024-01-01 19:31:00,0.0405,28962944.4738,0.2185,0.2049,2557.7333,0.0762,103061.2937,1.241
node-032,2024-01-01 19:31:00,0.619,18912535.5752,0.0,1.4721,100716.9614,7.1042,6005523.4749,858.4752
node-033,2024-01-01 19:31:00,0.2179,18842398.1324,0.2116,0.708,98391.7095,9.0523,6021663.7969,935.6615
node-034,2024-01-01 19:31:00,0.0,19125543.7124,0.0284,0.0846,117379.7181,4.9414,6249857.0888,886.1724
node-035,2024-01-01 19:31:00,0.6148,21161756.16,0.3614,0.4245,103467.434,3.989,6166696.223,924.4055
node-036,2024-01-01 19:31:00,0.2031,20163392.0493,0.0506,1.0023,125382.433,2.9421,6314833.4807,980.6003
node-037,2024-01-01 19:31:00,0.0906,19344781.3152,0.3831,0.4005,136765.5165,3.4451,6090071.2881,868.4725
node-038,2024-01-01 19:31:00,0.1973,19092662.8776,0.8168,0.394,121444.8486,3.9025,6120139.7825,914.5594
node-039,2024-01-01 19:31:00,0.4876,20424641.1926,0.0,0.4097,104331.3801,9.9611,5996226.2297,941.4088
node-040,2024-01-01 19:31:00,0.0079,20640109.8677,0.0,0.0938,137010.7466,3.0685,6126152.5323,862.252
node-041,2024-01-01 19:31:00,0.1952,20028347.6267,0.2169,0.5415,113354.3006,12.9601,6194097.7354,929.158
node-042,2024-01-01 19:31:00,0.083,20114448.2029,0.258,0.4248,122925.0464,5.0811,6260368.7626,927.8221
node-043,2024-01-01 19:31:00,0.1444,20725859.0161,0.0,0.4779,104652.195,0.1402,6174368.2713,871.4762
node-044,2024-01-01 19:31:00,0.2602,19513202.444,0.2928,0.803,115380.854,9.9748,6105970.8632,919.8336
node-045,2024-01-01 19:31:00,0.1027,19895974.2633,0.0,0.6917,91376.1884,9.7726,6162950.1757,895.9293
node-046,2024-01-01 19:31:00,0.1152,18704528.2157,0.0,0.3876,128216.2315,5.8561,6122033.428,952.5761
node-047,2024-01-01 19:31:00,4.2005,18625015.0425,0.0,0.5454,124794.7418,7.9174,6127212.7198,921.9086
node-048,2024-01-01 19:31:00,0.3957,19333163.1268,0.1098,0.7024,137879.9946,1.1092,6143638.4757,938.996
node-049,2024-01-01 19:31:00,0.3,18177106.2073,0.0,0.0919,102203.3087,1.9751,6139612.967,888.4025
node-050,2024-01-01 19:31:00,0.0,18196250.8438,0.6417,0.0639,120079.7104,2.9548,6243598.1499,869.51
node-051,2024-01-01 19:31:00,0.5241,19157039.5936,0.3249,1.0053,160091.2508,8.0072,6092985.0451,903.3499
node-052,2024-01-01 19:31:00,0.0928,18952361.6643,0.0,0.5698,124897.318,5.8073,6186507.4711,928.3531
node-053,2024-01-01 19:31:00,0.0983,19604462.8576,0.5762,0.4053,100241.5958,10.0815,6118664.8813,900.4424
node-054,2024-01-01 19:31:00,0.018,18604401.8286,1.1095,0.6665,88917.7566,6.2721,6288794.7051,952.8033
node-055,2024-01-01 19:31:00,2.3007,19109372.6046,0.1375,0.6562,87544.0705,5.0477,6257254.5108,911.3216
node-056,2024-01-01 19:31:00,0.1115,19560363.345,0.0,0.5147,112369.5663,8.1006,6071288.2453,946.5032
node-057,2024-01-01 19:31:00,0.0943,17701862.811,0.0,0.9783,133232.2503,9.043,6149165.6654,887.9822
node-058,2024-01-01 19:31:00,0.0863,20032229.5196,0.3829,0.7074,147671.7993,8.8884,6096797.7315,917.6736
node-059,2024-01-01 19:31:00,0.0833,19785113.15,0.0,0.5949,86251.8424,8.037,6096326.4949,898.3383
node-060,2024-01-01 19:31:00,0.0953,19066294.7002,0.0,0.4984,101559.9674,6.0798,5938178.5993,931.0531
node-061,2024-01-01 19:31:00,2.5814,19411627.1718,0.644,0.5104,120087.9934,9.9504,6133836.8961,915.6471
node-062,2024-01-01 19:31:00,0.1056,19914826.7389,0.0,0.6025,115667.8809,3.9647,5992180.7374,930.595
node-063,2024-01-01 19:31:00,0.7908,19309381.769,0.3244,0.7106,128905.7069,1.0674,6149566.8155,953.358
node-064,2024-01-01 19:31:00,1.3979,19024267.4373,0.1185,0.4145,119191.2598,11.3305,6190486.3272,892.4795
node-065,2024-01-01 19:31:00,0.1066,20118798.2107,0.493,1.0117,79111.1003,3.1097,6172600.3371,944.6853
node-066,2024-01-01 19:31:00,1.1079,19990307.1725,0.616,0.4002,132451.0803,5.9177,6252896.7801,935.0972
node-067,2024-01-01 19:31:00,0.3977,18083897.9372,0.0,0.519,113875.3462,4.8186,6132337.8673,914.1225
node-068,2024-01-01 19:31:00,0.1021,19988136.254,0.0,0.5952,107625.9564,7.9892,6265378.0946,928.8191
node-069,2024-01-01 19:31:00,1.0074,9769202.0968,12.4323,0.8505,121195.0906,8.1842,6004386.8144,952.0409
node-070,2024-01-01 19:31:00,0.0978,19688676.9071,0.448,0.4934,102139.4918,7.9224,6254780.1488,874.419
node-071,2024-01-01 19:31:00,0.1084,19081360.8682,0.3316,0.7033,109801.289,9.9771,6377795.551,919.765
node-072,2024-01-01 19:31:00,0.0067,115530547.3831,0.4212,0.0768,130288.6833,1.1218,6103870.3979,868.1131
node-073,2024-01-01 19:31:00,0.1841,18813185.3948,0.0,0.4927,131375.4391,3.1828,6243839.3574,933.5821
node-074,2024-01-01 19:31:00,2.3021,19143190.6397,0.6682,0.4192,128369.2433,6.0012,6305111.0341,942.532
node-075,2024-01-01 19:31:00,0.1844,20567911.2192,0.7445,0.4662,129219.0529,5.9407,6106439.134,925.4302
node-076,2024-01-01 19:31:00,0.0,20640926.1279,0.2243,0.1816,107726.5757,0.044,6146875.1886,849.2944
node-077,2024-01-01 19:31:00,1.2766,19475730.3248,0.0,0.9485,119807.2753,9.077,6176396.3196,940.1682
node-078,2024-01-01 19:31:00,0.9234,20561623.1237,0.0,0.5519,123058.7247,7.1356,6070732.5947,921.3706
node-079,2024-01-01 19:31:00,0.0972,19689951.3269,0.0,0.4103,101260.0109,5.9942,6135109.6217,899.3918
node-080,2024-01-01 19:31:00,0.5249,18911679.3298,0.0,0.7891,123410.6091,6.0646,6074270.1166,865.465
node-081,2024-01-01 19:31:00,1.0092,19105508.0605,1.5358,0.5077,179089.1659,2.0119,6172581.6046,921.3685
node-082,2024-01-01 19:31:00,0.0,18218525.4312,0.0,0.1067,122285.3386,0.9852,6219242.12,902.8812
node-083,2024-01-01 19:31:00,0.1262,19449595.2612,0.7143,0.7185,99098.4065,6.0926,5997058.5386,923.8149
node-084,2024-01-01 19:31:00,0.4176,19871779.7608,0.671,6.2329,107486.3971,3.9939,6243101.1505,939.5697
node-085,2024-01-01 19:31:00,0.9858,20122798.2314,0.074,0.9253,123873.2998,6.9747,6074393.3422,969.2229
node-086,2024-01-01 19:31:00,0.101,19800964.8756,0.0,0.3841,123479.2235,11.9392,6146495.8786,909.1819
node-087,2024-01-01 19:31:00,5.2959,19810401.6849,0.2758,0.4007,98289.1294,9.0754,6072786.3518,912.523
node-088,2024-01-01 19:31:00,0.2863,18945300.3376,0.0,0.6984,124334.1358,6.8158,6060922.3164,870.2406
node-089,2024-01-01 19:31:00,0.0942,19174970.8016,0.0,1.0991,95105.1199,9.9774,6243831.8362,940.7756
node-090,2024-01-01 19:31:00,0.108,20300396.3252,0.0,0.6283,199634.7679,4.9269,6263040.6417,924.5335
node-091,2024-01-01 19:31:00,2.1032,19093604.4611,0.2498,1.2932,115695.0017,1.9182,6177332.3589,915.5963
node-092,2024-01-01 19:31:00,0.0958,20208792.9116,0.4473,0.4624,135840.3465,9.7584,6206509.6763,894.072
node-093,2024-01-01 19:31:00,0.9567,20092639.5905,0.0,0.7473,124301.5354,5.03,6026095.5731,915.5572
node-094,2024-01-01 19:31:00,2.4838,19627491.4114,0.0,0.8126,105827.7381,6.0117,6185707.208,936.47
node-095,2024-01-01 19:31:00,0.1032,18678172.2966,0.0,0.8062,90450.8101,4.9271,6181149.486,928.1067
node-096,2024-01-01 19:31:00,0.0,20342262.2764,0.0373,0.5405,97337.2417,3.9126,6026060.3739,945.6738
node-097,2024-01-01 19:31:00,0.9611,19774955.2999,0.4474,0.7831,135860.7896,8.9483,6110427.126,951.3137
node-098,2024-01-01 19:31:00,0.7438,19396556.9119,0.0,0.8421,113618.3552,9.9,6022132.7447,920.3036
node-099,2024-01-01 19:31:00,0.1987,19470651.5275,0.0,0.6709,95924.2163,8.0006,6034935.9623,910.4477
node-100,2024-01-01 19:31:00,0.0921,19684547.1026,0.0,0.4857,162314.3857,4.4593,6145258.6772,921.0301
node-101,2024-01-01 19:31:00,0.0014,17964628.6223,0.2355,0.0985,98937.5954,3.0727,6115133.5114,882.3942
node-102,2024-01-01 19:31:00,0.1075,19685618.7528,1.0478,0.8287,94975.761,8.059,6081480.4937,926.5645
node-103,2024-01-01 19:31:00,0.4285,18280844.9237,0.026,0.3656,116157.626,4.051,6167432.4276,958.7477
node-104,2024-01-01 19:31:00,0.1774,20117833.5201,0.0,0.4803,113608.2234,7.0392,6044782.4144,919.8556
node-105,2024-01-01 19:31:00,0.1051,19765007.8106,0.048,0.5845,144097.6646,11.9342,6206977.2129,945.3371
node-106,2024-01-01 19:31:00,0.1941,19067942.2404,0.1634,0.0975,96656.906,4.1143,6149556.9025,925.6952
node-107,2024-01-01 19:31:00,0.118,18010645.583,0.5476,5.7103,128953.5967,9.3085,6223279.1771,923.3089
node-108,2024-01-01 19:31:00,0.1027,20134005.565,0.0,0.6698,100887.4005,4.937,6225353.7049,933.1446
node-109,2024-01-01 19:31:00,1.6906,19069591.2231,0.0,5.2995,98449.4687,0.037,6265177.1676,863.6266
node-110,2024-01-01 19:31:00,0.0,18957771.6457,0.6041,0.4718,124458.5684,8.9105,6236574.3266,949.1771
node-111,2024-01-01 19:31:00,0.0816,20033221.4092,0.8455,0.3633,134034.6852,9.9757,6130919.1164,875.3363
node-112,2024-01-01 19:31:00,0.0955,18952612.0831,0.3164,0.4879,108853.1048,4.525,6154004.5691,892.9024
node-113,2024-01-01 19:31:00,0.1378,19216734.5378,0.4657,0.6075,98169.7895,4.0235,6141758.66,890.3404
node-114,2024-01-01 19:31:00,0.4959,19479239.7174,0.0,0.5554,151386.6591,8.0678,6243251.6151,889.5527
node-115,2024-01-01 19:31:00,0.1022,19188160.7992,0.0769,0.5135,117194.3499,9.1509,6374285.195,950.2327
node-116,2024-01-01 19:31:00,0.1055,18794764.9837,0.0696,0.8366,119578.6967,8.1173,6092592.6,900.5281
node-117,2024-01-01 19:31:00,0.0908,9886952.5098,0.0,1.0854,145439.1938,6.9633,6160138.8826,907.3993
node-118,2024-01-01 19:31:00,0.4913,19218890.5388,0.051,0.4935,104375.1221,6.1055,6253913.6927,894.8396
node-119,2024-01-01 19:31:00,0.1035,20139465.5435,0.32,0.6491,119496.1935,5.0243,6250189.7343,889.4785
node-000,2024-01-01 19:32:00,0.7115,19439656.8021,0.9538,0.6768,153919.9369,8.0793,6218764.7842,926.8042
node-001,2024-01-01 19:32:00,0.12,18808441.4635,0.0,0.6295,92425.289,6.0968,6104912.0407,910.8699
node-002,2024-01-01 19:32:00,0.1196,9724382.3904,0.0,0.8909,110912.689,7.2669,6142946.8713,919.574
node-003,2024-01-01 19:32:00,2.3735,19694343.3221,0.0,0.604,120813.7419,5.1749,6240027.3582,913.5544
node-004,2024-01-01 19:32:00,0.2198,18920717.0214,0.0,0.6279,119517.2848,14.9444,6055431.3975,897.5037
node-005,2024-01-01 19:32:00,0.8046,8724964.8168,0.0,0.4252,72569.5642,6.0785,6224275.4065,896.8153
node-006,2024-01-01 19:32:00,0.1492,19337467.6379,0.0,0.0966,119637.0341,2.0627,6027777.4779,840.6929
node-007,2024-01-01 19:32:00,1.134,18919769.2623,0.8078,0.7017,154030.6604,10.8688,6163127.9229,904.6666
node-008,2024-01-01 19:32:00,0.0215,18707058.4164,1.0969,0.392,131859.7034,5.2674,6252495.9353,916.3868
node-009,2024-01-01 19:32:00,0.1078,19501379.0738,0.4093,0.3977,126558.3282,9.0165,5995967.9045,871.9832
node-010,2024-01-01 19:32:00,0.8927,18856012.9654,0.0,1.1616,91902.3321,7.895,6001877.1804,875.512
node-011,2024-01-01 19:32:00,0.7918,18145526.4941,0.1345,0.3854,118571.8612,5.9313,6025591.9595,888.1756
node-012,2024-01-01 19:32:00,0.3771,18033721.7771,0.0,0.3178,136051.4879,4.2061,6289577.0703,919.8737
node-013,2024-01-01 19:32:00,0.295,18672248.0741,0.0,0.6824,125467.6816,0.0,0.0,880.0083
node-014,2024-01-01 19:32:00,0.1264,19819177.0866,0.1954,0.5188,136309.5968,6.0226,6094407.5131,889.6774
node-015,2024-01-01 19:32:00,0.1889,18843230.9559,0.0611,0.0853,151438.6196,3.0067,6217044.8586,853.6838
node-016,2024-01-01 19:32:00,0.1175,19100667.685,0.246,0.5055,113894.3797,13.8273,6186883.2802,884.7521
node-017,2024-01-01 19:32:00,0.0464,21087481.4424,0.747,0.5855,162820.1848,4.845,6162873.9531,880.9692
node-018,2024-01-01 19:32:00,0.5528,18575522.509,0.0292,0.2812,129629.2297,6.0474,6162067.8269,898.9382
node-019,2024-01-01 19:32:00,0.0745,19689378.3163,0.4022,0.6187,133597.4701,7.7921,6201606.3948,874.7444
node-020,2024-01-01 19:32:00,0.0662,18947375.4039,0.6263,0.5376,158354.6631,9.0598,6052778.2157,851.2892
node-021,2024-01-01 19:32:00,0.753,18913734.3854,0.4453,1.1047,117961.6888,7.9552,6117617.752,884.7131
node-022,2024-01-01 19:32:00,0.2001,19420523.8899,0.0,0.5582,105008.871,7.0391,6171681.6023,894.881
node-023,2024-01-01 19:32:00,0.0996,18474442.3293,0.0,0.6951,128863.6746,7.9833,6130367.3324,858.9629
node-024,2024-01-01 19:32:00,0.1307,18720842.2236,0.5145,0.6091,115169.2497,4.0865,6157156.8756,903.7716
node-025,2024-01-01 19:32:00,0.8066,20349831.1429,0.0,0.7261,125785.6495,6.9474,6312237.7185,875.2945
node-026,2024-01-01 19:32:00,0.434,19044227.4296,0.8307,0.07,94931.0714,0.083,6043322.7235,859.3903
node-027,2024-01-01 19:32:00,2.0666,18527500.17,0.0,0.6603,114702.0819,7.8818,6181651.954,885.9437
node-028,2024-01-01 19:32:00,0.1509,19733255.4589,0.0,0.6984,112316.9895,7.4228,6165294.5413,861.5394
node-029,2024-01-01 19:32:00,0.1155,19020934.5006,0.041,0.6014,109407.9877,6.4177,6299151.947,913.58
node-030,2024-01-01 19:32:00,1.2969,19670979.4872,0.2022,0.3476,125711.0629,8.0357,6175900.0896,943.5313
node-031,2024-01-01 19:32:00,0.0098,28992425.8412,0.0,0.1955,8719.3727,0.06,179940.6617,2.0188
node-032,2024-01-01 19:32:00,0.9686,18696751.5767,0.0,0.4241,112468.2778,7.789,6258904.4144,892.2322
node-033,2024-01-01 19:32:00,1.097,18596711.0671,0.3306,0.7094,103419.1938,7.0163,6015867.1378,888.2723
node-034,2024-01-01 19:32:00,0.676,18394976.1389,0.0,0.0992,99225.3067,0.0,5938265.9137,860.9551
node-035,2024-01-01 19:32:00,0.1115,20844828.4643,0.4999,0.4268,120504.3106,5.5145,6005411.249,881.0415
node-036,2024-01-01 19:32:00,0.2722,19081369.4598,0.0,1.5582,111837.7696,9.0411,5994684.2719,918.3714
node-037,2024-01-01 19:32:00,0.099,18768631.9733,0.0,0.4218,121733.9646,2.9439,6191213.3418,862.0643
node-038,2024-01-01 19:32:00,0.1056,18862731.719,0.9277,0.4039,135286.6955,7.3327,6168473.3795,898.934
node-039,2024-01-01 19:32:00,0.0,19623169.9529,0.7062,0.3748,130889.9137,5.8452,6154296.5485,912.3786
node-040,2024-01-01 19:32:00,0.0,20104294.2665,0.0,0.1356,183708.7512,3.0861,6100355.0427,797.2699
node-041,2024-01-01 19:32:00,0.1075,19770068.4259,0.0,0.3984,88286.4648,12.9741,6105514.484,882.8062
node-042,2024-01-01 19:32:00,1.188,19679853.5961,1.0104,0.6136,140393.6791,6.9351,6110235.9206,879.1853
node-043,2024-01-01 19:32:00,1.2386,19650715.6136,0.0,0.4071,103550.4512,6.9798,6248057.7156,892.23
node-044,2024-01-01 19:32:00,0.4929,19081289.5342,1.0864,0.5635,116518.2556,6.9746,6234207.5552,881.5646
node-045,2024-01-01 19:32:00,0.1013,19440604.7557,0.8989,0.3425,123057.768,8.078,6356902.5677,830.8629
node-046,2024-01-01 19:32:00,0.0917,18429015.7453,0.0,0.4161,154217.6985,10.0827,6152916.3818,895.556
node-047,2024-01-01 19:32:00,0.1971,18054861.1484,0.0,0.4113,238518.1333,6.0407,6085769.8539,898.9184
node-048,2024-01-01 19:32:00,0.1068,19172903.447,0.0,0.5218,114936.612,4.0201,6206446.9918,917.8861
node-049,2024-01-01 19:32:00,0.137,17462828.5234,0.0,0.1058,128009.7662,2.1497,6351632.9232,829.4044
node-050,2024-01-01 19:32:00,0.0093,18442446.7397,1.3025,0.1002,85342.734,3.0167,6292372.6116,850.3516
node-051,2024-01-01 19:32:00,0.9806,18308523.9306,0.9458,0.9231,107492.2945,7.1355,6202501.9817,871.5933
node-052,2024-01-01 19:32:00,0.3417,19010937.8911,0.0,0.6235,151178.2031,6.9182,6141759.421,905.6954
node-053,2024-01-01 19:32:00,0.6208,19377563.3419,0.2164,0.7579,127800.8628,9.5726,6362816.869,883.6844
node-054,2024-01-01 19:32:00,0.919,18121321.7718,1.3321,0.6944,111615.7126,5.9634,6153635.145,899.0093
node-055,2024-01-01 19:32:00,2.3073,19259309.9278,0.0,0.6796,127574.45,7.4256,6035043.3942,854.2496
node-056,2024-01-01 19:32:00,0.0787,19620270.0458,0.0,0.2517,137186.0558,4.9649,6198977.5097,887.3508
node-057,2024-01-01 19:32:00,1.0664,17205937.9508,0.0,0.8008,114129.3905,7.0223,6186930.5256,903.4026
node-058,2024-01-01 19:32:00,0.2159,19594129.5943,0.0,0.6913,166217.3924,9.0,6005863.8364,893.9093
node-059,2024-01-01 19:32:00,0.1871,19273467.5408,0.0,0.8141,140171.5214,9.0157,6162310.1367,906.5095
node-060,2024-01-01 19:32:00,0.2062,18188220.7054,0.4197,0.5128,117048.9145,8.0342,6187144.994,898.1555
node-061,2024-01-01 19:32:00,1.7239,18847056.8804,0.7459,0.4367,94858.7236,7.0709,6179974.9115,891.6709
node-062,2024-01-01 19:32:00,0.0988,19748163.5189,0.0,0.6024,134331.7849,6.1406,6212255.9686,902.1254
node-063,2024-01-01 19:32:00,0.2062,18820875.6531,0.1509,0.6425,121173.1716,7.9677,6199595.1656,897.0799
node-064,2024-01-01 19:32:00,1.4308,18946683.4744,0.9483,0.3914,123514.0093,13.018,6063342.279,858.1141
node-065,2024-01-01 19:32:00,0.5351,19373103.8361,0.017,0.9236,128819.6559,3.07,6164098.0049,894.5499
node-066,2024-01-01 19:32:00,0.178,19866945.3491,0.0,0.5347,139200.4203,5.9634,6144465.1026,882.0423
node-067,2024-01-01 19:32:00,0.1535,18073319.8674,0.416,0.7789,104507.4426,3.9753,6028724.9637,885.8669
node-068,2024-01-01 19:32:00,0.3966,19452639.5492,0.0,0.5012,122408.9585,7.9293,6152473.4525,905.6516
node-069,2024-01-01 19:32:00,0.3894,9777281.7065,13.7012,0.7246,115309.7852,7.9654,6190712.7393,891.234
node-070,2024-01-01 19:32:00,0.0963,19450448.4585,0.0,0.2869,124042.8294,7.8429,6234310.2748,849.4006
node-071,2024-01-01 19:32:00,2.0841,18441706.581,0.1542,0.6003,132212.3702,1.0219,6269146.5648,914.5592
node-072,2024-01-01 19:32:00,0.0083,115111745.7819,0.0,0.0894,117145.7325,3.1096,6169098.7671,809.6831
node-073,2024-01-01 19:32:00,0.2949,18613114.2758,0.0,0.4533,115762.823,2.9535,6198605.2589,903.4803
node-074,2024-01-01 19:32:00,0.1126,18362537.5567,0.8694,0.4984,139874.2499,4.1505,6242729.4814,920.136
node-075,2024-01-01 19:32:00,0.6238,20100423.6465,0.0,0.6066,113570.4681,4.9344,6296748.7714,873.8356
node-076,2024-01-01 19:32:00,0.1086,20430016.4427,0.2691,0.1734,90657.4363,0.0077,6012016.6046,847.6762
node-077,2024-01-01 19:32:00,0.6247,18625623.4801,0.5892,0.9042,130381.725,7.0412,6283382.8235,892.1393
node-078,2024-01-01 19:32:00,0.175,20361101.2126,0.0,3.7154,138190.2131,7.0279,6208664.4342,905.2355
node-079,2024-01-01 19:32:00,0.0977,19333797.1761,0.0,0.3856,92979.2213,6.8602,6313670.7983,876.0911
node-080,2024-01-01 19:32:00,0.1587,18371550.0359,0.4364,0.6045,131249.5867,5.965,6158362.2042,866.8099
node-081,2024-01-01 19:32:00,0.3382,18990576.3298,0.3161,0.4902,152418.1549,5.9302,6020976.5,902.2481
node-082,2024-01-01 19:32:00,0.2224,18190835.5359,0.0,0.0994,80868.9091,2.8871,5976364.3832,827.9369
node-083,2024-01-01 19:32:00,0.1033,19301512.7343,0.0,0.6179,136366.6488,6.0496,6211422.7506,894.8797
node-084,2024-01-01 19:32:00,0.2456,19324609.6089,0.319,0.9337,128572.7825,9.6363,6101575.9064,900.046
node-085,2024-01-01 19:32:00,0.3677,19480133.0458,0.0,0.5016,113187.284,7.0245,6145162.5233,904.1795
node-086,2024-01-01 19:32:00,0.7633,19200158.8129,0.826,0.406,118311.7337,10.1656,6179692.8187,895.8351
node-087,2024-01-01 19:32:00,0.0,19651035.8471,1.0016,0.3126,122909.08,9.9038,6246157.9938,893.4014
node-088,2024-01-01 19:32:00,0.0,18813313.1485,0.0,0.3849,98213.3725,3.8971,6135390.9492,929.7755
node-089,2024-01-01 19:32:00,0.713,18676374.0338,0.0686,0.9122,129729.4544,11.0772,6042178.0851,876.7939
node-090,2024-01-01 19:32:00,0.0911,20406716.7784,0.0,0.626,150504.9054,7.9991,6073882.5134,880.4563
node-091,2024-01-01 19:32:00,0.2447,18946951.3757,0.3307,0.809,125882.1783,16.8967,6029293.9777,867.4779
node-092,2024-01-01 19:32:00,0.0947,19430905.8914,0.0,0.7064,134277.7679,11.0898,6030212.6698,876.8659
node-093,2024-01-01 19:32:00,0.2099,19883142.2738,0.0,0.4446,120206.2269,4.6017,6192592.193,891.9766
node-094,2024-01-01 19:32:00,0.0215,19804737.8595,0.1987,0.6902,118929.6296,9.0401,6116562.5092,909.8006
node-095,2024-01-01 19:32:00,2.0753,18174864.236,0.1018,0.7522,131421.0802,5.8549,6126435.5338,898.5645
node-096,2024-01-01 19:32:00,1.5308,19860211.3421,0.2356,0.8179,112079.6034,7.8662,6077271.3576,892.5227
node-097,2024-01-01 19:32:00,0.3826,19706291.5602,0.0,0.7424,92216.857,8.0264,6243578.7066,900.8083
node-098,2024-01-01 19:32:00,0.0887,18693585.0585,0.0,0.2707,91973.2699,7.9295,6104991.4112,873.9771
node-099,2024-01-01 19:32:00,0.6354,18151670.8899,0.0,0.4015,130482.0674,8.4829,6169450.366,878.4321
node-100,2024-01-01 19:32:00,0.9055,19155294.6089,0.0,0.4977,147652.1206,4.0118,6146186.2427,896.2183
node-101,2024-01-01 19:32:00,0.0,17475403.5172,0.0,0.1667,102593.5864,0.943,6155506.2074,856.456
node-102,2024-01-01 19:32:00,1.9043,19628153.1631,0.0,0.4836,115047.3733,6.9719,6324159.6103,888.7425
node-103,2024-01-01 19:32:00,0.1892,18100016.6001,0.2482,0.7014,157386.6248,8.9199,6012584.4236,887.9187
node-104,2024-01-01 19:32:00,0.1119,19624653.5426,0.548,0.7878,127298.8264,5.921,6127447.0229,911.4325
node-105,2024-01-01 19:32:00,0.1096,19771055.9465,0.0,0.5882,125363.2187,5.2128,5962996.0153,896.0421
node-106,2024-01-01 19:32:00,0.0,18328926.8483,0.0,0.2039,73028.7827,4.0855,6210833.9903,833.356
node-107,2024-01-01 19:32:00,1.304,17671173.8656,0.0976,4.1065,76813.5771,6.9595,6083515.0388,898.8516
node-108,2024-01-01 19:32:00,0.2204,19678753.7553,0.0,0.4607,144408.3096,5.0811,5958199.6804,906.1906
node-109,2024-01-01 19:32:00,0.1507,18929942.4224,0.0,3.1849,115841.5235,7.8529,6147982.1668,911.0391
node-110,2024-01-01 19:32:00,0.1625,18688976.1326,1.0044,0.5134,127065.541,9.007,6152238.1736,917.1875
node-111,2024-01-01 19:32:00,0.0822,20222823.2916,0.4543,0.3088,122670.2412,1.8661,6293488.8897,873.0088
node-112,2024-01-01 19:32:00,0.0943,18521616.5047,0.0,0.503,124238.7087,4.9876,6094793.4701,874.4774
node-113,2024-01-01 19:32:00,0.0896,19442467.3625,0.0,0.567,114666.8593,7.9936,6234155.1514,867.7936
node-114,2024-01-01 19:32:00,1.1666,18924085.9364,0.2857,0.7715,144779.4954,9.02,6117526.3548,891.2024
node-115,2024-01-01 19:32:00,0.2066,18280094.8451,0.9218,0.6953,102947.1364,10.0812,6022661.4914,869.6809
node-116,2024-01-01 19:32:00,0.412,18744476.0551,0.0,0.519,108226.1426,6.6882,6179096.3541,868.6286
node-117,2024-01-01 19:32:00,0.8884,9901181.3278,0.0,1.1909,145123.1069,7.0629,6071513.3239,885.0951
node-118,2024-01-01 19:32:00,0.2262,18986688.361,0.3928,0.8362,112546.5452,6.7751,5999403.3212,868.068
node-119,2024-01-01 19:32:00,0.9053,20235787.977,0.0,0.5953,122933.182,7.0747,6119628.031,845.7552
node-000,2024-01-01 19:33:00,0.0041,18390167.1676,0.0393,0.3609,154188.3878,7.9115,6070042.1224,908.5588
node-001,2024-01-01 19:33:00,1.5897,18385505.4197,0.9364,0.6075,117516.4149,5.052,6229130.0581,901.7825
node-002,2024-01-01 19:33:00,0.4141,10249298.5484,0.4343,0.832,124521.5443,7.0644,6139632.8861,903.8499
node-003,2024-01-01 19:33:00,0.7676,19448325.4666,0.6618,0.5711,83742.1621,11.9362,6153799.7343,930.8325
node-004,2024-01-01 19:33:00,0.1175,18389641.506,1.4749,0.7001,118297.4736,8.9619,6293754.129,893.6377
node-005,2024-01-01 19:33:00,0.1074,8484351.4237,0.0,0.7289,128631.9035,5.0646,6204198.0321,900.7107
node-006,2024-01-01 19:33:00,0.0,18677372.0807,0.3996,0.0994,133415.914,1.9212,6243967.6727,872.3298
node-007,2024-01-01 19:33:00,0.2053,18632039.3586,0.0,0.6445,136122.7408,9.0023,6139217.9036,926.5044
node-008,2024-01-01 19:33:00,0.0095,18146231.9692,0.0,0.3989,149717.7156,3.9538,6164284.9261,932.2899
node-009,2024-01-01 19:33:00,0.2032,19307077.5005,0.6355,0.5978,115161.3235,8.8963,6348349.1149,880.4087
node-010,2024-01-01 19:33:00,0.3904,18265038.1916,0.0,1.0827,114325.8704,8.9691,6135259.2098,913.3262
node-011,2024-01-01 19:33:00,0.3349,17976419.117,0.0,0.5389,133717.8442,4.9124,6186488.6574,901.8534
node-012,2024-01-01 19:33:00,0.9159,18169337.4931,0.3595,0.5428,115665.8045,2.8424,6234913.9851,910.0126
node-013,2024-01-01 19:33:00,0.0898,18549975.4128,0.0,0.4865,177499.8216,0.0,49632.1089,902.652
node-014,2024-01-01 19:33:00,0.0311,20361317.5585,1.0875,0.4068,130247.9286,0.0,6232251.3845,909.6726
node-015,2024-01-01 19:33:00,0.0976,18807539.5103,0.4107,0.1172,84791.6429,3.9562,6039435.5255,860.2407
node-016,2024-01-01 19:33:00,0.0962,18641534.7324,0.0,0.5035,113492.7006,4.9816,6078717.0591,930.2823
node-017,2024-01-01 19:33:00,0.1005,21061694.3908,0.0,0.4009,150878.6764,6.9003,6189954.0774,916.024
node-018,2024-01-01 19:33:00,0.4952,18391687.4673,0.0,0.3303,150398.0611,8.9473,6190030.8888,913.0049
node-019,2024-01-01 19:33:00,0.1201,19383792.3353,0.3973,0.7899,137209.5142,8.4471,6259357.919,913.1283
node-020,2024-01-01 19:33:00,1.4015,18595005.5119,0.0068,0.2942,150795.3456,9.9964,6188688.0293,875.9122
node-021,2024-01-01 19:33:00,0.1237,18477504.4941,0.5574,1.1047,111665.9454,4.9908,6183595.8397,911.1833
node-022,2024-01-01 19:33:00,0.3965,18164402.4544,0.2517,0.4011,123718.4108,5.0131,6082475.8575,918.0193
node-023,2024-01-01 19:33:00,0.5153,18400713.8902,0.0,0.2796,77987.9452,7.0396,6216758.8601,891.6121
node-024,2024-01-01 19:33:00,0.0859,18874857.1789,0.9433,0.6118,97293.8545,10.9239,6031923.7992,928.1301
node-025,2024-01-01 19:33:00,0.1927,19346339.8156,0.0,0.5109,90655.0127,4.0082,6174814.6237,906.4021
node-026,2024-01-01 19:33:00,0.0058,19074366.2176,0.0,0.0771,96818.9041,0.9116,6242732.5123,838.9568
node-027,2024-01-01 19:33:00,1.2914,18558922.1814,0.0,0.2844,133862.1637,6.005,6122727.3195,911.0482
node-028,2024-01-01 19:33:00,0.1153,19671327.9866,0.0861,0.5327,85208.4786,8.1157,6166425.1092,897.0601
node-029,2024-01-01 19:33:00,0.0127,19323986.1981,0.0,0.2734,97691.363,6.9574,6149219.7348,903.0932
node-030,2024-01-01 19:33:00,0.3356,19237831.7933,0.0824,0.8738,118508.112,3.0055,6205944.1002,920.2784
node-031,2024-01-01 19:33:00,0.0,29001165.1933,0.0,0.0,882.9861,0.0148,34845.3589,1.0017
node-032,2024-01-01 19:33:00,0.0823,18564142.8643,0.404,0.684,128627.9684,9.0704,6154802.4236,901.1401
node-033,2024-01-01 19:33:00,2.2192,18206222.0693,0.0,0.3955,104496.6255,3.9489,6302390.5685,954.0672
node-034,2024-01-01 19:33:00,0.1102,18539590.7059,0.0,0.0923,79642.0478,0.0,6323177.5337,866.6843
node-035,2024-01-01 19:33:00,0.6702,20313763.0273,0.0,0.5812,112062.5747,5.921,6180982.2622,915.2021
node-036,2024-01-01 19:33:00,1.2184,18889177.2921,0.0,0.9767,129563.97,9.5031,6208603.2217,929.7845
node-037,2024-01-01 19:33:00,0.0129,18572067.9915,0.0,0.5033,70095.0464,4.9325,6094692.1816,905.4084
node-038,2024-01-01 19:33:00,0.5106,18072945.185,0.0,0.8115,112031.1166,8.1134,6044816.1239,931.4324
node-039,2024-01-01 19:33:00,1.2816,19357049.336,0.65,0.361,99877.6294,6.3351,6014953.5732,922.8008
node-040,2024-01-01 19:33:00,0.5935,19439837.6555,0.0,0.0892,153939.8336,4.1094,6425784.9533,859.6251
node-041,2024-01-01 19:33:00,0.3905,19138233.3772,0.0,0.5528,118406.5831,9.0045,6170583.8742,927.3729
node-042,2024-01-01 19:33:00,0.0425,19164963.075,0.0,0.4324,153356.089,4.116,6111597.2056,908.9551
node-043,2024-01-01 19:33:00,2.2899,19441674.1524,1.1811,0.2933,113932.374,3.0271,6233976.509,901.2005
node-044,2024-01-01 19:33:00,0.7957,18626874.4092,0.0,0.4552,124167.8705,7.9069,6044166.9161,871.1106
node-045,2024-01-01 19:33:00,0.0404,18630901.1804,0.5714,0.9748,120466.9831,5.9152,6236689.9887,876.1511
node-046,2024-01-01 19:33:00,0.1042,17800956.5546,0.0,0.5478,106922.0578,9.657,6126725.689,905.4946
node-047,2024-01-01 19:33:00,0.1845,17821793.0983,0.0,0.4051,116238.3078,7.3484,6184531.7173,889.4671
node-048,2024-01-01 19:33:00,0.5,19346181.8051,0.8403,0.4784,111319.296,3.1393,6212609.7377,870.7923
node-049,2024-01-01 19:33:00,0.5146,17346121.7308,0.0,0.0942,118297.5491,3.99,6013880.4844,856.2732
node-050,2024-01-01 19:33:00,0.1503,17733284.2098,0.3124,0.089,130198.5011,4.0597,6033959.5005,849.5239
node-051,2024-01-01 19:33:00,0.1006,18171862.4755,0.0,1.2571,154540.1411,7.9211,6230854.9312,904.9575
node-052,2024-01-01 19:33:00,1.3063,18414017.9481,0.2587,0.3024,93659.3456,4.1039,6332000.8016,893.9569
node-053,2024-01-01 19:33:00,0.2993,18717447.1874,0.0,0.4935,121821.4666,8.9427,6163248.6896,887.3715
node-054,2024-01-01 19:33:00,0.7494,17449019.312,0.0,0.6952,127827.5355,11.0492,6226834.7639,924.6264
node-055,2024-01-01 19:33:00,0.1588,18614405.1797,0.0,0.5896,114077.8024,7.9561,6159535.3273,866.1215
node-056,2024-01-01 19:33:00,1.0847,19238296.2936,0.0545,0.3001,118287.2991,9.0291,6086566.0086,914.2575
node-057,2024-01-01 19:33:00,0.0,16585455.5655,0.8942,0.8211,118228.0368,3.9254,6173055.3478,931.0964
node-058,2024-01-01 19:33:00,0.2013,19217965.4628,0.4546,0.7179,157183.4905,8.9263,6287282.782,909.4344
node-059,2024-01-01 19:33:00,0.2073,19395506.3626,0.0169,0.3843,123030.2428,7.9754,6198550.5155,931.5827
node-060,2024-01-01 19:33:00,0.8995,18200462.1098,0.0,0.5281,89744.8745,8.0184,6172224.7928,931.7332
node-061,2024-01-01 19:33:00,0.004,18690469.5138,0.8148,0.8008,100345.155,9.9922,6246056.1676,922.5555
node-062,2024-01-01 19:33:00,0.1045,19302008.6773,0.0,0.3875,130461.0723,7.2375,6165861.3243,924.7711
node-063,2024-01-01 19:33:00,0.5038,17998555.669,0.0903,0.4973,116858.6372,8.5209,6220761.4534,927.9094
node-064,2024-01-01 19:33:00,1.393,17950503.6729,0.203,0.3901,116689.711,8.0316,6203534.6828,893.5114
node-065,2024-01-01 19:33:00,0.6839,18978385.3799,0.0,1.0013,111582.0852,9.9587,6193856.7457,939.365
node-066,2024-01-01 19:33:00,0.1825,19096966.3055,0.0,0.4297,130604.2856,17.8727,6168319.1266,924.1976
node-067,2024-01-01 19:33:00,0.1282,18047365.9497,0.0,0.8524,142509.2345,7.9372,6267310.5353,912.1398
node-068,2024-01-01 19:33:00,0.1012,19079710.5372,0.0,0.5088,123134.6931,7.0657,6157935.085,917.7122
node-069,2024-01-01 19:33:00,0.0818,9490695.2752,13.6512,0.6812,127482.2957,9.0092,6161203.5503,914.2183
node-070,2024-01-01 19:33:00,0.5776,18927939.6737,0.8176,0.4972,116107.3692,7.0738,6249866.206,900.4521
node-071,2024-01-01 19:33:00,0.0915,18108579.5732,0.0711,0.621,130145.8075,9.0091,6190847.441,969.2081
node-072,2024-01-01 19:33:00,0.309,115182629.786,0.035,0.0883,109953.782,2.025,6243247.2639,847.2533
node-073,2024-01-01 19:33:00,0.3746,17871641.6624,1.6704,0.4876,106020.2944,2.9676,6219870.1886,914.8937
node-074,2024-01-01 19:33:00,0.4966,18394891.9245,0.0296,0.7685,107873.1337,9.0199,6089567.5657,917.4395
node-075,2024-01-01 19:33:00,0.0305,19938900.6212,0.4864,0.6696,115954.8771,6.5195,6173479.7817,932.5648
node-076,2024-01-01 19:33:00,0.0017,19750361.0417,0.0,0.1129,108849.3277,0.0405,6183117.4456,832.3157
node-077,2024-01-01 19:33:00,0.1184,18290373.7919,0.0,0.905,122200.5167,6.9943,6136090.4513,932.8498
node-078,2024-01-01 19:33:00,0.8163,18993820.7217,0.0,5.3781,135504.4075,5.1085,6454699.924,927.8476
node-079,2024-01-01 19:33:00,0.7343,18711682.8327,1.2549,0.4989,120847.2858,7.9548,6077343.2362,901.7164
node-080,2024-01-01 19:33:00,0.0922,17864472.6483,0.8577,0.5008,121751.0306,6.0109,6176617.281,872.9497
node-081,2024-01-01 19:33:00,2.5556,18403055.7741,0.0,0.3927,137722.3721,11.0858,6145906.9829,926.3221
node-082,2024-01-01 19:33:00,0.5069,17463244.3218,0.0,0.1224,142361.7584,3.9192,6291934.3669,845.0331
node-083,2024-01-01 19:33:00,0.6056,18243818.8232,0.0,0.503,134623.6631,11.0598,6172132.4171,920.3345
node-084,2024-01-01 19:33:00,0.8097,18788959.8029,0.7015,0.6049,135821.7674,10.9348,6247410.5832,925.1387
node-085,2024-01-01 19:33:00,0.8934,19367538.6816,0.0,0.5022,130005.6793,7.3851,6222243.2888,918.247
node-086,2024-01-01 19:33:00,0.41,18936591.7719,0.0,0.3787,132350.2785,9.9817,6073088.6012,906.9041
node-087,2024-01-01 19:33:00,0.0309,18979398.0451,1.0043,0.588,112338.8536,10.0434,6349897.4351,919.2844
node-088,2024-01-01 19:33:00,0.1949,17825870.5611,0.0,0.4141,109563.4798,4.1139,6235799.1398,931.9952
node-089,2024-01-01 19:33:00,0.0083,18471548.2665,0.6707,0.9032,132821.7883,6.0709,6204506.2016,921.9705
node-090,2024-01-01 19:33:00,0.7139,19733896.5701,0.7985,0.5852,159580.5007,5.9396,6244888.1887,939.1656
node-091,2024-01-01 19:33:00,0.1281,18310830.8666,0.5556,0.7464,122858.5157,8.0114,6216131.6415,898.4798
node-092,2024-01-01 19:33:00,0.0739,19453105.3843,0.0509,0.307,141380.9984,5.9606,6141052.907,906.2444
node-093,2024-01-01 19:33:00,0.0225,19887109.6753,0.0,0.3367,124589.15,3.9891,6122415.4177,880.2371
node-094,2024-01-01 19:33:00,0.5798,18782457.735,0.0,0.8023,90617.7879,4.9438,6155733.9972,925.9688
node-095,2024-01-01 19:33:00,1.604,18215881.9243,0.644,0.7238,102694.7004,9.098,6191093.7837,931.6484
node-096,2024-01-01 19:33:00,0.0727,19161570.7081,0.0,0.6123,110385.286,2.9098,6180174.9348,939.7542
node-097,2024-01-01 19:33:00,0.4206,19041346.8324,0.0143,0.8103,119149.8398,8.0663,6173240.2104,904.5374
node-098,2024-01-01 19:33:00,0.0,18049919.7083,0.0,0.4096,112617.2471,4.9685,6245335.8484,923.8327
node-099,2024-01-01 19:33:00,0.693,18466829.2154,0.4237,0.9979,98877.6057,8.813,6204285.9733,904.5137
node-100,2024-01-01 19:33:00,0.8934,18795814.1938,0.0,0.5076,161382.6434,3.0477,6229432.0765,883.0897
node-101,2024-01-01 19:33:00,0.0077,17022385.9008,0.1449,0.1187,122443.4736,1.0589,6025790.9706,835.5604
node-102,2024-01-01 19:33:00,0.1164,19119181.1893,0.0487,0.6026,113923.5718,7.8735,6168230.9134,924.63
node-103,2024-01-01 19:33:00,0.3801,17916693.1297,0.0,0.5057,116405.6597,8.0122,6194745.9139,908.2686
node-104,2024-01-01 19:33:00,0.7276,18786917.3419,0.2193,0.4162,117645.8913,8.0683,6272244.576,919.2527
node-105,2024-01-01 19:33:00,0.7864,18974075.8978,0.6023,0.3879,154891.8723,2.9719,6288107.0,932.2121
node-106,2024-01-01 19:33:00,0.3228,17708414.6052,0.0,0.2245,108570.8124,0.9988,6219061.6957,864.5607
node-107,2024-01-01 19:33:00,0.4308,17316961.3895,0.2897,0.891,128859.7166,9.0575,6101386.0731,856.4037
node-108,2024-01-01 19:33:00,1.1404,19755866.181,0.0,0.5177,150305.4386,0.0,6295763.1513,957.1038
node-109,2024-01-01 19:33:00,0.7108,18728229.7397,0.3454,3.1748,110020.5188,6.7838,6247371.2366,873.8856
node-110,2024-01-01 19:33:00,0.3674,17977846.6903,0.0,0.3381,144461.6803,6.9749,6212088.6895,924.1295
node-111,2024-01-01 19:33:00,0.0811,19475125.6684,0.9627,0.707,118770.3555,8.0483,6115852.455,881.7968
node-112,2024-01-01 19:33:00,0.0894,17991182.6102,0.9536,0.4972,110099.3997,3.0525,6247072.7342,912.2905
node-113,2024-01-01 19:33:00,0.3028,18994417.2863,0.0,0.6763,123517.4659,5.9905,6247427.5413,861.104
node-114,2024-01-01 19:33:00,0.0,18327197.0562,0.0,0.3881,168462.5014,8.0845,6196075.3368,908.5665
node-115,2024-01-01 19:33:00,5.6103,17899069.7451,0.3376,0.9026,132791.2697,9.8057,6155204.4226,908.6572
node-116,2024-01-01 19:33:00,0.7027,17855823.3909,0.2166,0.5329,105779.4067,5.0193,6179307.9339,895.2046
node-117,2024-01-01 19:33:00,0.1002,9776776.591,0.0,0.9944,109608.8223,16.9204,6098353.6431,912.4929
node-118,2024-01-01 19:33:00,0.1117,18413542.621,0.0,0.3854,118129.0621,8.0893,6177566.8063,903.6515
node-119,2024-01-01 19:33:00,0.2095,19536891.412,0.7666,0.4214,136277.4238,4.6744,6137383.4714,886.6516
